[   COM12] [16:55:49:847] 0D 0A 
[   COM12] [16:55:49:847] 55 43 36 35 38 30 49 2D 30 30 20 47 31 42 31 4C 31 45 31 20 43 4F 4D 31 0D 0A 
[   COM12] [16:55:49:847] 50 4E 20 32 34 30 30 36 31 35 30 30 30 35 31 34 0D 0A 
[   COM12] [16:55:49:848] 53 4E 20 32 30 32 35 30 34 32 37 30 38 30 33 30 38 30 30 34 0D 0A 
[   COM12] [16:55:49:848] 48 57 56 65 72 20 30 30 0D 0A 
[   COM12] [16:55:49:848] 46 57 56 65 72 20 52 36 2E 31 2E 31 2E 31 42 75 69 6C 64 39 30 37 34 0D 0A 
[   COM12] [16:55:49:848] 52 65 73 65 74 20 43 6F 75 6E 74 3A 30 0D 0A 
[   COM12] [16:55:49:849] 49 6E 69 74 20 74 69 6D 65 3A 30 2C 30 2C 30 2C 30 2E 30 30 30 30 30 30 2C 6D 73 3A 30 2C 49 4E 49 54 3A 30 2C 30 2C 30 2E 30 30 30 30 30 30 2C 30 2E 30 30 30 30 30 30 2C 30 2C 6D 73 3A 31 31 39 31 33 38 2C 32 33 36 39 2C 33 35 36 34 33 35 2E 34 30 30 30 38 33 2C 46 2C 46 2C 31 31 36 2E 33 0D 0A 
[   COM12] [16:55:49:850] 24 24 24 5F 50 56 54 5F 49 4E 49 54 5F 49 4E 46 4F 5F 53 54 41 52 54 5F 24 24 24 0D 0A 
[   COM12] [16:55:49:850] 24 52 45 43 56 43 46 47 2C 31 32 30 2C 0D 0A 
[   COM12] [16:55:49:852] 30 30 30 30 30 30 30 30 2C 30 30 30 30 30 30 30 30 2C 30 30 30 30 30 30 30 30 2C 30 30 30 30 30 30 30 30 2C 30 30 30 30 30 30 30 30 2C 30 30 30 45 31 30 30 30 2C 30 30 30 30 34 38 30 30 2C 30 30 38 31 30 30 30 30 2C 30 30 30 38 30 31 32 46 2C 30 30 30 30 30 30 30 31 2C 30 30 30 45 31 30 30 30 2C 30 30 30 30 34 38 30 30 2C 30 30 30 31 30 30 30 30 2C 30 30 30 38 30 30 30 30 2C 30 30 30 30 30 30 30 31 2C 30 35 30 35 30 30 30 31 2C 0D 0A 
[   COM12] [16:55:49:853] 30 30 30 30 30 30 30 31 2C 30 31 30 30 30 30 30 30 2C 30 31 30 35 30 35 30 30 2C 30 30 30 30 30 30 30 30 2C 30 30 30 31 30 30 30 30 2C 30 30 30 31 30 35 30 35 2C 30 30 30 30 30 30 30 30 2C 30 30 30 30 30 30 30 30 2C 30 30 30 30 30 35 30 31 2C 30 30 30 30 30 30 30 30 2C 30 30 30 30 30 30 30 30 2C 30 31 30 30 30 30 30 30 2C 30 30 30 30 30 30 30 35 2C 30 30 30 30 30 30 30 30 2C 30 30 30 30 30 30 30 30 2C 30 35 30 31 30 30 30 30 2C 0D 0A 
[   COM12] [16:55:49:855] 30 30 30 30 30 30 30 30 2C 30 30 30 30 30 30 30 30 2C 30 31 30 32 30 30 30 30 2C 30 31 30 31 30 31 30 31 2C 30 31 30 31 30 31 30 31 2C 30 31 30 31 30 31 30 31 2C 30 31 30 31 30 31 30 31 2C 30 31 30 31 30 31 30 31 2C 30 31 30 31 30 31 30 31 2C 30 30 30 30 30 30 30 31 2C 30 30 30 30 30 30 30 30 2C 30 30 30 31 30 30 30 30 2C 30 30 30 30 30 30 30 31 2C 30 30 30 31 30 30 30 31 2C 30 30 30 31 30 30 30 30 2C 30 30 30 30 30 30 30 31 2C 0D 0A 
[   COM12] [16:55:49:857] 30 30 30 30 30 30 30 30 2C 30 30 30 30 30 30 30 30 2C 30 30 30 30 30 30 30 30 2C 30 30 30 31 30 30 30 31 2C 30 30 30 30 30 30 39 36 2C 30 30 30 30 30 30 30 30 2C 30 30 30 35 30 30 30 30 2C 30 30 30 30 30 30 30 30 2C 30 30 30 31 30 30 30 31 2C 30 30 30 30 30 30 30 30 2C 30 30 30 30 30 30 30 31 2C 30 30 30 31 30 30 30 31 2C 30 30 30 30 30 30 39 36 2C 30 30 30 30 30 30 30 30 2C 30 30 30 35 30 30 30 30 2C 30 30 30 30 30 30 30 30 2C 0D 0A 
[   COM12] [16:55:49:859] 30 30 30 31 30 30 30 31 2C 30 30 30 30 30 30 30 30 2C 30 30 30 30 30 30 30 31 2C 30 30 30 31 30 30 30 31 2C 30 30 30 30 30 30 39 36 2C 30 30 30 30 30 30 30 30 2C 30 30 30 35 30 30 30 30 2C 30 30 30 30 30 30 30 30 2C 30 30 30 31 30 30 30 31 2C 30 30 30 30 30 30 30 30 2C 30 30 30 30 30 30 30 31 2C 30 30 30 30 30 30 43 38 2C 30 30 30 30 30 30 43 38 2C 30 30 30 30 30 30 30 30 2C 30 30 30 30 30 30 30 30 2C 30 30 30 30 30 30 30 33 2C 0D 0A 
[   COM12] [16:55:49:861] 30 30 30 46 34 32 34 30 2C 30 30 30 37 41 31 32 30 2C 30 30 30 30 30 30 30 35 2C 30 30 30 30 30 30 30 30 2C 30 30 30 30 30 30 30 30 2C 30 30 30 30 30 30 30 30 2C 30 30 30 30 30 30 30 30 2C 30 30 30 30 30 30 30 30 2C 30 30 30 30 30 30 30 30 2C 30 30 30 30 30 30 30 30 2C 30 30 30 30 30 30 30 30 2C 30 30 30 30 30 30 30 30 2C 30 30 30 30 30 30 30 30 2C 30 30 30 30 30 30 30 30 2C 30 30 30 30 30 30 30 30 2C 30 30 30 30 30 30 30 30 2C 0D 0A 
[   COM12] [16:55:49:862] 30 30 30 30 30 30 30 30 2C 30 30 30 30 30 30 30 30 2C 30 30 30 30 30 30 30 30 2C 30 30 30 31 30 30 30 30 2C 30 34 31 32 30 31 30 30 2C 30 30 30 30 31 32 31 32 2C 30 30 30 30 30 37 46 46 2C 31 39 30 30 30 37 30 30 2C 30 30 30 30 30 30 30 30 2C 30 30 30 35 35 31 35 35 2C 30 30 30 35 35 31 35 35 2C 30 30 30 35 35 31 35 35 2C 30 30 30 30 30 38 46 37 2C 30 31 35 31 30 31 30 31 2C 36 43 36 39 37 35 34 32 2C 33 37 33 30 33 39 36 34 2C 0D 0A 
[   COM12] [16:55:49:863] 30 30 30 30 30 30 33 34 2C 30 30 30 30 30 30 30 30 2C 30 30 30 30 30 30 30 30 2C 30 30 30 30 30 30 30 30 2C 30 30 30 30 30 30 30 30 2C 30 30 30 30 30 30 30 30 2C 30 30 30 30 30 30 30 31 2C 30 30 30 30 30 30 30 30 2C 0D 0A 
[   COM12] [16:55:49:863] 24 50 45 43 46 47 2C 32 32 2C 0D 0A 
[   COM12] [16:55:49:865] 30 30 30 35 35 31 35 35 2C 30 30 30 35 35 31 35 35 2C 30 30 30 35 35 31 35 35 2C 30 31 30 31 30 30 30 30 2C 30 30 30 30 30 31 30 32 2C 31 32 30 31 30 30 46 46 2C 35 41 31 32 31 32 30 34 2C 30 38 30 31 30 31 32 43 2C 30 30 43 38 30 38 46 37 2C 30 30 30 30 30 30 43 38 2C 30 30 30 30 30 30 30 31 2C 30 30 30 30 30 30 30 30 2C 30 30 30 30 30 30 30 30 2C 30 30 30 30 30 30 30 30 2C 30 30 30 30 30 30 30 30 2C 30 30 30 30 30 30 30 30 2C 0D 0A 
[   COM12] [16:55:49:866] 30 30 30 30 30 30 30 30 2C 30 30 30 30 30 30 30 30 2C 30 37 30 30 30 30 30 30 2C 30 30 30 30 31 39 30 30 2C 30 30 30 30 30 30 30 30 2C 30 30 30 30 30 30 30 30 2C 0D 0A 
[   COM12] [16:55:49:867] 24 43 48 43 46 47 2C 30 30 30 35 35 31 35 35 2C 30 30 30 35 35 31 35 35 2C 30 2C 30 31 36 2C 30 31 2C 31 30 2C 30 31 2C 31 30 3B 31 2C 30 31 38 2C 31 31 2C 32 32 2C 31 31 2C 32 32 3B 32 2C 30 31 39 2C 32 33 2C 33 30 2C 32 33 2C 33 30 3B 33 2C 30 30 30 2C 33 31 2C 34 38 2C 33 31 2C 34 38 3B 34 2C 30 30 31 2C 34 39 2C 35 36 2C 34 39 2C 35 36 3B 35 2C 31 33 31 2C 35 37 2C 36 34 2C 35 37 2C 36 34 3B 36 2C 30 30 32 2C 36 35 2C 38 34 2C 36 35 2C 38 34 3B 0D 0A 
[   COM12] [16:55:49:868] 24 50 54 49 4E 46 4F 50 4B 47 2C 33 34 2C 0D 0A 
[   COM12] [16:55:49:869] 30 46 30 46 30 31 30 30 2C 30 30 30 31 44 31 36 32 2C 30 30 30 30 30 39 34 31 2C 30 30 30 30 30 33 46 35 2C 30 30 30 30 30 35 34 31 2C 30 30 30 30 32 46 42 32 2C 30 30 30 30 30 30 30 30 2C 30 30 30 30 30 30 30 30 2C 39 39 41 46 36 30 43 32 2C 34 31 31 35 43 31 34 44 2C 39 39 41 46 36 30 43 32 2C 34 31 31 35 43 31 31 35 2C 39 39 41 46 36 30 43 32 2C 34 31 31 35 43 31 34 44 2C 39 41 46 36 30 42 34 35 2C 34 30 44 35 31 43 35 39 2C 0D 0A 
[   COM12] [16:55:49:871] 30 30 30 30 30 30 30 30 2C 30 30 30 30 30 30 30 30 2C 30 30 30 30 30 30 30 30 2C 30 30 30 30 30 30 30 30 2C 30 30 30 30 30 30 30 30 2C 30 30 30 30 30 30 30 30 2C 30 30 30 30 30 30 30 30 2C 30 30 30 30 30 30 30 30 2C 30 30 30 30 30 30 30 30 2C 30 30 30 30 30 30 30 30 2C 46 41 39 46 38 35 34 32 2C 33 46 45 42 31 35 35 46 2C 31 43 38 39 34 35 43 30 2C 42 46 46 46 45 41 31 30 2C 45 41 41 31 30 30 30 30 2C 34 30 35 39 39 31 33 46 2C 0D 0A 
[   COM12] [16:55:49:871] 33 37 44 34 34 46 30 30 2C 34 30 35 44 31 31 46 35 2C 0D 0A 
[   COM12] [16:55:49:873] 24 47 50 53 55 54 43 2C 31 30 2C 30 30 30 30 30 30 30 30 2C 30 30 30 30 30 30 30 30 2C 30 30 30 30 30 30 30 30 2C 30 30 30 30 30 30 30 30 2C 30 30 30 30 30 30 30 30 2C 30 30 30 30 30 30 30 30 2C 30 30 30 30 30 30 30 30 2C 30 38 43 32 30 30 30 30 2C 31 32 31 32 30 30 30 30 2C 30 32 30 30 30 30 30 37 2C 0D 0A 
[   COM12] [16:55:49:874] 24 42 44 53 55 54 43 2C 31 30 2C 30 30 30 30 30 30 30 30 2C 30 30 30 30 30 30 30 30 2C 30 30 30 30 30 30 30 30 2C 30 30 30 30 30 30 30 30 2C 30 30 30 30 30 30 30 30 2C 30 30 30 30 30 30 30 30 2C 30 30 30 30 30 30 30 30 2C 30 30 37 36 30 30 30 30 2C 30 34 30 34 30 30 30 30 2C 30 32 30 30 30 30 30 36 2C 0D 0A 
[   COM12] [16:55:49:875] 24 47 41 4C 55 54 43 2C 31 30 2C 30 30 30 30 30 30 30 30 2C 30 30 30 30 30 30 30 30 2C 30 30 30 30 30 30 30 30 2C 30 30 30 30 30 30 30 30 2C 30 30 30 30 30 30 30 30 2C 30 30 30 30 30 30 30 30 2C 30 30 30 30 30 30 30 30 2C 30 38 43 32 30 38 41 39 2C 31 32 31 32 30 30 33 30 2C 31 39 30 30 30 30 30 37 2C 0D 0A 
[   COM12] [16:55:49:876] 24 47 4C 4F 55 54 43 2C 31 30 2C 30 30 30 30 30 30 30 30 2C 30 30 30 30 30 30 30 30 2C 30 30 30 30 30 30 30 30 2C 30 30 30 30 30 30 30 30 2C 30 30 30 30 30 30 30 30 2C 30 30 30 30 30 30 30 30 2C 30 30 30 30 30 30 30 30 2C 30 30 30 30 30 30 30 30 2C 30 30 30 30 30 33 39 34 2C 30 30 30 30 31 35 30 30 2C 0D 0A 
[   COM12] [16:55:49:877] 24 49 52 4E 55 54 43 2C 31 30 2C 30 30 30 30 30 30 30 30 2C 30 30 30 30 30 30 30 30 2C 30 30 30 30 30 30 30 30 2C 30 30 30 30 30 30 30 30 2C 30 30 30 30 30 30 30 30 2C 30 30 30 30 30 30 30 30 2C 30 30 30 30 30 30 30 30 2C 30 38 43 32 30 30 30 30 2C 31 32 31 32 30 30 30 30 2C 30 32 30 30 30 30 30 37 2C 0D 0A 
[   COM12] [16:55:49:879] 24 47 50 53 49 4F 4E 4F 2C 31 34 2C 30 30 30 30 30 30 38 31 2C 33 32 35 30 30 30 30 30 2C 33 32 38 30 30 30 30 30 2C 42 33 38 30 30 30 30 30 2C 42 34 30 30 30 30 30 30 2C 34 37 42 43 30 30 30 30 2C 34 37 41 30 30 30 30 30 2C 43 38 34 30 30 30 30 30 2C 43 38 43 30 30 30 30 30 2C 30 30 30 30 30 30 30 30 2C 30 30 30 30 30 30 30 30 2C 30 30 30 30 30 30 30 30 2C 30 30 30 30 30 30 30 30 2C 30 30 30 30 30 30 30 30 2C 0D 0A 
[   COM12] [16:55:49:881] 24 42 44 53 49 4F 4E 4F 2C 31 34 2C 30 30 30 30 30 30 32 31 2C 33 32 35 30 30 30 30 30 2C 33 32 38 30 30 30 30 30 2C 42 33 38 30 30 30 30 30 2C 42 34 30 30 30 30 30 30 2C 34 37 42 43 30 30 30 30 2C 34 37 41 30 30 30 30 30 2C 43 38 34 30 30 30 30 30 2C 43 38 43 30 30 30 30 30 2C 30 30 30 30 30 30 30 30 2C 30 30 30 30 30 30 30 30 2C 30 30 30 30 30 30 30 30 2C 30 30 30 30 30 30 30 30 2C 30 30 30 30 30 30 30 30 2C 0D 0A 
[   COM12] [16:55:49:882] 24 47 41 4C 49 4F 4E 4F 2C 35 2C 30 30 30 30 30 30 32 31 2C 30 30 30 30 30 30 30 30 2C 30 30 30 30 30 30 30 30 2C 30 30 30 30 30 30 30 30 2C 30 30 30 30 30 30 30 30 2C 0D 0A 
[   COM12] [16:55:49:884] 24 53 56 45 50 48 5F 30 30 33 2C 31 37 2C 33 46 33 44 30 30 44 33 2C 33 46 35 30 44 31 42 30 2C 36 30 35 34 37 30 35 35 2C 33 46 38 41 30 30 30 30 2C 46 30 37 30 43 38 32 36 2C 30 46 36 39 32 41 36 46 2C 46 31 35 42 41 44 39 45 2C 38 38 45 45 30 32 45 30 2C 41 31 46 30 30 42 34 36 2C 35 34 43 33 38 35 30 44 2C 34 46 44 41 46 46 36 30 2C 30 30 32 42 45 42 33 43 2C 34 46 32 34 32 38 31 36 2C 32 45 37 43 32 33 30 35 2C 46 46 33 30 41 45 34 32 2C 30 30 30 32 35 30 41 39 2C 33 32 34 44 38 45 44 45 2C 0D 0A 
[   COM12] [16:55:49:885] 24 53 56 45 50 48 5F 30 30 37 2C 31 37 2C 33 46 33 44 30 30 44 33 2C 33 46 35 30 44 31 42 31 2C 36 30 35 34 37 30 35 35 2C 33 46 38 41 30 30 30 30 2C 46 30 37 30 32 34 32 41 2C 30 46 36 39 32 41 36 46 2C 46 31 37 36 46 44 39 45 2C 38 38 45 45 30 32 45 30 2C 41 31 46 30 30 42 34 36 2C 35 34 43 33 38 35 30 44 2C 34 46 44 41 46 46 36 30 2C 30 30 33 38 31 33 33 44 2C 34 46 32 34 32 38 31 36 2C 32 45 37 43 32 33 30 35 2C 46 46 33 30 41 45 34 32 2C 30 30 30 32 35 30 41 39 2C 33 32 37 34 36 32 44 34 2C 0D 0A 
[   COM12] [16:55:49:888] 24 53 56 45 50 48 5F 30 30 38 2C 31 37 2C 33 46 33 44 30 30 44 33 2C 30 31 35 30 31 31 42 32 2C 36 30 35 34 35 43 46 33 2C 31 30 33 30 46 46 30 30 2C 30 35 35 43 30 38 42 31 2C 34 39 42 39 32 39 33 44 2C 30 34 45 37 38 46 45 39 2C 46 38 38 31 30 31 41 32 2C 41 31 33 46 30 32 36 34 2C 35 34 30 44 35 38 30 44 2C 32 35 46 37 46 46 36 30 2C 30 30 36 33 37 33 30 31 2C 32 44 35 32 32 38 32 36 2C 45 32 41 35 32 45 39 34 2C 46 46 44 34 46 41 37 32 2C 30 30 30 37 37 37 41 38 2C 33 32 38 46 37 38 36 42 2C 0D 0A 
[   COM12] [16:55:49:890] 24 53 56 45 50 48 5F 30 30 39 2C 31 37 2C 33 46 33 44 30 30 44 33 2C 30 32 35 30 35 31 42 32 2C 36 30 35 34 36 41 36 33 2C 41 32 43 41 46 46 30 30 2C 30 35 36 41 41 30 35 32 2C 37 42 33 30 32 46 34 36 2C 30 34 38 43 45 31 36 31 2C 32 38 43 38 30 30 43 45 2C 41 31 39 33 30 31 34 32 2C 35 34 39 37 46 46 30 44 2C 32 36 46 41 46 46 36 30 2C 30 30 43 39 33 41 34 42 2C 41 33 35 44 32 37 30 36 2C 39 36 46 41 32 44 43 38 2C 46 46 42 35 39 32 39 45 2C 30 30 45 44 37 36 41 35 2C 33 32 34 35 30 46 46 44 2C 0D 0A 
[   COM12] [16:55:49:892] 24 53 56 45 50 48 5F 30 31 31 2C 31 37 2C 33 46 33 44 30 30 44 33 2C 30 32 35 30 44 31 42 32 2C 36 30 35 34 36 41 36 33 2C 41 32 43 41 46 46 30 30 2C 30 35 36 41 39 43 35 42 2C 37 42 33 30 32 46 34 36 2C 30 34 30 39 35 43 36 31 2C 32 38 43 38 30 30 43 45 2C 41 31 39 33 30 31 34 32 2C 35 34 39 37 46 46 30 44 2C 32 36 46 41 46 46 36 30 2C 30 30 30 38 46 38 34 41 2C 41 33 35 44 32 37 30 36 2C 39 36 46 41 32 44 43 38 2C 46 46 42 35 39 32 39 45 2C 30 30 45 44 37 36 41 35 2C 33 32 33 37 35 45 36 37 2C 0D 0A 
[   COM12] [16:55:49:894] 24 53 56 45 50 48 5F 30 31 37 2C 31 37 2C 33 46 33 44 30 30 44 33 2C 33 45 35 30 35 31 42 34 2C 36 30 35 34 33 31 46 41 2C 35 37 42 35 46 46 30 30 2C 31 31 33 31 46 43 33 38 2C 39 37 46 42 32 41 43 33 2C 30 46 44 38 30 36 30 34 2C 36 46 45 31 30 36 33 37 2C 41 31 42 46 31 30 33 43 2C 35 34 41 36 33 36 30 45 2C 46 43 36 33 30 30 36 30 2C 30 30 31 36 37 35 32 46 2C 38 38 37 33 32 37 31 36 2C 43 41 44 38 31 43 37 44 2C 46 46 33 31 37 33 37 43 2C 30 30 45 38 43 44 41 44 2C 33 32 37 30 44 37 38 32 2C 0D 0A 
[   COM12] [16:55:49:896] 24 53 56 45 50 48 5F 30 31 39 2C 31 37 2C 33 46 33 44 30 30 44 33 2C 33 46 35 30 44 31 42 34 2C 36 30 35 34 37 44 45 36 2C 34 33 32 44 30 30 30 30 2C 30 46 37 44 43 34 46 30 2C 45 36 42 39 32 42 33 44 2C 30 44 32 41 45 38 39 45 2C 31 45 31 46 30 35 34 30 2C 41 31 38 30 31 30 42 38 2C 35 34 37 30 44 30 30 44 2C 46 44 44 36 46 46 36 30 2C 46 46 42 36 30 42 46 44 2C 34 34 36 42 32 37 35 39 2C 36 41 39 31 31 44 33 41 2C 46 46 42 44 34 34 35 37 2C 30 30 44 46 34 39 41 41 2C 33 32 32 43 46 38 46 38 2C 0D 0A 
[   COM12] [16:55:49:898] 24 53 56 45 50 48 5F 30 32 34 2C 31 37 2C 33 46 33 44 30 30 44 33 2C 30 33 35 30 31 31 42 36 2C 36 30 35 34 41 37 38 37 2C 43 30 46 36 46 46 30 30 2C 30 31 41 37 30 30 36 41 2C 34 44 36 36 33 43 36 44 2C 30 30 42 44 42 34 30 32 2C 35 35 46 41 30 37 42 35 2C 41 31 45 46 30 44 46 35 2C 35 34 30 30 39 36 30 44 2C 41 30 34 43 46 46 36 30 2C 46 46 38 42 36 38 36 34 2C 43 30 30 44 32 36 35 35 2C 32 38 45 41 31 44 38 33 2C 46 46 43 30 31 41 36 44 2C 30 30 30 35 37 44 41 35 2C 33 32 45 32 33 32 45 44 2C 0D 0A 
[    COM5] [16:55:50:539] FF 7F 7F FE FE FE E3 62 00 21 C8 04 C0 02 80 00 00 00 00 00 00 00 DC 60 00 66 60 60 66 18 86 98 78 E6 98 E6 80 98 80 24 50 44 54 49 4E 46 4F 0D 0A 
[   COM12] [16:55:49:900] 24 53 56 45 50 48 5F 30 32 38 2C 31 37 2C 33 46 33 44 30 30 44 33 2C 30 31 35 30 31 31 42 37 2C 36 30 35 34 37 35 34 41 2C 44 31 37 41 46 46 30 30 2C 30 31 37 35 31 41 38 42 2C 46 35 37 41 33 36 33 42 2C 30 31 44 46 41 37 35 36 2C 44 41 32 37 30 30 37 33 2C 41 31 42 37 30 43 46 32 2C 35 34 37 37 37 33 30 44 2C 41 33 32 36 30 30 36 30 2C 46 46 30 41 36 46 31 33 2C 41 46 32 41 32 37 43 35 2C 33 42 37 43 32 30 43 36 2C 46 46 32 31 45 42 42 33 2C 30 30 45 43 33 44 41 37 2C 33 32 43 42 33 45 45 31 2C 0D 0A 
[    COM5] [16:55:50:555] 24 43 46 47 4D 53 47 2C 39 2C 31 32 2C 31 0D 0A 
[   COM12] [16:55:49:902] 24 53 56 45 50 48 5F 30 32 39 2C 31 37 2C 33 46 33 44 30 30 44 33 2C 33 45 35 30 35 31 42 37 2C 36 30 35 34 32 32 46 46 2C 42 33 31 32 30 30 30 30 2C 30 45 32 32 44 43 31 43 2C 39 37 36 31 32 42 34 33 2C 30 43 32 41 44 41 37 45 2C 44 44 38 43 30 31 35 38 2C 41 31 38 39 31 31 44 44 2C 35 34 37 30 38 34 30 43 2C 46 43 46 36 46 46 36 30 2C 30 30 43 43 37 46 43 44 2C 31 44 38 44 32 37 31 33 2C 36 42 45 39 31 42 33 35 2C 46 46 35 39 36 41 38 32 2C 30 30 45 43 35 46 41 42 2C 33 32 44 43 44 34 39 34 2C 0D 0A 
[   COM12] [16:55:49:904] 24 53 56 45 50 48 5F 30 33 32 2C 31 37 2C 33 46 33 44 30 30 44 33 2C 30 35 35 30 31 31 42 38 2C 36 30 35 34 30 35 39 43 2C 42 30 31 34 30 30 30 30 2C 46 39 30 35 31 43 33 31 2C 42 35 30 39 33 30 41 38 2C 46 41 41 45 32 33 45 34 2C 46 31 46 43 30 33 39 36 2C 41 31 36 36 31 35 35 46 2C 35 34 35 39 41 42 30 44 2C 37 39 33 44 30 30 36 30 2C 46 46 45 42 34 43 35 31 2C 44 39 33 41 32 37 46 37 2C 41 39 41 39 31 36 43 45 2C 46 46 31 42 39 31 32 37 2C 30 30 30 32 33 44 41 43 2C 33 32 38 44 44 46 31 31 2C 0D 0A 
[   COM12] [16:55:49:906] 24 53 56 45 50 48 5F 31 30 33 2C 31 38 2C 34 31 33 46 30 30 44 33 2C 35 36 30 34 44 35 36 30 2C 37 33 44 44 30 33 36 42 2C 43 37 46 45 33 46 34 30 2C 31 46 37 39 33 32 46 46 2C 42 30 39 39 36 34 45 45 2C 36 46 43 43 44 34 41 46 2C 44 42 30 30 43 30 46 31 2C 39 32 32 42 32 34 36 39 2C 44 35 37 42 31 33 41 38 2C 31 39 30 31 34 30 37 33 2C 32 30 45 43 32 45 44 43 2C 43 39 37 34 39 32 30 32 2C 31 30 43 39 34 31 33 45 2C 45 46 37 34 35 34 35 31 2C 31 30 31 30 30 34 46 43 2C 44 38 38 45 30 30 30 35 2C 33 30 33 33 32 43 34 36 2C 0D 0A 
[   COM12] [16:55:49:908] 24 53 56 45 50 48 5F 31 30 35 2C 31 38 2C 34 31 33 46 30 30 44 33 2C 35 36 30 34 35 35 36 31 2C 37 33 36 31 30 35 36 42 2C 43 30 30 31 30 30 34 30 2C 41 33 41 45 45 35 31 33 2C 33 31 39 39 30 43 45 43 2C 43 37 46 37 43 45 39 44 2C 39 46 30 30 34 34 46 31 2C 41 36 32 43 33 38 31 43 2C 38 44 38 31 31 33 41 38 2C 34 39 46 44 34 46 37 33 2C 37 30 30 33 33 30 44 43 2C 43 42 37 34 46 32 30 30 2C 41 45 43 35 32 31 38 39 2C 33 46 44 32 39 44 39 36 2C 31 34 42 30 30 45 46 43 2C 32 37 30 31 30 30 30 36 2C 33 30 33 33 32 43 45 33 2C 0D 0A 
[    COM5] [16:55:50:618] 24 43 46 47 4D 53 47 2C 39 2C 31 32 0D 0A 
[   COM12] [16:55:49:910] 24 53 56 45 50 48 5F 31 30 38 2C 31 38 2C 34 31 33 46 30 30 44 33 2C 35 36 30 34 31 35 36 32 2C 37 33 33 31 30 33 36 42 2C 37 33 46 43 33 46 34 30 2C 34 46 35 41 30 42 46 45 2C 38 34 39 37 45 34 45 45 2C 43 46 30 43 33 44 35 35 2C 44 36 30 30 39 43 46 31 2C 41 32 32 41 39 34 45 30 2C 42 39 38 32 31 33 41 38 2C 38 39 30 30 34 30 37 33 2C 32 46 38 43 32 41 44 44 2C 39 33 37 38 46 32 46 46 2C 38 46 44 45 32 31 37 45 2C 35 46 33 43 43 37 42 46 2C 41 37 37 46 31 30 46 43 2C 35 32 39 46 30 30 45 35 2C 33 30 33 33 32 43 33 30 2C 0D 0A 
[   COM12] [16:55:49:912] 24 53 56 45 50 48 5F 31 31 33 2C 31 38 2C 34 31 33 46 30 30 44 33 2C 35 36 30 34 35 35 36 33 2C 37 33 33 44 46 37 36 42 2C 42 39 46 46 33 46 34 30 2C 33 42 46 44 44 41 46 46 2C 41 34 36 35 44 34 44 33 2C 31 33 38 36 41 37 44 41 2C 36 30 30 30 38 34 44 44 2C 45 41 34 36 41 34 46 33 2C 46 44 39 39 31 33 41 38 2C 30 34 30 32 34 30 37 33 2C 33 46 34 32 31 33 38 43 2C 37 33 38 42 35 32 46 44 2C 36 30 36 31 46 31 36 36 2C 38 46 46 38 38 36 45 43 2C 33 43 35 30 35 39 46 43 2C 33 32 32 35 30 30 31 30 2C 33 30 33 33 32 43 36 38 2C 0D 0A 
[   COM12] [16:55:49:914] 24 53 56 45 50 48 5F 31 31 35 2C 31 38 2C 34 31 33 46 30 30 44 33 2C 35 34 30 34 44 35 36 33 2C 37 32 36 39 46 39 36 42 2C 42 33 46 45 33 46 30 30 2C 34 42 34 33 34 35 46 46 2C 31 35 36 37 42 43 44 38 2C 42 46 34 46 41 32 37 43 2C 35 38 30 30 31 43 45 32 2C 36 45 34 41 34 30 36 36 2C 41 39 37 41 31 33 41 38 2C 38 34 30 31 30 30 37 32 2C 36 46 46 37 30 36 38 43 2C 36 42 38 42 46 32 46 46 2C 38 30 34 42 38 31 46 44 2C 30 46 32 37 46 34 30 43 2C 34 43 37 30 35 32 46 43 2C 41 34 35 32 30 30 31 35 2C 33 30 33 33 32 43 43 39 2C 0D 0A 
[    COM5] [16:55:50:666] 24 43 46 47 4D 53 47 2C 39 2C 31 35 2C 31 0D 0A 
[   COM12] [16:55:49:917] 24 53 56 45 50 48 5F 31 31 36 2C 31 38 2C 34 31 33 46 30 30 44 33 2C 35 36 30 34 31 35 36 34 2C 37 33 43 44 30 30 36 42 2C 43 35 46 45 33 46 34 30 2C 43 43 39 41 44 33 46 46 2C 30 32 38 39 32 30 33 36 2C 36 43 42 46 33 37 30 37 2C 42 42 30 30 42 38 32 41 2C 45 41 34 32 31 34 35 41 2C 44 35 43 38 31 33 41 38 2C 35 46 30 31 34 30 37 33 2C 39 30 35 44 33 42 33 33 2C 37 37 37 35 41 32 30 30 2C 38 38 34 44 41 31 37 46 2C 41 46 46 41 31 41 39 33 2C 42 37 31 46 32 39 46 43 2C 42 41 31 36 30 30 46 32 2C 33 30 33 33 32 43 35 32 2C 0D 0A 
[   COM12] [16:55:49:919] 24 53 56 45 50 48 5F 31 32 34 2C 31 38 2C 34 31 33 46 30 30 44 33 2C 35 36 30 34 31 35 36 36 2C 37 33 42 31 30 30 36 42 2C 33 39 46 34 33 46 34 30 2C 38 43 33 30 46 36 46 39 2C 39 42 38 43 34 43 33 34 2C 34 38 45 39 42 34 44 33 2C 46 37 30 30 46 43 32 39 2C 41 45 34 31 42 30 31 38 2C 46 39 44 36 31 33 41 38 2C 46 46 30 30 34 30 37 33 2C 38 30 31 44 35 38 33 37 2C 43 38 37 32 39 32 30 31 2C 33 32 35 34 31 31 44 33 2C 46 46 42 31 44 44 36 33 2C 41 33 35 46 32 33 46 43 2C 33 46 34 30 30 30 45 33 2C 33 30 33 33 32 43 33 31 2C 0D 0A 
[   COM12] [16:55:49:921] 24 53 56 45 50 48 5F 31 32 35 2C 31 38 2C 34 31 33 46 30 30 44 33 2C 35 36 30 34 35 35 36 36 2C 37 33 42 31 30 30 36 42 2C 33 41 30 30 30 30 34 30 2C 39 34 41 46 31 32 30 30 2C 46 34 38 38 42 43 33 38 2C 39 34 33 38 34 44 45 39 2C 35 35 30 30 38 38 32 42 2C 44 41 34 32 45 38 32 45 2C 37 44 39 46 31 33 41 38 2C 34 46 30 31 34 30 37 33 2C 36 30 42 41 43 34 33 35 2C 33 38 37 34 34 32 30 30 2C 36 43 34 43 45 31 34 43 2C 42 46 43 32 35 43 31 36 2C 32 30 33 30 32 36 46 43 2C 34 43 43 42 30 30 30 39 2C 33 30 33 33 32 43 31 36 2C 0D 0A 
[   COM12] [16:55:49:923] 24 53 56 45 50 48 5F 31 33 31 2C 31 38 2C 34 31 33 46 30 30 44 33 2C 35 39 30 34 44 35 36 37 2C 37 35 46 39 30 31 36 42 2C 46 46 46 45 33 46 32 30 2C 30 38 45 39 42 35 46 46 2C 45 36 38 36 35 34 33 31 2C 34 38 41 33 39 33 32 31 2C 36 46 30 30 38 43 32 36 2C 41 45 34 35 43 43 41 39 2C 32 31 41 42 31 33 41 38 2C 44 46 46 44 32 46 37 35 2C 35 30 45 36 42 36 33 35 2C 33 33 37 34 43 32 30 31 2C 32 42 34 38 44 31 33 42 2C 33 46 35 42 37 30 43 31 2C 32 38 30 30 33 33 46 43 2C 33 44 42 38 30 30 30 43 2C 33 30 33 33 32 43 43 39 2C 0D 0A 
[    COM5] [16:55:50:745] 24 43 46 47 4D 53 47 2C 39 2C 31 35 0D 0A 
[   COM12] [16:55:50:053] D3 00 03 43 50 00 8D 44 BE 0D 0A 
[    COM5] [16:55:50:745] 24 43 46 47 53 41 56 45 0D 0A 
[   COM12] [16:55:50:059] D3 00 A3 FE A0 FF 01 FF FF FF FF FF FF 00 80 00 00 00 00 00 00 00 80 00 00 00 00 00 00 00 80 00 00 00 80 00 00 00 80 00 00 00 00 00 00 00 80 00 00 00 00 00 00 00 80 00 00 00 00 00 00 00 00 80 00 00 00 80 00 00 00 80 00 00 00 80 00 00 00 FF FF FF FF FF FF FF FF FF FF FF FF FF FF FF FF FF FF FF FF FF FF FF FF FF FF FF FF FF FF FF FF FF FF FF FF FF FF FF FF FF FF FF FF FF FF FF FF FF FF FF FF 80 00 00 00 80 00 00 00 FF FF FF FF FF FF FF FF FF FF FF FF FF 00 00 00 00 00 00 00 00 00 23 72 00 00 00 AD FB 9E D3 00 0E FE A0 FE 01 FF FF FF FF FF FF 00 00 00 00 4D 91 3A D3 00 39 FE A0 F9 01 05 00 00 00 00 00 00 00 00 00 00 FF FF FF FF FF FF FF FF FF FF FF FF FF FF FF FF FF FF FF FF FF FF FF FF FF FF FF FF FF FF 00 00 00 00 FF FF FF FF 00 00 00 00 00 54 87 D3 00 12 FE A0 E9 01 FF FF FF FF FF FF 01 01 01 01 00 00 00 00 E9 3F 2A D3 00 1F FE A0 E6 02 FF FF FF FF FF FF 00 02 00 38 01 54 04 00 34 0B 01 32 64 02 23 72 03 8D 1E 23 00 36 A9 2B 0D 0A 
[    COM5] [16:55:50:745] 24 43 46 47 53 59 53 0D 0A 
[   COM12] [16:55:50:059] 24 47 4E 52 4D 43 2C 2C 56 2C 2C 2C 2C 2C 2C 2C 2C 2C 2C 4E 2C 56 2A 33 37 0D 0A 
[    COM5] [16:55:50:745] 24 43 46 47 53 59 53 0D 0A 
[   COM12] [16:55:50:060] 24 47 4E 47 47 41 2C 2C 2C 2C 2C 2C 30 2C 30 30 2C 39 39 2E 39 39 2C 2C 2C 2C 2C 2C 2A 35 36 0D 0A 
[   COM12] [16:55:50:060] 24 47 4E 47 53 41 2C 41 2C 31 2C 2C 2C 2C 2C 2C 2C 2C 2C 2C 2C 2C 2C 39 39 2E 39 39 2C 39 39 2E 39 39 2C 39 39 2E 39 39 2C 31 2A 33 33 0D 0A 
[   COM12] [16:55:50:061] 24 47 4E 47 53 41 2C 41 2C 31 2C 2C 2C 2C 2C 2C 2C 2C 2C 2C 2C 2C 2C 39 39 2E 39 39 2C 39 39 2E 39 39 2C 39 39 2E 39 39 2C 34 2A 33 36 0D 0A 
[   COM12] [16:55:50:061] 24 47 4E 47 53 41 2C 41 2C 31 2C 2C 2C 2C 2C 2C 2C 2C 2C 2C 2C 2C 2C 39 39 2E 39 39 2C 39 39 2E 39 39 2C 39 39 2E 39 39 2C 33 2A 33 31 0D 0A 
[   COM12] [16:55:50:062] 24 47 4E 47 53 41 2C 41 2C 31 2C 2C 2C 2C 2C 2C 2C 2C 2C 2C 2C 2C 2C 39 39 2E 39 39 2C 39 39 2E 39 39 2C 39 39 2E 39 39 2C 32 2A 33 30 0D 0A 
[   COM12] [16:55:50:062] 24 47 4E 47 53 41 2C 41 2C 31 2C 2C 2C 2C 2C 2C 2C 2C 2C 2C 2C 2C 2C 39 39 2E 39 39 2C 39 39 2E 39 39 2C 39 39 2E 39 39 2C 35 2A 33 37 0D 0A 
[   COM12] [16:55:50:062] 24 47 50 47 53 56 2C 31 2C 31 2C 30 30 2C 31 2A 36 34 0D 0A 
[   COM12] [16:55:50:063] 24 47 50 47 53 56 2C 31 2C 31 2C 30 30 2C 38 2A 36 44 0D 0A 
[   COM12] [16:55:50:063] 24 47 42 47 53 56 2C 31 2C 31 2C 30 30 2C 31 2A 37 36 0D 0A 
[   COM12] [16:55:50:063] 24 47 42 47 53 56 2C 31 2C 31 2C 30 30 2C 35 2A 37 32 0D 0A 
[   COM12] [16:55:50:063] 24 47 41 47 53 56 2C 31 2C 31 2C 30 30 2C 37 2A 37 33 0D 0A 
[   COM12] [16:55:50:064] 24 47 41 47 53 56 2C 31 2C 31 2C 30 30 2C 31 2A 37 35 0D 0A 
[   COM12] [16:55:50:064] 24 47 4C 47 53 56 2C 31 2C 31 2C 30 30 2C 31 2A 37 38 0D 0A 
[   COM12] [16:55:50:064] 24 47 51 47 53 56 2C 31 2C 31 2C 30 30 2C 31 2A 36 35 0D 0A 
[   COM12] [16:55:50:064] 24 47 51 47 53 56 2C 31 2C 31 2C 30 30 2C 38 2A 36 43 0D 0A 
[   COM12] [16:55:50:066] 24 47 4E 54 58 54 2C 30 31 2C 30 31 2C 30 31 2C 30 2C 30 30 30 30 30 30 2C 30 30 30 30 2C 30 30 30 30 2C 30 30 30 30 2C 30 2E 30 30 30 2C 30 2C 30 30 30 33 46 37 45 45 30 31 42 38 46 42 37 37 2C 31 2C 30 2C 30 2C 30 2C 30 30 30 30 2C 30 2C 30 2C 30 2C 31 34 38 2C 31 34 38 2C 30 30 30 30 30 30 30 30 2C 30 30 30 30 30 30 30 30 2A 36 45 0D 0A 
[   COM12] [16:55:50:067] 24 50 4E 4F 49 53 45 2C 35 36 2C 38 34 2C 31 33 33 32 33 2C 31 32 39 30 30 2C 39 30 37 34 2C 33 36 31 32 36 2C 31 30 30 30 30 2C 31 30 30 30 30 2C 31 30 30 30 30 2C 31 30 30 30 30 2C 30 2C 30 2A 33 31 0D 0A 
[   COM12] [16:55:50:067] D3 00 05 FE A0 00 A8 5A C2 2E 06 0D 0A 
[   COM12] [16:55:50:067] D3 00 03 FE A0 01 FA 8D 7A 0D 0A 
[   COM12] [16:55:50:067] D3 00 30 FE A0 02 A8 5A 00 00 00 01 00 C8 00 00 00 C8 00 09 00 00 00 C8 00 00 00 00 00 00 00 00 00 00 00 00 00 00 00 00 00 00 00 00 00 00 00 00 00 00 00 9B F7 EE 0D 0A 
[   COM12] [16:55:50:252] D3 00 03 43 50 00 8D 44 BE 0D 0A 
[   COM12] [16:55:50:257] D3 00 A3 FE A0 FF 01 FF FF FF FF FF FF 00 80 00 00 00 00 00 00 00 80 00 00 00 00 00 00 00 80 00 00 00 80 00 00 00 80 00 00 00 00 00 00 00 80 00 00 00 00 00 00 00 80 00 00 00 00 00 00 00 00 80 00 00 00 80 00 00 00 80 00 00 00 80 00 00 00 FF FF FF FF FF FF FF FF FF FF FF FF FF FF FF FF FF FF FF FF FF FF FF FF FF FF FF FF FF FF FF FF FF FF FF FF FF FF FF FF FF FF FF FF FF FF FF FF FF FF FF FF 80 00 00 00 80 00 00 00 FF FF FF FF FF FF FF FF FF FF FF FF FF 00 00 00 00 00 00 00 00 00 23 72 00 00 00 AD FB 9E D3 00 0E FE A0 FE 01 FF FF FF FF FF FF 00 00 00 00 4D 91 3A D3 00 39 FE A0 F9 01 05 00 00 00 00 00 00 00 00 00 00 FF FF FF FF FF FF FF FF FF FF FF FF FF FF FF FF FF FF FF FF FF FF FF FF FF FF FF FF FF FF 00 00 00 00 FF FF FF FF 00 00 00 00 00 54 87 D3 00 1F FE A0 E6 02 FF FF FF FF FF FF 00 02 00 37 01 55 04 00 32 F4 01 32 5A 02 23 72 03 8B 0B 23 00 DE 88 67 0D 0A 
[   COM12] [16:55:50:257] 24 47 4E 52 4D 43 2C 2C 56 2C 2C 2C 2C 2C 2C 2C 2C 2C 2C 4E 2C 56 2A 33 37 0D 0A 
[   COM12] [16:55:50:259] 24 47 4E 47 47 41 2C 2C 2C 2C 2C 2C 30 2C 30 30 2C 39 39 2E 39 39 2C 2C 2C 2C 2C 2C 2A 35 36 0D 0A 
[   COM12] [16:55:50:260] 24 47 4E 54 58 54 2C 30 31 2C 30 31 2C 30 31 2C 30 2C 30 30 30 30 30 30 2C 30 30 30 30 2C 30 30 30 30 2C 30 30 30 30 2C 30 2E 30 30 30 2C 30 2C 30 30 30 33 46 37 45 45 30 31 42 38 46 42 37 37 2C 31 2C 33 2C 30 2C 30 2C 30 30 30 30 2C 30 2C 30 2C 30 2C 31 34 38 2C 31 34 38 2C 30 30 30 30 30 30 30 30 2C 30 30 30 30 30 30 30 30 2A 36 44 0D 0A 
[   COM12] [16:55:50:261] 24 50 4E 4F 49 53 45 2C 35 35 2C 38 35 2C 31 33 30 34 34 2C 31 32 38 39 30 2C 39 30 37 34 2C 33 35 35 39 35 2C 31 30 30 30 30 2C 31 30 30 30 30 2C 31 30 30 30 30 2C 31 30 30 30 30 2C 30 2C 30 2A 33 36 0D 0A 
[   COM12] [16:55:50:261] D3 00 05 FE A0 00 A8 5A C2 2E 06 0D 0A 
[   COM12] [16:55:50:261] D3 00 03 FE A0 01 FA 8D 7A 0D 0A 
[   COM12] [16:55:50:262] D3 00 30 FE A0 02 A8 5A 00 00 00 02 00 C8 00 00 01 90 00 09 00 00 01 90 00 00 00 00 01 00 00 00 00 00 00 00 00 00 00 00 00 00 00 00 00 00 00 00 00 00 00 6B 45 F4 0D 0A 
[   COM12] [16:55:50:453] D3 00 03 43 50 00 8D 44 BE 0D 0A 
[   COM12] [16:55:50:458] D3 00 A3 FE A0 FF 01 FF FF FF FF FF FF 00 80 00 00 00 00 00 00 00 80 00 00 00 00 00 00 00 80 00 00 00 80 00 00 00 80 00 00 00 00 00 00 00 80 00 00 00 00 00 00 00 80 00 00 00 00 00 00 00 00 80 00 00 00 80 00 00 00 80 00 00 00 80 00 00 00 FF FF FF FF FF FF FF FF FF FF FF FF FF FF FF FF FF FF FF FF FF FF FF FF FF FF FF FF FF FF FF FF FF FF FF FF FF FF FF FF FF FF FF FF FF FF FF FF FF FF FF FF 80 00 00 00 80 00 00 00 FF FF FF FF FF FF FF FF FF FF FF FF FF 00 00 00 00 00 00 00 00 00 23 72 00 00 00 AD FB 9E D3 00 0E FE A0 FE 01 FF FF FF FF FF FF 00 00 00 00 4D 91 3A D3 00 39 FE A0 F9 01 05 00 00 00 00 00 00 00 00 00 00 FF FF FF FF FF FF FF FF FF FF FF FF FF FF FF FF FF FF FF FF FF FF FF FF FF FF FF FF FF FF 00 00 00 00 FF FF FF FF 00 00 00 00 00 54 87 D3 00 1F FE A0 E6 02 FF FF FF FF FF FF 00 02 00 38 01 55 04 00 33 56 01 32 73 02 23 A2 03 8B 0F 23 00 29 7C 47 0D 0A 
[   COM12] [16:55:50:458] 24 47 4E 52 4D 43 2C 2C 56 2C 2C 2C 2C 2C 2C 2C 2C 2C 2C 4E 2C 56 2A 33 37 0D 0A 
[   COM12] [16:55:50:459] 24 47 4E 47 47 41 2C 2C 2C 2C 2C 2C 30 2C 30 30 2C 39 39 2E 39 39 2C 2C 2C 2C 2C 2C 2A 35 36 0D 0A 
[   COM12] [16:55:50:460] 24 47 4E 54 58 54 2C 30 31 2C 30 31 2C 30 31 2C 30 2C 30 30 30 30 30 30 2C 30 30 30 30 2C 30 30 30 30 2C 30 30 30 30 2C 30 2E 30 30 30 2C 30 2C 30 30 30 33 46 37 45 45 30 31 42 38 46 42 37 37 2C 31 2C 33 2C 30 2C 30 2C 30 30 30 30 2C 30 2C 30 2C 30 2C 31 34 38 2C 31 34 38 2C 30 30 30 30 30 30 30 30 2C 30 30 30 30 30 30 30 30 2A 36 44 0D 0A 
[   COM12] [16:55:50:461] 24 50 4E 4F 49 53 45 2C 35 36 2C 38 35 2C 31 33 31 34 32 2C 31 32 39 31 35 2C 39 31 32 32 2C 33 35 35 39 39 2C 31 30 30 30 30 2C 31 30 30 30 30 2C 31 30 30 30 30 2C 31 30 30 30 30 2C 30 2C 30 2A 33 30 0D 0A 
[   COM12] [16:55:50:461] D3 00 05 FE A0 00 A8 5A C2 2E 06 0D 0A 
[   COM12] [16:55:50:461] D3 00 03 FE A0 01 FA 8D 7A 0D 0A 
[   COM12] [16:55:50:462] D3 00 30 FE A0 02 A8 5A 00 00 00 03 00 C8 00 00 02 58 00 09 00 00 02 58 00 00 00 00 02 00 00 00 00 00 00 00 00 00 00 00 00 00 00 00 00 00 00 00 00 00 00 B2 6C 41 0D 0A 
[   COM12] [16:55:50:535] 24 47 4E 54 58 54 2C 30 31 2C 30 31 2C 30 30 2C 50 44 54 49 4E 46 4F 2A 31 46 0D 0A 
[   COM12] [16:55:50:536] 24 50 44 54 49 4E 46 4F 2C 55 43 36 35 38 30 49 2D 30 30 2C 47 31 42 31 4C 31 45 31 2C 56 30 30 2C 52 36 2E 31 2E 31 2E 31 42 75 69 6C 64 39 30 37 34 2C 32 34 30 30 36 31 35 30 30 30 35 31 34 2C 32 30 32 35 30 34 32 37 30 38 30 33 30 38 30 30 34 2A 34 44 0D 0A 
[   COM12] [16:55:50:536] 24 4F 4B 2A 30 34 0D 0A 
[   COM12] [16:55:50:559] 24 47 4E 54 58 54 2C 30 31 2C 30 31 2C 30 30 2C 43 46 47 4D 53 47 2C 39 2C 31 32 2C 31 2A 36 44 0D 0A 
[   COM12] [16:55:50:559] 24 4F 4B 2A 30 34 0D 0A 
[   COM12] [16:55:50:613] 24 47 4E 54 58 54 2C 30 31 2C 30 31 2C 30 30 2C 43 46 47 4D 53 47 2C 39 2C 31 32 2A 37 30 0D 0A 
[   COM12] [16:55:50:614] 24 43 46 47 4D 53 47 2C 39 2C 31 32 2C 31 2A 33 43 0D 0A 
[   COM12] [16:55:50:614] 24 4F 4B 2A 30 34 0D 0A 
[   COM12] [16:55:50:653] D3 00 03 43 50 00 8D 44 BE 0D 0A 
[   COM12] [16:55:50:658] D3 00 A3 FE A0 FF 01 FF FF FF FF FF FF 00 80 00 00 00 00 00 00 00 80 00 00 00 00 00 00 00 80 00 00 00 80 00 00 00 80 00 00 00 00 00 00 00 80 00 00 00 00 00 00 00 80 00 00 00 00 00 00 00 00 80 00 00 00 80 00 00 00 80 00 00 00 80 00 00 00 FF FF FF FF FF FF FF FF FF FF FF FF FF FF FF FF FF FF FF FF FF FF FF FF FF FF FF FF FF FF FF FF FF FF FF FF FF FF FF FF FF FF FF FF FF FF FF FF FF FF FF FF 80 00 00 00 80 00 00 00 FF FF FF FF FF FF FF FF FF FF FF FF FF 00 00 00 00 00 00 00 00 00 23 72 00 00 00 AD FB 9E D3 00 0E FE A0 FE 01 FF FF FF FF FF FF 00 00 00 00 4D 91 3A D3 00 39 FE A0 F9 01 05 00 00 00 00 00 00 00 00 00 00 FF FF FF FF FF FF FF FF FF FF FF FF FF FF FF FF FF FF FF FF FF FF FF FF FF FF FF FF FF FF 00 00 00 00 FF FF FF FF 00 00 00 00 00 54 87 D3 00 1F FE A0 E6 02 FF FF FF FF FF FF 00 02 00 37 01 55 04 00 32 D8 01 31 E7 02 23 07 03 89 FB 23 00 A9 5D 26 0D 0A 
[   COM12] [16:55:50:658] 24 47 4E 52 4D 43 2C 2C 56 2C 2C 2C 2C 2C 2C 2C 2C 2C 2C 4E 2C 56 2A 33 37 0D 0A 
[   COM12] [16:55:50:659] 24 47 4E 47 47 41 2C 2C 2C 2C 2C 2C 30 2C 30 30 2C 39 39 2E 39 39 2C 2C 2C 2C 2C 2C 2A 35 36 0D 0A 
[   COM12] [16:55:50:660] 24 47 4E 54 58 54 2C 30 31 2C 30 31 2C 30 31 2C 30 2C 30 30 30 30 30 30 2C 30 30 30 30 2C 30 30 30 30 2C 30 30 30 30 2C 30 2E 30 30 30 2C 30 2C 30 30 30 33 46 37 45 45 30 31 42 38 46 42 37 37 2C 31 2C 33 2C 30 2C 30 2C 30 30 30 30 2C 30 2C 30 2C 30 2C 31 34 38 2C 31 34 38 2C 30 30 30 30 30 30 30 30 2C 30 30 30 30 30 30 30 30 2A 36 44 0D 0A 
[   COM12] [16:55:50:661] 24 50 4E 4F 49 53 45 2C 35 35 2C 38 34 2C 31 33 30 31 36 2C 31 32 37 37 35 2C 38 39 36 37 2C 33 35 33 32 33 2C 31 30 30 30 30 2C 31 30 30 30 30 2C 31 30 30 30 30 2C 31 30 30 30 30 2C 30 2C 30 2A 33 35 0D 0A 
[   COM12] [16:55:50:661] D3 00 05 FE A0 00 A8 5A C2 2E 06 0D 0A 
[   COM12] [16:55:50:661] D3 00 03 FE A0 01 FA 8D 7A 0D 0A 
[   COM12] [16:55:50:662] D3 00 30 FE A0 02 A8 5A 00 00 00 04 00 C8 00 00 03 20 00 09 00 00 03 20 00 00 00 00 00 00 00 00 00 00 00 00 00 00 00 00 00 00 00 00 00 00 00 00 00 00 00 E1 28 60 0D 0A 
[   COM12] [16:55:50:667] 24 47 4E 54 58 54 2C 30 31 2C 30 31 2C 30 30 2C 43 46 47 4D 53 47 2C 39 2C 31 35 2C 31 2A 36 41 0D 0A 
[   COM12] [16:55:50:667] 24 4F 4B 2A 30 34 0D 0A 
[   COM12] [16:55:50:721] 24 47 4E 54 58 54 2C 30 31 2C 30 31 2C 30 30 2C 43 46 47 4D 53 47 2C 39 2C 31 35 2A 37 37 0D 0A 
[   COM12] [16:55:50:722] 24 43 46 47 4D 53 47 2C 39 2C 31 35 2C 31 2A 33 42 0D 0A 
[   COM12] [16:55:50:722] 24 4F 4B 2A 30 34 0D 0A 
[   COM12] [16:55:50:734] 24 47 4E 54 58 54 2C 30 31 2C 30 31 2C 30 30 2C 43 46 47 53 41 56 45 2A 31 32 0D 0A 
[   COM12] [16:55:50:734] 24 4F 4B 2A 30 34 0D 0A 
[   COM12] [16:55:50:735] 24 47 4E 54 58 54 2C 30 31 2C 30 31 2C 30 30 2C 43 46 47 53 59 53 2A 34 41 0D 0A 
[   COM12] [16:55:50:735] 24 43 46 47 53 59 53 2C 48 35 35 31 35 35 2A 34 45 0D 0A 
[   COM12] [16:55:50:735] 24 4F 4B 2A 30 34 0D 0A 
[   COM12] [16:55:50:740] 24 47 4E 54 58 54 2C 30 31 2C 30 31 2C 30 30 2C 43 46 47 53 59 53 2A 34 41 0D 0A 
[   COM12] [16:55:50:740] 24 43 46 47 53 59 53 2C 48 35 35 31 35 35 2A 34 45 0D 0A 
[   COM12] [16:55:50:741] 24 4F 4B 2A 30 34 0D 0A 
[   COM12] [16:55:50:852] D3 00 03 43 50 00 8D 44 BE 0D 0A 
[   COM12] [16:55:50:857] D3 00 A3 FE A0 FF 01 FF FF FF FF FF FF 00 80 00 00 00 00 00 00 00 80 00 00 00 00 00 00 00 80 00 00 00 80 00 00 00 80 00 00 00 00 00 00 00 80 00 00 00 00 00 00 00 80 00 00 00 00 00 00 00 00 80 00 00 00 80 00 00 00 80 00 00 00 80 00 00 00 FF FF FF FF FF FF FF FF FF FF FF FF FF FF FF FF FF FF FF FF FF FF FF FF FF FF FF FF FF FF FF FF FF FF FF FF FF FF FF FF FF FF FF FF FF FF FF FF FF FF FF FF 80 00 00 00 80 00 00 00 FF FF FF FF FF FF FF FF FF FF FF FF FF 00 00 00 00 00 00 00 00 00 23 72 00 00 00 AD FB 9E D3 00 0E FE A0 FE 01 FF FF FF FF FF FF 00 00 00 00 4D 91 3A D3 00 39 FE A0 F9 01 05 00 00 00 00 00 00 00 00 00 00 FF FF FF FF FF FF FF FF FF FF FF FF FF FF FF FF FF FF FF FF FF FF FF FF FF FF FF FF FF FF 00 00 00 00 FF FF FF FF 00 00 00 00 00 54 87 D3 00 1F FE A0 E6 02 FF FF FF FF FF FF 00 02 00 38 01 55 04 00 32 4A 01 31 DE 02 24 62 03 8A 87 23 00 8D E3 9C 0D 0A 
[   COM12] [16:55:50:857] 24 47 4E 52 4D 43 2C 2C 56 2C 2C 2C 2C 2C 2C 2C 2C 2C 2C 4E 2C 56 2A 33 37 0D 0A 
[   COM12] [16:55:50:858] 24 47 4E 47 47 41 2C 2C 2C 2C 2C 2C 30 2C 30 30 2C 39 39 2E 39 39 2C 2C 2C 2C 2C 2C 2A 35 36 0D 0A 
[   COM12] [16:55:50:859] 24 47 4E 54 58 54 2C 30 31 2C 30 31 2C 30 31 2C 30 2C 30 30 30 30 30 30 2C 30 30 30 30 2C 30 30 30 30 2C 30 30 30 30 2C 30 2E 30 30 30 2C 30 2C 30 30 30 33 46 37 45 45 30 31 42 38 46 42 37 37 2C 31 2C 33 2C 30 2C 30 2C 30 30 30 30 2C 30 2C 30 2C 30 2C 31 34 38 2C 31 34 38 2C 30 30 30 30 30 30 30 30 2C 30 30 30 30 30 30 30 30 2A 36 44 0D 0A 
[   COM12] [16:55:50:860] 24 50 4E 4F 49 53 45 2C 35 36 2C 38 35 2C 31 32 38 37 34 2C 31 32 37 36 36 2C 39 33 31 34 2C 33 35 34 36 33 2C 31 30 30 30 30 2C 31 30 30 30 30 2C 31 30 30 30 30 2C 31 30 30 30 30 2C 30 2C 30 2A 33 34 0D 0A 
[   COM12] [16:55:50:860] D3 00 05 FE A0 00 A8 5A C2 2E 06 0D 0A 
[   COM12] [16:55:50:860] D3 00 03 FE A0 01 FA 8D 7A 0D 0A 
[   COM12] [16:55:50:861] D3 00 30 FE A0 02 A8 5A 00 00 00 05 00 C8 00 00 03 E8 00 09 00 00 03 E8 00 00 00 00 01 00 00 00 00 00 00 00 00 00 00 00 00 00 00 00 00 00 00 00 00 00 00 DC 91 18 0D 0A 
[   COM12] [16:55:51:052] D3 00 03 43 50 00 8D 44 BE 0D 0A 
[   COM12] [16:55:51:075] D3 00 A3 FE A0 FF 01 FF FF FF FF FF FF 00 80 00 00 00 00 00 00 00 80 00 00 00 00 00 00 00 80 00 00 00 80 00 00 00 80 00 00 00 00 00 00 00 80 00 00 00 00 00 00 00 80 00 00 00 00 00 00 00 00 80 00 00 00 80 00 00 00 80 00 00 00 80 00 00 00 FF FF FF FF FF FF FF FF FF FF FF FF FF FF FF FF FF FF FF FF FF FF FF FF FF FF FF FF FF FF FF FF FF FF FF FF FF FF FF FF FF FF FF FF FF FF FF FF FF FF FF FF 80 00 00 00 80 00 00 00 FF FF FF FF FF FF FF FF FF FF FF FF FF 00 00 00 00 00 00 00 00 00 23 72 00 00 00 AD FB 9E D3 00 85 FE A0 FC 01 01 00 00 00 00 00 00 00 00 00 00 00 00 00 00 00 00 00 00 00 00 00 00 00 00 00 00 00 00 00 00 00 00 BF 36 FC 5E 2C CD 8A 41 0F C6 D8 D1 44 99 0D A9 E0 FC 22 4F 8C 61 AB F8 BB 6F 7C CA F6 C1 9E A0 4A 51 56 BF 81 CA 33 38 3D 3E 4A 1C 84 8A BC 64 42 E8 17 33 AE 62 FD 3E 89 FF B9 BE EC C8 5E FD B7 07 C5 50 D1 E4 63 29 7E 91 E9 14 3D 50 9E 78 00 00 00 00 00 00 00 00 00 00 00 00 00 00 00 00 11 82 CD D3 00 0E FE A0 FE 01 FF FF FF FF FF FF 00 00 00 00 4D 91 3A D3 00 39 FE A0 F9 01 05 00 00 00 00 00 00 00 00 00 00 FF FF FF FF FF FF FF FF FF FF FF FF FF FF FF FF FF FF FF FF FF FF FF FF FF FF FF FF FF FF 00 00 00 00 FF FF FF FF 00 00 00 00 00 54 87 D3 00 12 FE A0 E9 01 FF FF FF FF FF FF 01 01 01 01 00 00 00 00 E9 3F 2A D3 00 1F FE A0 E6 02 FF FF FF FF FF FF 00 02 00 38 01 55 04 00 31 F5 01 31 C0 02 24 62 03 89 AB 23 00 30 AE 42 0D 0A 
[   COM12] [16:55:51:075] 24 47 4E 52 4D 43 2C 2C 56 2C 2C 2C 2C 2C 2C 2C 2C 2C 2C 4E 2C 56 2A 33 37 0D 0A 
[   COM12] [16:55:51:075] 24 47 4E 47 47 41 2C 2C 2C 2C 2C 2C 30 2C 30 30 2C 39 39 2E 39 39 2C 2C 2C 2C 2C 2C 2A 35 36 0D 0A 
[   COM12] [16:55:51:076] 24 47 4E 47 53 41 2C 41 2C 31 2C 2C 2C 2C 2C 2C 2C 2C 2C 2C 2C 2C 2C 39 39 2E 39 39 2C 39 39 2E 39 39 2C 39 39 2E 39 39 2C 31 2A 33 33 0D 0A 
[   COM12] [16:55:51:076] 24 47 4E 47 53 41 2C 41 2C 31 2C 2C 2C 2C 2C 2C 2C 2C 2C 2C 2C 2C 2C 39 39 2E 39 39 2C 39 39 2E 39 39 2C 39 39 2E 39 39 2C 34 2A 33 36 0D 0A 
[   COM12] [16:55:51:077] 24 47 4E 47 53 41 2C 41 2C 31 2C 2C 2C 2C 2C 2C 2C 2C 2C 2C 2C 2C 2C 39 39 2E 39 39 2C 39 39 2E 39 39 2C 39 39 2E 39 39 2C 33 2A 33 31 0D 0A 
[   COM12] [16:55:51:078] 24 47 4E 47 53 41 2C 41 2C 31 2C 2C 2C 2C 2C 2C 2C 2C 2C 2C 2C 2C 2C 39 39 2E 39 39 2C 39 39 2E 39 39 2C 39 39 2E 39 39 2C 32 2A 33 30 0D 0A 
[   COM12] [16:55:51:078] 24 47 4E 47 53 41 2C 41 2C 31 2C 2C 2C 2C 2C 2C 2C 2C 2C 2C 2C 2C 2C 39 39 2E 39 39 2C 39 39 2E 39 39 2C 39 39 2E 39 39 2C 35 2A 33 37 0D 0A 
[   COM12] [16:55:51:078] 24 47 50 47 53 56 2C 31 2C 31 2C 30 30 2C 31 2A 36 34 0D 0A 
[   COM12] [16:55:51:079] 24 47 50 47 53 56 2C 31 2C 31 2C 30 30 2C 38 2A 36 44 0D 0A 
[   COM12] [16:55:51:079] 24 47 42 47 53 56 2C 31 2C 31 2C 30 30 2C 31 2A 37 36 0D 0A 
[   COM12] [16:55:51:079] 24 47 42 47 53 56 2C 31 2C 31 2C 30 30 2C 35 2A 37 32 0D 0A 
[   COM12] [16:55:51:079] 24 47 41 47 53 56 2C 31 2C 31 2C 30 30 2C 37 2A 37 33 0D 0A 
[   COM12] [16:55:51:079] 24 47 41 47 53 56 2C 31 2C 31 2C 30 30 2C 31 2A 37 35 0D 0A 
[   COM12] [16:55:51:080] 24 47 4C 47 53 56 2C 31 2C 31 2C 30 30 2C 31 2A 37 38 0D 0A 
[   COM12] [16:55:51:080] 24 47 51 47 53 56 2C 31 2C 31 2C 30 30 2C 31 2A 36 35 0D 0A 
[   COM12] [16:55:51:080] 24 47 51 47 53 56 2C 31 2C 31 2C 30 30 2C 38 2A 36 43 0D 0A 
[   COM12] [16:55:51:081] 24 47 4E 54 58 54 2C 30 31 2C 30 31 2C 30 31 2C 30 2C 30 30 30 30 30 30 2C 30 30 30 30 2C 30 30 30 30 2C 30 30 30 30 2C 30 2E 30 30 30 2C 30 2C 30 30 30 33 46 37 45 45 30 31 42 38 46 42 37 37 2C 31 2C 33 2C 30 2C 30 2C 30 30 30 30 2C 30 2C 30 2C 30 2C 31 34 38 2C 31 34 38 2C 30 30 30 30 30 30 30 30 2C 30 30 30 30 30 30 30 30 2A 36 44 0D 0A 
[   COM12] [16:55:51:083] 24 50 4E 4F 49 53 45 2C 35 35 2C 38 35 2C 31 32 37 38 39 2C 31 32 37 33 36 2C 39 33 31 34 2C 33 35 32 34 33 2C 31 30 30 30 30 2C 31 30 30 30 30 2C 31 30 30 30 30 2C 31 30 30 30 30 2C 30 2C 30 2A 33 42 0D 0A 
[   COM12] [16:55:51:083] D3 00 05 FE A0 00 A8 5A C2 2E 06 0D 0A 
[   COM12] [16:55:51:083] D3 00 03 FE A0 01 FA 8D 7A 0D 0A 
[   COM12] [16:55:51:083] D3 00 30 FE A0 02 A8 5A 00 00 00 06 00 C8 00 00 04 B0 00 09 00 00 04 B0 00 00 00 00 02 00 00 00 00 00 00 00 00 00 00 00 00 00 00 00 00 00 00 00 00 00 00 3F 88 2E 0D 0A 
[   COM12] [16:55:51:253] D3 00 03 43 50 00 8D 44 BE 0D 0A 
[   COM12] [16:55:51:258] D3 00 A3 FE A0 FF 01 FF FF FF FF FF FF 00 80 00 00 00 00 00 00 00 80 00 00 00 00 00 00 00 80 00 00 00 80 00 00 00 80 00 00 00 00 00 00 00 80 00 00 00 00 00 00 00 80 00 00 00 00 00 00 00 00 80 00 00 00 80 00 00 00 80 00 00 00 80 00 00 00 FF FF FF FF FF FF FF FF FF FF FF FF FF FF FF FF FF FF FF FF FF FF FF FF FF FF FF FF FF FF FF FF FF FF FF FF FF FF FF FF FF FF FF FF FF FF FF FF FF FF FF FF 80 00 00 00 80 00 00 00 FF FF FF FF FF FF FF FF FF FF FF FF FF 00 00 00 00 00 00 00 00 00 23 72 00 00 00 AD FB 9E D3 00 0E FE A0 FE 01 FF FF FF FF FF FF 00 00 00 00 4D 91 3A D3 00 39 FE A0 F9 01 05 00 00 00 00 00 00 00 00 00 00 FF FF FF FF FF FF FF FF FF FF FF FF FF FF FF FF FF FF FF FF FF FF FF FF FF FF FF FF FF FF 00 00 00 00 FF FF FF FF 00 00 00 00 00 54 87 D3 00 1F FE A0 E6 02 FF FF FF FF FF FF 00 02 00 37 01 55 04 00 32 32 01 30 E6 02 22 DF 03 88 AD 23 00 EC 61 C4 0D 0A 
[   COM12] [16:55:51:258] 24 47 4E 52 4D 43 2C 2C 56 2C 2C 2C 2C 2C 2C 2C 2C 2C 2C 4E 2C 56 2A 33 37 0D 0A 
[   COM12] [16:55:51:259] 24 47 4E 47 47 41 2C 2C 2C 2C 2C 2C 30 2C 30 30 2C 39 39 2E 39 39 2C 2C 2C 2C 2C 2C 2A 35 36 0D 0A 
[   COM12] [16:55:51:260] 24 47 4E 54 58 54 2C 30 31 2C 30 31 2C 30 31 2C 30 2C 30 30 30 30 30 30 2C 30 30 30 30 2C 30 30 30 30 2C 30 30 30 30 2C 30 2E 30 30 30 2C 30 2C 30 30 30 33 46 37 45 45 30 31 42 38 46 42 37 37 2C 31 2C 31 38 2C 30 2C 30 2C 30 30 30 30 2C 30 2C 30 2C 30 2C 31 34 38 2C 31 34 38 2C 30 30 30 30 30 30 30 30 2C 30 30 30 30 30 30 30 30 2A 35 37 0D 0A 
[   COM12] [16:55:51:261] 24 50 4E 4F 49 53 45 2C 35 35 2C 38 34 2C 31 32 38 35 30 2C 31 32 35 31 38 2C 38 39 32 37 2C 33 34 39 38 39 2C 31 30 30 30 30 2C 31 30 30 30 30 2C 31 30 30 30 30 2C 31 30 30 30 30 2C 30 2C 30 2A 33 38 0D 0A 
[   COM12] [16:55:51:261] D3 00 05 FE A0 00 A8 5A C2 2E 06 0D 0A 
[   COM12] [16:55:51:261] D3 00 03 FE A0 01 FA 8D 7A 0D 0A 
[   COM12] [16:55:51:262] D3 00 30 FE A0 02 A8 5A 00 00 00 07 00 C8 00 00 05 78 00 09 00 00 05 78 00 00 00 00 00 00 00 00 00 00 00 00 00 00 00 00 00 00 00 00 00 00 00 00 00 00 00 DE D3 38 0D 0A 
[   COM12] [16:55:51:452] D3 00 03 43 50 00 8D 44 BE 0D 0A 
[   COM12] [16:55:51:457] D3 00 A3 FE A0 FF 01 FF FF FF FF FF FF 00 80 00 00 00 00 00 00 00 80 00 00 00 00 00 00 00 80 00 00 00 80 00 00 00 80 00 00 00 00 00 00 00 80 00 00 00 00 00 00 00 80 00 00 00 00 00 00 00 00 80 00 00 00 80 00 00 00 80 00 00 00 80 00 00 00 FF FF FF FF FF FF FF FF FF FF FF FF FF FF FF FF FF FF FF FF FF FF FF FF FF FF FF FF FF FF FF FF FF FF FF FF FF FF FF FF FF FF FF FF FF FF FF FF FF FF FF FF 80 00 00 00 80 00 00 00 FF FF FF FF FF FF FF FF FF FF FF FF FF 00 00 00 00 00 00 00 00 00 23 72 00 00 00 AD FB 9E D3 00 0E FE A0 FE 01 FF FF FF FF FF FF 00 00 00 00 4D 91 3A D3 00 39 FE A0 F9 01 05 00 00 00 00 00 00 00 00 00 00 FF FF FF FF FF FF FF FF FF FF FF FF FF FF FF FF FF FF FF FF FF FF FF FF FF FF FF FF FF FF 00 00 00 00 FF FF FF FF 00 00 00 00 00 54 87 D3 00 1F FE A0 E6 02 FF FF FF FF FF FF 00 02 00 38 01 55 04 00 31 CC 01 31 99 02 22 E2 03 87 03 23 00 13 99 D6 0D 0A 
[   COM12] [16:55:51:457] 24 47 4E 52 4D 43 2C 2C 56 2C 2C 2C 2C 2C 2C 2C 2C 2C 2C 4E 2C 56 2A 33 37 0D 0A 
[   COM12] [16:55:51:458] 24 47 4E 47 47 41 2C 2C 2C 2C 2C 2C 30 2C 30 30 2C 39 39 2E 39 39 2C 2C 2C 2C 2C 2C 2A 35 36 0D 0A 
[   COM12] [16:55:51:459] 24 47 4E 54 58 54 2C 30 31 2C 30 31 2C 30 31 2C 30 2C 30 30 30 30 30 30 2C 30 30 30 30 2C 30 30 30 30 2C 30 30 30 30 2C 30 2E 30 30 30 2C 30 2C 30 30 30 33 46 37 45 45 30 31 42 38 46 42 37 37 2C 31 2C 33 2C 30 2C 30 2C 30 30 30 30 2C 30 2C 30 2C 30 2C 31 34 38 2C 31 34 38 2C 30 30 30 30 30 30 30 30 2C 30 30 30 30 30 30 30 30 2A 36 44 0D 0A 
[   COM12] [16:55:51:460] 24 50 4E 4F 49 53 45 2C 35 36 2C 38 35 2C 31 32 37 34 38 2C 31 32 36 39 37 2C 38 39 33 30 2C 33 34 35 36 33 2C 31 30 30 30 30 2C 31 30 30 30 30 2C 31 30 30 30 30 2C 31 30 30 30 30 2C 30 2C 30 2A 33 36 0D 0A 
[   COM12] [16:55:51:460] D3 00 05 FE A0 00 A8 5A C2 2E 06 0D 0A 
[   COM12] [16:55:51:460] D3 00 03 FE A0 01 FA 8D 7A 0D 0A 
[   COM12] [16:55:51:461] D3 00 30 FE A0 02 A8 5A 00 00 00 08 00 C8 00 00 06 40 00 09 00 00 06 40 00 00 00 00 01 00 00 00 00 00 00 00 00 00 00 00 00 00 00 00 00 00 00 00 00 00 00 9E FA E8 0D 0A 
[   COM12] [16:55:51:652] D3 00 03 43 50 00 8D 44 BE 0D 0A 
[   COM12] [16:55:51:657] D3 00 A3 FE A0 FF 01 FF FF FF FF FF FF 00 80 00 00 00 00 00 00 00 80 00 00 00 00 00 00 00 80 00 00 00 80 00 00 00 80 00 00 00 00 00 00 00 80 00 00 00 00 00 00 00 80 00 00 00 00 00 00 00 00 80 00 00 00 80 00 00 00 80 00 00 00 80 00 00 00 FF FF FF FF FF FF FF FF FF FF FF FF FF FF FF FF FF FF FF FF FF FF FF FF FF FF FF FF FF FF FF FF FF FF FF FF FF FF FF FF FF FF FF FF FF FF FF FF FF FF FF FF 80 00 00 00 80 00 00 00 FF FF FF FF FF FF FF FF FF FF FF FF FF 00 00 00 00 00 00 00 00 00 23 72 00 00 00 AD FB 9E D3 00 0E FE A0 FE 01 FF FF FF FF FF FF 00 00 00 00 4D 91 3A D3 00 39 FE A0 F9 01 05 00 00 00 00 00 00 00 00 00 00 FF FF FF FF FF FF FF FF FF FF FF FF FF FF FF FF FF FF FF FF FF FF FF FF FF FF FF FF FF FF 00 00 00 00 FF FF FF FF 00 00 00 00 00 54 87 D3 00 1F FE A0 E6 02 FF FF FF FF FF FF 00 02 00 38 01 55 04 00 31 58 01 31 FB 02 22 E2 03 86 AD 23 00 06 C5 56 0D 0A 
[   COM12] [16:55:51:657] 24 47 4E 52 4D 43 2C 2C 56 2C 2C 2C 2C 2C 2C 2C 2C 2C 2C 4E 2C 56 2A 33 37 0D 0A 
[   COM12] [16:55:51:658] 24 47 4E 47 47 41 2C 2C 2C 2C 2C 2C 30 2C 30 30 2C 39 39 2E 39 39 2C 2C 2C 2C 2C 2C 2A 35 36 0D 0A 
[   COM12] [16:55:51:659] 24 47 4E 54 58 54 2C 30 31 2C 30 31 2C 30 31 2C 30 2C 30 30 30 30 30 30 2C 30 30 30 30 2C 30 30 30 30 2C 30 30 30 30 2C 30 2E 30 30 30 2C 30 2C 30 30 30 33 46 37 45 45 30 31 42 38 46 42 37 37 2C 31 2C 33 2C 30 2C 30 2C 30 30 30 30 2C 30 2C 30 2C 30 2C 31 34 38 2C 31 34 38 2C 30 30 30 30 30 30 30 30 2C 30 30 30 30 30 30 30 30 2A 36 44 0D 0A 
[   COM12] [16:55:51:660] 24 50 4E 4F 49 53 45 2C 35 36 2C 38 35 2C 31 32 36 33 32 2C 31 32 37 39 35 2C 38 39 33 30 2C 33 34 34 37 37 2C 31 30 30 30 30 2C 31 30 30 30 30 2C 31 30 30 30 30 2C 31 30 30 30 30 2C 30 2C 30 2A 33 44 0D 0A 
[   COM12] [16:55:51:660] D3 00 05 FE A0 00 A8 5A C2 2E 06 0D 0A 
[   COM12] [16:55:51:660] D3 00 03 FE A0 01 FA 8D 7A 0D 0A 
[   COM12] [16:55:51:661] D3 00 30 FE A0 02 A8 5A 00 00 00 09 00 C8 00 00 07 08 00 09 00 00 07 08 00 00 00 00 02 00 00 00 00 00 00 00 00 00 00 00 00 00 00 00 00 00 00 00 00 00 00 FF 68 D0 0D 0A 
[   COM12] [16:55:51:853] D3 00 03 43 50 00 8D 44 BE 0D 0A 
[   COM12] [16:55:51:858] D3 00 A3 FE A0 FF 01 FF FF FF FF FF FF 00 80 00 00 00 00 00 00 00 80 00 00 00 00 00 00 00 80 00 00 00 80 00 00 00 80 00 00 00 00 00 00 00 80 00 00 00 00 00 00 00 80 00 00 00 00 00 00 00 00 80 00 00 00 80 00 00 00 80 00 00 00 80 00 00 00 FF FF FF FF FF FF FF FF FF FF FF FF FF FF FF FF FF FF FF FF FF FF FF FF FF FF FF FF FF FF FF FF FF FF FF FF FF FF FF FF FF FF FF FF FF FF FF FF FF FF FF FF 80 00 00 00 80 00 00 00 FF FF FF FF FF FF FF FF FF FF FF FF FF 00 00 00 00 00 00 00 00 00 23 72 00 00 00 AD FB 9E D3 00 0E FE A0 FE 01 FF FF FF FF FF FF 00 00 00 00 4D 91 3A D3 00 39 FE A0 F9 01 05 00 00 00 00 00 00 00 00 00 00 FF FF FF FF FF FF FF FF FF FF FF FF FF FF FF FF FF FF FF FF FF FF FF FF FF FF FF FF FF FF 00 00 00 00 FF FF FF FF 00 00 00 00 00 54 87 D3 00 1F FE A0 E6 02 FF FF FF FF FF FF 00 02 00 38 01 55 04 00 31 36 01 32 90 02 22 D8 03 85 70 23 00 75 80 93 0D 0A 
[   COM12] [16:55:51:858] 24 47 4E 52 4D 43 2C 2C 56 2C 2C 2C 2C 2C 2C 2C 2C 2C 2C 4E 2C 56 2A 33 37 0D 0A 
[   COM12] [16:55:51:859] 24 47 4E 47 47 41 2C 2C 2C 2C 2C 2C 30 2C 30 30 2C 39 39 2E 39 39 2C 2C 2C 2C 2C 2C 2A 35 36 0D 0A 
[   COM12] [16:55:51:860] 24 47 4E 54 58 54 2C 30 31 2C 30 31 2C 30 31 2C 30 2C 30 30 30 30 30 30 2C 30 30 30 30 2C 30 30 30 30 2C 30 30 30 30 2C 30 2E 30 30 30 2C 30 2C 30 30 30 33 46 37 45 45 30 31 42 38 46 42 37 37 2C 31 2C 33 2C 30 2C 30 2C 30 30 30 30 2C 30 2C 30 2C 30 2C 31 34 38 2C 31 34 38 2C 30 30 30 30 30 30 30 30 2C 30 30 30 30 30 30 30 30 2A 36 44 0D 0A 
[   COM12] [16:55:51:861] 24 50 4E 4F 49 53 45 2C 35 36 2C 38 35 2C 31 32 35 39 38 2C 31 32 39 34 34 2C 38 39 32 30 2C 33 34 31 36 30 2C 31 30 30 30 30 2C 31 30 30 30 30 2C 31 30 30 30 30 2C 31 30 30 30 30 2C 30 2C 30 2A 33 45 0D 0A 
[   COM12] [16:55:51:861] D3 00 05 FE A0 00 A8 5A C2 2E 06 0D 0A 
[   COM12] [16:55:51:861] D3 00 03 FE A0 01 FA 8D 7A 0D 0A 
[   COM12] [16:55:51:862] D3 00 30 FE A0 02 A8 5A 00 00 00 0A 00 C8 00 00 07 D0 00 09 00 00 07 D0 00 00 00 00 00 00 00 00 00 00 00 00 00 00 00 00 00 00 00 00 00 00 00 00 00 00 00 08 CD 43 0D 0A 
[   COM12] [16:55:52:053] D3 00 03 43 50 00 8D 44 BE 0D 0A 
[   COM12] [16:55:52:076] D3 00 A3 FE A0 FF 01 FF FF FF FF FF FF 00 80 00 00 00 00 00 00 00 80 00 00 00 00 00 00 00 80 00 00 00 80 00 00 00 80 00 00 00 00 00 00 00 80 00 00 00 00 00 00 00 80 00 00 00 00 00 00 00 00 80 00 00 00 80 00 00 00 80 00 00 00 80 00 00 00 FF FF FF FF FF FF FF FF FF FF FF FF FF FF FF FF FF FF FF FF FF FF FF FF FF FF FF FF FF FF FF FF FF FF FF FF FF FF FF FF FF FF FF FF FF FF FF FF FF FF FF FF 80 00 00 00 80 00 00 00 FF FF FF FF FF FF FF FF FF FF FF FF FF 00 00 00 00 00 00 00 00 00 23 72 00 00 00 AD FB 9E D3 00 85 FE A0 FC 01 01 00 00 00 00 00 00 00 00 00 00 00 00 00 00 00 00 00 00 00 00 00 00 00 00 00 00 00 00 00 00 00 00 BF 36 FC 5E 2C CD 8A 41 0F C6 D8 D1 44 99 0D A9 E0 FC 22 4F 8C 61 AB F8 BB 6F 7C CA F6 C1 9E A0 C9 FE A1 79 E8 52 06 A3 AA 9C 28 3A 13 45 FB 31 48 22 4F 6B 9C 52 28 86 60 CC 4C 94 AD F6 A4 C5 86 CF 4E 45 6C AE 52 92 CC 0E 99 C8 AC 48 A3 E1 00 00 00 00 00 00 00 00 00 00 00 00 00 00 00 00 1E 2F 03 D3 00 0E FE A0 FE 01 FF FF FF FF FF FF 00 00 00 00 4D 91 3A D3 00 39 FE A0 F9 01 05 00 00 00 00 00 00 00 00 00 00 FF FF FF FF FF FF FF FF FF FF FF FF FF FF FF FF FF FF FF FF FF FF FF FF FF FF FF FF FF FF 00 00 00 00 FF FF FF FF 00 00 00 00 00 54 87 D3 00 12 FE A0 E9 01 FF FF FF FF FF FF 01 01 01 01 00 00 00 00 E9 3F 2A D3 00 1F FE A0 E6 02 FF FF FF FF FF FF 00 02 00 38 01 55 04 00 30 F2 01 32 AB 02 22 CC 03 85 7D 23 00 F8 8F 6A 0D 0A 
[   COM12] [16:55:52:076] 24 47 4E 52 4D 43 2C 2C 56 2C 2C 2C 2C 2C 2C 2C 2C 2C 2C 4E 2C 56 2A 33 37 0D 0A 
[   COM12] [16:55:52:076] 24 47 4E 47 47 41 2C 2C 2C 2C 2C 2C 30 2C 30 30 2C 39 39 2E 39 39 2C 2C 2C 2C 2C 2C 2A 35 36 0D 0A 
[   COM12] [16:55:52:077] 24 47 4E 47 53 41 2C 41 2C 31 2C 2C 2C 2C 2C 2C 2C 2C 2C 2C 2C 2C 2C 39 39 2E 39 39 2C 39 39 2E 39 39 2C 39 39 2E 39 39 2C 31 2A 33 33 0D 0A 
[   COM12] [16:55:52:077] 24 47 4E 47 53 41 2C 41 2C 31 2C 2C 2C 2C 2C 2C 2C 2C 2C 2C 2C 2C 2C 39 39 2E 39 39 2C 39 39 2E 39 39 2C 39 39 2E 39 39 2C 34 2A 33 36 0D 0A 
[   COM12] [16:55:52:078] 24 47 4E 47 53 41 2C 41 2C 31 2C 2C 2C 2C 2C 2C 2C 2C 2C 2C 2C 2C 2C 39 39 2E 39 39 2C 39 39 2E 39 39 2C 39 39 2E 39 39 2C 33 2A 33 31 0D 0A 
[   COM12] [16:55:52:078] 24 47 4E 47 53 41 2C 41 2C 31 2C 2C 2C 2C 2C 2C 2C 2C 2C 2C 2C 2C 2C 39 39 2E 39 39 2C 39 39 2E 39 39 2C 39 39 2E 39 39 2C 32 2A 33 30 0D 0A 
[   COM12] [16:55:52:079] 24 47 4E 47 53 41 2C 41 2C 31 2C 2C 2C 2C 2C 2C 2C 2C 2C 2C 2C 2C 2C 39 39 2E 39 39 2C 39 39 2E 39 39 2C 39 39 2E 39 39 2C 35 2A 33 37 0D 0A 
[   COM12] [16:55:52:079] 24 47 50 47 53 56 2C 31 2C 31 2C 30 30 2C 31 2A 36 34 0D 0A 
[   COM12] [16:55:52:079] 24 47 50 47 53 56 2C 31 2C 31 2C 30 30 2C 38 2A 36 44 0D 0A 
[   COM12] [16:55:52:080] 24 47 42 47 53 56 2C 31 2C 31 2C 30 30 2C 31 2A 37 36 0D 0A 
[   COM12] [16:55:52:080] 24 47 42 47 53 56 2C 31 2C 31 2C 30 30 2C 35 2A 37 32 0D 0A 
[   COM12] [16:55:52:080] 24 47 41 47 53 56 2C 31 2C 31 2C 30 30 2C 37 2A 37 33 0D 0A 
[   COM12] [16:55:52:080] 24 47 41 47 53 56 2C 31 2C 31 2C 30 30 2C 31 2A 37 35 0D 0A 
[   COM12] [16:55:52:081] 24 47 4C 47 53 56 2C 31 2C 31 2C 30 30 2C 31 2A 37 38 0D 0A 
[   COM12] [16:55:52:081] 24 47 51 47 53 56 2C 31 2C 31 2C 30 30 2C 31 2A 36 35 0D 0A 
[   COM12] [16:55:52:081] 24 47 51 47 53 56 2C 31 2C 31 2C 30 30 2C 38 2A 36 43 0D 0A 
[   COM12] [16:55:52:082] 24 47 4E 54 58 54 2C 30 31 2C 30 31 2C 30 31 2C 30 2C 30 30 30 30 30 30 2C 30 30 30 30 2C 30 30 30 30 2C 30 30 30 30 2C 30 2E 30 30 30 2C 30 2C 30 30 30 33 46 37 45 45 30 31 42 38 46 42 37 37 2C 31 2C 33 2C 30 2C 30 2C 30 30 30 30 2C 30 2C 30 2C 30 2C 31 34 38 2C 31 34 38 2C 30 30 30 30 30 30 30 30 2C 30 30 30 30 30 30 30 30 2A 36 44 0D 0A 
[   COM12] [16:55:52:083] 24 50 4E 4F 49 53 45 2C 35 36 2C 38 35 2C 31 32 35 33 30 2C 31 32 39 37 31 2C 38 39 30 38 2C 33 34 31 37 33 2C 31 30 30 30 30 2C 31 30 30 30 30 2C 31 30 30 30 30 2C 31 30 30 30 30 2C 30 2C 30 2A 33 32 0D 0A 
[   COM12] [16:55:52:083] D3 00 05 FE A0 00 A8 5A C2 2E 06 0D 0A 
[   COM12] [16:55:52:084] D3 00 03 FE A0 01 FA 8D 7A 0D 0A 
[   COM12] [16:55:52:084] D3 00 30 FE A0 02 A8 5A 00 00 00 0B 00 C8 00 00 08 98 00 09 00 00 08 98 00 00 00 00 01 00 00 00 00 00 00 00 00 00 00 00 00 00 00 00 00 00 00 00 00 00 00 71 81 04 0D 0A 
[   COM12] [16:55:52:253] D3 00 03 43 50 00 8D 44 BE 0D 0A 
[   COM12] [16:55:52:257] D3 00 A3 FE A0 FF 01 FF FF FF FF FF FF 00 80 00 00 00 00 00 00 00 80 00 00 00 00 00 00 00 80 00 00 00 80 00 00 00 80 00 00 00 00 00 00 00 80 00 00 00 00 00 00 00 80 00 00 00 00 00 00 00 00 80 00 00 00 80 00 00 00 80 00 00 00 80 00 00 00 FF FF FF FF FF FF FF FF FF FF FF FF FF FF FF FF FF FF FF FF FF FF FF FF FF FF FF FF FF FF FF FF FF FF FF FF FF FF FF FF FF FF FF FF FF FF FF FF FF FF FF FF 80 00 00 00 80 00 00 00 FF FF FF FF FF FF FF FF FF FF FF FF FF 00 00 00 00 00 00 00 00 00 23 72 00 00 00 AD FB 9E D3 00 0E FE A0 FE 01 FF FF FF FF FF FF 00 00 00 00 4D 91 3A D3 00 39 FE A0 F9 01 05 00 00 00 00 00 00 00 00 00 00 FF FF FF FF FF FF FF FF FF FF FF FF FF FF FF FF FF FF FF FF FF FF FF FF FF FF FF FF FF FF 00 00 00 00 FF FF FF FF 00 00 00 00 00 54 87 D3 00 1F FE A0 E6 02 FF FF FF FF FF FF 00 02 00 37 01 55 04 00 30 0B 01 32 37 02 22 C4 03 83 82 23 00 0B 03 78 0D 0A 
[   COM12] [16:55:52:258] 24 47 4E 52 4D 43 2C 2C 56 2C 2C 2C 2C 2C 2C 2C 2C 2C 2C 4E 2C 56 2A 33 37 0D 0A 
[   COM12] [16:55:52:259] 24 47 4E 47 47 41 2C 2C 2C 2C 2C 2C 30 2C 30 30 2C 39 39 2E 39 39 2C 2C 2C 2C 2C 2C 2A 35 36 0D 0A 
[   COM12] [16:55:52:260] 24 47 4E 54 58 54 2C 30 31 2C 30 31 2C 30 31 2C 30 2C 30 30 30 30 30 30 2C 30 30 30 30 2C 30 30 30 30 2C 30 30 30 30 2C 30 2E 30 30 30 2C 30 2C 30 30 30 33 46 37 45 45 30 31 42 38 46 42 37 37 2C 31 2C 31 38 2C 30 2C 30 2C 30 30 30 30 2C 30 2C 30 2C 30 2C 31 34 38 2C 31 34 38 2C 30 30 30 30 30 30 30 30 2C 30 30 30 30 30 30 30 30 2A 35 37 0D 0A 
[   COM12] [16:55:52:261] 24 50 4E 4F 49 53 45 2C 35 36 2C 38 35 2C 31 32 32 39 39 2C 31 32 38 35 35 2C 38 39 30 30 2C 33 33 36 36 36 2C 31 30 30 30 30 2C 31 30 30 30 30 2C 31 30 30 30 30 2C 31 30 30 30 30 2C 30 2C 30 2A 33 44 0D 0A 
[   COM12] [16:55:52:261] D3 00 05 FE A0 00 A8 5A C2 2E 06 0D 0A 
[   COM12] [16:55:52:261] D3 00 03 FE A0 01 FA 8D 7A 0D 0A 
[   COM12] [16:55:52:262] D3 00 30 FE A0 02 A8 5A 00 00 00 0C 00 C8 00 00 09 60 00 09 00 00 09 60 00 00 00 00 02 00 00 00 00 00 00 00 00 00 00 00 00 00 00 00 00 00 00 00 00 00 00 A2 0C 0B 0D 0A 
[   COM12] [16:55:52:453] D3 00 03 43 50 00 8D 44 BE 0D 0A 
[   COM12] [16:55:52:458] D3 00 A3 FE A0 FF 01 FF FF FF FF FF FF 00 80 00 00 00 00 00 00 00 80 00 00 00 00 00 00 00 80 00 00 00 80 00 00 00 80 00 00 00 00 00 00 00 80 00 00 00 00 00 00 00 80 00 00 00 00 00 00 00 00 80 00 00 00 80 00 00 00 80 00 00 00 80 00 00 00 FF FF FF FF FF FF FF FF FF FF FF FF FF FF FF FF FF FF FF FF FF FF FF FF FF FF FF FF FF FF FF FF FF FF FF FF FF FF FF FF FF FF FF FF FF FF FF FF FF FF FF FF 80 00 00 00 80 00 00 00 FF FF FF FF FF FF FF FF FF FF FF FF FF 00 00 00 00 00 00 00 00 00 23 72 00 00 00 AD FB 9E D3 00 0E FE A0 FE 01 FF FF FF FF FF FF 00 00 00 00 4D 91 3A D3 00 39 FE A0 F9 01 05 00 00 00 00 00 00 00 00 00 00 FF FF FF FF FF FF FF FF FF FF FF FF FF FF FF FF FF FF FF FF FF FF FF FF FF FF FF FF FF FF 00 00 00 00 FF FF FF FF 00 00 00 00 00 54 87 D3 00 1F FE A0 E6 02 FF FF FF FF FF FF 00 02 00 37 01 55 04 00 2F CB 01 31 CB 02 22 C4 03 84 20 23 00 CF D0 4C 0D 0A 
[   COM12] [16:55:52:458] 24 47 4E 52 4D 43 2C 2C 56 2C 2C 2C 2C 2C 2C 2C 2C 2C 2C 4E 2C 56 2A 33 37 0D 0A 
[   COM12] [16:55:52:459] 24 47 4E 47 47 41 2C 2C 2C 2C 2C 2C 30 2C 30 30 2C 39 39 2E 39 39 2C 2C 2C 2C 2C 2C 2A 35 36 0D 0A 
[   COM12] [16:55:52:459] 24 47 4E 54 58 54 2C 30 31 2C 30 31 2C 30 31 2C 30 2C 30 30 30 30 30 30 2C 30 30 30 30 2C 30 30 30 30 2C 30 30 30 30 2C 30 2E 30 30 30 2C 30 2C 30 30 30 33 46 37 45 45 30 31 42 38 46 42 37 37 2C 31 2C 33 2C 30 2C 30 2C 30 30 30 30 2C 30 2C 30 2C 30 2C 31 34 38 2C 31 34 38 2C 30 30 30 30 30 30 30 30 2C 30 30 30 30 30 30 30 30 2A 36 44 0D 0A 
[   COM12] [16:55:52:461] 24 50 4E 4F 49 53 45 2C 35 35 2C 38 35 2C 31 32 32 33 35 2C 31 32 37 34 37 2C 38 39 30 30 2C 33 33 38 32 34 2C 31 30 30 30 30 2C 31 30 30 30 30 2C 31 30 30 30 30 2C 31 30 30 30 30 2C 30 2C 30 2A 33 43 0D 0A 
[   COM12] [16:55:52:461] D3 00 05 FE A0 00 A8 5A C2 2E 06 0D 0A 
[   COM12] [16:55:52:461] D3 00 03 FE A0 01 FA 8D 7A 0D 0A 
[   COM12] [16:55:52:462] D3 00 30 FE A0 02 A8 5A 00 00 00 0D 00 C8 00 00 0A 28 00 09 00 00 0A 28 00 00 00 00 00 00 00 00 00 00 00 00 00 00 00 00 00 00 00 00 00 00 00 00 00 00 00 FB EC 90 0D 0A 
[   COM12] [16:55:52:653] D3 00 03 43 50 00 8D 44 BE 0D 0A 
[   COM12] [16:55:52:658] D3 00 A3 FE A0 FF 01 FF FF FF FF FF FF 00 80 00 00 00 00 00 00 00 80 00 00 00 00 00 00 00 80 00 00 00 80 00 00 00 80 00 00 00 00 00 00 00 80 00 00 00 00 00 00 00 80 00 00 00 00 00 00 00 00 80 00 00 00 80 00 00 00 80 00 00 00 80 00 00 00 FF FF FF FF FF FF FF FF FF FF FF FF FF FF FF FF FF FF FF FF FF FF FF FF FF FF FF FF FF FF FF FF FF FF FF FF FF FF FF FF FF FF FF FF FF FF FF FF FF FF FF FF 80 00 00 00 80 00 00 00 FF FF FF FF FF FF FF FF FF FF FF FF FF 00 00 00 00 00 00 00 00 00 23 72 00 00 00 AD FB 9E D3 00 0E FE A0 FE 01 FF FF FF FF FF FF 00 00 00 00 4D 91 3A D3 00 39 FE A0 F9 01 05 00 00 00 00 00 00 00 00 00 00 FF FF FF FF FF FF FF FF FF FF FF FF FF FF FF FF FF FF FF FF FF FF FF FF FF FF FF FF FF FF 00 00 00 00 FF FF FF FF 00 00 00 00 00 54 87 D3 00 1F FE A0 E6 02 FF FF FF FF FF FF 00 02 00 37 01 54 04 00 2F F1 01 32 2F 02 22 A5 03 83 37 23 00 DF AF 9A 0D 0A 
[   COM12] [16:55:52:658] 24 47 4E 52 4D 43 2C 2C 56 2C 2C 2C 2C 2C 2C 2C 2C 2C 2C 4E 2C 56 2A 33 37 0D 0A 
[   COM12] [16:55:52:659] 24 47 4E 47 47 41 2C 2C 2C 2C 2C 2C 30 2C 30 30 2C 39 39 2E 39 39 2C 2C 2C 2C 2C 2C 2A 35 36 0D 0A 
[   COM12] [16:55:52:660] 24 47 4E 54 58 54 2C 30 31 2C 30 31 2C 30 31 2C 30 2C 30 30 30 30 30 30 2C 30 30 30 30 2C 30 30 30 30 2C 30 30 30 30 2C 30 2E 30 30 30 2C 30 2C 30 30 30 33 46 37 45 45 30 31 42 38 46 42 37 37 2C 31 2C 33 2C 30 2C 30 2C 30 30 30 30 2C 30 2C 30 2C 30 2C 31 34 38 2C 31 34 38 2C 30 30 30 30 30 30 30 30 2C 30 30 30 30 30 30 30 30 2A 36 44 0D 0A 
[   COM12] [16:55:52:661] 24 50 4E 4F 49 53 45 2C 35 35 2C 38 34 2C 31 32 32 37 33 2C 31 32 38 34 37 2C 38 38 36 39 2C 33 33 35 39 31 2C 31 30 30 30 30 2C 31 30 30 30 30 2C 31 30 30 30 30 2C 31 30 30 30 30 2C 30 2C 30 2A 33 44 0D 0A 
[   COM12] [16:55:52:661] D3 00 05 FE A0 00 A8 5A C2 2E 06 0D 0A 
[   COM12] [16:55:52:661] D3 00 03 FE A0 01 FA 8D 7A 0D 0A 
[   COM12] [16:55:52:662] D3 00 30 FE A0 02 A8 5A 00 00 00 0E 00 C8 00 00 0A F0 00 09 00 00 0A F0 00 00 00 00 01 00 00 00 00 00 00 00 00 00 00 00 00 00 00 00 00 00 00 00 00 00 00 E1 0C 58 0D 0A 
[   COM12] [16:55:52:853] D3 00 03 43 50 00 8D 44 BE 0D 0A 
[   COM12] [16:55:52:858] D3 00 A3 FE A0 FF 01 FF FF FF FF FF FF 00 80 00 00 00 00 00 00 00 80 00 00 00 00 00 00 00 80 00 00 00 80 00 00 00 80 00 00 00 00 00 00 00 80 00 00 00 00 00 00 00 80 00 00 00 00 00 00 00 00 80 00 00 00 80 00 00 00 80 00 00 00 80 00 00 00 FF FF FF FF FF FF FF FF FF FF FF FF FF FF FF FF FF FF FF FF FF FF FF FF FF FF FF FF FF FF FF FF FF FF FF FF FF FF FF FF FF FF FF FF FF FF FF FF FF FF FF FF 80 00 00 00 80 00 00 00 FF FF FF FF FF FF FF FF FF FF FF FF FF 00 00 00 00 00 00 00 00 00 23 72 00 00 00 AD FB 9E D3 00 0E FE A0 FE 01 FF FF FF FF FF FF 00 00 00 00 4D 91 3A D3 00 39 FE A0 F9 01 05 00 00 00 00 00 00 00 00 00 00 FF FF FF FF FF FF FF FF FF FF FF FF FF FF FF FF FF FF FF FF FF FF FF FF FF FF FF FF FF FF 00 00 00 00 FF FF FF FF 00 00 00 00 00 54 87 D3 00 1F FE A0 E6 02 FF FF FF FF FF FF 00 02 00 37 01 55 04 00 2F 66 01 31 A8 02 22 93 03 81 CB 23 00 01 A9 6E 0D 0A 
[   COM12] [16:55:52:858] 24 47 4E 52 4D 43 2C 2C 56 2C 2C 2C 2C 2C 2C 2C 2C 2C 2C 4E 2C 56 2A 33 37 0D 0A 
[   COM12] [16:55:52:859] 24 47 4E 47 47 41 2C 2C 2C 2C 2C 2C 30 2C 30 30 2C 39 39 2E 39 39 2C 2C 2C 2C 2C 2C 2A 35 36 0D 0A 
[   COM12] [16:55:52:860] 24 47 4E 54 58 54 2C 30 31 2C 30 31 2C 30 31 2C 30 2C 30 30 30 30 30 30 2C 30 30 30 30 2C 30 30 30 30 2C 30 30 30 30 2C 30 2E 30 30 30 2C 30 2C 30 30 30 33 46 37 45 45 30 31 42 38 46 42 37 37 2C 31 2C 33 2C 30 2C 30 2C 30 30 30 30 2C 30 2C 30 2C 30 2C 31 34 38 2C 31 34 38 2C 30 30 30 30 30 30 30 30 2C 30 30 30 30 30 30 30 30 2A 36 44 0D 0A 
[   COM12] [16:55:52:861] 24 50 4E 4F 49 53 45 2C 35 35 2C 38 35 2C 31 32 31 33 34 2C 31 32 37 31 32 2C 38 38 35 31 2C 33 33 32 32 37 2C 31 30 30 30 30 2C 31 30 30 30 30 2C 31 30 30 30 30 2C 31 30 30 30 30 2C 30 2C 30 2A 33 32 0D 0A 
[   COM12] [16:55:52:861] D3 00 05 FE A0 00 A8 5A C2 2E 06 0D 0A 
[   COM12] [16:55:52:861] D3 00 03 FE A0 01 FA 8D 7A 0D 0A 
[   COM12] [16:55:52:862] D3 00 30 FE A0 02 A8 5A 00 00 00 0F 00 C8 00 00 0B B8 00 09 00 00 0B B8 00 00 00 00 02 00 00 00 00 00 00 00 00 00 00 00 00 00 00 00 00 00 00 00 00 00 00 80 9E 60 0D 0A 
[   COM12] [16:55:53:052] D3 00 03 43 50 00 8D 44 BE 0D 0A 
[   COM12] [16:55:53:075] D3 00 A3 FE A0 FF 01 FF FF FF FF FF FF 00 80 00 00 00 00 00 00 00 80 00 00 00 00 00 00 00 80 00 00 00 80 00 00 00 80 00 00 00 00 00 00 00 80 00 00 00 00 00 00 00 80 00 00 00 00 00 00 00 00 80 00 00 00 80 00 00 00 80 00 00 00 80 00 00 00 FF FF FF FF FF FF FF FF FF FF FF FF FF FF FF FF FF FF FF FF FF FF FF FF FF FF FF FF FF FF FF FF FF FF FF FF FF FF FF FF FF FF FF FF FF FF FF FF FF FF FF FF 80 00 00 00 80 00 00 00 FF FF FF FF FF FF FF FF FF FF FF FF FF 00 00 00 00 00 00 00 00 00 23 72 00 00 00 AD FB 9E D3 00 85 FE A0 FC 01 01 00 00 00 00 00 00 00 00 00 00 00 00 00 00 00 00 00 00 00 00 00 00 00 00 00 00 00 00 00 00 00 00 BF 36 FC 5E 2C CD 8A 41 0F C6 D8 D1 44 99 0D A9 E0 FC 22 4F 8C 61 AB F8 BB 6F 7C CA F6 C1 9E A0 2E EE 8F 16 85 9B D9 1C 29 A3 32 1D 8A 75 1E 5F 67 EC C2 72 10 16 E5 B4 FC D6 75 42 08 E3 30 1E A4 51 F4 CD 04 B7 88 8A 52 63 7B 16 A5 53 25 C7 00 00 00 00 00 00 00 00 00 00 00 00 00 00 00 00 0E 27 92 D3 00 0E FE A0 FE 01 FF FF FF FF FF FF 00 00 00 00 4D 91 3A D3 00 39 FE A0 F9 01 05 00 00 00 00 00 00 00 00 00 00 FF FF FF FF FF FF FF FF FF FF FF FF FF FF FF FF FF FF FF FF FF FF FF FF FF FF FF FF FF FF 00 00 00 00 FF FF FF FF 00 00 00 00 00 54 87 D3 00 12 FE A0 E9 01 FF FF FF FF FF FF 01 01 01 01 00 00 00 00 E9 3F 2A D3 00 1F FE A0 E6 02 FF FF FF FF FF FF 00 02 00 37 01 55 04 00 2F 2C 01 31 B9 02 22 93 03 83 32 23 00 1A 15 99 0D 0A 
[   COM12] [16:55:53:075] 24 47 4E 52 4D 43 2C 2C 56 2C 2C 2C 2C 2C 2C 2C 2C 2C 2C 4E 2C 56 2A 33 37 0D 0A 
[   COM12] [16:55:53:075] 24 47 4E 47 47 41 2C 2C 2C 2C 2C 2C 30 2C 30 30 2C 39 39 2E 39 39 2C 2C 2C 2C 2C 2C 2A 35 36 0D 0A 
[   COM12] [16:55:53:076] 24 47 4E 47 53 41 2C 41 2C 31 2C 2C 2C 2C 2C 2C 2C 2C 2C 2C 2C 2C 2C 39 39 2E 39 39 2C 39 39 2E 39 39 2C 39 39 2E 39 39 2C 31 2A 33 33 0D 0A 
[   COM12] [16:55:53:076] 24 47 4E 47 53 41 2C 41 2C 31 2C 2C 2C 2C 2C 2C 2C 2C 2C 2C 2C 2C 2C 39 39 2E 39 39 2C 39 39 2E 39 39 2C 39 39 2E 39 39 2C 34 2A 33 36 0D 0A 
[   COM12] [16:55:53:078] 24 47 4E 47 53 41 2C 41 2C 31 2C 2C 2C 2C 2C 2C 2C 2C 2C 2C 2C 2C 2C 39 39 2E 39 39 2C 39 39 2E 39 39 2C 39 39 2E 39 39 2C 33 2A 33 31 0D 0A 
[   COM12] [16:55:53:078] 24 47 4E 47 53 41 2C 41 2C 31 2C 2C 2C 2C 2C 2C 2C 2C 2C 2C 2C 2C 2C 39 39 2E 39 39 2C 39 39 2E 39 39 2C 39 39 2E 39 39 2C 32 2A 33 30 0D 0A 
[   COM12] [16:55:53:079] 24 47 4E 47 53 41 2C 41 2C 31 2C 2C 2C 2C 2C 2C 2C 2C 2C 2C 2C 2C 2C 39 39 2E 39 39 2C 39 39 2E 39 39 2C 39 39 2E 39 39 2C 35 2A 33 37 0D 0A 
[   COM12] [16:55:53:079] 24 47 50 47 53 56 2C 31 2C 31 2C 30 30 2C 31 2A 36 34 0D 0A 
[   COM12] [16:55:53:079] 24 47 50 47 53 56 2C 31 2C 31 2C 30 30 2C 38 2A 36 44 0D 0A 
[   COM12] [16:55:53:079] 24 47 42 47 53 56 2C 31 2C 31 2C 30 30 2C 31 2A 37 36 0D 0A 
[   COM12] [16:55:53:080] 24 47 42 47 53 56 2C 31 2C 31 2C 30 30 2C 35 2A 37 32 0D 0A 
[   COM12] [16:55:53:080] 24 47 41 47 53 56 2C 31 2C 31 2C 30 30 2C 37 2A 37 33 0D 0A 
[   COM12] [16:55:53:080] 24 47 41 47 53 56 2C 31 2C 31 2C 30 30 2C 31 2A 37 35 0D 0A 
[   COM12] [16:55:53:080] 24 47 4C 47 53 56 2C 31 2C 31 2C 30 30 2C 31 2A 37 38 0D 0A 
[   COM12] [16:55:53:080] 24 47 51 47 53 56 2C 31 2C 31 2C 30 30 2C 31 2A 36 35 0D 0A 
[   COM12] [16:55:53:080] 24 47 51 47 53 56 2C 31 2C 31 2C 30 30 2C 38 2A 36 43 0D 0A 
[   COM12] [16:55:53:082] 24 47 4E 54 58 54 2C 30 31 2C 30 31 2C 30 31 2C 30 2C 30 30 30 30 30 30 2C 30 30 30 30 2C 30 30 30 30 2C 30 30 30 30 2C 30 2E 30 30 30 2C 30 2C 30 30 30 33 46 37 45 45 30 31 42 38 46 42 37 37 2C 31 2C 33 2C 30 2C 30 2C 30 30 30 30 2C 30 2C 30 2C 30 2C 31 34 38 2C 31 34 38 2C 30 30 30 30 30 30 30 30 2C 30 30 30 30 30 30 30 30 2A 36 44 0D 0A 
[   COM12] [16:55:53:083] 24 50 4E 4F 49 53 45 2C 35 36 2C 38 35 2C 31 32 30 37 36 2C 31 32 37 32 39 2C 38 38 35 31 2C 33 33 35 38 36 2C 31 30 30 30 30 2C 31 30 30 30 30 2C 31 30 30 30 30 2C 31 30 30 30 30 2C 30 2C 30 2A 33 32 0D 0A 
[   COM12] [16:55:53:083] D3 00 05 FE A0 00 A8 5A C2 2E 06 0D 0A 
[   COM12] [16:55:53:083] D3 00 03 FE A0 01 FA 8D 7A 0D 0A 
[   COM12] [16:55:53:084] D3 00 30 FE A0 02 A8 5A 00 00 00 10 00 C8 00 00 0C 80 00 09 00 00 0C 80 00 00 00 00 00 00 00 00 00 00 00 00 00 00 00 00 00 00 00 00 00 00 00 00 00 00 00 8C 1A A3 0D 0A 
[   COM12] [16:55:53:253] D3 00 03 43 50 00 8D 44 BE 0D 0A 
[   COM12] [16:55:53:258] D3 00 A3 FE A0 FF 01 FF FF FF FF FF FF 00 80 00 00 00 00 00 00 00 80 00 00 00 00 00 00 00 80 00 00 00 80 00 00 00 80 00 00 00 00 00 00 00 80 00 00 00 00 00 00 00 80 00 00 00 00 00 00 00 00 80 00 00 00 80 00 00 00 80 00 00 00 80 00 00 00 FF FF FF FF FF FF FF FF FF FF FF FF FF FF FF FF FF FF FF FF FF FF FF FF FF FF FF FF FF FF FF FF FF FF FF FF FF FF FF FF FF FF FF FF FF FF FF FF FF FF FF FF 80 00 00 00 80 00 00 00 FF FF FF FF FF FF FF FF FF FF FF FF FF 00 00 00 00 00 00 00 00 00 23 72 00 00 00 AD FB 9E D3 00 0E FE A0 FE 01 FF FF FF FF FF FF 00 00 00 00 4D 91 3A D3 00 39 FE A0 F9 01 05 00 00 00 00 00 00 00 00 00 00 FF FF FF FF FF FF FF FF FF FF FF FF FF FF FF FF FF FF FF FF FF FF FF FF FF FF FF FF FF FF 00 00 00 00 FF FF FF FF 00 00 00 00 00 54 87 D3 00 1F FE A0 E6 02 FF FF FF FF FF FF 00 02 00 37 01 55 04 00 2F 1B 01 31 84 02 22 9C 03 83 4E 23 00 A5 65 08 0D 0A 
[   COM12] [16:55:53:258] 24 47 4E 52 4D 43 2C 2C 56 2C 2C 2C 2C 2C 2C 2C 2C 2C 2C 4E 2C 56 2A 33 37 0D 0A 
[   COM12] [16:55:53:258] 24 47 4E 47 47 41 2C 2C 2C 2C 2C 2C 30 2C 30 30 2C 39 39 2E 39 39 2C 2C 2C 2C 2C 2C 2A 35 36 0D 0A 
[   COM12] [16:55:53:259] 24 47 4E 54 58 54 2C 30 31 2C 30 31 2C 30 31 2C 30 2C 30 30 30 30 30 30 2C 30 30 30 30 2C 30 30 30 30 2C 30 30 30 30 2C 30 2E 30 30 30 2C 30 2C 30 30 30 33 46 37 45 45 30 31 42 38 46 42 37 37 2C 31 2C 31 38 2C 30 2C 30 2C 30 30 30 30 2C 30 2C 30 2C 30 2C 31 34 38 2C 31 34 38 2C 30 30 30 30 30 30 30 30 2C 30 30 30 30 30 30 30 30 2A 35 37 0D 0A 
[   COM12] [16:55:53:260] 24 50 4E 4F 49 53 45 2C 35 35 2C 38 35 2C 31 32 30 35 39 2C 31 32 36 37 36 2C 38 38 36 30 2C 33 33 36 31 34 2C 31 30 30 30 30 2C 31 30 30 30 30 2C 31 30 30 30 30 2C 31 30 30 30 30 2C 30 2C 30 2A 33 44 0D 0A 
[   COM12] [16:55:53:260] D3 00 05 FE A0 00 A8 5A C2 2E 06 0D 0A 
[   COM12] [16:55:53:260] D3 00 03 FE A0 01 FA 8D 7A 0D 0A 
[   COM12] [16:55:53:262] D3 00 30 FE A0 02 A8 5A 00 00 00 11 00 C8 00 00 0D 48 00 09 00 00 0D 48 00 00 00 00 01 00 00 00 00 00 00 00 00 00 00 00 00 00 00 00 00 00 00 00 00 00 00 80 04 EE 0D 0A 
[   COM12] [16:55:53:452] D3 00 03 43 50 00 8D 44 BE 0D 0A 
[   COM12] [16:55:53:458] D3 00 A3 FE A0 FF 01 FF FF FF FF FF FF 00 80 00 00 00 00 00 00 00 80 00 00 00 00 00 00 00 80 00 00 00 80 00 00 00 80 00 00 00 00 00 00 00 80 00 00 00 00 00 00 00 80 00 00 00 00 00 00 00 00 80 00 00 00 80 00 00 00 80 00 00 00 80 00 00 00 FF FF FF FF FF FF FF FF FF FF FF FF FF FF FF FF FF FF FF FF FF FF FF FF FF FF FF FF FF FF FF FF FF FF FF FF FF FF FF FF FF FF FF FF FF FF FF FF FF FF FF FF 80 00 00 00 80 00 00 00 FF FF FF FF FF FF FF FF FF FF FF FF FF 00 00 00 00 00 00 00 00 00 23 72 00 00 00 AD FB 9E D3 00 0E FE A0 FE 01 FF FF FF FF FF FF 00 00 00 00 4D 91 3A D3 00 39 FE A0 F9 01 05 00 00 00 00 00 00 00 00 00 00 FF FF FF FF FF FF FF FF FF FF FF FF FF FF FF FF FF FF FF FF FF FF FF FF FF FF FF FF FF FF 00 00 00 00 FF FF FF FF 00 00 00 00 00 54 87 D3 00 1F FE A0 E6 02 FF FF FF FF FF FF 00 02 00 37 01 55 04 00 2F B1 01 31 7D 02 22 A7 03 85 0D 23 00 A6 28 10 0D 0A 
[   COM12] [16:55:53:458] 24 47 4E 52 4D 43 2C 2C 56 2C 2C 2C 2C 2C 2C 2C 2C 2C 2C 4E 2C 56 2A 33 37 0D 0A 
[   COM12] [16:55:53:458] 24 47 4E 47 47 41 2C 2C 2C 2C 2C 2C 30 2C 30 30 2C 39 39 2E 39 39 2C 2C 2C 2C 2C 2C 2A 35 36 0D 0A 
[   COM12] [16:55:53:459] 24 47 4E 54 58 54 2C 30 31 2C 30 31 2C 30 31 2C 30 2C 30 30 30 30 30 30 2C 30 30 30 30 2C 30 30 30 30 2C 30 30 30 30 2C 30 2E 30 30 30 2C 30 2C 30 30 30 33 46 37 45 45 30 31 42 38 46 42 37 37 2C 31 2C 33 2C 30 2C 30 2C 30 30 30 30 2C 30 2C 30 2C 30 2C 31 34 38 2C 31 34 38 2C 30 30 30 30 30 30 30 30 2C 30 30 30 30 30 30 30 30 2A 36 44 0D 0A 
[   COM12] [16:55:53:460] 24 50 4E 4F 49 53 45 2C 35 35 2C 38 34 2C 31 32 32 30 39 2C 31 32 36 36 39 2C 38 38 37 31 2C 33 34 30 36 31 2C 31 30 30 30 30 2C 31 30 30 30 30 2C 31 30 30 30 30 2C 31 30 30 30 30 2C 30 2C 30 2A 33 36 0D 0A 
[   COM12] [16:55:53:460] D3 00 05 FE A0 00 A8 5A C2 2E 06 0D 0A 
[   COM12] [16:55:53:460] D3 00 03 FE A0 01 FA 8D 7A 0D 0A 
[   COM12] [16:55:53:461] D3 00 30 FE A0 02 A8 5A 00 00 00 12 00 C8 00 00 0E 10 00 09 00 00 0E 10 00 00 00 00 02 00 00 00 00 00 00 00 00 00 00 00 00 00 00 00 00 00 00 00 00 00 00 A5 81 0C 0D 0A 
[   COM12] [16:55:53:653] D3 00 03 43 50 00 8D 44 BE 0D 0A 
[   COM12] [16:55:53:658] D3 00 A3 FE A0 FF 01 FF FF FF FF FF FF 00 80 00 00 00 00 00 00 00 80 00 00 00 00 00 00 00 80 00 00 00 80 00 00 00 80 00 00 00 00 00 00 00 80 00 00 00 00 00 00 00 80 00 00 00 00 00 00 00 00 80 00 00 00 80 00 00 00 80 00 00 00 80 00 00 00 FF FF FF FF FF FF FF FF FF FF FF FF FF FF FF FF FF FF FF FF FF FF FF FF FF FF FF FF FF FF FF FF FF FF FF FF FF FF FF FF FF FF FF FF FF FF FF FF FF FF FF FF 80 00 00 00 80 00 00 00 FF FF FF FF FF FF FF FF FF FF FF FF FF 00 00 00 00 00 00 00 00 00 23 72 00 00 00 AD FB 9E D3 00 0E FE A0 FE 01 FF FF FF FF FF FF 00 00 00 00 4D 91 3A D3 00 39 FE A0 F9 01 05 00 00 00 00 00 00 00 00 00 00 FF FF FF FF FF FF FF FF FF FF FF FF FF FF FF FF FF FF FF FF FF FF FF FF FF FF FF FF FF FF 00 00 00 00 FF FF FF FF 00 00 00 00 00 54 87 D3 00 1F FE A0 E6 02 FF FF FF FF FF FF 00 02 00 37 01 55 04 00 30 04 01 32 1A 02 22 8D 03 85 74 23 00 FE 21 B9 0D 0A 
[   COM12] [16:55:53:658] 24 47 4E 52 4D 43 2C 2C 56 2C 2C 2C 2C 2C 2C 2C 2C 2C 2C 4E 2C 56 2A 33 37 0D 0A 
[   COM12] [16:55:53:658] 24 47 4E 47 47 41 2C 2C 2C 2C 2C 2C 30 2C 30 30 2C 39 39 2E 39 39 2C 2C 2C 2C 2C 2C 2A 35 36 0D 0A 
[   COM12] [16:55:53:660] 24 47 4E 54 58 54 2C 30 31 2C 30 31 2C 30 31 2C 30 2C 30 30 30 30 30 30 2C 30 30 30 30 2C 30 30 30 30 2C 30 30 30 30 2C 30 2E 30 30 30 2C 30 2C 30 30 30 33 46 37 45 45 30 31 42 38 46 42 37 37 2C 31 2C 33 2C 30 2C 30 2C 30 30 30 30 2C 30 2C 30 2C 30 2C 31 34 38 2C 31 34 38 2C 30 30 30 30 30 30 30 30 2C 30 30 30 30 30 30 30 30 2A 36 44 0D 0A 
[   COM12] [16:55:53:661] 24 50 4E 4F 49 53 45 2C 35 35 2C 38 35 2C 31 32 32 39 32 2C 31 32 38 32 36 2C 38 38 34 35 2C 33 34 31 36 34 2C 31 30 30 30 30 2C 31 30 30 30 30 2C 31 30 30 30 30 2C 31 30 30 30 30 2C 30 2C 30 2A 33 33 0D 0A 
[   COM12] [16:55:53:661] D3 00 05 FE A0 00 A8 5A C2 2E 06 0D 0A 
[   COM12] [16:55:53:661] D3 00 03 FE A0 01 FA 8D 7A 0D 0A 
[   COM12] [16:55:53:662] D3 00 30 FE A0 02 A8 5A 00 00 00 13 00 C8 00 00 0E D8 00 09 00 00 0E D8 00 00 00 00 00 00 00 00 00 00 00 00 00 00 00 00 00 00 00 00 00 00 00 00 00 00 00 75 7D 2F 0D 0A 
[   COM12] [16:55:53:853] D3 00 03 43 50 00 8D 44 BE 0D 0A 
[   COM12] [16:55:53:858] D3 00 A3 FE A0 FF 01 FF FF FF FF FF FF 00 80 00 00 00 00 00 00 00 80 00 00 00 00 00 00 00 80 00 00 00 80 00 00 00 80 00 00 00 00 00 00 00 80 00 00 00 00 00 00 00 80 00 00 00 00 00 00 00 00 80 00 00 00 80 00 00 00 80 00 00 00 80 00 00 00 FF FF FF FF FF FF FF FF FF FF FF FF FF FF FF FF FF FF FF FF FF FF FF FF FF FF FF FF FF FF FF FF FF FF FF FF FF FF FF FF FF FF FF FF FF FF FF FF FF FF FF FF 80 00 00 00 80 00 00 00 FF FF FF FF FF FF FF FF FF FF FF FF FF 00 00 00 00 00 00 00 00 00 23 72 00 00 00 AD FB 9E D3 00 0E FE A0 FE 01 FF FF FF FF FF FF 00 00 00 00 4D 91 3A D3 00 39 FE A0 F9 01 05 00 00 00 00 00 00 00 00 00 00 FF FF FF FF FF FF FF FF FF FF FF FF FF FF FF FF FF FF FF FF FF FF FF FF FF FF FF FF FF FF 00 00 00 00 FF FF FF FF 00 00 00 00 00 54 87 D3 00 1F FE A0 E6 02 FF FF FF FF FF FF 00 02 00 37 01 55 04 00 2F 88 01 31 A7 02 22 8D 03 86 D6 23 00 EF D3 3D 0D 0A 
[   COM12] [16:55:53:858] 24 47 4E 52 4D 43 2C 2C 56 2C 2C 2C 2C 2C 2C 2C 2C 2C 2C 4E 2C 56 2A 33 37 0D 0A 
[   COM12] [16:55:53:859] 24 47 4E 47 47 41 2C 2C 2C 2C 2C 2C 30 2C 30 30 2C 39 39 2E 39 39 2C 2C 2C 2C 2C 2C 2A 35 36 0D 0A 
[   COM12] [16:55:53:860] 24 47 4E 54 58 54 2C 30 31 2C 30 31 2C 30 31 2C 30 2C 30 30 30 30 30 30 2C 30 30 30 30 2C 30 30 30 30 2C 30 30 30 30 2C 30 2E 30 30 30 2C 30 2C 30 30 30 33 46 37 45 45 30 31 42 38 46 42 37 37 2C 31 2C 33 2C 30 2C 30 2C 30 30 30 30 2C 30 2C 30 2C 30 2C 31 34 38 2C 31 34 38 2C 30 30 30 30 30 30 30 30 2C 30 30 30 30 30 30 30 30 2A 36 44 0D 0A 
[   COM12] [16:55:53:861] 24 50 4E 4F 49 53 45 2C 35 35 2C 38 35 2C 31 32 31 36 38 2C 31 32 37 31 31 2C 38 38 34 35 2C 33 34 35 31 38 2C 31 30 30 30 30 2C 31 30 30 30 30 2C 31 30 30 30 30 2C 31 30 30 30 30 2C 30 2C 30 2A 33 31 0D 0A 
[   COM12] [16:55:53:861] D3 00 05 FE A0 00 A8 5A C2 2E 06 0D 0A 
[   COM12] [16:55:53:861] D3 00 03 FE A0 01 FA 8D 7A 0D 0A 
[   COM12] [16:55:53:862] D3 00 30 FE A0 02 A8 5A 00 00 00 14 00 C8 00 00 0F A0 00 09 00 00 0F A0 00 00 00 00 01 00 00 00 00 00 00 00 00 00 00 00 00 00 00 00 00 00 00 00 00 00 00 CB 7C 55 0D 0A 
[   COM12] [16:55:54:053] D3 00 03 43 50 00 8D 44 BE 0D 0A 
[   COM12] [16:55:54:075] D3 00 A3 FE A0 FF 01 FF FF FF FF FF FF 00 80 00 00 00 00 00 00 00 80 00 00 00 00 00 00 00 80 00 00 00 80 00 00 00 80 00 00 00 00 00 00 00 80 00 00 00 00 00 00 00 80 00 00 00 00 00 00 00 00 80 00 00 00 80 00 00 00 80 00 00 00 80 00 00 00 FF FF FF FF FF FF FF FF FF FF FF FF FF FF FF FF FF FF FF FF FF FF FF FF FF FF FF FF FF FF FF FF FF FF FF FF FF FF FF FF FF FF FF FF FF FF FF FF FF FF FF FF 80 00 00 00 80 00 00 00 FF FF FF FF FF FF FF FF FF FF FF FF FF 00 00 00 00 00 00 00 00 00 23 72 00 00 00 AD FB 9E D3 00 85 FE A0 FC 01 01 00 00 00 00 00 00 00 00 00 00 00 00 00 00 00 00 00 00 00 00 00 00 00 00 00 00 00 00 00 00 00 00 BF 36 FC 5E 2C CD 8A 41 0F C6 D8 D1 44 99 0D A9 E0 FC 22 4F 8C 61 AB F8 BB 6F 7C CA F6 C1 9E A0 04 82 34 0E 8C C6 09 0F 19 98 C6 A5 18 59 E7 C3 AE D4 15 85 4B D5 74 F7 37 F2 BC B0 92 05 F6 1E 2E 4F 30 3C 61 64 BD A5 36 77 D5 FE 03 74 23 CF 00 00 00 00 00 00 00 00 00 00 00 00 00 00 00 00 02 E9 C5 D3 00 0E FE A0 FE 01 FF FF FF FF FF FF 00 00 00 00 4D 91 3A D3 00 39 FE A0 F9 01 05 00 00 00 00 00 00 00 00 00 00 FF FF FF FF FF FF FF FF FF FF FF FF FF FF FF FF FF FF FF FF FF FF FF FF FF FF FF FF FF FF 00 00 00 00 FF FF FF FF 00 00 00 00 00 54 87 D3 00 12 FE A0 E9 01 FF FF FF FF FF FF 01 01 01 01 00 00 00 00 E9 3F 2A D3 00 1F FE A0 E6 02 FF FF FF FF FF FF 00 02 00 38 01 55 04 00 30 5B 01 31 84 02 22 63 03 87 12 23 00 EC 7F 1D 0D 0A 
[   COM12] [16:55:54:076] 24 47 4E 52 4D 43 2C 2C 56 2C 2C 2C 2C 2C 2C 2C 2C 2C 2C 4E 2C 56 2A 33 37 0D 0A 
[   COM12] [16:55:54:076] 24 47 4E 47 47 41 2C 2C 2C 2C 2C 2C 30 2C 30 30 2C 39 39 2E 39 39 2C 2C 2C 2C 2C 2C 2A 35 36 0D 0A 
[   COM12] [16:55:54:077] 24 47 4E 47 53 41 2C 41 2C 31 2C 2C 2C 2C 2C 2C 2C 2C 2C 2C 2C 2C 2C 39 39 2E 39 39 2C 39 39 2E 39 39 2C 39 39 2E 39 39 2C 31 2A 33 33 0D 0A 
[   COM12] [16:55:54:077] 24 47 4E 47 53 41 2C 41 2C 31 2C 2C 2C 2C 2C 2C 2C 2C 2C 2C 2C 2C 2C 39 39 2E 39 39 2C 39 39 2E 39 39 2C 39 39 2E 39 39 2C 34 2A 33 36 0D 0A 
[   COM12] [16:55:54:078] 24 47 4E 47 53 41 2C 41 2C 31 2C 2C 2C 2C 2C 2C 2C 2C 2C 2C 2C 2C 2C 39 39 2E 39 39 2C 39 39 2E 39 39 2C 39 39 2E 39 39 2C 33 2A 33 31 0D 0A 
[   COM12] [16:55:54:078] 24 47 4E 47 53 41 2C 41 2C 31 2C 2C 2C 2C 2C 2C 2C 2C 2C 2C 2C 2C 2C 39 39 2E 39 39 2C 39 39 2E 39 39 2C 39 39 2E 39 39 2C 32 2A 33 30 0D 0A 
[   COM12] [16:55:54:079] 24 47 4E 47 53 41 2C 41 2C 31 2C 2C 2C 2C 2C 2C 2C 2C 2C 2C 2C 2C 2C 39 39 2E 39 39 2C 39 39 2E 39 39 2C 39 39 2E 39 39 2C 35 2A 33 37 0D 0A 
[   COM12] [16:55:54:079] 24 47 50 47 53 56 2C 31 2C 31 2C 30 30 2C 31 2A 36 34 0D 0A 
[   COM12] [16:55:54:079] 24 47 50 47 53 56 2C 31 2C 31 2C 30 30 2C 38 2A 36 44 0D 0A 
[   COM12] [16:55:54:080] 24 47 42 47 53 56 2C 31 2C 31 2C 30 30 2C 31 2A 37 36 0D 0A 
[   COM12] [16:55:54:080] 24 47 42 47 53 56 2C 31 2C 31 2C 30 30 2C 35 2A 37 32 0D 0A 
[   COM12] [16:55:54:080] 24 47 41 47 53 56 2C 31 2C 31 2C 30 30 2C 37 2A 37 33 0D 0A 
[   COM12] [16:55:54:080] 24 47 41 47 53 56 2C 31 2C 31 2C 30 30 2C 31 2A 37 35 0D 0A 
[   COM12] [16:55:54:081] 24 47 4C 47 53 56 2C 31 2C 31 2C 30 30 2C 31 2A 37 38 0D 0A 
[   COM12] [16:55:54:081] 24 47 51 47 53 56 2C 31 2C 31 2C 30 30 2C 31 2A 36 35 0D 0A 
[   COM12] [16:55:54:081] 24 47 51 47 53 56 2C 31 2C 31 2C 30 30 2C 38 2A 36 43 0D 0A 
[   COM12] [16:55:54:082] 24 47 4E 54 58 54 2C 30 31 2C 30 31 2C 30 31 2C 30 2C 30 30 30 30 30 30 2C 30 30 30 30 2C 30 30 30 30 2C 30 30 30 30 2C 30 2E 30 30 30 2C 30 2C 30 30 30 33 46 37 45 45 30 31 42 38 46 42 37 37 2C 31 2C 33 2C 30 2C 30 2C 30 30 30 30 2C 30 2C 30 2C 30 2C 31 34 38 2C 31 34 38 2C 30 30 30 30 30 30 30 30 2C 30 30 30 30 30 30 30 30 2A 36 44 0D 0A 
[   COM12] [16:55:54:083] 24 50 4E 4F 49 53 45 2C 35 36 2C 38 35 2C 31 32 33 37 39 2C 31 32 36 37 36 2C 38 38 30 33 2C 33 34 35 37 38 2C 31 30 30 30 30 2C 31 30 30 30 30 2C 31 30 30 30 30 2C 31 30 30 30 30 2C 30 2C 30 2A 33 34 0D 0A 
[   COM12] [16:55:54:083] D3 00 05 FE A0 00 A8 5A C2 2E 06 0D 0A 
[   COM12] [16:55:54:083] D3 00 03 FE A0 01 FA 8D 7A 0D 0A 
[   COM12] [16:55:54:084] D3 00 30 FE A0 02 A8 5A 00 00 00 15 00 C8 00 00 10 68 00 09 00 00 10 68 00 00 00 00 02 00 00 00 00 00 00 00 00 00 00 00 00 00 00 00 00 00 00 00 00 00 00 C9 56 C1 0D 0A 
[   COM12] [16:55:54:253] D3 00 03 43 50 00 8D 44 BE 0D 0A 
[   COM12] [16:55:54:258] D3 00 A3 FE A0 FF 01 FF FF FF FF FF FF 00 80 00 00 00 00 00 00 00 80 00 00 00 00 00 00 00 80 00 00 00 80 00 00 00 80 00 00 00 00 00 00 00 80 00 00 00 00 00 00 00 80 00 00 00 00 00 00 00 00 80 00 00 00 80 00 00 00 80 00 00 00 80 00 00 00 FF FF FF FF FF FF FF FF FF FF FF FF FF FF FF FF FF FF FF FF FF FF FF FF FF FF FF FF FF FF FF FF FF FF FF FF FF FF FF FF FF FF FF FF FF FF FF FF FF FF FF FF 80 00 00 00 80 00 00 00 FF FF FF FF FF FF FF FF FF FF FF FF FF 00 00 00 00 00 00 00 00 00 23 72 00 00 00 AD FB 9E D3 00 0E FE A0 FE 01 FF FF FF FF FF FF 00 00 00 00 4D 91 3A D3 00 39 FE A0 F9 01 05 00 00 00 00 00 00 00 00 00 00 FF FF FF FF FF FF FF FF FF FF FF FF FF FF FF FF FF FF FF FF FF FF FF FF FF FF FF FF FF FF 00 00 00 00 FF FF FF FF 00 00 00 00 00 54 87 D3 00 1F FE A0 E6 02 FF FF FF FF FF FF 00 02 00 37 01 55 04 00 30 4C 01 31 69 02 22 89 03 86 63 23 00 C3 FF C3 0D 0A 
[   COM12] [16:55:54:258] 24 47 4E 52 4D 43 2C 2C 56 2C 2C 2C 2C 2C 2C 2C 2C 2C 2C 4E 2C 56 2A 33 37 0D 0A 
[   COM12] [16:55:54:258] 24 47 4E 47 47 41 2C 2C 2C 2C 2C 2C 30 2C 30 30 2C 39 39 2E 39 39 2C 2C 2C 2C 2C 2C 2A 35 36 0D 0A 
[   COM12] [16:55:54:260] 24 47 4E 54 58 54 2C 30 31 2C 30 31 2C 30 31 2C 30 2C 30 30 30 30 30 30 2C 30 30 30 30 2C 30 30 30 30 2C 30 30 30 30 2C 30 2E 30 30 30 2C 30 2C 30 30 30 33 46 37 45 45 30 31 42 38 46 42 37 37 2C 31 2C 31 38 2C 30 2C 30 2C 30 30 30 30 2C 30 2C 30 2C 30 2C 31 34 38 2C 31 34 38 2C 30 30 30 30 30 30 30 30 2C 30 30 30 30 30 30 30 30 2A 35 37 0D 0A 
[   COM12] [16:55:54:261] 24 50 4E 4F 49 53 45 2C 35 35 2C 38 35 2C 31 32 33 36 34 2C 31 32 36 34 39 2C 38 38 34 31 2C 33 34 34 30 33 2C 31 30 30 30 30 2C 31 30 30 30 30 2C 31 30 30 30 30 2C 31 30 30 30 30 2C 30 2C 30 2A 33 43 0D 0A 
[   COM12] [16:55:54:261] D3 00 05 FE A0 00 A8 5A C2 2E 06 0D 0A 
[   COM12] [16:55:54:261] D3 00 03 FE A0 01 FA 8D 7A 0D 0A 
[   COM12] [16:55:54:262] D3 00 30 FE A0 02 A8 5A 00 00 00 16 00 C8 00 00 11 30 00 09 00 00 11 30 00 00 00 00 00 00 00 00 00 00 00 00 00 00 00 00 00 00 00 00 00 00 00 00 00 00 00 D4 A1 80 0D 0A 
[   COM12] [16:55:54:453] D3 00 03 43 50 00 8D 44 BE 0D 0A 
[   COM12] [16:55:54:458] D3 00 A3 FE A0 FF 01 FF FF FF FF FF FF 00 80 00 00 00 00 00 00 00 80 00 00 00 00 00 00 00 80 00 00 00 80 00 00 00 80 00 00 00 00 00 00 00 80 00 00 00 00 00 00 00 80 00 00 00 00 00 00 00 00 80 00 00 00 80 00 00 00 80 00 00 00 80 00 00 00 FF FF FF FF FF FF FF FF FF FF FF FF FF FF FF FF FF FF FF FF FF FF FF FF FF FF FF FF FF FF FF FF FF FF FF FF FF FF FF FF FF FF FF FF FF FF FF FF FF FF FF FF 80 00 00 00 80 00 00 00 FF FF FF FF FF FF FF FF FF FF FF FF FF 00 00 00 00 00 00 00 00 00 23 72 00 00 00 AD FB 9E D3 00 0E FE A0 FE 01 FF FF FF FF FF FF 00 00 00 00 4D 91 3A D3 00 39 FE A0 F9 01 05 00 00 00 00 00 00 00 00 00 00 FF FF FF FF FF FF FF FF FF FF FF FF FF FF FF FF FF FF FF FF FF FF FF FF FF FF FF FF FF FF 00 00 00 00 FF FF FF FF 00 00 00 00 00 54 87 D3 00 1F FE A0 E6 02 FF FF FF FF FF FF 00 02 00 38 01 54 04 00 30 95 01 31 BC 02 22 89 03 86 21 23 00 6B F5 12 0D 0A 
[   COM12] [16:55:54:458] 24 47 4E 52 4D 43 2C 2C 56 2C 2C 2C 2C 2C 2C 2C 2C 2C 2C 4E 2C 56 2A 33 37 0D 0A 
[   COM12] [16:55:54:458] 24 47 4E 47 47 41 2C 2C 2C 2C 2C 2C 30 2C 30 30 2C 39 39 2E 39 39 2C 2C 2C 2C 2C 2C 2A 35 36 0D 0A 
[   COM12] [16:55:54:460] 24 47 4E 54 58 54 2C 30 31 2C 30 31 2C 30 31 2C 30 2C 30 30 30 30 30 30 2C 30 30 30 30 2C 30 30 30 30 2C 30 30 30 30 2C 30 2E 30 30 30 2C 30 2C 30 30 30 33 46 37 45 45 30 31 42 38 46 42 37 37 2C 31 2C 33 2C 30 2C 30 2C 30 30 30 30 2C 30 2C 30 2C 30 2C 31 34 38 2C 31 34 38 2C 30 30 30 30 30 30 30 30 2C 30 30 30 30 30 30 30 30 2A 36 44 0D 0A 
[   COM12] [16:55:54:461] 24 50 4E 4F 49 53 45 2C 35 36 2C 38 34 2C 31 32 34 33 37 2C 31 32 37 33 32 2C 38 38 34 31 2C 33 34 33 33 37 2C 31 30 30 30 30 2C 31 30 30 30 30 2C 31 30 30 30 30 2C 31 30 30 30 30 2C 30 2C 30 2A 33 32 0D 0A 
[   COM12] [16:55:54:461] D3 00 05 FE A0 00 A8 5A C2 2E 06 0D 0A 
[   COM12] [16:55:54:461] D3 00 03 FE A0 01 FA 8D 7A 0D 0A 
[   COM12] [16:55:54:462] D3 00 30 FE A0 02 A8 5A 00 00 00 17 00 C8 00 00 11 F8 00 09 00 00 11 F8 00 00 00 00 01 00 00 00 00 00 00 00 00 00 00 00 00 00 00 00 00 00 00 00 00 00 00 E9 18 F8 0D 0A 
[   COM12] [16:55:54:653] D3 00 03 43 50 00 8D 44 BE 0D 0A 
[   COM12] [16:55:54:658] D3 00 A3 FE A0 FF 01 FF FF FF FF FF FF 00 80 00 00 00 00 00 00 00 80 00 00 00 00 00 00 00 80 00 00 00 80 00 00 00 80 00 00 00 00 00 00 00 80 00 00 00 00 00 00 00 80 00 00 00 00 00 00 00 00 80 00 00 00 80 00 00 00 80 00 00 00 80 00 00 00 FF FF FF FF FF FF FF FF FF FF FF FF FF FF FF FF FF FF FF FF FF FF FF FF FF FF FF FF FF FF FF FF FF FF FF FF FF FF FF FF FF FF FF FF FF FF FF FF FF FF FF FF 80 00 00 00 80 00 00 00 FF FF FF FF FF FF FF FF FF FF FF FF FF 00 00 00 00 00 00 00 00 00 23 72 00 00 00 AD FB 9E D3 00 0E FE A0 FE 01 FF FF FF FF FF FF 00 00 00 00 4D 91 3A D3 00 39 FE A0 F9 01 05 00 00 00 00 00 00 00 00 00 00 FF FF FF FF FF FF FF FF FF FF FF FF FF FF FF FF FF FF FF FF FF FF FF FF FF FF FF FF FF FF 00 00 00 00 FF FF FF FF 00 00 00 00 00 54 87 D3 00 1F FE A0 E6 02 FF FF FF FF FF FF 00 02 00 37 01 55 04 00 30 D4 01 31 78 02 22 90 03 87 46 23 00 94 FC E0 0D 0A 
[   COM12] [16:55:54:658] 24 47 4E 52 4D 43 2C 2C 56 2C 2C 2C 2C 2C 2C 2C 2C 2C 2C 4E 2C 56 2A 33 37 0D 0A 
[   COM12] [16:55:54:658] 24 47 4E 47 47 41 2C 2C 2C 2C 2C 2C 30 2C 30 30 2C 39 39 2E 39 39 2C 2C 2C 2C 2C 2C 2A 35 36 0D 0A 
[   COM12] [16:55:54:660] 24 47 4E 54 58 54 2C 30 31 2C 30 31 2C 30 31 2C 30 2C 30 30 30 30 30 30 2C 30 30 30 30 2C 30 30 30 30 2C 30 30 30 30 2C 30 2E 30 30 30 2C 30 2C 30 30 30 33 46 37 45 45 30 31 42 38 46 42 37 37 2C 31 2C 33 2C 30 2C 30 2C 30 30 30 30 2C 30 2C 30 2C 30 2C 31 34 38 2C 31 34 38 2C 30 30 30 30 30 30 30 30 2C 30 30 30 30 30 30 30 30 2A 36 44 0D 0A 
[   COM12] [16:55:54:661] 24 50 4E 4F 49 53 45 2C 35 35 2C 38 35 2C 31 32 35 30 30 2C 31 32 36 36 34 2C 38 38 34 38 2C 33 34 36 33 30 2C 31 30 30 30 30 2C 31 30 30 30 30 2C 31 30 30 30 30 2C 31 30 30 30 30 2C 30 2C 30 2A 33 43 0D 0A 
[   COM12] [16:55:54:661] D3 00 05 FE A0 00 A8 5A C2 2E 06 0D 0A 
[   COM12] [16:55:54:661] D3 00 03 FE A0 01 FA 8D 7A 0D 0A 
[   COM12] [16:55:54:662] D3 00 30 FE A0 02 A8 5A 00 00 00 18 00 C8 00 00 12 C0 00 09 00 00 12 C0 00 00 00 00 02 00 00 00 00 00 00 00 00 00 00 00 00 00 00 00 00 00 00 00 00 00 00 1F 48 BA 0D 0A 
[   COM12] [16:55:54:853] D3 00 03 43 50 00 8D 44 BE 0D 0A 
[   COM12] [16:55:54:858] D3 00 A3 FE A0 FF 01 FF FF FF FF FF FF 00 80 00 00 00 00 00 00 00 80 00 00 00 00 00 00 00 80 00 00 00 80 00 00 00 80 00 00 00 00 00 00 00 80 00 00 00 00 00 00 00 80 00 00 00 00 00 00 00 00 80 00 00 00 80 00 00 00 80 00 00 00 80 00 00 00 FF FF FF FF FF FF FF FF FF FF FF FF FF FF FF FF FF FF FF FF FF FF FF FF FF FF FF FF FF FF FF FF FF FF FF FF FF FF FF FF FF FF FF FF FF FF FF FF FF FF FF FF 80 00 00 00 80 00 00 00 FF FF FF FF FF FF FF FF FF FF FF FF FF 00 00 00 00 00 00 00 00 00 23 72 00 00 00 AD FB 9E D3 00 0E FE A0 FE 01 FF FF FF FF FF FF 00 00 00 00 4D 91 3A D3 00 39 FE A0 F9 01 05 00 00 00 00 00 00 00 00 00 00 FF FF FF FF FF FF FF FF FF FF FF FF FF FF FF FF FF FF FF FF FF FF FF FF FF FF FF FF FF FF 00 00 00 00 FF FF FF FF 00 00 00 00 00 54 87 D3 00 1F FE A0 E6 02 FF FF FF FF FF FF 00 02 00 37 01 54 04 00 30 67 01 31 7A 02 22 87 03 88 79 23 00 FE 77 F3 0D 0A 
[   COM12] [16:55:54:858] 24 47 4E 52 4D 43 2C 2C 56 2C 2C 2C 2C 2C 2C 2C 2C 2C 2C 4E 2C 56 2A 33 37 0D 0A 
[   COM12] [16:55:54:858] 24 47 4E 47 47 41 2C 2C 2C 2C 2C 2C 30 2C 30 30 2C 39 39 2E 39 39 2C 2C 2C 2C 2C 2C 2A 35 36 0D 0A 
[   COM12] [16:55:54:860] 24 47 4E 54 58 54 2C 30 31 2C 30 31 2C 30 31 2C 30 2C 30 30 30 30 30 30 2C 30 30 30 30 2C 30 30 30 30 2C 30 30 30 30 2C 30 2E 30 30 30 2C 30 2C 30 30 30 33 46 37 45 45 30 31 42 38 46 42 37 37 2C 31 2C 33 2C 30 2C 30 2C 30 30 30 30 2C 30 2C 30 2C 30 2C 31 34 38 2C 31 34 38 2C 30 30 30 30 30 30 30 30 2C 30 30 30 30 30 30 30 30 2A 36 44 0D 0A 
[   COM12] [16:55:54:861] 24 50 4E 4F 49 53 45 2C 35 35 2C 38 34 2C 31 32 33 39 31 2C 31 32 36 36 36 2C 38 38 33 39 2C 33 34 39 33 37 2C 31 30 30 30 30 2C 31 30 30 30 30 2C 31 30 30 30 30 2C 31 30 30 30 30 2C 30 2C 30 2A 33 46 0D 0A 
[   COM12] [16:55:54:861] D3 00 05 FE A0 00 A8 5A C2 2E 06 0D 0A 
[   COM12] [16:55:54:861] D3 00 03 FE A0 01 FA 8D 7A 0D 0A 
[   COM12] [16:55:54:862] D3 00 30 FE A0 02 A8 5A 00 00 00 19 00 C8 00 00 13 88 00 09 00 00 13 88 00 00 00 00 00 00 00 00 00 00 00 00 00 00 00 00 00 00 00 00 00 00 00 00 00 00 00 25 E6 4B 0D 0A 
[   COM12] [16:55:55:053] D3 00 03 43 50 00 8D 44 BE 0D 0A 
[   COM12] [16:55:55:075] D3 00 A3 FE A0 FF 01 FF FF FF FF FF FF 00 80 00 00 00 00 00 00 00 80 00 00 00 00 00 00 00 80 00 00 00 80 00 00 00 80 00 00 00 00 00 00 00 80 00 00 00 00 00 00 00 80 00 00 00 00 00 00 00 00 80 00 00 00 80 00 00 00 80 00 00 00 80 00 00 00 FF FF FF FF FF FF FF FF FF FF FF FF FF FF FF FF FF FF FF FF FF FF FF FF FF FF FF FF FF FF FF FF FF FF FF FF FF FF FF FF FF FF FF FF FF FF FF FF FF FF FF FF 80 00 00 00 80 00 00 00 FF FF FF FF FF FF FF FF FF FF FF FF FF 00 00 00 00 00 00 00 00 00 23 72 00 00 00 AD FB 9E D3 00 85 FE A0 FC 01 01 00 00 00 00 00 00 00 00 00 00 00 00 00 00 00 00 00 00 00 00 00 00 00 00 00 00 00 00 00 00 00 00 BF 36 FC 5E 2C CD 8A 41 0F C6 D8 D1 44 99 0D A9 E0 FC 22 4F 8C 61 AB F8 BB 6F 7C CA F6 C1 9E A0 EB B4 52 84 D8 83 D5 64 77 BA 57 E2 63 F3 28 59 EF 6F 0C 19 F0 8E E9 27 5D DC 23 A1 96 E8 C1 A7 DA 88 DC A6 35 9E D2 6F 1B 07 68 3B D6 B0 65 9A 00 00 00 00 00 00 00 00 00 00 00 00 00 00 00 00 D0 20 7F D3 00 0E FE A0 FE 01 FF FF FF FF FF FF 00 00 00 00 4D 91 3A D3 00 39 FE A0 F9 01 05 00 00 00 00 00 00 00 00 00 00 FF FF FF FF FF FF FF FF FF FF FF FF FF FF FF FF FF FF FF FF FF FF FF FF FF FF FF FF FF FF 00 00 00 00 FF FF FF FF 00 00 00 00 00 54 87 D3 00 12 FE A0 E9 01 FF FF FF FF FF FF 01 01 01 01 00 00 00 00 E9 3F 2A D3 00 1F FE A0 E6 02 FF FF FF FF FF FF 00 02 00 38 01 55 04 00 30 95 01 31 50 02 22 93 03 89 2B 23 00 EC DD 1C 0D 0A 
[   COM12] [16:55:55:076] 24 47 4E 52 4D 43 2C 2C 56 2C 2C 2C 2C 2C 2C 2C 2C 2C 2C 4E 2C 56 2A 33 37 0D 0A 
[   COM12] [16:55:55:076] 24 47 4E 47 47 41 2C 2C 2C 2C 2C 2C 30 2C 30 30 2C 39 39 2E 39 39 2C 2C 2C 2C 2C 2C 2A 35 36 0D 0A 
[   COM12] [16:55:55:076] 24 47 4E 47 53 41 2C 41 2C 31 2C 2C 2C 2C 2C 2C 2C 2C 2C 2C 2C 2C 2C 39 39 2E 39 39 2C 39 39 2E 39 39 2C 39 39 2E 39 39 2C 31 2A 33 33 0D 0A 
[   COM12] [16:55:55:077] 24 47 4E 47 53 41 2C 41 2C 31 2C 2C 2C 2C 2C 2C 2C 2C 2C 2C 2C 2C 2C 39 39 2E 39 39 2C 39 39 2E 39 39 2C 39 39 2E 39 39 2C 34 2A 33 36 0D 0A 
[   COM12] [16:55:55:078] 24 47 4E 47 53 41 2C 41 2C 31 2C 2C 2C 2C 2C 2C 2C 2C 2C 2C 2C 2C 2C 39 39 2E 39 39 2C 39 39 2E 39 39 2C 39 39 2E 39 39 2C 33 2A 33 31 0D 0A 
[   COM12] [16:55:55:078] 24 47 4E 47 53 41 2C 41 2C 31 2C 2C 2C 2C 2C 2C 2C 2C 2C 2C 2C 2C 2C 39 39 2E 39 39 2C 39 39 2E 39 39 2C 39 39 2E 39 39 2C 32 2A 33 30 0D 0A 
[   COM12] [16:55:55:079] 24 47 4E 47 53 41 2C 41 2C 31 2C 2C 2C 2C 2C 2C 2C 2C 2C 2C 2C 2C 2C 39 39 2E 39 39 2C 39 39 2E 39 39 2C 39 39 2E 39 39 2C 35 2A 33 37 0D 0A 
[   COM12] [16:55:55:079] 24 47 50 47 53 56 2C 31 2C 31 2C 30 30 2C 31 2A 36 34 0D 0A 
[   COM12] [16:55:55:079] 24 47 50 47 53 56 2C 31 2C 31 2C 30 30 2C 38 2A 36 44 0D 0A 
[   COM12] [16:55:55:079] 24 47 42 47 53 56 2C 31 2C 31 2C 30 30 2C 31 2A 37 36 0D 0A 
[   COM12] [16:55:55:080] 24 47 42 47 53 56 2C 31 2C 31 2C 30 30 2C 35 2A 37 32 0D 0A 
[   COM12] [16:55:55:080] 24 47 41 47 53 56 2C 31 2C 31 2C 30 30 2C 37 2A 37 33 0D 0A 
[   COM12] [16:55:55:080] 24 47 41 47 53 56 2C 31 2C 31 2C 30 30 2C 31 2A 37 35 0D 0A 
[   COM12] [16:55:55:080] 24 47 4C 47 53 56 2C 31 2C 31 2C 30 30 2C 31 2A 37 38 0D 0A 
[   COM12] [16:55:55:081] 24 47 51 47 53 56 2C 31 2C 31 2C 30 30 2C 31 2A 36 35 0D 0A 
[   COM12] [16:55:55:081] 24 47 51 47 53 56 2C 31 2C 31 2C 30 30 2C 38 2A 36 43 0D 0A 
[   COM12] [16:55:55:082] 24 47 4E 54 58 54 2C 30 31 2C 30 31 2C 30 31 2C 30 2C 30 30 30 30 30 30 2C 30 30 30 30 2C 30 30 30 30 2C 30 30 30 30 2C 30 2E 30 30 30 2C 30 2C 30 30 30 33 46 37 45 45 30 31 42 38 46 42 37 37 2C 31 2C 33 2C 30 2C 30 2C 30 30 30 30 2C 30 2C 30 2C 30 2C 31 34 38 2C 31 34 38 2C 30 30 30 30 30 30 30 30 2C 30 30 30 30 30 30 30 30 2A 36 44 0D 0A 
[   COM12] [16:55:55:083] 24 50 4E 4F 49 53 45 2C 35 36 2C 38 35 2C 31 32 34 33 37 2C 31 32 36 32 34 2C 38 38 35 31 2C 33 35 31 31 35 2C 31 30 30 30 30 2C 31 30 30 30 30 2C 31 30 30 30 30 2C 31 30 30 30 30 2C 30 2C 30 2A 33 37 0D 0A 
[   COM12] [16:55:55:083] D3 00 05 FE A0 00 A8 5A C2 2E 06 0D 0A 
[   COM12] [16:55:55:083] D3 00 03 FE A0 01 FA 8D 7A 0D 0A 
[   COM12] [16:55:55:084] D3 00 30 FE A0 02 A8 5A 00 00 00 1A 00 C8 00 00 14 50 00 09 00 00 14 50 00 00 00 00 01 00 00 00 00 00 00 00 00 00 00 00 00 00 00 00 00 00 00 00 00 00 00 AB 73 08 0D 0A 
[   COM12] [16:55:55:253] D3 00 03 43 50 00 8D 44 BE 0D 0A 
[   COM12] [16:55:55:258] D3 00 A3 FE A0 FF 01 FF FF FF FF FF FF 00 80 00 00 00 00 00 00 00 80 00 00 00 00 00 00 00 80 00 00 00 80 00 00 00 80 00 00 00 00 00 00 00 80 00 00 00 00 00 00 00 80 00 00 00 00 00 00 00 00 80 00 00 00 80 00 00 00 80 00 00 00 80 00 00 00 FF FF FF FF FF FF FF FF FF FF FF FF FF FF FF FF FF FF FF FF FF FF FF FF FF FF FF FF FF FF FF FF FF FF FF FF FF FF FF FF FF FF FF FF FF FF FF FF FF FF FF FF 80 00 00 00 80 00 00 00 FF FF FF FF FF FF FF FF FF FF FF FF FF 00 00 00 00 00 00 00 00 00 23 72 00 00 00 AD FB 9E D3 00 0E FE A0 FE 01 FF FF FF FF FF FF 00 00 00 00 4D 91 3A D3 00 39 FE A0 F9 01 05 00 00 00 00 00 00 00 00 00 00 FF FF FF FF FF FF FF FF FF FF FF FF FF FF FF FF FF FF FF FF FF FF FF FF FF FF FF FF FF FF 00 00 00 00 FF FF FF FF 00 00 00 00 00 54 87 D3 00 1F FE A0 E6 02 FF FF FF FF FF FF 00 02 00 37 01 55 04 00 30 24 01 31 05 02 22 93 03 87 8D 23 00 FE B6 1F 0D 0A 
[   COM12] [16:55:55:258] 24 47 4E 52 4D 43 2C 2C 56 2C 2C 2C 2C 2C 2C 2C 2C 2C 2C 4E 2C 56 2A 33 37 0D 0A 
[   COM12] [16:55:55:258] 24 47 4E 47 47 41 2C 2C 2C 2C 2C 2C 30 2C 30 30 2C 39 39 2E 39 39 2C 2C 2C 2C 2C 2C 2A 35 36 0D 0A 
[   COM12] [16:55:55:260] 24 47 4E 54 58 54 2C 30 31 2C 30 31 2C 30 31 2C 30 2C 30 30 30 30 30 30 2C 30 30 30 30 2C 30 30 30 30 2C 30 30 30 30 2C 30 2E 30 30 30 2C 30 2C 30 30 30 33 46 37 45 45 30 31 42 38 46 42 37 37 2C 31 2C 31 38 2C 30 2C 30 2C 30 30 30 30 2C 30 2C 30 2C 30 2C 31 34 38 2C 31 34 38 2C 30 30 30 30 30 30 30 30 2C 30 30 30 30 30 30 30 30 2A 35 37 0D 0A 
[   COM12] [16:55:55:261] 24 50 4E 4F 49 53 45 2C 35 35 2C 38 35 2C 31 32 33 32 34 2C 31 32 35 34 39 2C 38 38 35 31 2C 33 34 37 30 31 2C 31 30 30 30 30 2C 31 30 30 30 30 2C 31 30 30 30 30 2C 31 30 30 30 30 2C 30 2C 30 2A 33 42 0D 0A 
[   COM12] [16:55:55:261] D3 00 05 FE A0 00 A8 5A C2 2E 06 0D 0A 
[   COM12] [16:55:55:261] D3 00 03 FE A0 01 FA 8D 7A 0D 0A 
[   COM12] [16:55:55:262] D3 00 30 FE A0 02 A8 5A 00 00 00 1B 00 C8 00 00 15 18 00 09 00 00 15 18 00 00 00 00 02 00 00 00 00 00 00 00 00 00 00 00 00 00 00 00 00 00 00 00 00 00 00 CA E1 30 0D 0A 
[   COM12] [16:55:55:453] D3 00 03 43 50 00 8D 44 BE 0D 0A 
[   COM12] [16:55:55:459] D3 00 A3 FE A0 FF 01 FF FF FF FF FF FF 00 80 00 00 00 00 00 00 00 80 00 00 00 00 00 00 00 80 00 00 00 80 00 00 00 80 00 00 00 00 00 00 00 80 00 00 00 00 00 00 00 80 00 00 00 00 00 00 00 00 80 00 00 00 80 00 00 00 80 00 00 00 80 00 00 00 FF FF FF FF FF FF FF FF FF FF FF FF FF FF FF FF FF FF FF FF FF FF FF FF FF FF FF FF FF FF FF FF FF FF FF FF FF FF FF FF FF FF FF FF FF FF FF FF FF FF FF FF 80 00 00 00 80 00 00 00 FF FF FF FF FF FF FF FF FF FF FF FF FF 00 00 00 00 00 00 00 00 00 23 72 00 00 00 AD FB 9E D3 00 0E FE A0 FE 01 FF FF FF FF FF FF 00 00 00 00 4D 91 3A D3 00 39 FE A0 F9 01 05 00 00 00 00 00 00 00 00 00 00 FF FF FF FF FF FF FF FF FF FF FF FF FF FF FF FF FF FF FF FF FF FF FF FF FF FF FF FF FF FF 00 00 00 00 FF FF FF FF 00 00 00 00 00 54 87 D3 00 1F FE A0 E6 02 FF FF FF FF FF FF 00 02 00 38 01 55 04 00 30 96 01 31 31 02 22 93 03 88 BB 23 00 FB 98 24 0D 0A 
[   COM12] [16:55:55:459] 24 47 4E 52 4D 43 2C 2C 56 2C 2C 2C 2C 2C 2C 2C 2C 2C 2C 4E 2C 56 2A 33 37 0D 0A 
[   COM12] [16:55:55:459] 24 47 4E 47 47 41 2C 2C 2C 2C 2C 2C 30 2C 30 30 2C 39 39 2E 39 39 2C 2C 2C 2C 2C 2C 2A 35 36 0D 0A 
[   COM12] [16:55:55:460] 24 47 4E 54 58 54 2C 30 31 2C 30 31 2C 30 31 2C 30 2C 30 30 30 30 30 30 2C 30 30 30 30 2C 30 30 30 30 2C 30 30 30 30 2C 30 2E 30 30 30 2C 30 2C 30 30 30 33 46 37 45 45 30 31 42 38 46 42 37 37 2C 31 2C 33 2C 30 2C 30 2C 30 30 30 30 2C 30 2C 30 2C 30 2C 31 34 38 2C 31 34 38 2C 30 30 30 30 30 30 30 30 2C 30 30 30 30 30 30 30 30 2A 36 44 0D 0A 
[   COM12] [16:55:55:461] 24 50 4E 4F 49 53 45 2C 35 36 2C 38 35 2C 31 32 34 33 38 2C 31 32 35 39 33 2C 38 38 35 31 2C 33 35 30 30 33 2C 31 30 30 30 30 2C 31 30 30 30 30 2C 31 30 30 30 30 2C 31 30 30 30 30 2C 30 2C 30 2A 33 31 0D 0A 
[   COM12] [16:55:55:461] D3 00 05 FE A0 00 A8 5A C2 2E 06 0D 0A 
[   COM12] [16:55:55:461] D3 00 03 FE A0 01 FA 8D 7A 0D 0A 
[   COM12] [16:55:55:462] D3 00 30 FE A0 02 A8 5A 00 00 00 1C 00 C8 00 00 15 E0 00 09 00 00 15 E0 00 00 00 00 00 00 00 00 00 00 00 00 00 00 00 00 00 00 00 00 00 00 00 00 00 00 00 73 F7 C3 0D 0A 
[   COM12] [16:55:55:653] D3 00 03 43 50 00 8D 44 BE 0D 0A 
[   COM12] [16:55:55:658] D3 00 A3 FE A0 FF 01 FF FF FF FF FF FF 00 80 00 00 00 00 00 00 00 80 00 00 00 00 00 00 00 80 00 00 00 80 00 00 00 80 00 00 00 00 00 00 00 80 00 00 00 00 00 00 00 80 00 00 00 00 00 00 00 00 80 00 00 00 80 00 00 00 80 00 00 00 80 00 00 00 FF FF FF FF FF FF FF FF FF FF FF FF FF FF FF FF FF FF FF FF FF FF FF FF FF FF FF FF FF FF FF FF FF FF FF FF FF FF FF FF FF FF FF FF FF FF FF FF FF FF FF FF 80 00 00 00 80 00 00 00 FF FF FF FF FF FF FF FF FF FF FF FF FF 00 00 00 00 00 00 00 00 00 23 72 00 00 00 AD FB 9E D3 00 0E FE A0 FE 01 FF FF FF FF FF FF 00 00 00 00 4D 91 3A D3 00 39 FE A0 F9 01 05 00 00 00 00 00 00 00 00 00 00 FF FF FF FF FF FF FF FF FF FF FF FF FF FF FF FF FF FF FF FF FF FF FF FF FF FF FF FF FF FF 00 00 00 00 FF FF FF FF 00 00 00 00 00 54 87 D3 00 1F FE A0 E6 02 FF FF FF FF FF FF 00 02 00 38 01 55 04 00 30 32 01 31 34 02 22 A5 03 89 6B 23 00 8C FF 90 0D 0A 
[   COM12] [16:55:55:658] 24 47 4E 52 4D 43 2C 2C 56 2C 2C 2C 2C 2C 2C 2C 2C 2C 2C 4E 2C 56 2A 33 37 0D 0A 
[   COM12] [16:55:55:659] 24 47 4E 47 47 41 2C 2C 2C 2C 2C 2C 30 2C 30 30 2C 39 39 2E 39 39 2C 2C 2C 2C 2C 2C 2A 35 36 0D 0A 
[   COM12] [16:55:55:660] 24 47 4E 54 58 54 2C 30 31 2C 30 31 2C 30 31 2C 30 2C 30 30 30 30 30 30 2C 30 30 30 30 2C 30 30 30 30 2C 30 30 30 30 2C 30 2E 30 30 30 2C 30 2C 30 30 30 33 46 37 45 45 30 31 42 38 46 42 37 37 2C 31 2C 33 2C 30 2C 30 2C 30 30 30 30 2C 30 2C 30 2C 30 2C 31 34 38 2C 31 34 38 2C 30 30 30 30 30 30 30 30 2C 30 30 30 30 30 30 30 30 2A 36 44 0D 0A 
[   COM12] [16:55:55:661] 24 50 4E 4F 49 53 45 2C 35 36 2C 38 35 2C 31 32 33 33 38 2C 31 32 35 39 36 2C 38 38 36 39 2C 33 35 31 37 39 2C 31 30 30 30 30 2C 31 30 30 30 30 2C 31 30 30 30 30 2C 31 30 30 30 30 2C 30 2C 30 2A 33 34 0D 0A 
[   COM12] [16:55:55:661] D3 00 05 FE A0 00 A8 5A C2 2E 06 0D 0A 
[   COM12] [16:55:55:661] D3 00 03 FE A0 01 FA 8D 7A 0D 0A 
[   COM12] [16:55:55:662] D3 00 30 FE A0 02 A8 5A 00 00 00 1D 00 C8 00 00 16 A8 00 09 00 00 16 A8 00 00 00 00 01 00 00 00 00 00 00 00 00 00 00 00 00 00 00 00 00 00 00 00 00 00 00 C7 52 03 0D 0A 
[   COM12] [16:55:55:853] D3 00 03 43 50 00 8D 44 BE 0D 0A 
[   COM12] [16:55:55:858] D3 00 A3 FE A0 FF 01 FF FF FF FF FF FF 00 80 00 00 00 00 00 00 00 80 00 00 00 00 00 00 00 80 00 00 00 80 00 00 00 80 00 00 00 00 00 00 00 80 00 00 00 00 00 00 00 80 00 00 00 00 00 00 00 00 80 00 00 00 80 00 00 00 80 00 00 00 80 00 00 00 FF FF FF FF FF FF FF FF FF FF FF FF FF FF FF FF FF FF FF FF FF FF FF FF FF FF FF FF FF FF FF FF FF FF FF FF FF FF FF FF FF FF FF FF FF FF FF FF FF FF FF FF 80 00 00 00 80 00 00 00 FF FF FF FF FF FF FF FF FF FF FF FF FF 00 00 00 00 00 00 00 00 00 23 72 00 00 00 AD FB 9E D3 00 0E FE A0 FE 01 FF FF FF FF FF FF 00 00 00 00 4D 91 3A D3 00 39 FE A0 F9 01 05 00 00 00 00 00 00 00 00 00 00 FF FF FF FF FF FF FF FF FF FF FF FF FF FF FF FF FF FF FF FF FF FF FF FF FF FF FF FF FF FF 00 00 00 00 FF FF FF FF 00 00 00 00 00 54 87 D3 00 1F FE A0 E6 02 FF FF FF FF FF FF 00 02 00 37 01 55 04 00 30 37 01 30 F5 02 22 A5 03 87 77 23 00 3B D4 D1 0D 0A 
[   COM12] [16:55:55:858] 24 47 4E 52 4D 43 2C 2C 56 2C 2C 2C 2C 2C 2C 2C 2C 2C 2C 4E 2C 56 2A 33 37 0D 0A 
[   COM12] [16:55:55:858] 24 47 4E 47 47 41 2C 2C 2C 2C 2C 2C 30 2C 30 30 2C 39 39 2E 39 39 2C 2C 2C 2C 2C 2C 2A 35 36 0D 0A 
[   COM12] [16:55:55:859] 24 47 4E 54 58 54 2C 30 31 2C 30 31 2C 30 31 2C 30 2C 30 30 30 30 30 30 2C 30 30 30 30 2C 30 30 30 30 2C 30 30 30 30 2C 30 2E 30 30 30 2C 30 2C 30 30 30 33 46 37 45 45 30 31 42 38 46 42 37 37 2C 31 2C 33 2C 30 2C 30 2C 30 30 30 30 2C 30 2C 30 2C 30 2C 31 34 38 2C 31 34 38 2C 30 30 30 30 30 30 30 30 2C 30 30 30 30 30 30 30 30 2A 36 44 0D 0A 
[   COM12] [16:55:55:860] 24 50 4E 4F 49 53 45 2C 35 35 2C 38 35 2C 31 32 33 34 33 2C 31 32 35 33 33 2C 38 38 36 39 2C 33 34 36 37 39 2C 31 30 30 30 30 2C 31 30 30 30 30 2C 31 30 30 30 30 2C 31 30 30 30 30 2C 30 2C 30 2A 33 32 0D 0A 
[   COM12] [16:55:55:860] D3 00 05 FE A0 00 A8 5A C2 2E 06 0D 0A 
[   COM12] [16:55:55:860] D3 00 03 FE A0 01 FA 8D 7A 0D 0A 
[   COM12] [16:55:55:862] D3 00 30 FE A0 02 A8 5A 00 00 00 1E 00 C8 00 00 17 70 00 09 00 00 17 70 00 00 00 00 02 00 00 00 00 00 00 00 00 00 00 00 00 00 00 00 00 00 00 00 00 00 00 5A 6C 6C 0D 0A 
[   COM12] [16:55:56:053] D3 00 03 43 50 00 8D 44 BE 0D 0A 
[   COM12] [16:55:56:075] D3 00 A3 FE A0 FF 01 FF FF FF FF FF FF 00 80 00 00 00 00 00 00 00 80 00 00 00 00 00 00 00 80 00 00 00 80 00 00 00 80 00 00 00 00 00 00 00 80 00 00 00 00 00 00 00 80 00 00 00 00 00 00 00 00 80 00 00 00 80 00 00 00 80 00 00 00 80 00 00 00 FF FF FF FF FF FF FF FF FF FF FF FF FF FF FF FF FF FF FF FF FF FF FF FF FF FF FF FF FF FF FF FF FF FF FF FF FF FF FF FF FF FF FF FF FF FF FF FF FF FF FF FF 80 00 00 00 80 00 00 00 FF FF FF FF FF FF FF FF FF FF FF FF FF 00 00 00 00 00 00 00 00 00 23 72 00 00 00 AD FB 9E D3 00 85 FE A0 FC 01 01 00 00 00 00 00 00 00 00 00 00 00 00 00 00 00 00 00 00 00 00 00 00 00 00 00 00 00 00 00 00 00 00 BF 36 FC 5E 2C CD 8A 41 0F C6 D8 D1 44 99 0D A9 E0 FC 22 4F 8C 61 AB F8 BB 6F 7C CA F6 C1 9E A0 BC BF 28 E3 02 3E 52 81 4A E1 46 5C AC 76 47 95 C2 0C 82 94 75 08 CA C1 07 B4 E6 76 07 74 65 E4 F3 E7 21 37 40 0D B0 1D 89 CE 20 B8 E3 A5 1D 32 00 00 00 00 00 00 00 00 00 00 00 00 00 00 00 00 17 FD C3 D3 00 0E FE A0 FE 01 FF FF FF FF FF FF 00 00 00 00 4D 91 3A D3 00 39 FE A0 F9 01 05 00 00 00 00 00 00 00 00 00 00 FF FF FF FF FF FF FF FF FF FF FF FF FF FF FF FF FF FF FF FF FF FF FF FF FF FF FF FF FF FF 00 00 00 00 FF FF FF FF 00 00 00 00 00 54 87 D3 00 12 FE A0 E9 01 FF FF FF FF FF FF 01 01 01 01 00 00 00 00 E9 3F 2A D3 00 1F FE A0 E6 02 FF FF FF FF FF FF 00 02 00 38 01 54 04 00 30 14 01 31 8F 02 22 9F 03 86 AA 23 00 87 C2 5D 0D 0A 
[   COM12] [16:55:56:076] 24 47 4E 52 4D 43 2C 2C 56 2C 2C 2C 2C 2C 2C 2C 2C 2C 2C 4E 2C 56 2A 33 37 0D 0A 
[   COM12] [16:55:56:076] 24 47 4E 47 47 41 2C 2C 2C 2C 2C 2C 30 2C 30 30 2C 39 39 2E 39 39 2C 2C 2C 2C 2C 2C 2A 35 36 0D 0A 
[   COM12] [16:55:56:077] 24 47 4E 47 53 41 2C 41 2C 31 2C 2C 2C 2C 2C 2C 2C 2C 2C 2C 2C 2C 2C 39 39 2E 39 39 2C 39 39 2E 39 39 2C 39 39 2E 39 39 2C 31 2A 33 33 0D 0A 
[   COM12] [16:55:56:077] 24 47 4E 47 53 41 2C 41 2C 31 2C 2C 2C 2C 2C 2C 2C 2C 2C 2C 2C 2C 2C 39 39 2E 39 39 2C 39 39 2E 39 39 2C 39 39 2E 39 39 2C 34 2A 33 36 0D 0A 
[   COM12] [16:55:56:078] 24 47 4E 47 53 41 2C 41 2C 31 2C 2C 2C 2C 2C 2C 2C 2C 2C 2C 2C 2C 2C 39 39 2E 39 39 2C 39 39 2E 39 39 2C 39 39 2E 39 39 2C 33 2A 33 31 0D 0A 
[   COM12] [16:55:56:078] 24 47 4E 47 53 41 2C 41 2C 31 2C 2C 2C 2C 2C 2C 2C 2C 2C 2C 2C 2C 2C 39 39 2E 39 39 2C 39 39 2E 39 39 2C 39 39 2E 39 39 2C 32 2A 33 30 0D 0A 
[   COM12] [16:55:56:079] 24 47 4E 47 53 41 2C 41 2C 31 2C 2C 2C 2C 2C 2C 2C 2C 2C 2C 2C 2C 2C 39 39 2E 39 39 2C 39 39 2E 39 39 2C 39 39 2E 39 39 2C 35 2A 33 37 0D 0A 
[   COM12] [16:55:56:079] 24 47 50 47 53 56 2C 31 2C 31 2C 30 30 2C 31 2A 36 34 0D 0A 
[   COM12] [16:55:56:079] 24 47 50 47 53 56 2C 31 2C 31 2C 30 30 2C 38 2A 36 44 0D 0A 
[   COM12] [16:55:56:080] 24 47 42 47 53 56 2C 31 2C 31 2C 30 30 2C 31 2A 37 36 0D 0A 
[   COM12] [16:55:56:080] 24 47 42 47 53 56 2C 31 2C 31 2C 30 30 2C 35 2A 37 32 0D 0A 
[   COM12] [16:55:56:080] 24 47 41 47 53 56 2C 31 2C 31 2C 30 30 2C 37 2A 37 33 0D 0A 
[   COM12] [16:55:56:080] 24 47 41 47 53 56 2C 31 2C 31 2C 30 30 2C 31 2A 37 35 0D 0A 
[   COM12] [16:55:56:081] 24 47 4C 47 53 56 2C 31 2C 31 2C 30 30 2C 31 2A 37 38 0D 0A 
[   COM12] [16:55:56:081] 24 47 51 47 53 56 2C 31 2C 31 2C 30 30 2C 31 2A 36 35 0D 0A 
[   COM12] [16:55:56:081] 24 47 51 47 53 56 2C 31 2C 31 2C 30 30 2C 38 2A 36 43 0D 0A 
[   COM12] [16:55:56:082] 24 47 4E 54 58 54 2C 30 31 2C 30 31 2C 30 31 2C 30 2C 30 30 30 30 30 30 2C 30 30 30 30 2C 30 30 30 30 2C 30 30 30 30 2C 30 2E 30 30 30 2C 30 2C 30 30 30 33 46 37 45 45 30 31 42 38 46 42 37 37 2C 31 2C 33 2C 30 2C 30 2C 30 30 30 30 2C 30 2C 30 2C 30 2C 31 34 38 2C 31 34 38 2C 30 30 30 30 30 30 30 30 2C 30 30 30 30 30 30 30 30 2A 36 44 0D 0A 
[   COM12] [16:55:56:083] 24 50 4E 4F 49 53 45 2C 35 36 2C 38 34 2C 31 32 33 30 38 2C 31 32 36 38 37 2C 38 38 36 33 2C 33 34 34 37 34 2C 31 30 30 30 30 2C 31 30 30 30 30 2C 31 30 30 30 30 2C 31 30 30 30 30 2C 30 2C 30 2A 33 36 0D 0A 
[   COM12] [16:55:56:083] D3 00 05 FE A0 00 A8 5A C2 2E 06 0D 0A 
[   COM12] [16:55:56:083] D3 00 03 FE A0 01 FA 8D 7A 0D 0A 
[   COM12] [16:55:56:084] D3 00 30 FE A0 02 A8 5A 00 00 00 1F 00 C8 00 00 18 38 00 09 00 00 18 38 00 00 00 00 00 00 00 00 00 00 00 00 00 00 00 00 00 00 00 00 00 00 00 00 00 00 00 CE 65 70 0D 0A 
[   COM12] [16:55:56:253] D3 00 03 43 50 00 8D 44 BE 0D 0A 
[   COM12] [16:55:56:258] D3 00 A3 FE A0 FF 01 FF FF FF FF FF FF 00 80 00 00 00 00 00 00 00 80 00 00 00 00 00 00 00 80 00 00 00 80 00 00 00 80 00 00 00 00 00 00 00 80 00 00 00 00 00 00 00 80 00 00 00 00 00 00 00 00 80 00 00 00 80 00 00 00 80 00 00 00 80 00 00 00 FF FF FF FF FF FF FF FF FF FF FF FF FF FF FF FF FF FF FF FF FF FF FF FF FF FF FF FF FF FF FF FF FF FF FF FF FF FF FF FF FF FF FF FF FF FF FF FF FF FF FF FF 80 00 00 00 80 00 00 00 FF FF FF FF FF FF FF FF FF FF FF FF FF 00 00 00 00 00 00 00 00 00 23 72 00 00 00 AD FB 9E D3 00 0E FE A0 FE 01 FF FF FF FF FF FF 00 00 00 00 4D 91 3A D3 00 39 FE A0 F9 01 05 00 00 00 00 00 00 00 00 00 00 FF FF FF FF FF FF FF FF FF FF FF FF FF FF FF FF FF FF FF FF FF FF FF FF FF FF FF FF FF FF 00 00 00 00 FF FF FF FF 00 00 00 00 00 54 87 D3 00 1F FE A0 E6 02 FF FF FF FF FF FF 00 02 00 37 01 54 04 00 2F 97 01 31 7F 02 22 7D 03 86 8F 23 00 BA AA 69 0D 0A 
[   COM12] [16:55:56:258] 24 47 4E 52 4D 43 2C 2C 56 2C 2C 2C 2C 2C 2C 2C 2C 2C 2C 4E 2C 56 2A 33 37 0D 0A 
[   COM12] [16:55:56:258] 24 47 4E 47 47 41 2C 2C 2C 2C 2C 2C 30 2C 30 30 2C 39 39 2E 39 39 2C 2C 2C 2C 2C 2C 2A 35 36 0D 0A 
[   COM12] [16:55:56:260] 24 47 4E 54 58 54 2C 30 31 2C 30 31 2C 30 31 2C 30 2C 30 30 30 30 30 30 2C 30 30 30 30 2C 30 30 30 30 2C 30 30 30 30 2C 30 2E 30 30 30 2C 30 2C 30 30 30 33 46 37 45 45 30 31 42 38 46 42 37 37 2C 31 2C 31 38 2C 30 2C 30 2C 30 30 30 30 2C 30 2C 30 2C 30 2C 31 34 38 2C 31 34 38 2C 30 30 30 30 30 30 30 30 2C 30 30 30 30 30 30 30 30 2A 35 37 0D 0A 
[   COM12] [16:55:56:261] 24 50 4E 4F 49 53 45 2C 35 35 2C 38 34 2C 31 32 31 38 33 2C 31 32 36 37 31 2C 38 38 32 39 2C 33 34 34 34 37 2C 31 30 30 30 30 2C 31 30 30 30 30 2C 31 30 30 30 30 2C 31 30 30 30 30 2C 30 2C 30 2A 33 33 0D 0A 
[   COM12] [16:55:56:261] D3 00 05 FE A0 00 A8 5A C2 2E 06 0D 0A 
[   COM12] [16:55:56:261] D3 00 03 FE A0 01 FA 8D 7A 0D 0A 
[   COM12] [16:55:56:262] D3 00 30 FE A0 02 A8 5A 00 00 00 20 00 C8 00 00 19 00 00 09 00 00 19 00 00 00 00 00 01 00 00 00 00 00 00 00 00 00 00 00 00 00 00 00 00 00 00 00 00 00 00 44 9F 6E 0D 0A 
[   COM12] [16:55:56:453] D3 00 03 43 50 00 8D 44 BE 0D 0A 
[   COM12] [16:55:56:458] D3 00 A3 FE A0 FF 01 FF FF FF FF FF FF 00 80 00 00 00 00 00 00 00 80 00 00 00 00 00 00 00 80 00 00 00 80 00 00 00 80 00 00 00 00 00 00 00 80 00 00 00 00 00 00 00 80 00 00 00 00 00 00 00 00 80 00 00 00 80 00 00 00 80 00 00 00 80 00 00 00 FF FF FF FF FF FF FF FF FF FF FF FF FF FF FF FF FF FF FF FF FF FF FF FF FF FF FF FF FF FF FF FF FF FF FF FF FF FF FF FF FF FF FF FF FF FF FF FF FF FF FF FF 80 00 00 00 80 00 00 00 FF FF FF FF FF FF FF FF FF FF FF FF FF 00 00 00 00 00 00 00 00 00 23 72 00 00 00 AD FB 9E D3 00 0E FE A0 FE 01 FF FF FF FF FF FF 00 00 00 00 4D 91 3A D3 00 39 FE A0 F9 01 05 00 00 00 00 00 00 00 00 00 00 FF FF FF FF FF FF FF FF FF FF FF FF FF FF FF FF FF FF FF FF FF FF FF FF FF FF FF FF FF FF 00 00 00 00 FF FF FF FF 00 00 00 00 00 54 87 D3 00 1F FE A0 E6 02 FF FF FF FF FF FF 00 02 00 38 01 55 04 00 2F A5 01 31 B9 02 22 6A 03 86 B1 23 00 8D B5 79 0D 0A 
[   COM12] [16:55:56:458] 24 47 4E 52 4D 43 2C 2C 56 2C 2C 2C 2C 2C 2C 2C 2C 2C 2C 4E 2C 56 2A 33 37 0D 0A 
[   COM12] [16:55:56:458] 24 47 4E 47 47 41 2C 2C 2C 2C 2C 2C 30 2C 30 30 2C 39 39 2E 39 39 2C 2C 2C 2C 2C 2C 2A 35 36 0D 0A 
[   COM12] [16:55:56:460] 24 47 4E 54 58 54 2C 30 31 2C 30 31 2C 30 31 2C 30 2C 30 30 30 30 30 30 2C 30 30 30 30 2C 30 30 30 30 2C 30 30 30 30 2C 30 2E 30 30 30 2C 30 2C 30 30 30 33 46 37 45 45 30 31 42 38 46 42 37 37 2C 31 2C 33 2C 30 2C 30 2C 30 30 30 30 2C 30 2C 30 2C 30 2C 31 34 38 2C 31 34 38 2C 30 30 30 30 30 30 30 30 2C 30 30 30 30 30 30 30 30 2A 36 44 0D 0A 
[   COM12] [16:55:56:461] 24 50 4E 4F 49 53 45 2C 35 36 2C 38 35 2C 31 32 31 39 37 2C 31 32 37 32 39 2C 38 38 31 30 2C 33 34 34 38 31 2C 31 30 30 30 30 2C 31 30 30 30 30 2C 31 30 30 30 30 2C 31 30 30 30 30 2C 30 2C 30 2A 33 38 0D 0A 
[   COM12] [16:55:56:461] D3 00 05 FE A0 00 A8 5A C2 2E 06 0D 0A 
[   COM12] [16:55:56:461] D3 00 03 FE A0 01 FA 8D 7A 0D 0A 
[   COM12] [16:55:56:462] D3 00 30 FE A0 02 A8 5A 00 00 00 21 00 C8 00 00 19 C8 00 09 00 00 19 C8 00 00 00 00 02 00 00 00 00 00 00 00 00 00 00 00 00 00 00 00 00 00 00 00 00 00 00 CF 5F 84 0D 0A 
[   COM12] [16:55:56:653] D3 00 03 43 50 00 8D 44 BE 0D 0A 
[   COM12] [16:55:56:658] D3 00 A3 FE A0 FF 01 FF FF FF FF FF FF 00 80 00 00 00 00 00 00 00 80 00 00 00 00 00 00 00 80 00 00 00 80 00 00 00 80 00 00 00 00 00 00 00 80 00 00 00 00 00 00 00 80 00 00 00 00 00 00 00 00 80 00 00 00 80 00 00 00 80 00 00 00 80 00 00 00 FF FF FF FF FF FF FF FF FF FF FF FF FF FF FF FF FF FF FF FF FF FF FF FF FF FF FF FF FF FF FF FF FF FF FF FF FF FF FF FF FF FF FF FF FF FF FF FF FF FF FF FF 80 00 00 00 80 00 00 00 FF FF FF FF FF FF FF FF FF FF FF FF FF 00 00 00 00 00 00 00 00 00 23 72 00 00 00 AD FB 9E D3 00 0E FE A0 FE 01 FF FF FF FF FF FF 00 00 00 00 4D 91 3A D3 00 39 FE A0 F9 01 05 00 00 00 00 00 00 00 00 00 00 FF FF FF FF FF FF FF FF FF FF FF FF FF FF FF FF FF FF FF FF FF FF FF FF FF FF FF FF FF FF 00 00 00 00 FF FF FF FF 00 00 00 00 00 54 87 D3 00 1F FE A0 E6 02 FF FF FF FF FF FF 00 02 00 37 01 54 04 00 2F 65 01 31 6B 02 22 6A 03 86 F0 23 00 78 4B C4 0D 0A 
[   COM12] [16:55:56:658] 24 47 4E 52 4D 43 2C 2C 56 2C 2C 2C 2C 2C 2C 2C 2C 2C 2C 4E 2C 56 2A 33 37 0D 0A 
[   COM12] [16:55:56:658] 24 47 4E 47 47 41 2C 2C 2C 2C 2C 2C 30 2C 30 30 2C 39 39 2E 39 39 2C 2C 2C 2C 2C 2C 2A 35 36 0D 0A 
[   COM12] [16:55:56:660] 24 47 4E 54 58 54 2C 30 31 2C 30 31 2C 30 31 2C 30 2C 30 30 30 30 30 30 2C 30 30 30 30 2C 30 30 30 30 2C 30 30 30 30 2C 30 2E 30 30 30 2C 30 2C 30 30 30 33 46 37 45 45 30 31 42 38 46 42 37 37 2C 31 2C 33 2C 30 2C 30 2C 30 30 30 30 2C 30 2C 30 2C 30 2C 31 34 38 2C 31 34 38 2C 30 30 30 30 30 30 30 30 2C 30 30 30 30 30 30 30 30 2A 36 44 0D 0A 
[   COM12] [16:55:56:661] 24 50 4E 4F 49 53 45 2C 35 35 2C 38 34 2C 31 32 31 33 33 2C 31 32 36 35 31 2C 38 38 31 30 2C 33 34 35 34 34 2C 31 30 30 30 30 2C 31 30 30 30 30 2C 31 30 30 30 30 2C 31 30 30 30 30 2C 30 2C 30 2A 33 32 0D 0A 
[   COM12] [16:55:56:661] D3 00 05 FE A0 00 A8 5A C2 2E 06 0D 0A 
[   COM12] [16:55:56:661] D3 00 03 FE A0 01 FA 8D 7A 0D 0A 
[   COM12] [16:55:56:662] D3 00 30 FE A0 02 A8 5A 00 00 00 22 00 C8 00 00 1A 90 00 09 00 00 1A 90 00 00 00 00 00 00 00 00 00 00 00 00 00 00 00 00 00 00 00 00 00 00 00 00 00 00 00 B1 E6 AF 0D 0A 
[   COM12] [16:55:56:853] D3 00 03 43 50 00 8D 44 BE 0D 0A 
[   COM12] [16:55:56:858] D3 00 A3 FE A0 FF 01 FF FF FF FF FF FF 00 80 00 00 00 00 00 00 00 80 00 00 00 00 00 00 00 80 00 00 00 80 00 00 00 80 00 00 00 00 00 00 00 80 00 00 00 00 00 00 00 80 00 00 00 00 00 00 00 00 80 00 00 00 80 00 00 00 80 00 00 00 80 00 00 00 FF FF FF FF FF FF FF FF FF FF FF FF FF FF FF FF FF FF FF FF FF FF FF FF FF FF FF FF FF FF FF FF FF FF FF FF FF FF FF FF FF FF FF FF FF FF FF FF FF FF FF FF 80 00 00 00 80 00 00 00 FF FF FF FF FF FF FF FF FF FF FF FF FF 00 00 00 00 00 00 00 00 00 23 72 00 00 00 AD FB 9E D3 00 0E FE A0 FE 01 FF FF FF FF FF FF 00 00 00 00 4D 91 3A D3 00 39 FE A0 F9 01 05 00 00 00 00 00 00 00 00 00 00 FF FF FF FF FF FF FF FF FF FF FF FF FF FF FF FF FF FF FF FF FF FF FF FF FF FF FF FF FF FF 00 00 00 00 FF FF FF FF 00 00 00 00 00 54 87 D3 00 1F FE A0 E6 02 FF FF FF FF FF FF 00 02 00 38 01 55 04 00 2F 8A 01 31 6A 02 22 71 03 87 0C 23 00 71 C3 01 0D 0A 
[   COM12] [16:55:56:858] 24 47 4E 52 4D 43 2C 2C 56 2C 2C 2C 2C 2C 2C 2C 2C 2C 2C 4E 2C 56 2A 33 37 0D 0A 
[   COM12] [16:55:56:858] 24 47 4E 47 47 41 2C 2C 2C 2C 2C 2C 30 2C 30 30 2C 39 39 2E 39 39 2C 2C 2C 2C 2C 2C 2A 35 36 0D 0A 
[   COM12] [16:55:56:859] 24 47 4E 54 58 54 2C 30 31 2C 30 31 2C 30 31 2C 30 2C 30 30 30 30 30 30 2C 30 30 30 30 2C 30 30 30 30 2C 30 30 30 30 2C 30 2E 30 30 30 2C 30 2C 30 30 30 33 46 37 45 45 30 31 42 38 46 42 37 37 2C 31 2C 33 2C 30 2C 30 2C 30 30 30 30 2C 30 2C 30 2C 30 2C 31 34 38 2C 31 34 38 2C 30 30 30 30 30 30 30 30 2C 30 30 30 30 30 30 30 30 2A 36 44 0D 0A 
[   COM12] [16:55:56:861] 24 50 4E 4F 49 53 45 2C 35 36 2C 38 35 2C 31 32 31 37 30 2C 31 32 36 35 30 2C 38 38 31 37 2C 33 34 35 37 32 2C 31 30 30 30 30 2C 31 30 30 30 30 2C 31 30 30 30 30 2C 31 30 30 30 30 2C 30 2C 30 2A 33 34 0D 0A 
[   COM12] [16:55:56:861] D3 00 05 FE A0 00 A8 5A C2 2E 06 0D 0A 
[   COM12] [16:55:56:861] D3 00 03 FE A0 01 FA 8D 7A 0D 0A 
[   COM12] [16:55:56:862] D3 00 30 FE A0 02 A8 5A 00 00 00 23 00 C8 00 00 1B 58 00 09 00 00 1B 58 00 00 00 00 01 00 00 00 00 00 00 00 00 00 00 00 00 00 00 00 00 00 00 00 00 00 00 BD F8 E2 0D 0A 
[   COM12] [16:55:57:053] D3 00 03 43 50 00 8D 44 BE 0D 0A 
[   COM12] [16:55:57:075] D3 00 A3 FE A0 FF 01 FF FF FF FF FF FF 00 80 00 00 00 00 00 00 00 80 00 00 00 00 00 00 00 80 00 00 00 80 00 00 00 80 00 00 00 00 00 00 00 80 00 00 00 00 00 00 00 80 00 00 00 00 00 00 00 00 80 00 00 00 80 00 00 00 80 00 00 00 80 00 00 00 FF FF FF FF FF FF FF FF FF FF FF FF FF FF FF FF FF FF FF FF FF FF FF FF FF FF FF FF FF FF FF FF FF FF FF FF FF FF FF FF FF FF FF FF FF FF FF FF FF FF FF FF 80 00 00 00 80 00 00 00 FF FF FF FF FF FF FF FF FF FF FF FF FF 00 00 00 00 00 00 00 00 00 23 72 00 00 00 AD FB 9E D3 00 85 FE A0 FC 01 01 00 00 00 00 00 00 00 00 00 00 00 00 00 00 00 00 00 00 00 00 00 00 00 00 00 00 00 00 00 00 00 00 BF 36 FC 5E 2C CD 8A 41 0F C6 D8 D1 44 99 0D A9 E0 FC 22 4F 8C 61 AB F8 BB 6F 7C CA F6 C1 9E A0 CB 58 E7 6D 7C B4 D9 9F 86 6B DD 68 40 7E 92 91 BA FA 2E AB F6 EE 9E 3C FA A2 09 34 BB 60 CC 6A 8C FC 6B F3 1E FB C6 9D FE 30 70 60 0B D5 39 BE 00 00 00 00 00 00 00 00 00 00 00 00 00 00 00 00 C5 DB C3 D3 00 0E FE A0 FE 01 FF FF FF FF FF FF 00 00 00 00 4D 91 3A D3 00 39 FE A0 F9 01 05 00 00 00 00 00 00 00 00 00 00 FF FF FF FF FF FF FF FF FF FF FF FF FF FF FF FF FF FF FF FF FF FF FF FF FF FF FF FF FF FF 00 00 00 00 FF FF FF FF 00 00 00 00 00 54 87 D3 00 12 FE A0 E9 01 FF FF FF FF FF FF 01 01 01 01 00 00 00 00 E9 3F 2A D3 00 1F FE A0 E6 02 FF FF FF FF FF FF 00 02 00 38 01 55 04 00 2F 27 01 31 68 02 22 56 03 84 BC 23 00 75 BC 18 0D 0A 
[   COM12] [16:55:57:075] 24 47 4E 52 4D 43 2C 2C 56 2C 2C 2C 2C 2C 2C 2C 2C 2C 2C 4E 2C 56 2A 33 37 0D 0A 
[   COM12] [16:55:57:075] 24 47 4E 47 47 41 2C 2C 2C 2C 2C 2C 30 2C 30 30 2C 39 39 2E 39 39 2C 2C 2C 2C 2C 2C 2A 35 36 0D 0A 
[   COM12] [16:55:57:076] 24 47 4E 47 53 41 2C 41 2C 31 2C 2C 2C 2C 2C 2C 2C 2C 2C 2C 2C 2C 2C 39 39 2E 39 39 2C 39 39 2E 39 39 2C 39 39 2E 39 39 2C 31 2A 33 33 0D 0A 
[   COM12] [16:55:57:076] 24 47 4E 47 53 41 2C 41 2C 31 2C 2C 2C 2C 2C 2C 2C 2C 2C 2C 2C 2C 2C 39 39 2E 39 39 2C 39 39 2E 39 39 2C 39 39 2E 39 39 2C 34 2A 33 36 0D 0A 
[   COM12] [16:55:57:078] 24 47 4E 47 53 41 2C 41 2C 31 2C 2C 2C 2C 2C 2C 2C 2C 2C 2C 2C 2C 2C 39 39 2E 39 39 2C 39 39 2E 39 39 2C 39 39 2E 39 39 2C 33 2A 33 31 0D 0A 
[   COM12] [16:55:57:078] 24 47 4E 47 53 41 2C 41 2C 31 2C 2C 2C 2C 2C 2C 2C 2C 2C 2C 2C 2C 2C 39 39 2E 39 39 2C 39 39 2E 39 39 2C 39 39 2E 39 39 2C 32 2A 33 30 0D 0A 
[   COM12] [16:55:57:079] 24 47 4E 47 53 41 2C 41 2C 31 2C 2C 2C 2C 2C 2C 2C 2C 2C 2C 2C 2C 2C 39 39 2E 39 39 2C 39 39 2E 39 39 2C 39 39 2E 39 39 2C 35 2A 33 37 0D 0A 
[   COM12] [16:55:57:079] 24 47 50 47 53 56 2C 31 2C 31 2C 30 30 2C 31 2A 36 34 0D 0A 
[   COM12] [16:55:57:079] 24 47 50 47 53 56 2C 31 2C 31 2C 30 30 2C 38 2A 36 44 0D 0A 
[   COM12] [16:55:57:079] 24 47 42 47 53 56 2C 31 2C 31 2C 30 30 2C 31 2A 37 36 0D 0A 
[   COM12] [16:55:57:080] 24 47 42 47 53 56 2C 31 2C 31 2C 30 30 2C 35 2A 37 32 0D 0A 
[   COM12] [16:55:57:080] 24 47 41 47 53 56 2C 31 2C 31 2C 30 30 2C 37 2A 37 33 0D 0A 
[   COM12] [16:55:57:080] 24 47 41 47 53 56 2C 31 2C 31 2C 30 30 2C 31 2A 37 35 0D 0A 
[   COM12] [16:55:57:080] 24 47 4C 47 53 56 2C 31 2C 31 2C 30 30 2C 31 2A 37 38 0D 0A 
[   COM12] [16:55:57:080] 24 47 51 47 53 56 2C 31 2C 31 2C 30 30 2C 31 2A 36 35 0D 0A 
[   COM12] [16:55:57:080] 24 47 51 47 53 56 2C 31 2C 31 2C 30 30 2C 38 2A 36 43 0D 0A 
[   COM12] [16:55:57:082] 24 47 4E 54 58 54 2C 30 31 2C 30 31 2C 30 31 2C 30 2C 30 30 30 30 30 30 2C 30 30 30 30 2C 30 30 30 30 2C 30 30 30 30 2C 30 2E 30 30 30 2C 30 2C 30 30 30 33 46 37 45 45 30 31 42 38 46 42 37 37 2C 31 2C 33 2C 30 2C 30 2C 30 30 30 30 2C 30 2C 30 2C 30 2C 31 34 38 2C 31 34 38 2C 30 30 30 30 30 30 30 30 2C 30 30 30 30 30 30 30 30 2A 36 44 0D 0A 
[   COM12] [16:55:57:083] 24 50 4E 4F 49 53 45 2C 35 36 2C 38 35 2C 31 32 30 37 31 2C 31 32 36 34 38 2C 38 37 39 30 2C 33 33 39 38 30 2C 31 30 30 30 30 2C 31 30 30 30 30 2C 31 30 30 30 30 2C 31 30 30 30 30 2C 30 2C 30 2A 33 42 0D 0A 
[   COM12] [16:55:57:083] D3 00 05 FE A0 00 A8 5A C2 2E 06 0D 0A 
[   COM12] [16:55:57:083] D3 00 03 FE A0 01 FA 8D 7A 0D 0A 
[   COM12] [16:55:57:084] D3 00 30 FE A0 02 A8 5A 00 00 00 24 00 C8 00 00 1C 20 00 09 00 00 1C 20 00 00 00 00 02 00 00 00 00 00 00 00 00 00 00 00 00 00 00 00 00 00 00 00 00 00 00 10 52 B4 0D 0A 
[   COM12] [16:55:57:253] D3 00 03 43 50 00 8D 44 BE 0D 0A 
[   COM12] [16:55:57:258] D3 00 A3 FE A0 FF 01 FF FF FF FF FF FF 00 80 00 00 00 00 00 00 00 80 00 00 00 00 00 00 00 80 00 00 00 80 00 00 00 80 00 00 00 00 00 00 00 80 00 00 00 00 00 00 00 80 00 00 00 00 00 00 00 00 80 00 00 00 80 00 00 00 80 00 00 00 80 00 00 00 FF FF FF FF FF FF FF FF FF FF FF FF FF FF FF FF FF FF FF FF FF FF FF FF FF FF FF FF FF FF FF FF FF FF FF FF FF FF FF FF FF FF FF FF FF FF FF FF FF FF FF FF 80 00 00 00 80 00 00 00 FF FF FF FF FF FF FF FF FF FF FF FF FF 00 00 00 00 00 00 00 00 00 23 72 00 00 00 AD FB 9E D3 00 0E FE A0 FE 01 FF FF FF FF FF FF 00 00 00 00 4D 91 3A D3 00 39 FE A0 F9 01 05 00 00 00 00 00 00 00 00 00 00 FF FF FF FF FF FF FF FF FF FF FF FF FF FF FF FF FF FF FF FF FF FF FF FF FF FF FF FF FF FF 00 00 00 00 FF FF FF FF 00 00 00 00 00 54 87 D3 00 1F FE A0 E6 02 FF FF FF FF FF FF 00 02 00 37 01 54 04 00 2F E9 01 31 BC 02 22 56 03 85 F3 23 00 52 7C 74 0D 0A 
[   COM12] [16:55:57:258] 24 47 4E 52 4D 43 2C 2C 56 2C 2C 2C 2C 2C 2C 2C 2C 2C 2C 4E 2C 56 2A 33 37 0D 0A 
[   COM12] [16:55:57:258] 24 47 4E 47 47 41 2C 2C 2C 2C 2C 2C 30 2C 30 30 2C 39 39 2E 39 39 2C 2C 2C 2C 2C 2C 2A 35 36 0D 0A 
[   COM12] [16:55:57:259] 24 47 4E 54 58 54 2C 30 31 2C 30 31 2C 30 31 2C 30 2C 30 30 30 30 30 30 2C 30 30 30 30 2C 30 30 30 30 2C 30 30 30 30 2C 30 2E 30 30 30 2C 30 2C 30 30 30 33 46 37 45 45 30 31 42 38 46 42 37 37 2C 31 2C 31 38 2C 30 2C 30 2C 30 30 30 30 2C 30 2C 30 2C 30 2C 31 34 38 2C 31 34 38 2C 30 30 30 30 30 30 30 30 2C 30 30 30 30 30 30 30 30 2A 35 37 0D 0A 
[   COM12] [16:55:57:261] 24 50 4E 4F 49 53 45 2C 35 35 2C 38 34 2C 31 32 32 36 35 2C 31 32 37 33 32 2C 38 37 39 30 2C 33 34 32 39 31 2C 31 30 30 30 30 2C 31 30 30 30 30 2C 31 30 30 30 30 2C 31 30 30 30 30 2C 30 2C 30 2A 33 45 0D 0A 
[   COM12] [16:55:57:261] D3 00 05 FE A0 00 A8 5A C2 2E 06 0D 0A 
[   COM12] [16:55:57:261] D3 00 03 FE A0 01 FA 8D 7A 0D 0A 
[   COM12] [16:55:57:262] D3 00 30 FE A0 02 A8 5A 00 00 00 25 00 C8 00 00 1C E8 00 09 00 00 1C E8 00 00 00 00 00 00 00 00 00 00 00 00 00 00 00 00 00 00 00 00 00 00 00 00 00 00 00 C0 AE 97 0D 0A 
[   COM12] [16:55:57:453] D3 00 03 43 50 00 8D 44 BE 0D 0A 
[   COM12] [16:55:57:458] D3 00 A3 FE A0 FF 01 FF FF FF FF FF FF 00 80 00 00 00 00 00 00 00 80 00 00 00 00 00 00 00 80 00 00 00 80 00 00 00 80 00 00 00 00 00 00 00 80 00 00 00 00 00 00 00 80 00 00 00 00 00 00 00 00 80 00 00 00 80 00 00 00 80 00 00 00 80 00 00 00 FF FF FF FF FF FF FF FF FF FF FF FF FF FF FF FF FF FF FF FF FF FF FF FF FF FF FF FF FF FF FF FF FF FF FF FF FF FF FF FF FF FF FF FF FF FF FF FF FF FF FF FF 80 00 00 00 80 00 00 00 FF FF FF FF FF FF FF FF FF FF FF FF FF 00 00 00 00 00 00 00 00 00 23 72 00 00 00 AD FB 9E D3 00 0E FE A0 FE 01 FF FF FF FF FF FF 00 00 00 00 4D 91 3A D3 00 39 FE A0 F9 01 05 00 00 00 00 00 00 00 00 00 00 FF FF FF FF FF FF FF FF FF FF FF FF FF FF FF FF FF FF FF FF FF FF FF FF FF FF FF FF FF FF 00 00 00 00 FF FF FF FF 00 00 00 00 00 54 87 D3 00 1F FE A0 E6 02 FF FF FF FF FF FF 00 02 00 3B 01 54 04 00 2F E4 01 31 59 02 22 7C 03 86 29 23 00 D5 A7 56 0D 0A 
[   COM12] [16:55:57:458] 24 47 4E 52 4D 43 2C 2C 56 2C 2C 2C 2C 2C 2C 2C 2C 2C 2C 4E 2C 56 2A 33 37 0D 0A 
[   COM12] [16:55:57:459] 24 47 4E 47 47 41 2C 2C 2C 2C 2C 2C 30 2C 30 30 2C 39 39 2E 39 39 2C 2C 2C 2C 2C 2C 2A 35 36 0D 0A 
[   COM12] [16:55:57:460] 24 47 4E 54 58 54 2C 30 31 2C 30 31 2C 30 31 2C 30 2C 30 30 30 30 30 30 2C 30 30 30 30 2C 30 30 30 30 2C 30 30 30 30 2C 30 2E 30 30 30 2C 30 2C 30 30 30 33 46 37 45 45 30 31 42 38 46 42 37 37 2C 31 2C 33 2C 30 2C 30 2C 30 30 30 30 2C 30 2C 30 2C 30 2C 31 34 38 2C 31 34 38 2C 30 30 30 30 30 30 30 30 2C 30 30 30 30 30 30 30 30 2A 36 44 0D 0A 
[   COM12] [16:55:57:461] 24 50 4E 4F 49 53 45 2C 35 39 2C 38 34 2C 31 32 32 36 30 2C 31 32 36 33 33 2C 38 38 32 38 2C 33 34 33 34 35 2C 31 30 30 30 30 2C 31 30 30 30 30 2C 31 30 30 30 30 2C 31 30 30 30 30 2C 30 2C 30 2A 33 33 0D 0A 
[   COM12] [16:55:57:461] D3 00 05 FE A0 00 A8 5A C2 2E 06 0D 0A 
[   COM12] [16:55:57:461] D3 00 03 FE A0 01 FA 8D 7A 0D 0A 
[   COM12] [16:55:57:462] D3 00 30 FE A0 02 A8 5A 00 00 00 26 00 C8 00 00 1D B0 00 09 00 00 1D B0 00 00 00 00 01 00 00 00 00 00 00 00 00 00 00 00 00 00 00 00 00 00 00 00 00 00 00 30 1C 8D 0D 0A 
[   COM12] [16:55:57:653] D3 00 03 43 50 00 8D 44 BE 0D 0A 
[   COM12] [16:55:57:658] D3 00 A3 FE A0 FF 01 FF FF FF FF FF FF 00 80 00 00 00 00 00 00 00 80 00 00 00 00 00 00 00 80 00 00 00 80 00 00 00 80 00 00 00 00 00 00 00 80 00 00 00 00 00 00 00 80 00 00 00 00 00 00 00 00 80 00 00 00 80 00 00 00 80 00 00 00 80 00 00 00 FF FF FF FF FF FF FF FF FF FF FF FF FF FF FF FF FF FF FF FF FF FF FF FF FF FF FF FF FF FF FF FF FF FF FF FF FF FF FF FF FF FF FF FF FF FF FF FF FF FF FF FF 80 00 00 00 80 00 00 00 FF FF FF FF FF FF FF FF FF FF FF FF FF 00 00 00 00 00 00 00 00 00 23 72 00 00 00 AD FB 9E D3 00 0E FE A0 FE 01 FF FF FF FF FF FF 00 00 00 00 4D 91 3A D3 00 39 FE A0 F9 01 05 00 00 00 00 00 00 00 00 00 00 FF FF FF FF FF FF FF FF FF FF FF FF FF FF FF FF FF FF FF FF FF FF FF FF FF FF FF FF FF FF 00 00 00 00 FF FF FF FF 00 00 00 00 00 54 87 D3 00 1F FE A0 E6 02 FF FF FF FF FF FF 00 02 00 3A 01 55 04 00 2F F6 01 31 3D 02 22 6B 03 85 06 23 00 D9 51 3F 0D 0A 
[   COM12] [16:55:57:658] 24 47 4E 52 4D 43 2C 2C 56 2C 2C 2C 2C 2C 2C 2C 2C 2C 2C 4E 2C 56 2A 33 37 0D 0A 
[   COM12] [16:55:57:659] 24 47 4E 47 47 41 2C 2C 2C 2C 2C 2C 30 2C 30 30 2C 39 39 2E 39 39 2C 2C 2C 2C 2C 2C 2A 35 36 0D 0A 
[   COM12] [16:55:57:660] 24 47 4E 54 58 54 2C 30 31 2C 30 31 2C 30 31 2C 30 2C 30 30 30 30 30 30 2C 30 30 30 30 2C 30 30 30 30 2C 30 30 30 30 2C 30 2E 30 30 30 2C 30 2C 30 30 30 33 46 37 45 45 30 31 42 38 46 42 37 37 2C 31 2C 33 2C 30 2C 30 2C 30 30 30 30 2C 30 2C 30 2C 30 2C 31 34 38 2C 31 34 38 2C 30 30 30 30 30 30 30 30 2C 30 30 30 30 30 30 30 30 2A 36 44 0D 0A 
[   COM12] [16:55:57:661] 24 50 4E 4F 49 53 45 2C 35 38 2C 38 35 2C 31 32 32 37 38 2C 31 32 36 30 35 2C 38 38 31 31 2C 33 34 30 35 34 2C 31 30 30 30 30 2C 31 30 30 30 30 2C 31 30 30 30 30 2C 31 30 30 30 30 2C 30 2C 30 2A 33 36 0D 0A 
[   COM12] [16:55:57:661] D3 00 05 FE A0 00 A8 5A C2 2E 06 0D 0A 
[   COM12] [16:55:57:661] D3 00 03 FE A0 01 FA 8D 7A 0D 0A 
[   COM12] [16:55:57:662] D3 00 30 FE A0 02 A8 5A 00 00 00 27 00 C8 00 00 1E 78 00 09 00 00 1E 78 00 00 00 00 02 00 00 00 00 00 00 00 00 00 00 00 00 00 00 00 00 00 00 00 00 00 00 E9 35 38 0D 0A 
[   COM12] [16:55:57:853] D3 00 03 43 50 00 8D 44 BE 0D 0A 
[   COM12] [16:55:57:858] D3 00 A3 FE A0 FF 01 FF FF FF FF FF FF 00 80 00 00 00 00 00 00 00 80 00 00 00 00 00 00 00 80 00 00 00 80 00 00 00 80 00 00 00 00 00 00 00 80 00 00 00 00 00 00 00 80 00 00 00 00 00 00 00 00 80 00 00 00 80 00 00 00 80 00 00 00 80 00 00 00 FF FF FF FF FF FF FF FF FF FF FF FF FF FF FF FF FF FF FF FF FF FF FF FF FF FF FF FF FF FF FF FF FF FF FF FF FF FF FF FF FF FF FF FF FF FF FF FF FF FF FF FF 80 00 00 00 80 00 00 00 FF FF FF FF FF FF FF FF FF FF FF FF FF 00 00 00 00 00 00 00 00 00 23 72 00 00 00 AD FB 9E D3 00 0E FE A0 FE 01 FF FF FF FF FF FF 00 00 00 00 4D 91 3A D3 00 39 FE A0 F9 01 05 00 00 00 00 00 00 00 00 00 00 FF FF FF FF FF FF FF FF FF FF FF FF FF FF FF FF FF FF FF FF FF FF FF FF FF FF FF FF FF FF 00 00 00 00 FF FF FF FF 00 00 00 00 00 54 87 D3 00 1F FE A0 E6 02 FF FF FF FF FF FF 00 02 00 3A 01 54 04 00 2F FA 01 31 19 02 22 7D 03 84 CE 23 00 48 D9 6B 0D 0A 
[   COM12] [16:55:57:858] 24 47 4E 52 4D 43 2C 2C 56 2C 2C 2C 2C 2C 2C 2C 2C 2C 2C 4E 2C 56 2A 33 37 0D 0A 
[   COM12] [16:55:57:859] 24 47 4E 47 47 41 2C 2C 2C 2C 2C 2C 30 2C 30 30 2C 39 39 2E 39 39 2C 2C 2C 2C 2C 2C 2A 35 36 0D 0A 
[   COM12] [16:55:57:860] 24 47 4E 54 58 54 2C 30 31 2C 30 31 2C 30 31 2C 30 2C 30 30 30 30 30 30 2C 30 30 30 30 2C 30 30 30 30 2C 30 30 30 30 2C 30 2E 30 30 30 2C 30 2C 30 30 30 33 46 37 45 45 30 31 42 38 46 42 37 37 2C 31 2C 33 2C 30 2C 30 2C 30 30 30 30 2C 30 2C 30 2C 30 2C 31 34 38 2C 31 34 38 2C 30 30 30 30 30 30 30 30 2C 30 30 30 30 30 30 30 30 2A 36 44 0D 0A 
[   COM12] [16:55:57:861] 24 50 4E 4F 49 53 45 2C 35 38 2C 38 34 2C 31 32 32 38 32 2C 31 32 35 36 39 2C 38 38 32 39 2C 33 33 39 39 38 2C 31 30 30 30 30 2C 31 30 30 30 30 2C 31 30 30 30 30 2C 31 30 30 30 30 2C 30 2C 30 2A 33 45 0D 0A 
[   COM12] [16:55:57:861] D3 00 05 FE A0 00 A8 5A C2 2E 06 0D 0A 
[   COM12] [16:55:57:861] D3 00 03 FE A0 01 FA 8D 7A 0D 0A 
[   COM12] [16:55:57:862] D3 00 30 FE A0 02 A8 5A 00 00 00 28 00 C8 00 00 1F 40 00 09 00 00 1F 40 00 00 00 00 00 00 00 00 00 00 00 00 00 00 00 00 00 00 00 00 00 00 00 00 00 00 00 27 17 D9 0D 0A 
[   COM12] [16:55:58:053] D3 00 03 43 50 00 8D 44 BE 0D 0A 
[   COM12] [16:55:58:075] D3 00 A3 FE A0 FF 01 FF FF FF FF FF FF 00 80 00 00 00 00 00 00 00 80 00 00 00 00 00 00 00 80 00 00 00 80 00 00 00 80 00 00 00 00 00 00 00 80 00 00 00 00 00 00 00 80 00 00 00 00 00 00 00 00 80 00 00 00 80 00 00 00 80 00 00 00 80 00 00 00 FF FF FF FF FF FF FF FF FF FF FF FF FF FF FF FF FF FF FF FF FF FF FF FF FF FF FF FF FF FF FF FF FF FF FF FF FF FF FF FF FF FF FF FF FF FF FF FF FF FF FF FF 80 00 00 00 80 00 00 00 FF FF FF FF FF FF FF FF FF FF FF FF FF 00 00 00 00 00 00 00 00 00 23 72 00 00 00 AD FB 9E D3 00 85 FE A0 FC 01 01 00 00 00 00 00 00 00 00 00 00 00 00 00 00 00 00 00 00 00 00 00 00 00 00 00 00 00 00 00 00 00 00 BF 36 FC 5E 2C CD 8A 41 0F C6 D8 D1 44 99 0D A9 E0 FC 22 4F 8C 61 AB F8 BB 6F 7C CA F6 C1 9E A0 02 AC C5 87 E3 81 A0 9E 37 8B 0B F8 DC 74 AE 3F DA FF 13 DA 9D BB 1D D0 3C 30 8A 24 15 84 09 4A 15 B0 89 8C 33 5F 8D 18 EC 03 33 45 23 1A FF E6 00 00 00 00 00 00 00 00 00 00 00 00 00 00 00 00 E7 6C 23 D3 00 0E FE A0 FE 01 FF FF FF FF FF FF 00 00 00 00 4D 91 3A D3 00 39 FE A0 F9 01 05 00 00 00 00 00 00 00 00 00 00 FF FF FF FF FF FF FF FF FF FF FF FF FF FF FF FF FF FF FF FF FF FF FF FF FF FF FF FF FF FF 00 00 00 00 FF FF FF FF 00 00 00 00 00 54 87 D3 00 12 FE A0 E9 01 FF FF FF FF FF FF 01 01 01 01 00 00 00 00 E9 3F 2A D3 00 1F FE A0 E6 02 FF FF FF FF FF FF 00 02 00 3A 01 54 04 00 30 DC 01 31 30 02 22 7D 03 87 68 23 00 9E E0 54 0D 0A 
[   COM12] [16:55:58:076] 24 47 4E 52 4D 43 2C 2C 56 2C 2C 2C 2C 2C 2C 2C 2C 2C 2C 4E 2C 56 2A 33 37 0D 0A 
[   COM12] [16:55:58:076] 24 47 4E 47 47 41 2C 2C 2C 2C 2C 2C 30 2C 30 30 2C 39 39 2E 39 39 2C 2C 2C 2C 2C 2C 2A 35 36 0D 0A 
[   COM12] [16:55:58:077] 24 47 4E 47 53 41 2C 41 2C 31 2C 2C 2C 2C 2C 2C 2C 2C 2C 2C 2C 2C 2C 39 39 2E 39 39 2C 39 39 2E 39 39 2C 39 39 2E 39 39 2C 31 2A 33 33 0D 0A 
[   COM12] [16:55:58:077] 24 47 4E 47 53 41 2C 41 2C 31 2C 2C 2C 2C 2C 2C 2C 2C 2C 2C 2C 2C 2C 39 39 2E 39 39 2C 39 39 2E 39 39 2C 39 39 2E 39 39 2C 34 2A 33 36 0D 0A 
[   COM12] [16:55:58:078] 24 47 4E 47 53 41 2C 41 2C 31 2C 2C 2C 2C 2C 2C 2C 2C 2C 2C 2C 2C 2C 39 39 2E 39 39 2C 39 39 2E 39 39 2C 39 39 2E 39 39 2C 33 2A 33 31 0D 0A 
[   COM12] [16:55:58:078] 24 47 4E 47 53 41 2C 41 2C 31 2C 2C 2C 2C 2C 2C 2C 2C 2C 2C 2C 2C 2C 39 39 2E 39 39 2C 39 39 2E 39 39 2C 39 39 2E 39 39 2C 32 2A 33 30 0D 0A 
[   COM12] [16:55:58:079] 24 47 4E 47 53 41 2C 41 2C 31 2C 2C 2C 2C 2C 2C 2C 2C 2C 2C 2C 2C 2C 39 39 2E 39 39 2C 39 39 2E 39 39 2C 39 39 2E 39 39 2C 35 2A 33 37 0D 0A 
[   COM12] [16:55:58:079] 24 47 50 47 53 56 2C 31 2C 31 2C 30 30 2C 31 2A 36 34 0D 0A 
[   COM12] [16:55:58:079] 24 47 50 47 53 56 2C 31 2C 31 2C 30 30 2C 38 2A 36 44 0D 0A 
[   COM12] [16:55:58:080] 24 47 42 47 53 56 2C 31 2C 31 2C 30 30 2C 31 2A 37 36 0D 0A 
[   COM12] [16:55:58:080] 24 47 42 47 53 56 2C 31 2C 31 2C 30 30 2C 35 2A 37 32 0D 0A 
[   COM12] [16:55:58:080] 24 47 41 47 53 56 2C 31 2C 31 2C 30 30 2C 37 2A 37 33 0D 0A 
[   COM12] [16:55:58:080] 24 47 41 47 53 56 2C 31 2C 31 2C 30 30 2C 31 2A 37 35 0D 0A 
[   COM12] [16:55:58:080] 24 47 4C 47 53 56 2C 31 2C 31 2C 30 30 2C 31 2A 37 38 0D 0A 
[   COM12] [16:55:58:081] 24 47 51 47 53 56 2C 31 2C 31 2C 30 30 2C 31 2A 36 35 0D 0A 
[   COM12] [16:55:58:081] 24 47 51 47 53 56 2C 31 2C 31 2C 30 30 2C 38 2A 36 43 0D 0A 
[   COM12] [16:55:58:082] 24 47 4E 54 58 54 2C 30 31 2C 30 31 2C 30 31 2C 30 2C 30 30 30 30 30 30 2C 30 30 30 30 2C 30 30 30 30 2C 30 30 30 30 2C 30 2E 30 30 30 2C 30 2C 30 30 30 33 46 37 45 45 30 31 42 38 46 42 37 37 2C 31 2C 33 2C 30 2C 30 2C 30 30 30 30 2C 30 2C 30 2C 30 2C 31 34 38 2C 31 34 38 2C 30 30 30 30 30 30 30 30 2C 30 30 30 30 30 30 30 30 2A 36 44 0D 0A 
[   COM12] [16:55:58:083] 24 50 4E 4F 49 53 45 2C 35 38 2C 38 34 2C 31 32 35 30 38 2C 31 32 35 39 32 2C 38 38 32 39 2C 33 34 36 36 34 2C 31 30 30 30 30 2C 31 30 30 30 30 2C 31 30 30 30 30 2C 31 30 30 30 30 2C 30 2C 30 2A 33 34 0D 0A 
[   COM12] [16:55:58:083] D3 00 05 FE A0 00 A8 5A C2 2E 06 0D 0A 
[   COM12] [16:55:58:084] D3 00 03 FE A0 01 FA 8D 7A 0D 0A 
[   COM12] [16:55:58:084] D3 00 30 FE A0 02 A8 5A 00 00 00 29 00 C8 00 00 20 08 00 09 00 00 20 08 00 00 00 00 01 00 00 00 00 00 00 00 00 00 00 00 00 00 00 00 00 00 00 00 00 00 00 65 64 74 0D 0A 
[   COM12] [16:55:58:253] D3 00 03 43 50 00 8D 44 BE 0D 0A 
[   COM12] [16:55:58:258] D3 00 A3 FE A0 FF 01 FF FF FF FF FF FF 00 80 00 00 00 00 00 00 00 80 00 00 00 00 00 00 00 80 00 00 00 80 00 00 00 80 00 00 00 00 00 00 00 80 00 00 00 00 00 00 00 80 00 00 00 00 00 00 00 00 80 00 00 00 80 00 00 00 80 00 00 00 80 00 00 00 FF FF FF FF FF FF FF FF FF FF FF FF FF FF FF FF FF FF FF FF FF FF FF FF FF FF FF FF FF FF FF FF FF FF FF FF FF FF FF FF FF FF FF FF FF FF FF FF FF FF FF FF 80 00 00 00 80 00 00 00 FF FF FF FF FF FF FF FF FF FF FF FF FF 00 00 00 00 00 00 00 00 00 23 72 00 00 00 AD FB 9E D3 00 0E FE A0 FE 01 FF FF FF FF FF FF 00 00 00 00 4D 91 3A D3 00 39 FE A0 F9 01 05 00 00 00 00 00 00 00 00 00 00 FF FF FF FF FF FF FF FF FF FF FF FF FF FF FF FF FF FF FF FF FF FF FF FF FF FF FF FF FF FF 00 00 00 00 FF FF FF FF 00 00 00 00 00 54 87 D3 00 1F FE A0 E6 02 FF FF FF FF FF FF 00 02 00 3A 01 55 04 00 31 C0 01 31 20 02 22 72 03 87 0D 23 00 32 C5 21 0D 0A 
[   COM12] [16:55:58:258] 24 47 4E 52 4D 43 2C 2C 56 2C 2C 2C 2C 2C 2C 2C 2C 2C 2C 4E 2C 56 2A 33 37 0D 0A 
[   COM12] [16:55:58:259] 24 47 4E 47 47 41 2C 2C 2C 2C 2C 2C 30 2C 30 30 2C 39 39 2E 39 39 2C 2C 2C 2C 2C 2C 2A 35 36 0D 0A 
[   COM12] [16:55:58:260] 24 47 4E 54 58 54 2C 30 31 2C 30 31 2C 30 31 2C 30 2C 30 30 30 30 30 30 2C 30 30 30 30 2C 30 30 30 30 2C 30 30 30 30 2C 30 2E 30 30 30 2C 30 2C 30 30 30 33 46 37 45 45 30 31 42 38 46 42 37 37 2C 31 2C 31 38 2C 30 2C 30 2C 30 30 30 30 2C 30 2C 30 2C 30 2C 31 34 38 2C 31 34 38 2C 30 30 30 30 30 30 30 30 2C 30 30 30 30 30 30 30 30 2A 35 37 0D 0A 
[   COM12] [16:55:58:261] 24 50 4E 4F 49 53 45 2C 35 38 2C 38 35 2C 31 32 37 33 36 2C 31 32 35 37 36 2C 38 38 31 38 2C 33 34 35 37 33 2C 31 30 30 30 30 2C 31 30 30 30 30 2C 31 30 30 30 30 2C 31 30 30 30 30 2C 30 2C 30 2A 33 37 0D 0A 
[   COM12] [16:55:58:261] D3 00 05 FE A0 00 A8 5A C2 2E 06 0D 0A 
[   COM12] [16:55:58:261] D3 00 03 FE A0 01 FA 8D 7A 0D 0A 
[   COM12] [16:55:58:262] D3 00 30 FE A0 02 A8 5A 00 00 00 2A 00 C8 00 00 20 D0 00 09 00 00 20 D0 00 00 00 00 02 00 00 00 00 00 00 00 00 00 00 00 00 00 00 00 00 00 00 00 00 00 00 C9 FD 2E 0D 0A 
[   COM12] [16:55:58:453] D3 00 03 43 50 00 8D 44 BE 0D 0A 
[   COM12] [16:55:58:458] D3 00 A3 FE A0 FF 01 FF FF FF FF FF FF 00 80 00 00 00 00 00 00 00 80 00 00 00 00 00 00 00 80 00 00 00 80 00 00 00 80 00 00 00 00 00 00 00 80 00 00 00 00 00 00 00 80 00 00 00 00 00 00 00 00 80 00 00 00 80 00 00 00 80 00 00 00 80 00 00 00 FF FF FF FF FF FF FF FF FF FF FF FF FF FF FF FF FF FF FF FF FF FF FF FF FF FF FF FF FF FF FF FF FF FF FF FF FF FF FF FF FF FF FF FF FF FF FF FF FF FF FF FF 80 00 00 00 80 00 00 00 FF FF FF FF FF FF FF FF FF FF FF FF FF 00 00 00 00 00 00 00 00 00 23 72 00 00 00 AD FB 9E D3 00 0E FE A0 FE 01 FF FF FF FF FF FF 00 00 00 00 4D 91 3A D3 00 39 FE A0 F9 01 05 00 00 00 00 00 00 00 00 00 00 FF FF FF FF FF FF FF FF FF FF FF FF FF FF FF FF FF FF FF FF FF FF FF FF FF FF FF FF FF FF 00 00 00 00 FF FF FF FF 00 00 00 00 00 54 87 D3 00 1F FE A0 E6 02 FF FF FF FF FF FF 00 02 00 39 01 55 04 00 32 9B 01 30 E7 02 22 6D 03 87 A7 23 00 5C FE 18 0D 0A 
[   COM12] [16:55:58:458] 24 47 4E 52 4D 43 2C 2C 56 2C 2C 2C 2C 2C 2C 2C 2C 2C 2C 4E 2C 56 2A 33 37 0D 0A 
[   COM12] [16:55:58:458] 24 47 4E 47 47 41 2C 2C 2C 2C 2C 2C 30 2C 30 30 2C 39 39 2E 39 39 2C 2C 2C 2C 2C 2C 2A 35 36 0D 0A 
[   COM12] [16:55:58:460] 24 47 4E 54 58 54 2C 30 31 2C 30 31 2C 30 31 2C 30 2C 30 30 30 30 30 30 2C 30 30 30 30 2C 30 30 30 30 2C 30 30 30 30 2C 30 2E 30 30 30 2C 30 2C 30 30 30 33 46 37 45 45 30 31 42 38 46 42 37 37 2C 31 2C 33 2C 30 2C 30 2C 30 30 30 30 2C 30 2C 30 2C 30 2C 31 34 38 2C 31 34 38 2C 30 30 30 30 30 30 30 30 2C 30 30 30 30 30 30 30 30 2A 36 44 0D 0A 
[   COM12] [16:55:58:461] 24 50 4E 4F 49 53 45 2C 35 37 2C 38 35 2C 31 32 39 35 35 2C 31 32 35 31 39 2C 38 38 31 33 2C 33 34 37 32 37 2C 31 30 30 30 30 2C 31 30 30 30 30 2C 31 30 30 30 30 2C 31 30 30 30 30 2C 30 2C 30 2A 33 32 0D 0A 
[   COM12] [16:55:58:461] D3 00 05 FE A0 00 A8 5A C2 2E 06 0D 0A 
[   COM12] [16:55:58:461] D3 00 03 FE A0 01 FA 8D 7A 0D 0A 
[   COM12] [16:55:58:462] D3 00 30 FE A0 02 A8 5A 00 00 00 2B 00 C8 00 00 21 98 00 09 00 00 21 98 00 00 00 00 00 00 00 00 00 00 00 00 00 00 00 00 00 00 00 00 00 00 00 00 00 00 00 F3 53 DF 0D 0A 
[   COM12] [16:55:58:653] D3 00 03 43 50 00 8D 44 BE 0D 0A 
[   COM12] [16:55:58:659] D3 00 A3 FE A0 FF 01 FF FF FF FF FF FF 00 80 00 00 00 00 00 00 00 80 00 00 00 00 00 00 00 80 00 00 00 80 00 00 00 80 00 00 00 00 00 00 00 80 00 00 00 00 00 00 00 80 00 00 00 00 00 00 00 00 80 00 00 00 80 00 00 00 80 00 00 00 80 00 00 00 FF FF FF FF FF FF FF FF FF FF FF FF FF FF FF FF FF FF FF FF FF FF FF FF FF FF FF FF FF FF FF FF FF FF FF FF FF FF FF FF FF FF FF FF FF FF FF FF FF FF FF FF 80 00 00 00 80 00 00 00 FF FF FF FF FF FF FF FF FF FF FF FF FF 00 00 00 00 00 00 00 00 00 23 72 00 00 00 AD FB 9E D3 00 0E FE A0 FE 01 FF FF FF FF FF FF 00 00 00 00 4D 91 3A D3 00 39 FE A0 F9 01 05 00 00 00 00 00 00 00 00 00 00 FF FF FF FF FF FF FF FF FF FF FF FF FF FF FF FF FF FF FF FF FF FF FF FF FF FF FF FF FF FF 00 00 00 00 FF FF FF FF 00 00 00 00 00 54 87 D3 00 1F FE A0 E6 02 FF FF FF FF FF FF 00 02 00 3A 01 55 04 00 32 73 01 31 2B 02 22 6D 03 87 F6 23 00 0A 16 00 0D 0A 
[   COM12] [16:55:58:659] 24 47 4E 52 4D 43 2C 2C 56 2C 2C 2C 2C 2C 2C 2C 2C 2C 2C 4E 2C 56 2A 33 37 0D 0A 
[   COM12] [16:55:58:659] 24 47 4E 47 47 41 2C 2C 2C 2C 2C 2C 30 2C 30 30 2C 39 39 2E 39 39 2C 2C 2C 2C 2C 2C 2A 35 36 0D 0A 
[   COM12] [16:55:58:660] 24 47 4E 54 58 54 2C 30 31 2C 30 31 2C 30 31 2C 30 2C 30 30 30 30 30 30 2C 30 30 30 30 2C 30 30 30 30 2C 30 30 30 30 2C 30 2E 30 30 30 2C 30 2C 30 30 30 33 46 37 45 45 30 31 42 38 46 42 37 37 2C 31 2C 33 2C 30 2C 30 2C 30 30 30 30 2C 30 2C 30 2C 30 2C 31 34 38 2C 31 34 38 2C 30 30 30 30 30 30 30 30 2C 30 30 30 30 30 30 30 30 2A 36 44 0D 0A 
[   COM12] [16:55:58:661] 24 50 4E 4F 49 53 45 2C 35 38 2C 38 35 2C 31 32 39 31 35 2C 31 32 35 38 37 2C 38 38 31 33 2C 33 34 38 30 36 2C 31 30 30 30 30 2C 31 30 30 30 30 2C 31 30 30 30 30 2C 31 30 30 30 30 2C 30 2C 30 2A 33 32 0D 0A 
[   COM12] [16:55:58:661] D3 00 05 FE A0 00 A8 5A C2 2E 06 0D 0A 
[   COM12] [16:55:58:661] D3 00 03 FE A0 01 FA 8D 7A 0D 0A 
[   COM12] [16:55:58:662] D3 00 30 FE A0 02 A8 5A 00 00 00 2C 00 C8 00 00 22 60 00 09 00 00 22 60 00 00 00 00 01 00 00 00 00 00 00 00 00 00 00 00 00 00 00 00 00 00 00 00 00 00 00 F5 E9 28 0D 0A 
[   COM12] [16:55:58:853] D3 00 03 43 50 00 8D 44 BE 0D 0A 
[   COM12] [16:55:58:858] D3 00 A3 FE A0 FF 01 FF FF FF FF FF FF 00 80 00 00 00 00 00 00 00 80 00 00 00 00 00 00 00 80 00 00 00 80 00 00 00 80 00 00 00 00 00 00 00 80 00 00 00 00 00 00 00 80 00 00 00 00 00 00 00 00 80 00 00 00 80 00 00 00 80 00 00 00 80 00 00 00 FF FF FF FF FF FF FF FF FF FF FF FF FF FF FF FF FF FF FF FF FF FF FF FF FF FF FF FF FF FF FF FF FF FF FF FF FF FF FF FF FF FF FF FF FF FF FF FF FF FF FF FF 80 00 00 00 80 00 00 00 FF FF FF FF FF FF FF FF FF FF FF FF FF 00 00 00 00 00 00 00 00 00 23 72 00 00 00 AD FB 9E D3 00 0E FE A0 FE 01 FF FF FF FF FF FF 00 00 00 00 4D 91 3A D3 00 39 FE A0 F9 01 05 00 00 00 00 00 00 00 00 00 00 FF FF FF FF FF FF FF FF FF FF FF FF FF FF FF FF FF FF FF FF FF FF FF FF FF FF FF FF FF FF 00 00 00 00 FF FF FF FF 00 00 00 00 00 54 87 D3 00 1F FE A0 E6 02 FF FF FF FF FF FF 00 02 00 3A 01 55 04 00 32 5C 01 30 E2 02 22 83 03 88 2F 23 00 08 1B A7 0D 0A 
[   COM12] [16:55:58:858] 24 47 4E 52 4D 43 2C 2C 56 2C 2C 2C 2C 2C 2C 2C 2C 2C 2C 4E 2C 56 2A 33 37 0D 0A 
[   COM12] [16:55:58:859] 24 47 4E 47 47 41 2C 2C 2C 2C 2C 2C 30 2C 30 30 2C 39 39 2E 39 39 2C 2C 2C 2C 2C 2C 2A 35 36 0D 0A 
[   COM12] [16:55:58:860] 24 47 4E 54 58 54 2C 30 31 2C 30 31 2C 30 31 2C 30 2C 30 30 30 30 30 30 2C 30 30 30 30 2C 30 30 30 30 2C 30 30 30 30 2C 30 2E 30 30 30 2C 30 2C 30 30 30 33 46 37 45 45 30 31 42 38 46 42 37 37 2C 31 2C 33 2C 30 2C 30 2C 30 30 30 30 2C 30 2C 30 2C 30 2C 31 34 38 2C 31 34 38 2C 30 30 30 30 30 30 30 30 2C 30 30 30 30 30 30 30 30 2A 36 44 0D 0A 
[   COM12] [16:55:58:861] 24 50 4E 4F 49 53 45 2C 35 38 2C 38 35 2C 31 32 38 39 32 2C 31 32 35 31 34 2C 38 38 33 35 2C 33 34 38 36 33 2C 31 30 30 30 30 2C 31 30 30 30 30 2C 31 30 30 30 30 2C 31 30 30 30 30 2C 30 2C 30 2A 33 31 0D 0A 
[   COM12] [16:55:58:861] D3 00 05 FE A0 00 A8 5A C2 2E 06 0D 0A 
[   COM12] [16:55:58:861] D3 00 03 FE A0 01 FA 8D 7A 0D 0A 
[   COM12] [16:55:58:862] D3 00 30 FE A0 02 A8 5A 00 00 00 2D 00 C8 00 00 23 28 00 09 00 00 23 28 00 00 00 00 02 00 00 00 00 00 00 00 00 00 00 00 00 00 00 00 00 00 00 00 00 00 00 94 7B 10 0D 0A 
[   COM12] [16:55:59:053] D3 00 03 43 50 00 8D 44 BE 0D 0A 
[   COM12] [16:55:59:075] D3 00 A3 FE A0 FF 01 FF FF FF FF FF FF 00 80 00 00 00 00 00 00 00 80 00 00 00 00 00 00 00 80 00 00 00 80 00 00 00 80 00 00 00 00 00 00 00 80 00 00 00 00 00 00 00 80 00 00 00 00 00 00 00 00 80 00 00 00 80 00 00 00 80 00 00 00 80 00 00 00 FF FF FF FF FF FF FF FF FF FF FF FF FF FF FF FF FF FF FF FF FF FF FF FF FF FF FF FF FF FF FF FF FF FF FF FF FF FF FF FF FF FF FF FF FF FF FF FF FF FF FF FF 80 00 00 00 80 00 00 00 FF FF FF FF FF FF FF FF FF FF FF FF FF 00 00 00 00 00 00 00 00 00 23 72 00 00 00 AD FB 9E D3 00 85 FE A0 FC 01 01 00 00 00 00 00 00 00 00 00 00 00 00 00 00 00 00 00 00 00 00 00 00 00 00 00 00 00 00 00 00 00 00 BF 36 FC 5E 2C CD 8A 41 0F C6 D8 D1 44 99 0D A9 E0 FC 22 4F 8C 61 AB F8 BB 6F 7C CA F6 C1 9E A0 7F 1C 62 67 DF 84 6B A0 D8 6F 2A F0 6F C4 D6 37 E7 89 32 80 FE D4 01 F0 37 F0 A1 2F 9E 95 E1 BB 61 91 FE 5F BA DE 7A 5C F7 CE B4 9F BD 90 4E 72 00 00 00 00 00 00 00 00 00 00 00 00 00 00 00 00 09 4C 8F D3 00 0E FE A0 FE 01 FF FF FF FF FF FF 00 00 00 00 4D 91 3A D3 00 39 FE A0 F9 01 05 00 00 00 00 00 00 00 00 00 00 FF FF FF FF FF FF FF FF FF FF FF FF FF FF FF FF FF FF FF FF FF FF FF FF FF FF FF FF FF FF 00 00 00 00 FF FF FF FF 00 00 00 00 00 54 87 D3 00 12 FE A0 E9 01 FF FF FF FF FF FF 01 01 01 01 00 00 00 00 E9 3F 2A D3 00 1F FE A0 E6 02 FF FF FF FF FF FF 00 02 00 3A 01 55 04 00 32 33 01 30 CD 02 22 AC 03 88 34 23 00 31 2A 8D 0D 0A 
[   COM12] [16:55:59:076] 24 47 4E 52 4D 43 2C 2C 56 2C 2C 2C 2C 2C 2C 2C 2C 2C 2C 4E 2C 56 2A 33 37 0D 0A 
[   COM12] [16:55:59:076] 24 47 4E 47 47 41 2C 2C 2C 2C 2C 2C 30 2C 30 30 2C 39 39 2E 39 39 2C 2C 2C 2C 2C 2C 2A 35 36 0D 0A 
[   COM12] [16:55:59:077] 24 47 4E 47 53 41 2C 41 2C 31 2C 2C 2C 2C 2C 2C 2C 2C 2C 2C 2C 2C 2C 39 39 2E 39 39 2C 39 39 2E 39 39 2C 39 39 2E 39 39 2C 31 2A 33 33 0D 0A 
[   COM12] [16:55:59:077] 24 47 4E 47 53 41 2C 41 2C 31 2C 2C 2C 2C 2C 2C 2C 2C 2C 2C 2C 2C 2C 39 39 2E 39 39 2C 39 39 2E 39 39 2C 39 39 2E 39 39 2C 34 2A 33 36 0D 0A 
[   COM12] [16:55:59:078] 24 47 4E 47 53 41 2C 41 2C 31 2C 2C 2C 2C 2C 2C 2C 2C 2C 2C 2C 2C 2C 39 39 2E 39 39 2C 39 39 2E 39 39 2C 39 39 2E 39 39 2C 33 2A 33 31 0D 0A 
[   COM12] [16:55:59:078] 24 47 4E 47 53 41 2C 41 2C 31 2C 2C 2C 2C 2C 2C 2C 2C 2C 2C 2C 2C 2C 39 39 2E 39 39 2C 39 39 2E 39 39 2C 39 39 2E 39 39 2C 32 2A 33 30 0D 0A 
[   COM12] [16:55:59:079] 24 47 4E 47 53 41 2C 41 2C 31 2C 2C 2C 2C 2C 2C 2C 2C 2C 2C 2C 2C 2C 39 39 2E 39 39 2C 39 39 2E 39 39 2C 39 39 2E 39 39 2C 35 2A 33 37 0D 0A 
[   COM12] [16:55:59:079] 24 47 50 47 53 56 2C 31 2C 31 2C 30 30 2C 31 2A 36 34 0D 0A 
[   COM12] [16:55:59:079] 24 47 50 47 53 56 2C 31 2C 31 2C 30 30 2C 38 2A 36 44 0D 0A 
[   COM12] [16:55:59:079] 24 47 42 47 53 56 2C 31 2C 31 2C 30 30 2C 31 2A 37 36 0D 0A 
[   COM12] [16:55:59:080] 24 47 42 47 53 56 2C 31 2C 31 2C 30 30 2C 35 2A 37 32 0D 0A 
[   COM12] [16:55:59:080] 24 47 41 47 53 56 2C 31 2C 31 2C 30 30 2C 37 2A 37 33 0D 0A 
[   COM12] [16:55:59:080] 24 47 41 47 53 56 2C 31 2C 31 2C 30 30 2C 31 2A 37 35 0D 0A 
[   COM12] [16:55:59:081] 24 47 4C 47 53 56 2C 31 2C 31 2C 30 30 2C 31 2A 37 38 0D 0A 
[   COM12] [16:55:59:081] 24 47 51 47 53 56 2C 31 2C 31 2C 30 30 2C 31 2A 36 35 0D 0A 
[   COM12] [16:55:59:081] 24 47 51 47 53 56 2C 31 2C 31 2C 30 30 2C 38 2A 36 43 0D 0A 
[   COM12] [16:55:59:082] 24 47 4E 54 58 54 2C 30 31 2C 30 31 2C 30 31 2C 30 2C 30 30 30 30 30 30 2C 30 30 30 30 2C 30 30 30 30 2C 30 30 30 30 2C 30 2E 30 30 30 2C 30 2C 30 30 30 33 46 37 45 45 30 31 42 38 46 42 37 37 2C 31 2C 33 2C 30 2C 30 2C 30 30 30 30 2C 30 2C 30 2C 30 2C 31 34 38 2C 31 34 38 2C 30 30 30 30 30 30 30 30 2C 30 30 30 30 30 30 30 30 2A 36 44 0D 0A 
[   COM12] [16:55:59:083] 24 50 4E 4F 49 53 45 2C 35 38 2C 38 35 2C 31 32 38 35 31 2C 31 32 34 39 33 2C 38 38 37 36 2C 33 34 38 36 38 2C 31 30 30 30 30 2C 31 30 30 30 30 2C 31 30 30 30 30 2C 31 30 30 30 30 2C 30 2C 30 2A 33 43 0D 0A 
[   COM12] [16:55:59:083] D3 00 05 FE A0 00 A8 5A C2 2E 06 0D 0A 
[   COM12] [16:55:59:083] D3 00 03 FE A0 01 FA 8D 7A 0D 0A 
[   COM12] [16:55:59:084] D3 00 30 FE A0 02 A8 5A 00 00 00 2E 00 C8 00 00 23 F0 00 09 00 00 23 F0 00 00 00 00 00 00 00 00 00 00 00 00 00 00 00 00 00 00 00 00 00 00 00 00 00 00 00 63 DE 83 0D 0A 
[   COM12] [16:55:59:253] D3 00 03 43 50 00 8D 44 BE 0D 0A 
[   COM12] [16:55:59:258] D3 00 A3 FE A0 FF 01 FF FF FF FF FF FF 00 80 00 00 00 00 00 00 00 80 00 00 00 00 00 00 00 80 00 00 00 80 00 00 00 80 00 00 00 00 00 00 00 80 00 00 00 00 00 00 00 80 00 00 00 00 00 00 00 00 80 00 00 00 80 00 00 00 80 00 00 00 80 00 00 00 FF FF FF FF FF FF FF FF FF FF FF FF FF FF FF FF FF FF FF FF FF FF FF FF FF FF FF FF FF FF FF FF FF FF FF FF FF FF FF FF FF FF FF FF FF FF FF FF FF FF FF FF 80 00 00 00 80 00 00 00 FF FF FF FF FF FF FF FF FF FF FF FF FF 00 00 00 00 00 00 00 00 00 23 72 00 00 00 AD FB 9E D3 00 0E FE A0 FE 01 FF FF FF FF FF FF 00 00 00 00 4D 91 3A D3 00 39 FE A0 F9 01 05 00 00 00 00 00 00 00 00 00 00 FF FF FF FF FF FF FF FF FF FF FF FF FF FF FF FF FF FF FF FF FF FF FF FF FF FF FF FF FF FF 00 00 00 00 FF FF FF FF 00 00 00 00 00 54 87 D3 00 1F FE A0 E6 02 FF FF FF FF FF FF 00 02 00 39 01 55 04 00 31 E9 01 31 CE 02 22 A2 03 88 F4 23 00 7B C0 BF 0D 0A 
[   COM12] [16:55:59:258] 24 47 4E 52 4D 43 2C 2C 56 2C 2C 2C 2C 2C 2C 2C 2C 2C 2C 4E 2C 56 2A 33 37 0D 0A 
[   COM12] [16:55:59:258] 24 47 4E 47 47 41 2C 2C 2C 2C 2C 2C 30 2C 30 30 2C 39 39 2E 39 39 2C 2C 2C 2C 2C 2C 2A 35 36 0D 0A 
[   COM12] [16:55:59:260] 24 47 4E 54 58 54 2C 30 31 2C 30 31 2C 30 31 2C 30 2C 30 30 30 30 30 30 2C 30 30 30 30 2C 30 30 30 30 2C 30 30 30 30 2C 30 2E 30 30 30 2C 30 2C 30 30 30 33 46 37 45 45 30 31 42 38 46 42 37 37 2C 31 2C 31 38 2C 30 2C 30 2C 30 30 30 30 2C 30 2C 30 2C 30 2C 31 34 38 2C 31 34 38 2C 30 30 30 30 30 30 30 30 2C 30 30 30 30 30 30 30 30 2A 35 37 0D 0A 
[   COM12] [16:55:59:261] 24 50 4E 4F 49 53 45 2C 35 37 2C 38 35 2C 31 32 37 37 37 2C 31 32 37 35 30 2C 38 38 36 36 2C 33 35 30 36 30 2C 31 30 30 30 30 2C 31 30 30 30 30 2C 31 30 30 30 30 2C 31 30 30 30 30 2C 30 2C 30 2A 33 34 0D 0A 
[   COM12] [16:55:59:261] D3 00 05 FE A0 00 A8 5A C2 2E 06 0D 0A 
[   COM12] [16:55:59:261] D3 00 03 FE A0 01 FA 8D 7A 0D 0A 
[   COM12] [16:55:59:262] D3 00 30 FE A0 02 A8 5A 00 00 00 2F 00 C8 00 00 24 B8 00 09 00 00 24 B8 00 00 00 00 01 00 00 00 00 00 00 00 00 00 00 00 00 00 00 00 00 00 00 00 00 00 00 11 E7 97 0D 0A 
[   COM12] [16:55:59:453] D3 00 03 43 50 00 8D 44 BE 0D 0A 
[   COM12] [16:55:59:458] D3 00 A3 FE A0 FF 01 FF FF FF FF FF FF 00 80 00 00 00 00 00 00 00 80 00 00 00 00 00 00 00 80 00 00 00 80 00 00 00 80 00 00 00 00 00 00 00 80 00 00 00 00 00 00 00 80 00 00 00 00 00 00 00 00 80 00 00 00 80 00 00 00 80 00 00 00 80 00 00 00 FF FF FF FF FF FF FF FF FF FF FF FF FF FF FF FF FF FF FF FF FF FF FF FF FF FF FF FF FF FF FF FF FF FF FF FF FF FF FF FF FF FF FF FF FF FF FF FF FF FF FF FF 80 00 00 00 80 00 00 00 FF FF FF FF FF FF FF FF FF FF FF FF FF 00 00 00 00 00 00 00 00 00 23 72 00 00 00 AD FB 9E D3 00 0E FE A0 FE 01 FF FF FF FF FF FF 00 00 00 00 4D 91 3A D3 00 39 FE A0 F9 01 05 00 00 00 00 00 00 00 00 00 00 FF FF FF FF FF FF FF FF FF FF FF FF FF FF FF FF FF FF FF FF FF FF FF FF FF FF FF FF FF FF 00 00 00 00 FF FF FF FF 00 00 00 00 00 54 87 D3 00 1F FE A0 E6 02 FF FF FF FF FF FF 00 02 00 3A 01 55 04 00 32 7B 01 31 66 02 22 A2 03 89 F1 23 00 48 85 7C 0D 0A 
[   COM12] [16:55:59:458] 24 47 4E 52 4D 43 2C 2C 56 2C 2C 2C 2C 2C 2C 2C 2C 2C 2C 4E 2C 56 2A 33 37 0D 0A 
[   COM12] [16:55:59:458] 24 47 4E 47 47 41 2C 2C 2C 2C 2C 2C 30 2C 30 30 2C 39 39 2E 39 39 2C 2C 2C 2C 2C 2C 2A 35 36 0D 0A 
[   COM12] [16:55:59:460] 24 47 4E 54 58 54 2C 30 31 2C 30 31 2C 30 31 2C 30 2C 30 30 30 30 30 30 2C 30 30 30 30 2C 30 30 30 30 2C 30 30 30 30 2C 30 2E 30 30 30 2C 30 2C 30 30 30 33 46 37 45 45 30 31 42 38 46 42 37 37 2C 31 2C 33 2C 30 2C 30 2C 30 30 30 30 2C 30 2C 30 2C 30 2C 31 34 38 2C 31 34 38 2C 30 30 30 30 30 30 30 30 2C 30 30 30 30 30 30 30 30 2A 36 44 0D 0A 
[   COM12] [16:55:59:461] 24 50 4E 4F 49 53 45 2C 35 38 2C 38 35 2C 31 32 39 32 33 2C 31 32 36 34 36 2C 38 38 36 36 2C 33 35 33 31 33 2C 31 30 30 30 30 2C 31 30 30 30 30 2C 31 30 30 30 30 2C 31 30 30 30 30 2C 30 2C 30 2A 33 35 0D 0A 
[   COM12] [16:55:59:461] D3 00 05 FE A0 00 A8 5A C2 2E 06 0D 0A 
[   COM12] [16:55:59:461] D3 00 03 FE A0 01 FA 8D 7A 0D 0A 
[   COM12] [16:55:59:462] D3 00 30 FE A0 02 A8 5A 00 00 00 30 00 C8 00 00 25 80 00 09 00 00 25 80 00 00 00 00 02 00 00 00 00 00 00 00 00 00 00 00 00 00 00 00 00 00 00 00 00 00 00 E3 8D 23 0D 0A 
[   COM12] [16:55:59:653] D3 00 03 43 50 00 8D 44 BE 0D 0A 
[   COM12] [16:55:59:658] D3 00 A3 FE A0 FF 01 FF FF FF FF FF FF 00 80 00 00 00 00 00 00 00 80 00 00 00 00 00 00 00 80 00 00 00 80 00 00 00 80 00 00 00 00 00 00 00 80 00 00 00 00 00 00 00 80 00 00 00 00 00 00 00 00 80 00 00 00 80 00 00 00 80 00 00 00 80 00 00 00 FF FF FF FF FF FF FF FF FF FF FF FF FF FF FF FF FF FF FF FF FF FF FF FF FF FF FF FF FF FF FF FF FF FF FF FF FF FF FF FF FF FF FF FF FF FF FF FF FF FF FF FF 80 00 00 00 80 00 00 00 FF FF FF FF FF FF FF FF FF FF FF FF FF 00 00 00 00 00 00 00 00 00 23 72 00 00 00 AD FB 9E D3 00 0E FE A0 FE 01 FF FF FF FF FF FF 00 00 00 00 4D 91 3A D3 00 39 FE A0 F9 01 05 00 00 00 00 00 00 00 00 00 00 FF FF FF FF FF FF FF FF FF FF FF FF FF FF FF FF FF FF FF FF FF FF FF FF FF FF FF FF FF FF 00 00 00 00 FF FF FF FF 00 00 00 00 00 54 87 D3 00 1F FE A0 E6 02 FF FF FF FF FF FF 00 02 00 39 01 54 04 00 32 50 01 31 CA 02 22 A6 03 8A 9E 23 00 71 C4 92 0D 0A 
[   COM12] [16:55:59:658] 24 47 4E 52 4D 43 2C 2C 56 2C 2C 2C 2C 2C 2C 2C 2C 2C 2C 4E 2C 56 2A 33 37 0D 0A 
[   COM12] [16:55:59:658] 24 47 4E 47 47 41 2C 2C 2C 2C 2C 2C 30 2C 30 30 2C 39 39 2E 39 39 2C 2C 2C 2C 2C 2C 2A 35 36 0D 0A 
[   COM12] [16:55:59:660] 24 47 4E 54 58 54 2C 30 31 2C 30 31 2C 30 31 2C 30 2C 30 30 30 30 30 30 2C 30 30 30 30 2C 30 30 30 30 2C 30 30 30 30 2C 30 2E 30 30 30 2C 30 2C 30 30 30 33 46 37 45 45 30 31 42 38 46 42 37 37 2C 31 2C 33 2C 30 2C 30 2C 30 30 30 30 2C 30 2C 30 2C 30 2C 31 34 38 2C 31 34 38 2C 30 30 30 30 30 30 30 30 2C 30 30 30 30 30 30 30 30 2A 36 44 0D 0A 
[   COM12] [16:55:59:661] 24 50 4E 4F 49 53 45 2C 35 37 2C 38 34 2C 31 32 38 38 30 2C 31 32 37 34 36 2C 38 38 37 30 2C 33 35 34 38 36 2C 31 30 30 30 30 2C 31 30 30 30 30 2C 31 30 30 30 30 2C 31 30 30 30 30 2C 30 2C 30 2A 33 45 0D 0A 
[   COM12] [16:55:59:661] D3 00 05 FE A0 00 A8 5A C2 2E 06 0D 0A 
[   COM12] [16:55:59:661] D3 00 03 FE A0 01 FA 8D 7A 0D 0A 
[   COM12] [16:55:59:662] D3 00 30 FE A0 02 A8 5A 00 00 00 31 00 C8 00 00 26 48 00 09 00 00 26 48 00 00 00 00 00 00 00 00 00 00 00 00 00 00 00 00 00 00 00 00 00 00 00 00 00 00 00 61 98 5F 0D 0A 
[   COM12] [16:55:59:853] D3 00 03 43 50 00 8D 44 BE 0D 0A 
[   COM12] [16:55:59:858] D3 00 A3 FE A0 FF 01 FF FF FF FF FF FF 00 80 00 00 00 00 00 00 00 80 00 00 00 00 00 00 00 80 00 00 00 80 00 00 00 80 00 00 00 00 00 00 00 80 00 00 00 00 00 00 00 80 00 00 00 00 00 00 00 00 80 00 00 00 80 00 00 00 80 00 00 00 80 00 00 00 FF FF FF FF FF FF FF FF FF FF FF FF FF FF FF FF FF FF FF FF FF FF FF FF FF FF FF FF FF FF FF FF FF FF FF FF FF FF FF FF FF FF FF FF FF FF FF FF FF FF FF FF 80 00 00 00 80 00 00 00 FF FF FF FF FF FF FF FF FF FF FF FF FF 00 00 00 00 00 00 00 00 00 23 72 00 00 00 AD FB 9E D3 00 0E FE A0 FE 01 FF FF FF FF FF FF 00 00 00 00 4D 91 3A D3 00 39 FE A0 F9 01 05 00 00 00 00 00 00 00 00 00 00 FF FF FF FF FF FF FF FF FF FF FF FF FF FF FF FF FF FF FF FF FF FF FF FF FF FF FF FF FF FF 00 00 00 00 FF FF FF FF 00 00 00 00 00 54 87 D3 00 1F FE A0 E6 02 FF FF FF FF FF FF 00 02 00 39 01 55 04 00 32 5B 01 31 8C 02 22 9E 03 88 7A 23 00 65 36 8A 0D 0A 
[   COM12] [16:55:59:858] 24 47 4E 52 4D 43 2C 2C 56 2C 2C 2C 2C 2C 2C 2C 2C 2C 2C 4E 2C 56 2A 33 37 0D 0A 
[   COM12] [16:55:59:858] 24 47 4E 47 47 41 2C 2C 2C 2C 2C 2C 30 2C 30 30 2C 39 39 2E 39 39 2C 2C 2C 2C 2C 2C 2A 35 36 0D 0A 
[   COM12] [16:55:59:860] 24 47 4E 54 58 54 2C 30 31 2C 30 31 2C 30 31 2C 30 2C 30 30 30 30 30 30 2C 30 30 30 30 2C 30 30 30 30 2C 30 30 30 30 2C 30 2E 30 30 30 2C 30 2C 30 30 30 33 46 37 45 45 30 31 42 38 46 42 37 37 2C 31 2C 33 2C 30 2C 30 2C 30 30 30 30 2C 30 2C 30 2C 30 2C 31 34 38 2C 31 34 38 2C 30 30 30 30 30 30 30 30 2C 30 30 30 30 30 30 30 30 2A 36 44 0D 0A 
[   COM12] [16:55:59:861] 24 50 4E 4F 49 53 45 2C 35 37 2C 38 35 2C 31 32 38 39 31 2C 31 32 36 38 34 2C 38 38 36 32 2C 33 34 39 33 38 2C 31 30 30 30 30 2C 31 30 30 30 30 2C 31 30 30 30 30 2C 31 30 30 30 30 2C 30 2C 30 2A 33 41 0D 0A 
[   COM12] [16:55:59:861] D3 00 05 FE A0 00 A8 5A C2 2E 06 0D 0A 
[   COM12] [16:55:59:861] D3 00 03 FE A0 01 FA 8D 7A 0D 0A 
[   COM12] [16:55:59:862] D3 00 30 FE A0 02 A8 5A 00 00 00 32 00 C8 00 00 27 10 00 09 00 00 27 10 00 00 00 00 01 00 00 00 00 00 00 00 00 00 00 00 00 00 00 00 00 00 00 00 00 00 00 91 2A 45 0D 0A 
[   COM12] [16:56:00:053] D3 00 03 43 50 00 8D 44 BE 0D 0A 
[   COM12] [16:56:00:075] D3 00 A3 FE A0 FF 01 FF FF FF FF FF FF 00 80 00 00 00 00 00 00 00 80 00 00 00 00 00 00 00 80 00 00 00 80 00 00 00 80 00 00 00 00 00 00 00 80 00 00 00 00 00 00 00 80 00 00 00 00 00 00 00 00 80 00 00 00 80 00 00 00 80 00 00 00 80 00 00 00 FF FF FF FF FF FF FF FF FF FF FF FF FF FF FF FF FF FF FF FF FF FF FF FF FF FF FF FF FF FF FF FF FF FF FF FF FF FF FF FF FF FF FF FF FF FF FF FF FF FF FF FF 80 00 00 00 80 00 00 00 FF FF FF FF FF FF FF FF FF FF FF FF FF 00 00 00 00 00 00 00 00 00 23 72 00 00 00 AD FB 9E D3 00 85 FE A0 FC 01 01 00 00 00 00 00 00 00 00 00 00 00 00 00 00 00 00 00 00 00 00 00 00 00 00 00 00 00 00 00 00 00 00 BF 36 FC 5E 2C CD 8A 41 0F C6 D8 D1 44 99 0D A9 E0 FC 22 4F 8C 61 AB F8 BB 6F 7C CA F6 C1 9E A0 91 DB 41 B3 4F 37 6D A0 6E 77 AE 3D 4C FF 3C 2E 33 54 40 47 80 31 37 D0 96 FD 8A 24 FC 64 45 A7 BB A5 77 62 19 86 9A A7 9B F6 3D 8D 02 1C 39 8D 00 00 00 00 00 00 00 00 00 00 00 00 00 00 00 00 33 C6 84 D3 00 0E FE A0 FE 01 FF FF FF FF FF FF 00 00 00 00 4D 91 3A D3 00 39 FE A0 F9 01 05 00 00 00 00 00 00 00 00 00 00 FF FF FF FF FF FF FF FF FF FF FF FF FF FF FF FF FF FF FF FF FF FF FF FF FF FF FF FF FF FF 00 00 00 00 FF FF FF FF 00 00 00 00 00 54 87 D3 00 12 FE A0 E9 01 FF FF FF FF FF FF 01 01 01 01 00 00 00 00 E9 3F 2A D3 00 1F FE A0 E6 02 FF FF FF FF FF FF 00 02 00 3A 01 55 04 00 32 7F 01 32 05 02 22 9E 03 87 D1 23 00 3B 50 A9 0D 0A 
[   COM12] [16:56:00:076] 24 47 4E 52 4D 43 2C 2C 56 2C 2C 2C 2C 2C 2C 2C 2C 2C 2C 4E 2C 56 2A 33 37 0D 0A 
[   COM12] [16:56:00:076] 24 47 4E 47 47 41 2C 2C 2C 2C 2C 2C 30 2C 30 30 2C 39 39 2E 39 39 2C 2C 2C 2C 2C 2C 2A 35 36 0D 0A 
[   COM12] [16:56:00:077] 24 47 4E 47 53 41 2C 41 2C 31 2C 2C 2C 2C 2C 2C 2C 2C 2C 2C 2C 2C 2C 39 39 2E 39 39 2C 39 39 2E 39 39 2C 39 39 2E 39 39 2C 31 2A 33 33 0D 0A 
[   COM12] [16:56:00:077] 24 47 4E 47 53 41 2C 41 2C 31 2C 2C 2C 2C 2C 2C 2C 2C 2C 2C 2C 2C 2C 39 39 2E 39 39 2C 39 39 2E 39 39 2C 39 39 2E 39 39 2C 34 2A 33 36 0D 0A 
[   COM12] [16:56:00:078] 24 47 4E 47 53 41 2C 41 2C 31 2C 2C 2C 2C 2C 2C 2C 2C 2C 2C 2C 2C 2C 39 39 2E 39 39 2C 39 39 2E 39 39 2C 39 39 2E 39 39 2C 33 2A 33 31 0D 0A 
[   COM12] [16:56:00:078] 24 47 4E 47 53 41 2C 41 2C 31 2C 2C 2C 2C 2C 2C 2C 2C 2C 2C 2C 2C 2C 39 39 2E 39 39 2C 39 39 2E 39 39 2C 39 39 2E 39 39 2C 32 2A 33 30 0D 0A 
[   COM12] [16:56:00:079] 24 47 4E 47 53 41 2C 41 2C 31 2C 2C 2C 2C 2C 2C 2C 2C 2C 2C 2C 2C 2C 39 39 2E 39 39 2C 39 39 2E 39 39 2C 39 39 2E 39 39 2C 35 2A 33 37 0D 0A 
[   COM12] [16:56:00:079] 24 47 50 47 53 56 2C 31 2C 31 2C 30 30 2C 31 2A 36 34 0D 0A 
[   COM12] [16:56:00:079] 24 47 50 47 53 56 2C 31 2C 31 2C 30 30 2C 38 2A 36 44 0D 0A 
[   COM12] [16:56:00:079] 24 47 42 47 53 56 2C 31 2C 31 2C 30 30 2C 31 2A 37 36 0D 0A 
[   COM12] [16:56:00:080] 24 47 42 47 53 56 2C 31 2C 31 2C 30 30 2C 35 2A 37 32 0D 0A 
[   COM12] [16:56:00:080] 24 47 41 47 53 56 2C 31 2C 31 2C 30 30 2C 37 2A 37 33 0D 0A 
[   COM12] [16:56:00:080] 24 47 41 47 53 56 2C 31 2C 31 2C 30 30 2C 31 2A 37 35 0D 0A 
[   COM12] [16:56:00:081] 24 47 4C 47 53 56 2C 31 2C 31 2C 30 30 2C 31 2A 37 38 0D 0A 
[   COM12] [16:56:00:081] 24 47 51 47 53 56 2C 31 2C 31 2C 30 30 2C 31 2A 36 35 0D 0A 
[   COM12] [16:56:00:081] 24 47 51 47 53 56 2C 31 2C 31 2C 30 30 2C 38 2A 36 43 0D 0A 
[   COM12] [16:56:00:082] 24 47 4E 54 58 54 2C 30 31 2C 30 31 2C 30 31 2C 30 2C 30 30 30 30 30 30 2C 30 30 30 30 2C 30 30 30 30 2C 30 30 30 30 2C 30 2E 30 30 30 2C 30 2C 30 30 30 33 46 37 45 45 30 31 42 38 46 42 37 37 2C 31 2C 33 2C 30 2C 30 2C 30 30 30 30 2C 30 2C 30 2C 30 2C 31 34 38 2C 31 34 38 2C 30 30 30 30 30 30 30 30 2C 30 30 30 30 30 30 30 30 2A 36 44 0D 0A 
[   COM12] [16:56:00:083] 24 50 4E 4F 49 53 45 2C 35 38 2C 38 35 2C 31 32 39 32 37 2C 31 32 38 30 35 2C 38 38 36 32 2C 33 34 37 36 39 2C 31 30 30 30 30 2C 31 30 30 30 30 2C 31 30 30 30 30 2C 31 30 30 30 30 2C 30 2C 30 2A 33 34 0D 0A 
[   COM12] [16:56:00:083] D3 00 05 FE A0 00 A8 5A C2 2E 06 0D 0A 
[   COM12] [16:56:00:083] D3 00 03 FE A0 01 FA 8D 7A 0D 0A 
[   COM12] [16:56:00:084] D3 00 30 FE A0 02 A8 5A 00 00 00 33 00 C8 00 00 27 D8 00 09 00 00 27 D8 00 00 00 00 02 00 00 00 00 00 00 00 00 00 00 00 00 00 00 00 00 00 00 00 00 00 00 1A EA AF 0D 0A 
[   COM12] [16:56:00:253] D3 00 03 43 50 00 8D 44 BE 0D 0A 
[   COM12] [16:56:00:258] D3 00 A3 FE A0 FF 01 FF FF FF FF FF FF 00 80 00 00 00 00 00 00 00 80 00 00 00 00 00 00 00 80 00 00 00 80 00 00 00 80 00 00 00 00 00 00 00 80 00 00 00 00 00 00 00 80 00 00 00 00 00 00 00 00 80 00 00 00 80 00 00 00 80 00 00 00 80 00 00 00 FF FF FF FF FF FF FF FF FF FF FF FF FF FF FF FF FF FF FF FF FF FF FF FF FF FF FF FF FF FF FF FF FF FF FF FF FF FF FF FF FF FF FF FF FF FF FF FF FF FF FF FF 80 00 00 00 80 00 00 00 FF FF FF FF FF FF FF FF FF FF FF FF FF 00 00 00 00 00 00 00 00 00 23 72 00 00 00 AD FB 9E D3 00 0E FE A0 FE 01 FF FF FF FF FF FF 00 00 00 00 4D 91 3A D3 00 39 FE A0 F9 01 05 00 00 00 00 00 00 00 00 00 00 FF FF FF FF FF FF FF FF FF FF FF FF FF FF FF FF FF FF FF FF FF FF FF FF FF FF FF FF FF FF 00 00 00 00 FF FF FF FF 00 00 00 00 00 54 87 D3 00 1F FE A0 E6 02 FF FF FF FF FF FF 00 02 00 39 01 55 04 00 32 FE 01 32 0A 02 22 85 03 88 EB 23 00 3A 39 76 0D 0A 
[   COM12] [16:56:00:258] 24 47 4E 52 4D 43 2C 2C 56 2C 2C 2C 2C 2C 2C 2C 2C 2C 2C 4E 2C 56 2A 33 37 0D 0A 
[   COM12] [16:56:00:258] 24 47 4E 47 47 41 2C 2C 2C 2C 2C 2C 30 2C 30 30 2C 39 39 2E 39 39 2C 2C 2C 2C 2C 2C 2A 35 36 0D 0A 
[   COM12] [16:56:00:260] 24 47 4E 54 58 54 2C 30 31 2C 30 31 2C 30 31 2C 30 2C 30 30 30 30 30 30 2C 30 30 30 30 2C 30 30 30 30 2C 30 30 30 30 2C 30 2E 30 30 30 2C 30 2C 30 30 30 33 46 37 45 45 30 31 42 38 46 42 37 37 2C 31 2C 31 38 2C 30 2C 30 2C 30 30 30 30 2C 30 2C 30 2C 30 2C 31 34 38 2C 31 34 38 2C 30 30 30 30 30 30 30 30 2C 30 30 30 30 30 30 30 30 2A 35 37 0D 0A 
[   COM12] [16:56:00:261] 24 50 4E 4F 49 53 45 2C 35 37 2C 38 35 2C 31 33 30 35 34 2C 31 32 38 31 30 2C 38 38 33 37 2C 33 35 30 35 31 2C 31 30 30 30 30 2C 31 30 30 30 30 2C 31 30 30 30 30 2C 31 30 30 30 30 2C 30 2C 30 2A 33 45 0D 0A 
[   COM12] [16:56:00:261] D3 00 05 FE A0 00 A8 5A C2 2E 06 0D 0A 
[   COM12] [16:56:00:261] D3 00 03 FE A0 01 FA 8D 7A 0D 0A 
[   COM12] [16:56:00:262] D3 00 30 FE A0 02 A8 5A 00 00 00 34 00 C8 00 00 28 A0 00 09 00 00 28 A0 00 00 00 00 00 00 00 00 00 00 00 00 00 00 00 00 00 00 00 00 00 00 00 00 00 00 00 E7 09 63 0D 0A 
[   COM12] [16:56:00:454] D3 00 03 43 50 00 8D 44 BE 0D 0A 
[   COM12] [16:56:00:459] D3 00 A3 FE A0 FF 01 FF FF FF FF FF FF 00 80 00 00 00 00 00 00 00 80 00 00 00 00 00 00 00 80 00 00 00 80 00 00 00 80 00 00 00 00 00 00 00 80 00 00 00 00 00 00 00 80 00 00 00 00 00 00 00 00 80 00 00 00 80 00 00 00 80 00 00 00 80 00 00 00 FF FF FF FF FF FF FF FF FF FF FF FF FF FF FF FF FF FF FF FF FF FF FF FF FF FF FF FF FF FF FF FF FF FF FF FF FF FF FF FF FF FF FF FF FF FF FF FF FF FF FF FF 80 00 00 00 80 00 00 00 FF FF FF FF FF FF FF FF FF FF FF FF FF 00 00 00 00 00 00 00 00 00 23 72 00 00 00 AD FB 9E D3 00 0E FE A0 FE 01 FF FF FF FF FF FF 00 00 00 00 4D 91 3A D3 00 39 FE A0 F9 01 05 00 00 00 00 00 00 00 00 00 00 FF FF FF FF FF FF FF FF FF FF FF FF FF FF FF FF FF FF FF FF FF FF FF FF FF FF FF FF FF FF 00 00 00 00 FF FF FF FF 00 00 00 00 00 54 87 D3 00 1F FE A0 E6 02 FF FF FF FF FF FF 00 02 00 39 01 54 04 00 32 B8 01 32 6B 02 22 71 03 88 86 23 00 BA C7 BE 0D 0A 
[   COM12] [16:56:00:459] 24 47 4E 52 4D 43 2C 2C 56 2C 2C 2C 2C 2C 2C 2C 2C 2C 2C 4E 2C 56 2A 33 37 0D 0A 
[   COM12] [16:56:00:459] 24 47 4E 47 47 41 2C 2C 2C 2C 2C 2C 30 2C 30 30 2C 39 39 2E 39 39 2C 2C 2C 2C 2C 2C 2A 35 36 0D 0A 
[   COM12] [16:56:00:460] 24 47 4E 54 58 54 2C 30 31 2C 30 31 2C 30 31 2C 30 2C 30 30 30 30 30 30 2C 30 30 30 30 2C 30 30 30 30 2C 30 30 30 30 2C 30 2E 30 30 30 2C 30 2C 30 30 30 33 46 37 45 45 30 31 42 38 46 42 37 37 2C 31 2C 33 2C 30 2C 30 2C 30 30 30 30 2C 30 2C 30 2C 30 2C 31 34 38 2C 31 34 38 2C 30 30 30 30 30 30 30 30 2C 30 30 30 30 30 30 30 30 2A 36 44 0D 0A 
[   COM12] [16:56:00:461] 24 50 4E 4F 49 53 45 2C 35 37 2C 38 34 2C 31 32 39 38 34 2C 31 32 39 30 37 2C 38 38 31 37 2C 33 34 39 35 30 2C 31 30 30 30 30 2C 31 30 30 30 30 2C 31 30 30 30 30 2C 31 30 30 30 30 2C 30 2C 30 2A 33 36 0D 0A 
[   COM12] [16:56:00:461] D3 00 05 FE A0 00 A8 5A C2 2E 06 0D 0A 
[   COM12] [16:56:00:461] D3 00 03 FE A0 01 FA 8D 7A 0D 0A 
[   COM12] [16:56:00:463] D3 00 30 FE A0 02 A8 5A 00 00 00 35 00 C8 00 00 29 68 00 09 00 00 29 68 00 00 00 00 01 00 00 00 00 00 00 00 00 00 00 00 00 00 00 00 00 00 00 00 00 00 00 EB 17 2E 0D 0A 
[   COM12] [16:56:00:654] D3 00 03 43 50 00 8D 44 BE 0D 0A 
[   COM12] [16:56:00:659] D3 00 A3 FE A0 FF 01 FF FF FF FF FF FF 00 80 00 00 00 00 00 00 00 80 00 00 00 00 00 00 00 80 00 00 00 80 00 00 00 80 00 00 00 00 00 00 00 80 00 00 00 00 00 00 00 80 00 00 00 00 00 00 00 00 80 00 00 00 80 00 00 00 80 00 00 00 80 00 00 00 FF FF FF FF FF FF FF FF FF FF FF FF FF FF FF FF FF FF FF FF FF FF FF FF FF FF FF FF FF FF FF FF FF FF FF FF FF FF FF FF FF FF FF FF FF FF FF FF FF FF FF FF 80 00 00 00 80 00 00 00 FF FF FF FF FF FF FF FF FF FF FF FF FF 00 00 00 00 00 00 00 00 00 23 72 00 00 00 AD FB 9E D3 00 0E FE A0 FE 01 FF FF FF FF FF FF 00 00 00 00 4D 91 3A D3 00 39 FE A0 F9 01 05 00 00 00 00 00 00 00 00 00 00 FF FF FF FF FF FF FF FF FF FF FF FF FF FF FF FF FF FF FF FF FF FF FF FF FF FF FF FF FF FF 00 00 00 00 FF FF FF FF 00 00 00 00 00 54 87 D3 00 1F FE A0 E6 02 FF FF FF FF FF FF 00 02 00 39 01 54 04 00 32 8F 01 32 56 02 22 68 03 87 4E 23 00 CD 41 8A 0D 0A 
[   COM12] [16:56:00:659] 24 47 4E 52 4D 43 2C 2C 56 2C 2C 2C 2C 2C 2C 2C 2C 2C 2C 4E 2C 56 2A 33 37 0D 0A 
[   COM12] [16:56:00:659] 24 47 4E 47 47 41 2C 2C 2C 2C 2C 2C 30 2C 30 30 2C 39 39 2E 39 39 2C 2C 2C 2C 2C 2C 2A 35 36 0D 0A 
[   COM12] [16:56:00:660] 24 47 4E 54 58 54 2C 30 31 2C 30 31 2C 30 31 2C 30 2C 30 30 30 30 30 30 2C 30 30 30 30 2C 30 30 30 30 2C 30 30 30 30 2C 30 2E 30 30 30 2C 30 2C 30 30 30 33 46 37 45 45 30 31 42 38 46 42 37 37 2C 31 2C 33 2C 30 2C 30 2C 30 30 30 30 2C 30 2C 30 2C 30 2C 31 34 38 2C 31 34 38 2C 30 30 30 30 30 30 30 30 2C 30 30 30 30 30 30 30 30 2A 36 44 0D 0A 
[   COM12] [16:56:00:661] 24 50 4E 4F 49 53 45 2C 35 37 2C 38 34 2C 31 32 39 34 33 2C 31 32 38 38 36 2C 38 38 30 38 2C 33 34 36 33 38 2C 31 30 30 30 30 2C 31 30 30 30 30 2C 31 30 30 30 30 2C 31 30 30 30 30 2C 30 2C 30 2A 33 41 0D 0A 
[   COM12] [16:56:00:661] D3 00 05 FE A0 00 A8 5A C2 2E 06 0D 0A 
[   COM12] [16:56:00:661] D3 00 03 FE A0 01 FA 8D 7A 0D 0A 
[   COM12] [16:56:00:663] D3 00 30 FE A0 02 A8 5A 00 00 00 36 00 C8 00 00 2A 30 00 09 00 00 2A 30 00 00 00 00 02 00 00 00 00 00 00 00 00 00 00 00 00 00 00 00 00 00 00 00 00 00 00 CE 92 CC 0D 0A 
[   COM12] [16:56:00:853] D3 00 03 43 50 00 8D 44 BE 0D 0A 
[   COM12] [16:56:00:858] D3 00 A3 FE A0 FF 01 FF FF FF FF FF FF 00 80 00 00 00 00 00 00 00 80 00 00 00 00 00 00 00 80 00 00 00 80 00 00 00 80 00 00 00 00 00 00 00 80 00 00 00 00 00 00 00 80 00 00 00 00 00 00 00 00 80 00 00 00 80 00 00 00 80 00 00 00 80 00 00 00 FF FF FF FF FF FF FF FF FF FF FF FF FF FF FF FF FF FF FF FF FF FF FF FF FF FF FF FF FF FF FF FF FF FF FF FF FF FF FF FF FF FF FF FF FF FF FF FF FF FF FF FF 80 00 00 00 80 00 00 00 FF FF FF FF FF FF FF FF FF FF FF FF FF 00 00 00 00 00 00 00 00 00 23 72 00 00 00 AD FB 9E D3 00 0E FE A0 FE 01 FF FF FF FF FF FF 00 00 00 00 4D 91 3A D3 00 39 FE A0 F9 01 05 00 00 00 00 00 00 00 00 00 00 FF FF FF FF FF FF FF FF FF FF FF FF FF FF FF FF FF FF FF FF FF FF FF FF FF FF FF FF FF FF 00 00 00 00 FF FF FF FF 00 00 00 00 00 54 87 D3 00 1F FE A0 E6 02 FF FF FF FF FF FF 00 02 00 39 01 54 04 00 32 AF 01 32 AC 02 22 68 03 87 98 23 00 BA 19 4B 0D 0A 
[   COM12] [16:56:00:858] 24 47 4E 52 4D 43 2C 2C 56 2C 2C 2C 2C 2C 2C 2C 2C 2C 2C 4E 2C 56 2A 33 37 0D 0A 
[   COM12] [16:56:00:858] 24 47 4E 47 47 41 2C 2C 2C 2C 2C 2C 30 2C 30 30 2C 39 39 2E 39 39 2C 2C 2C 2C 2C 2C 2A 35 36 0D 0A 
[   COM12] [16:56:00:860] 24 47 4E 54 58 54 2C 30 31 2C 30 31 2C 30 31 2C 30 2C 30 30 30 30 30 30 2C 30 30 30 30 2C 30 30 30 30 2C 30 30 30 30 2C 30 2E 30 30 30 2C 30 2C 30 30 30 33 46 37 45 45 30 31 42 38 46 42 37 37 2C 31 2C 33 2C 30 2C 30 2C 30 30 30 30 2C 30 2C 30 2C 30 2C 31 34 38 2C 31 34 38 2C 30 30 30 30 30 30 30 30 2C 30 30 30 30 30 30 30 30 2A 36 44 0D 0A 
[   COM12] [16:56:00:861] 24 50 4E 4F 49 53 45 2C 35 37 2C 38 34 2C 31 32 39 37 35 2C 31 32 39 37 32 2C 38 38 30 38 2C 33 34 37 31 32 2C 31 30 30 30 30 2C 31 30 30 30 30 2C 31 30 30 30 30 2C 31 30 30 30 30 2C 30 2C 30 2A 33 43 0D 0A 
[   COM12] [16:56:00:861] D3 00 05 FE A0 00 A8 5A C2 2E 06 0D 0A 
[   COM12] [16:56:00:861] D3 00 03 FE A0 01 FA 8D 7A 0D 0A 
[   COM12] [16:56:00:862] D3 00 30 FE A0 02 A8 5A 00 00 00 37 00 C8 00 00 2A F8 00 09 00 00 2A F8 00 00 00 00 00 00 00 00 00 00 00 00 00 00 00 00 00 00 00 00 00 00 00 00 00 00 00 1E 6E EF 0D 0A 
[   COM12] [16:56:01:053] D3 00 03 43 50 00 8D 44 BE 0D 0A 
[   COM12] [16:56:01:075] D3 00 A3 FE A0 FF 01 FF FF FF FF FF FF 00 80 00 00 00 00 00 00 00 80 00 00 00 00 00 00 00 80 00 00 00 80 00 00 00 80 00 00 00 00 00 00 00 80 00 00 00 00 00 00 00 80 00 00 00 00 00 00 00 00 80 00 00 00 80 00 00 00 80 00 00 00 80 00 00 00 FF FF FF FF FF FF FF FF FF FF FF FF FF FF FF FF FF FF FF FF FF FF FF FF FF FF FF FF FF FF FF FF FF FF FF FF FF FF FF FF FF FF FF FF FF FF FF FF FF FF FF FF 80 00 00 00 80 00 00 00 FF FF FF FF FF FF FF FF FF FF FF FF FF 00 00 00 00 00 00 00 00 00 23 72 00 00 00 AD FB 9E D3 00 85 FE A0 FC 01 01 00 00 00 00 00 00 00 00 00 00 00 00 00 00 00 00 00 00 00 00 00 00 00 00 00 00 00 00 00 00 00 00 BF 36 FC 5E 2C CD 8A 41 0F C6 D8 D1 44 99 0D A9 E0 FC 22 4F 8C 61 AB F8 BB 6F 7C CA F6 C1 9E A0 C7 10 D1 0F DE EB FA 76 1D ED 47 51 7D 0D 37 21 D0 B6 30 3C 7A 62 B0 A8 19 E6 1E 8C C4 C4 86 EF 24 78 76 B5 3C BA FF 56 43 76 A7 6C D5 0C 61 23 00 00 00 00 00 00 00 00 00 00 00 00 00 00 00 00 05 4F 58 D3 00 0E FE A0 FE 01 FF FF FF FF FF FF 00 00 00 00 4D 91 3A D3 00 39 FE A0 F9 01 05 00 00 00 00 00 00 00 00 00 00 FF FF FF FF FF FF FF FF FF FF FF FF FF FF FF FF FF FF FF FF FF FF FF FF FF FF FF FF FF FF 00 00 00 00 FF FF FF FF 00 00 00 00 00 54 87 D3 00 12 FE A0 E9 01 FF FF FF FF FF FF 01 01 01 01 00 00 00 00 E9 3F 2A D3 00 1F FE A0 E6 02 FF FF FF FF FF FF 00 02 00 3A 01 55 04 00 32 97 01 32 F1 02 22 65 03 86 BF 23 00 47 C3 E0 0D 0A 
[   COM12] [16:56:01:076] 24 47 4E 52 4D 43 2C 2C 56 2C 2C 2C 2C 2C 2C 2C 2C 2C 2C 4E 2C 56 2A 33 37 0D 0A 
[   COM12] [16:56:01:076] 24 47 4E 47 47 41 2C 2C 2C 2C 2C 2C 30 2C 30 30 2C 39 39 2E 39 39 2C 2C 2C 2C 2C 2C 2A 35 36 0D 0A 
[   COM12] [16:56:01:077] 24 47 4E 47 53 41 2C 41 2C 31 2C 2C 2C 2C 2C 2C 2C 2C 2C 2C 2C 2C 2C 39 39 2E 39 39 2C 39 39 2E 39 39 2C 39 39 2E 39 39 2C 31 2A 33 33 0D 0A 
[   COM12] [16:56:01:077] 24 47 4E 47 53 41 2C 41 2C 31 2C 2C 2C 2C 2C 2C 2C 2C 2C 2C 2C 2C 2C 39 39 2E 39 39 2C 39 39 2E 39 39 2C 39 39 2E 39 39 2C 34 2A 33 36 0D 0A 
[   COM12] [16:56:01:078] 24 47 4E 47 53 41 2C 41 2C 31 2C 2C 2C 2C 2C 2C 2C 2C 2C 2C 2C 2C 2C 39 39 2E 39 39 2C 39 39 2E 39 39 2C 39 39 2E 39 39 2C 33 2A 33 31 0D 0A 
[   COM12] [16:56:01:078] 24 47 4E 47 53 41 2C 41 2C 31 2C 2C 2C 2C 2C 2C 2C 2C 2C 2C 2C 2C 2C 39 39 2E 39 39 2C 39 39 2E 39 39 2C 39 39 2E 39 39 2C 32 2A 33 30 0D 0A 
[   COM12] [16:56:01:079] 24 47 4E 47 53 41 2C 41 2C 31 2C 2C 2C 2C 2C 2C 2C 2C 2C 2C 2C 2C 2C 39 39 2E 39 39 2C 39 39 2E 39 39 2C 39 39 2E 39 39 2C 35 2A 33 37 0D 0A 
[   COM12] [16:56:01:079] 24 47 50 47 53 56 2C 31 2C 31 2C 30 30 2C 31 2A 36 34 0D 0A 
[   COM12] [16:56:01:079] 24 47 50 47 53 56 2C 31 2C 31 2C 30 30 2C 38 2A 36 44 0D 0A 
[   COM12] [16:56:01:080] 24 47 42 47 53 56 2C 31 2C 31 2C 30 30 2C 31 2A 37 36 0D 0A 
[   COM12] [16:56:01:080] 24 47 42 47 53 56 2C 31 2C 31 2C 30 30 2C 35 2A 37 32 0D 0A 
[   COM12] [16:56:01:080] 24 47 41 47 53 56 2C 31 2C 31 2C 30 30 2C 37 2A 37 33 0D 0A 
[   COM12] [16:56:01:080] 24 47 41 47 53 56 2C 31 2C 31 2C 30 30 2C 31 2A 37 35 0D 0A 
[   COM12] [16:56:01:081] 24 47 4C 47 53 56 2C 31 2C 31 2C 30 30 2C 31 2A 37 38 0D 0A 
[   COM12] [16:56:01:081] 24 47 51 47 53 56 2C 31 2C 31 2C 30 30 2C 31 2A 36 35 0D 0A 
[   COM12] [16:56:01:081] 24 47 51 47 53 56 2C 31 2C 31 2C 30 30 2C 38 2A 36 43 0D 0A 
[   COM12] [16:56:01:082] 24 47 4E 54 58 54 2C 30 31 2C 30 31 2C 30 31 2C 30 2C 30 30 30 30 30 30 2C 30 30 30 30 2C 30 30 30 30 2C 30 30 30 30 2C 30 2E 30 30 30 2C 30 2C 30 30 30 33 46 37 45 45 30 31 42 38 46 42 37 37 2C 31 2C 33 2C 30 2C 30 2C 30 30 30 30 2C 30 2C 30 2C 30 2C 31 34 38 2C 31 34 38 2C 30 30 30 30 30 30 30 30 2C 30 30 30 30 30 30 30 30 2A 36 44 0D 0A 
[   COM12] [16:56:01:083] 24 50 4E 4F 49 53 45 2C 35 37 2C 38 35 2C 31 32 39 35 31 2C 31 33 30 34 31 2C 38 38 30 35 2C 33 34 34 39 35 2C 31 30 30 30 30 2C 31 30 30 30 30 2C 31 30 30 30 30 2C 31 30 30 30 30 2C 30 2C 30 2A 33 32 0D 0A 
[   COM12] [16:56:01:083] D3 00 05 FE A0 00 A8 5A C2 2E 06 0D 0A 
[   COM12] [16:56:01:083] D3 00 03 FE A0 01 FA 8D 7A 0D 0A 
[   COM12] [16:56:01:084] D3 00 30 FE A0 02 A8 5A 00 00 00 38 00 C8 00 00 2B C0 00 09 00 00 2B C0 00 00 00 00 01 00 00 00 00 00 00 00 00 00 00 00 00 00 00 00 00 00 00 00 00 00 00 3D 09 55 0D 0A 
[   COM12] [16:56:01:253] D3 00 03 43 50 00 8D 44 BE 0D 0A 
[   COM12] [16:56:01:259] D3 00 A3 FE A0 FF 01 FF FF FF FF FF FF 00 80 00 00 00 00 00 00 00 80 00 00 00 00 00 00 00 80 00 00 00 80 00 00 00 80 00 00 00 00 00 00 00 80 00 00 00 00 00 00 00 80 00 00 00 00 00 00 00 00 80 00 00 00 80 00 00 00 80 00 00 00 80 00 00 00 FF FF FF FF FF FF FF FF FF FF FF FF FF FF FF FF FF FF FF FF FF FF FF FF FF FF FF FF FF FF FF FF FF FF FF FF FF FF FF FF FF FF FF FF FF FF FF FF FF FF FF FF 80 00 00 00 80 00 00 00 FF FF FF FF FF FF FF FF FF FF FF FF FF 00 00 00 00 00 00 00 00 00 23 72 00 00 00 AD FB 9E D3 00 0E FE A0 FE 01 FF FF FF FF FF FF 00 00 00 00 4D 91 3A D3 00 39 FE A0 F9 01 05 00 00 00 00 00 00 00 00 00 00 FF FF FF FF FF FF FF FF FF FF FF FF FF FF FF FF FF FF FF FF FF FF FF FF FF FF FF FF FF FF 00 00 00 00 FF FF FF FF 00 00 00 00 00 54 87 D3 00 1F FE A0 E6 02 FF FF FF FF FF FF 00 02 00 39 01 54 04 00 32 A0 01 32 CA 02 22 56 03 87 84 23 00 F4 87 EF 0D 0A 
[   COM12] [16:56:01:259] 24 47 4E 52 4D 43 2C 2C 56 2C 2C 2C 2C 2C 2C 2C 2C 2C 2C 4E 2C 56 2A 33 37 0D 0A 
[   COM12] [16:56:01:259] 24 47 4E 47 47 41 2C 2C 2C 2C 2C 2C 30 2C 30 30 2C 39 39 2E 39 39 2C 2C 2C 2C 2C 2C 2A 35 36 0D 0A 
[   COM12] [16:56:01:260] 24 47 4E 54 58 54 2C 30 31 2C 30 31 2C 30 31 2C 30 2C 30 30 30 30 30 30 2C 30 30 30 30 2C 30 30 30 30 2C 30 30 30 30 2C 30 2E 30 30 30 2C 30 2C 30 30 30 33 46 37 45 45 30 31 42 38 46 42 37 37 2C 31 2C 31 38 2C 30 2C 30 2C 30 30 30 30 2C 30 2C 30 2C 30 2C 31 34 38 2C 31 34 38 2C 30 30 30 30 30 30 30 30 2C 30 30 30 30 30 30 30 30 2A 35 37 0D 0A 
[   COM12] [16:56:01:261] 24 50 4E 4F 49 53 45 2C 35 37 2C 38 34 2C 31 32 39 36 30 2C 31 33 30 30 32 2C 38 37 39 30 2C 33 34 36 39 32 2C 31 30 30 30 30 2C 31 30 30 30 30 2C 31 30 30 30 30 2C 31 30 30 30 30 2C 30 2C 30 2A 33 30 0D 0A 
[   COM12] [16:56:01:261] D3 00 05 FE A0 00 A8 5A C2 2E 06 0D 0A 
[   COM12] [16:56:01:261] D3 00 03 FE A0 01 FA 8D 7A 0D 0A 
[   COM12] [16:56:01:262] D3 00 30 FE A0 02 A8 5A 00 00 00 39 00 C8 00 00 2C 88 00 09 00 00 2C 88 00 00 00 00 02 00 00 00 00 00 00 00 00 00 00 00 00 00 00 00 00 00 00 00 00 00 00 F9 49 D3 0D 0A 
[   COM12] [16:56:01:453] D3 00 03 43 50 00 8D 44 BE 0D 0A 
[   COM12] [16:56:01:459] D3 00 A3 FE A0 FF 01 FF FF FF FF FF FF 00 80 00 00 00 00 00 00 00 80 00 00 00 00 00 00 00 80 00 00 00 80 00 00 00 80 00 00 00 00 00 00 00 80 00 00 00 00 00 00 00 80 00 00 00 00 00 00 00 00 80 00 00 00 80 00 00 00 80 00 00 00 80 00 00 00 FF FF FF FF FF FF FF FF FF FF FF FF FF FF FF FF FF FF FF FF FF FF FF FF FF FF FF FF FF FF FF FF FF FF FF FF FF FF FF FF FF FF FF FF FF FF FF FF FF FF FF FF 80 00 00 00 80 00 00 00 FF FF FF FF FF FF FF FF FF FF FF FF FF 00 00 00 00 00 00 00 00 00 23 72 00 00 00 AD FB 9E D3 00 0E FE A0 FE 01 FF FF FF FF FF FF 00 00 00 00 4D 91 3A D3 00 39 FE A0 F9 01 05 00 00 00 00 00 00 00 00 00 00 FF FF FF FF FF FF FF FF FF FF FF FF FF FF FF FF FF FF FF FF FF FF FF FF FF FF FF FF FF FF 00 00 00 00 FF FF FF FF 00 00 00 00 00 54 87 D3 00 1F FE A0 E6 02 FF FF FF FF FF FF 00 02 00 39 01 55 04 00 32 A3 01 32 C7 02 22 56 03 87 C2 23 00 46 5C B7 0D 0A 
[   COM12] [16:56:01:459] 24 47 4E 52 4D 43 2C 2C 56 2C 2C 2C 2C 2C 2C 2C 2C 2C 2C 4E 2C 56 2A 33 37 0D 0A 
[   COM12] [16:56:01:459] 24 47 4E 47 47 41 2C 2C 2C 2C 2C 2C 30 2C 30 30 2C 39 39 2E 39 39 2C 2C 2C 2C 2C 2C 2A 35 36 0D 0A 
[   COM12] [16:56:01:460] 24 47 4E 54 58 54 2C 30 31 2C 30 31 2C 30 31 2C 30 2C 30 30 30 30 30 30 2C 30 30 30 30 2C 30 30 30 30 2C 30 30 30 30 2C 30 2E 30 30 30 2C 30 2C 30 30 30 33 46 37 45 45 30 31 42 38 46 42 37 37 2C 31 2C 33 2C 30 2C 30 2C 30 30 30 30 2C 30 2C 30 2C 30 2C 31 34 38 2C 31 34 38 2C 30 30 30 30 30 30 30 30 2C 30 30 30 30 30 30 30 30 2A 36 44 0D 0A 
[   COM12] [16:56:01:461] 24 50 4E 4F 49 53 45 2C 35 37 2C 38 35 2C 31 32 39 36 33 2C 31 32 39 39 39 2C 38 37 39 30 2C 33 34 37 35 34 2C 31 30 30 30 30 2C 31 30 30 30 30 2C 31 30 30 30 30 2C 31 30 30 30 30 2C 30 2C 30 2A 33 33 0D 0A 
[   COM12] [16:56:01:461] D3 00 05 FE A0 00 A8 5A C2 2E 06 0D 0A 
[   COM12] [16:56:01:461] D3 00 03 FE A0 01 FA 8D 7A 0D 0A 
[   COM12] [16:56:01:462] D3 00 30 FE A0 02 A8 5A 00 00 00 3A 00 C8 00 00 2D 50 00 09 00 00 2D 50 00 00 00 00 00 00 00 00 00 00 00 00 00 00 00 00 00 00 00 00 00 00 00 00 00 00 00 3F 4B 75 0D 0A 
[   COM12] [16:56:01:654] D3 00 03 43 50 00 8D 44 BE 0D 0A 
[   COM12] [16:56:01:659] D3 00 A3 FE A0 FF 01 FF FF FF FF FF FF 00 80 00 00 00 00 00 00 00 80 00 00 00 00 00 00 00 80 00 00 00 80 00 00 00 80 00 00 00 00 00 00 00 80 00 00 00 00 00 00 00 80 00 00 00 00 00 00 00 00 80 00 00 00 80 00 00 00 80 00 00 00 80 00 00 00 FF FF FF FF FF FF FF FF FF FF FF FF FF FF FF FF FF FF FF FF FF FF FF FF FF FF FF FF FF FF FF FF FF FF FF FF FF FF FF FF FF FF FF FF FF FF FF FF FF FF FF FF 80 00 00 00 80 00 00 00 FF FF FF FF FF FF FF FF FF FF FF FF FF 00 00 00 00 00 00 00 00 00 23 72 00 00 00 AD FB 9E D3 00 0E FE A0 FE 01 FF FF FF FF FF FF 00 00 00 00 4D 91 3A D3 00 39 FE A0 F9 01 05 00 00 00 00 00 00 00 00 00 00 FF FF FF FF FF FF FF FF FF FF FF FF FF FF FF FF FF FF FF FF FF FF FF FF FF FF FF FF FF FF 00 00 00 00 FF FF FF FF 00 00 00 00 00 54 87 D3 00 1F FE A0 E6 02 FF FF FF FF FF FF 00 02 00 39 01 55 04 00 33 30 01 32 A5 02 22 50 03 86 41 23 00 1E EE 58 0D 0A 
[   COM12] [16:56:01:659] 24 47 4E 52 4D 43 2C 2C 56 2C 2C 2C 2C 2C 2C 2C 2C 2C 2C 4E 2C 56 2A 33 37 0D 0A 
[   COM12] [16:56:01:660] 24 47 4E 47 47 41 2C 2C 2C 2C 2C 2C 30 2C 30 30 2C 39 39 2E 39 39 2C 2C 2C 2C 2C 2C 2A 35 36 0D 0A 
[   COM12] [16:56:01:661] 24 47 4E 54 58 54 2C 30 31 2C 30 31 2C 30 31 2C 30 2C 30 30 30 30 30 30 2C 30 30 30 30 2C 30 30 30 30 2C 30 30 30 30 2C 30 2E 30 30 30 2C 30 2C 30 30 30 33 46 37 45 45 30 31 42 38 46 42 37 37 2C 31 2C 33 2C 30 2C 30 2C 30 30 30 30 2C 30 2C 30 2C 30 2C 31 34 38 2C 31 34 38 2C 30 30 30 30 30 30 30 30 2C 30 30 30 30 30 30 30 30 2A 36 44 0D 0A 
[   COM12] [16:56:01:662] 24 50 4E 4F 49 53 45 2C 35 37 2C 38 35 2C 31 33 31 30 34 2C 31 32 39 36 35 2C 38 37 38 34 2C 33 34 33 36 39 2C 31 30 30 30 30 2C 31 30 30 30 30 2C 31 30 30 30 30 2C 31 30 30 30 30 2C 30 2C 30 2A 33 37 0D 0A 
[   COM12] [16:56:01:662] D3 00 05 FE A0 00 A8 5A C2 2E 06 0D 0A 
[   COM12] [16:56:01:662] D3 00 03 FE A0 01 FA 8D 7A 0D 0A 
[   COM12] [16:56:01:663] D3 00 30 FE A0 02 A8 5A 00 00 00 3B 00 C8 00 00 2E 18 00 09 00 00 2E 18 00 00 00 00 01 00 00 00 00 00 00 00 00 00 00 00 00 00 00 00 00 00 00 00 00 00 00 8B EE B5 0D 0A 
[   COM12] [16:56:01:853] D3 00 03 43 50 00 8D 44 BE 0D 0A 
[   COM12] [16:56:01:859] D3 00 A3 FE A0 FF 01 FF FF FF FF FF FF 00 80 00 00 00 00 00 00 00 80 00 00 00 00 00 00 00 80 00 00 00 80 00 00 00 80 00 00 00 00 00 00 00 80 00 00 00 00 00 00 00 80 00 00 00 00 00 00 00 00 80 00 00 00 80 00 00 00 80 00 00 00 80 00 00 00 FF FF FF FF FF FF FF FF FF FF FF FF FF FF FF FF FF FF FF FF FF FF FF FF FF FF FF FF FF FF FF FF FF FF FF FF FF FF FF FF FF FF FF FF FF FF FF FF FF FF FF FF 80 00 00 00 80 00 00 00 FF FF FF FF FF FF FF FF FF FF FF FF FF 00 00 00 00 00 00 00 00 00 23 72 00 00 00 AD FB 9E D3 00 0E FE A0 FE 01 FF FF FF FF FF FF 00 00 00 00 4D 91 3A D3 00 39 FE A0 F9 01 05 00 00 00 00 00 00 00 00 00 00 FF FF FF FF FF FF FF FF FF FF FF FF FF FF FF FF FF FF FF FF FF FF FF FF FF FF FF FF FF FF 00 00 00 00 FF FF FF FF 00 00 00 00 00 54 87 D3 00 1F FE A0 E6 02 FF FF FF FF FF FF 00 02 00 39 01 54 04 00 32 F2 01 31 F1 02 22 63 03 87 1F 23 00 45 50 84 0D 0A 
[   COM12] [16:56:01:859] 24 47 4E 52 4D 43 2C 2C 56 2C 2C 2C 2C 2C 2C 2C 2C 2C 2C 4E 2C 56 2A 33 37 0D 0A 
[   COM12] [16:56:01:859] 24 47 4E 47 47 41 2C 2C 2C 2C 2C 2C 30 2C 30 30 2C 39 39 2E 39 39 2C 2C 2C 2C 2C 2C 2A 35 36 0D 0A 
[   COM12] [16:56:01:860] 24 47 4E 54 58 54 2C 30 31 2C 30 31 2C 30 31 2C 30 2C 30 30 30 30 30 30 2C 30 30 30 30 2C 30 30 30 30 2C 30 30 30 30 2C 30 2E 30 30 30 2C 30 2C 30 30 30 33 46 37 45 45 30 31 42 38 46 42 37 37 2C 31 2C 33 2C 30 2C 30 2C 30 30 30 30 2C 30 2C 30 2C 30 2C 31 34 38 2C 31 34 38 2C 30 30 30 30 30 30 30 30 2C 30 30 30 30 30 30 30 30 2A 36 44 0D 0A 
[   COM12] [16:56:01:861] 24 50 4E 4F 49 53 45 2C 35 37 2C 38 34 2C 31 33 30 34 32 2C 31 32 37 38 35 2C 38 38 30 33 2C 33 34 35 39 31 2C 31 30 30 30 30 2C 31 30 30 30 30 2C 31 30 30 30 30 2C 31 30 30 30 30 2C 30 2C 30 2A 33 34 0D 0A 
[   COM12] [16:56:01:861] D3 00 05 FE A0 00 A8 5A C2 2E 06 0D 0A 
[   COM12] [16:56:01:861] D3 00 03 FE A0 01 FA 8D 7A 0D 0A 
[   COM12] [16:56:01:862] D3 00 30 FE A0 02 A8 5A 00 00 00 3C 00 C8 00 00 2E E0 00 09 00 00 2E E0 00 00 00 00 02 00 00 00 00 00 00 00 00 00 00 00 00 00 00 00 00 00 00 00 00 00 00 69 C4 8F 0D 0A 
[   COM12] [16:56:02:053] D3 00 03 43 50 00 8D 44 BE 0D 0A 
[   COM12] [16:56:02:076] D3 00 A3 FE A0 FF 01 FF FF FF FF FF FF 00 80 00 00 00 00 00 00 00 80 00 00 00 00 00 00 00 80 00 00 00 80 00 00 00 80 00 00 00 00 00 00 00 80 00 00 00 00 00 00 00 80 00 00 00 00 00 00 00 00 80 00 00 00 80 00 00 00 80 00 00 00 80 00 00 00 FF FF FF FF FF FF FF FF FF FF FF FF FF FF FF FF FF FF FF FF FF FF FF FF FF FF FF FF FF FF FF FF FF FF FF FF FF FF FF FF FF FF FF FF FF FF FF FF FF FF FF FF 80 00 00 00 80 00 00 00 FF FF FF FF FF FF FF FF FF FF FF FF FF 00 00 00 00 00 00 00 00 00 23 72 00 00 00 AD FB 9E D3 00 85 FE A0 FC 01 01 00 00 00 00 00 00 00 00 00 00 00 00 00 00 00 00 00 00 00 00 00 00 00 00 00 00 00 00 00 00 00 00 BF 36 FC 5E 2C CD 8A 41 0F C6 D8 D1 44 99 0D A9 E0 FC 22 4F 8C 61 AB F8 BB 6F 7C CA F6 C1 9E A0 A4 BD 1E 45 5E 76 B1 A9 74 B5 10 DD 25 4D 18 5A 27 4A A1 71 08 D5 AB 41 00 2A 29 D7 BE 11 8A 68 FD 2F 3A 3A EF 41 75 8B E3 7E DE 59 39 7A 39 3F 00 00 00 00 00 00 00 00 00 00 00 00 00 00 00 00 48 16 86 D3 00 0E FE A0 FE 01 FF FF FF FF FF FF 00 00 00 00 4D 91 3A D3 00 39 FE A0 F9 01 05 00 00 00 00 00 00 00 00 00 00 FF FF FF FF FF FF FF FF FF FF FF FF FF FF FF FF FF FF FF FF FF FF FF FF FF FF FF FF FF FF 00 00 00 00 FF FF FF FF 00 00 00 00 00 54 87 D3 00 12 FE A0 E9 01 FF FF FF FF FF FF 01 01 01 01 00 00 00 00 E9 3F 2A D3 00 1F FE A0 E6 02 FF FF FF FF FF FF 00 02 00 3A 01 55 04 00 33 57 01 31 86 02 22 58 03 87 D5 23 00 91 1D 75 0D 0A 
[   COM12] [16:56:02:076] 24 47 4E 52 4D 43 2C 2C 56 2C 2C 2C 2C 2C 2C 2C 2C 2C 2C 4E 2C 56 2A 33 37 0D 0A 
[   COM12] [16:56:02:076] 24 47 4E 47 47 41 2C 2C 2C 2C 2C 2C 30 2C 30 30 2C 39 39 2E 39 39 2C 2C 2C 2C 2C 2C 2A 35 36 0D 0A 
[   COM12] [16:56:02:077] 24 47 4E 47 53 41 2C 41 2C 31 2C 2C 2C 2C 2C 2C 2C 2C 2C 2C 2C 2C 2C 39 39 2E 39 39 2C 39 39 2E 39 39 2C 39 39 2E 39 39 2C 31 2A 33 33 0D 0A 
[   COM12] [16:56:02:078] 24 47 4E 47 53 41 2C 41 2C 31 2C 2C 2C 2C 2C 2C 2C 2C 2C 2C 2C 2C 2C 39 39 2E 39 39 2C 39 39 2E 39 39 2C 39 39 2E 39 39 2C 34 2A 33 36 0D 0A 
[   COM12] [16:56:02:078] 24 47 4E 47 53 41 2C 41 2C 31 2C 2C 2C 2C 2C 2C 2C 2C 2C 2C 2C 2C 2C 39 39 2E 39 39 2C 39 39 2E 39 39 2C 39 39 2E 39 39 2C 33 2A 33 31 0D 0A 
[   COM12] [16:56:02:079] 24 47 4E 47 53 41 2C 41 2C 31 2C 2C 2C 2C 2C 2C 2C 2C 2C 2C 2C 2C 2C 39 39 2E 39 39 2C 39 39 2E 39 39 2C 39 39 2E 39 39 2C 32 2A 33 30 0D 0A 
[   COM12] [16:56:02:079] 24 47 4E 47 53 41 2C 41 2C 31 2C 2C 2C 2C 2C 2C 2C 2C 2C 2C 2C 2C 2C 39 39 2E 39 39 2C 39 39 2E 39 39 2C 39 39 2E 39 39 2C 35 2A 33 37 0D 0A 
[   COM12] [16:56:02:079] 24 47 50 47 53 56 2C 31 2C 31 2C 30 30 2C 31 2A 36 34 0D 0A 
[   COM12] [16:56:02:080] 24 47 50 47 53 56 2C 31 2C 31 2C 30 30 2C 38 2A 36 44 0D 0A 
[   COM12] [16:56:02:080] 24 47 42 47 53 56 2C 31 2C 31 2C 30 30 2C 31 2A 37 36 0D 0A 
[   COM12] [16:56:02:080] 24 47 42 47 53 56 2C 31 2C 31 2C 30 30 2C 35 2A 37 32 0D 0A 
[   COM12] [16:56:02:080] 24 47 41 47 53 56 2C 31 2C 31 2C 30 30 2C 37 2A 37 33 0D 0A 
[   COM12] [16:56:02:081] 24 47 41 47 53 56 2C 31 2C 31 2C 30 30 2C 31 2A 37 35 0D 0A 
[   COM12] [16:56:02:081] 24 47 4C 47 53 56 2C 31 2C 31 2C 30 30 2C 31 2A 37 38 0D 0A 
[   COM12] [16:56:02:081] 24 47 51 47 53 56 2C 31 2C 31 2C 30 30 2C 31 2A 36 35 0D 0A 
[   COM12] [16:56:02:081] 24 47 51 47 53 56 2C 31 2C 31 2C 30 30 2C 38 2A 36 43 0D 0A 
[   COM12] [16:56:02:083] 24 47 4E 54 58 54 2C 30 31 2C 30 31 2C 30 31 2C 30 2C 30 30 30 30 30 30 2C 30 30 30 30 2C 30 30 30 30 2C 30 30 30 30 2C 30 2E 30 30 30 2C 30 2C 30 30 30 33 46 37 45 45 30 31 42 38 46 42 37 37 2C 31 2C 33 2C 30 2C 30 2C 30 30 30 30 2C 30 2C 30 2C 30 2C 31 34 38 2C 31 34 38 2C 30 30 30 30 30 30 30 30 2C 30 30 30 30 30 30 30 30 2A 36 44 0D 0A 
[   COM12] [16:56:02:084] 24 50 4E 4F 49 53 45 2C 35 38 2C 38 35 2C 31 33 31 34 33 2C 31 32 36 37 38 2C 38 37 39 32 2C 33 34 37 37 33 2C 31 30 30 30 30 2C 31 30 30 30 30 2C 31 30 30 30 30 2C 31 30 30 30 30 2C 30 2C 30 2A 33 30 0D 0A 
[   COM12] [16:56:02:084] D3 00 05 FE A0 00 A8 5A C2 2E 06 0D 0A 
[   COM12] [16:56:02:084] D3 00 03 FE A0 01 FA 8D 7A 0D 0A 
[   COM12] [16:56:02:085] D3 00 30 FE A0 02 A8 5A 00 00 00 3D 00 C8 00 00 2F A8 00 09 00 00 2F A8 00 00 00 00 00 00 00 00 00 00 00 00 00 00 00 00 00 00 00 00 00 00 00 00 00 00 00 53 6A 7E 0D 0A 
[   COM12] [16:56:02:253] D3 00 03 43 50 00 8D 44 BE 0D 0A 
[   COM12] [16:56:02:258] D3 00 A3 FE A0 FF 01 FF FF FF FF FF FF 00 80 00 00 00 00 00 00 00 80 00 00 00 00 00 00 00 80 00 00 00 80 00 00 00 80 00 00 00 00 00 00 00 80 00 00 00 00 00 00 00 80 00 00 00 00 00 00 00 00 80 00 00 00 80 00 00 00 80 00 00 00 80 00 00 00 FF FF FF FF FF FF FF FF FF FF FF FF FF FF FF FF FF FF FF FF FF FF FF FF FF FF FF FF FF FF FF FF FF FF FF FF FF FF FF FF FF FF FF FF FF FF FF FF FF FF FF FF 80 00 00 00 80 00 00 00 FF FF FF FF FF FF FF FF FF FF FF FF FF 00 00 00 00 00 00 00 00 00 23 72 00 00 00 AD FB 9E D3 00 0E FE A0 FE 01 FF FF FF FF FF FF 00 00 00 00 4D 91 3A D3 00 39 FE A0 F9 01 05 00 00 00 00 00 00 00 00 00 00 FF FF FF FF FF FF FF FF FF FF FF FF FF FF FF FF FF FF FF FF FF FF FF FF FF FF FF FF FF FF 00 00 00 00 FF FF FF FF 00 00 00 00 00 54 87 D3 00 1F FE A0 E6 02 FF FF FF FF FF FF 00 02 00 39 01 55 04 00 33 9E 01 31 83 02 22 58 03 86 3B 23 00 97 40 86 0D 0A 
[   COM12] [16:56:02:258] 24 47 4E 52 4D 43 2C 2C 56 2C 2C 2C 2C 2C 2C 2C 2C 2C 2C 4E 2C 56 2A 33 37 0D 0A 
[   COM12] [16:56:02:259] 24 47 4E 47 47 41 2C 2C 2C 2C 2C 2C 30 2C 30 30 2C 39 39 2E 39 39 2C 2C 2C 2C 2C 2C 2A 35 36 0D 0A 
[   COM12] [16:56:02:260] 24 47 4E 54 58 54 2C 30 31 2C 30 31 2C 30 31 2C 30 2C 30 30 30 30 30 30 2C 30 30 30 30 2C 30 30 30 30 2C 30 30 30 30 2C 30 2E 30 30 30 2C 30 2C 30 30 30 33 46 37 45 45 30 31 42 38 46 42 37 37 2C 31 2C 31 39 2C 30 2C 30 2C 30 30 30 30 2C 30 2C 30 2C 30 2C 31 34 38 2C 31 34 38 2C 30 30 30 30 30 30 30 30 2C 30 30 30 30 30 30 30 30 2A 35 36 0D 0A 
[   COM12] [16:56:02:261] 24 50 4E 4F 49 53 45 2C 35 37 2C 38 35 2C 31 33 32 31 34 2C 31 32 36 37 35 2C 38 37 39 32 2C 33 34 33 36 33 2C 31 30 30 30 30 2C 31 30 30 30 30 2C 31 30 30 30 30 2C 31 30 30 30 30 2C 30 2C 30 2A 33 36 0D 0A 
[   COM12] [16:56:02:261] D3 00 05 FE A0 00 A8 5A C2 2E 06 0D 0A 
[   COM12] [16:56:02:261] D3 00 03 FE A0 01 FA 8D 7A 0D 0A 
[   COM12] [16:56:02:262] D3 00 30 FE A0 02 A8 5A 00 00 00 3E 00 C8 00 00 30 70 00 09 00 00 30 70 00 00 00 00 01 00 00 00 00 00 00 00 00 00 00 00 00 00 00 00 00 00 00 00 00 00 00 C0 60 C8 0D 0A 
[   COM12] [16:56:02:453] D3 00 03 43 50 00 8D 44 BE 0D 0A 
[   COM12] [16:56:02:458] D3 00 A3 FE A0 FF 01 FF FF FF FF FF FF 00 80 00 00 00 00 00 00 00 80 00 00 00 00 00 00 00 80 00 00 00 80 00 00 00 80 00 00 00 00 00 00 00 80 00 00 00 00 00 00 00 80 00 00 00 00 00 00 00 00 80 00 00 00 80 00 00 00 80 00 00 00 80 00 00 00 FF FF FF FF FF FF FF FF FF FF FF FF FF FF FF FF FF FF FF FF FF FF FF FF FF FF FF FF FF FF FF FF FF FF FF FF FF FF FF FF FF FF FF FF FF FF FF FF FF FF FF FF 80 00 00 00 80 00 00 00 FF FF FF FF FF FF FF FF FF FF FF FF FF 00 00 00 00 00 00 00 00 00 23 72 00 00 00 AD FB 9E D3 00 0E FE A0 FE 01 FF FF FF FF FF FF 00 00 00 00 4D 91 3A D3 00 39 FE A0 F9 01 05 00 00 00 00 00 00 00 00 00 00 FF FF FF FF FF FF FF FF FF FF FF FF FF FF FF FF FF FF FF FF FF FF FF FF FF FF FF FF FF FF 00 00 00 00 FF FF FF FF 00 00 00 00 00 54 87 D3 00 1F FE A0 E6 02 FF FF FF FF FF FF 00 02 00 39 01 55 04 00 33 26 01 31 69 02 22 73 03 86 AA 23 00 5D 4B 3F 0D 0A 
[   COM12] [16:56:02:458] 24 47 4E 52 4D 43 2C 2C 56 2C 2C 2C 2C 2C 2C 2C 2C 2C 2C 4E 2C 56 2A 33 37 0D 0A 
[   COM12] [16:56:02:458] 24 47 4E 47 47 41 2C 2C 2C 2C 2C 2C 30 2C 30 30 2C 39 39 2E 39 39 2C 2C 2C 2C 2C 2C 2A 35 36 0D 0A 
[   COM12] [16:56:02:460] 24 47 4E 54 58 54 2C 30 31 2C 30 31 2C 30 31 2C 30 2C 30 30 30 30 30 30 2C 30 30 30 30 2C 30 30 30 30 2C 30 30 30 30 2C 30 2E 30 30 30 2C 30 2C 30 30 30 33 46 37 45 45 30 31 42 38 46 42 37 37 2C 31 2C 33 2C 30 2C 30 2C 30 30 30 30 2C 30 2C 30 2C 30 2C 31 34 38 2C 31 34 38 2C 30 30 30 30 30 30 30 30 2C 30 30 30 30 30 30 30 30 2A 36 44 0D 0A 
[   COM12] [16:56:02:461] 24 50 4E 4F 49 53 45 2C 35 37 2C 38 35 2C 31 33 30 39 34 2C 31 32 36 34 39 2C 38 38 31 39 2C 33 34 34 37 34 2C 31 30 30 30 30 2C 31 30 30 30 30 2C 31 30 30 30 30 2C 31 30 30 30 30 2C 30 2C 30 2A 33 45 0D 0A 
[   COM12] [16:56:02:461] D3 00 05 FE A0 00 A8 5A C2 2E 06 0D 0A 
[   COM12] [16:56:02:461] D3 00 03 FE A0 01 FA 8D 7A 0D 0A 
[   COM12] [16:56:02:462] D3 00 30 FE A0 02 A8 5A 00 00 00 3F 00 C8 00 00 31 38 00 09 00 00 31 38 00 00 00 00 02 00 00 00 00 00 00 00 00 00 00 00 00 00 00 00 00 00 00 00 00 00 00 A1 F2 F0 0D 0A 
[   COM12] [16:56:02:653] D3 00 03 43 50 00 8D 44 BE 0D 0A 
[   COM12] [16:56:02:658] D3 00 A3 FE A0 FF 01 FF FF FF FF FF FF 00 80 00 00 00 00 00 00 00 80 00 00 00 00 00 00 00 80 00 00 00 80 00 00 00 80 00 00 00 00 00 00 00 80 00 00 00 00 00 00 00 80 00 00 00 00 00 00 00 00 80 00 00 00 80 00 00 00 80 00 00 00 80 00 00 00 FF FF FF FF FF FF FF FF FF FF FF FF FF FF FF FF FF FF FF FF FF FF FF FF FF FF FF FF FF FF FF FF FF FF FF FF FF FF FF FF FF FF FF FF FF FF FF FF FF FF FF FF 80 00 00 00 80 00 00 00 FF FF FF FF FF FF FF FF FF FF FF FF FF 00 00 00 00 00 00 00 00 00 23 72 00 00 00 AD FB 9E D3 00 0E FE A0 FE 01 FF FF FF FF FF FF 00 00 00 00 4D 91 3A D3 00 39 FE A0 F9 01 05 00 00 00 00 00 00 00 00 00 00 FF FF FF FF FF FF FF FF FF FF FF FF FF FF FF FF FF FF FF FF FF FF FF FF FF FF FF FF FF FF 00 00 00 00 FF FF FF FF 00 00 00 00 00 54 87 D3 00 1F FE A0 E6 02 FF FF FF FF FF FF 00 02 00 3A 01 54 04 00 33 79 01 30 A1 02 22 82 03 87 9B 23 00 49 90 74 0D 0A 
[   COM12] [16:56:02:658] 24 47 4E 52 4D 43 2C 2C 56 2C 2C 2C 2C 2C 2C 2C 2C 2C 2C 4E 2C 56 2A 33 37 0D 0A 
[   COM12] [16:56:02:658] 24 47 4E 47 47 41 2C 2C 2C 2C 2C 2C 30 2C 30 30 2C 39 39 2E 39 39 2C 2C 2C 2C 2C 2C 2A 35 36 0D 0A 
[   COM12] [16:56:02:660] 24 47 4E 54 58 54 2C 30 31 2C 30 31 2C 30 31 2C 30 2C 30 30 30 30 30 30 2C 30 30 30 30 2C 30 30 30 30 2C 30 30 30 30 2C 30 2E 30 30 30 2C 30 2C 30 30 30 33 46 37 45 45 30 31 42 38 46 42 37 37 2C 31 2C 33 2C 30 2C 30 2C 30 30 30 30 2C 30 2C 30 2C 30 2C 31 34 38 2C 31 34 38 2C 30 30 30 30 30 30 30 30 2C 30 30 30 30 30 30 30 30 2A 36 44 0D 0A 
[   COM12] [16:56:02:661] 24 50 4E 4F 49 53 45 2C 35 38 2C 38 34 2C 31 33 31 37 37 2C 31 32 34 34 39 2C 38 38 33 34 2C 33 34 37 31 35 2C 31 30 30 30 30 2C 31 30 30 30 30 2C 31 30 30 30 30 2C 31 30 30 30 30 2C 30 2C 30 2A 33 35 0D 0A 
[   COM12] [16:56:02:661] D3 00 05 FE A0 00 A8 5A C2 2E 06 0D 0A 
[   COM12] [16:56:02:661] D3 00 03 FE A0 01 FA 8D 7A 0D 0A 
[   COM12] [16:56:02:662] D3 00 30 FE A0 02 A8 5A 00 00 00 40 00 C8 00 00 32 00 00 09 00 00 32 00 00 00 00 00 00 00 00 00 00 00 00 00 00 00 00 00 00 00 00 00 00 00 00 00 00 00 00 BE 9D 54 0D 0A 
[   COM12] [16:56:02:853] D3 00 03 43 50 00 8D 44 BE 0D 0A 
[   COM12] [16:56:02:858] D3 00 A3 FE A0 FF 01 FF FF FF FF FF FF 00 80 00 00 00 00 00 00 00 80 00 00 00 00 00 00 00 80 00 00 00 80 00 00 00 80 00 00 00 00 00 00 00 80 00 00 00 00 00 00 00 80 00 00 00 00 00 00 00 00 80 00 00 00 80 00 00 00 80 00 00 00 80 00 00 00 FF FF FF FF FF FF FF FF FF FF FF FF FF FF FF FF FF FF FF FF FF FF FF FF FF FF FF FF FF FF FF FF FF FF FF FF FF FF FF FF FF FF FF FF FF FF FF FF FF FF FF FF 80 00 00 00 80 00 00 00 FF FF FF FF FF FF FF FF FF FF FF FF FF 00 00 00 00 00 00 00 00 00 23 72 00 00 00 AD FB 9E D3 00 0E FE A0 FE 01 FF FF FF FF FF FF 00 00 00 00 4D 91 3A D3 00 39 FE A0 F9 01 05 00 00 00 00 00 00 00 00 00 00 FF FF FF FF FF FF FF FF FF FF FF FF FF FF FF FF FF FF FF FF FF FF FF FF FF FF FF FF FF FF 00 00 00 00 FF FF FF FF 00 00 00 00 00 54 87 D3 00 1F FE A0 E6 02 FF FF FF FF FF FF 00 02 00 39 01 55 04 00 32 E4 01 30 58 02 22 82 03 88 28 23 00 8F 1E C6 0D 0A 
[   COM12] [16:56:02:858] 24 47 4E 52 4D 43 2C 2C 56 2C 2C 2C 2C 2C 2C 2C 2C 2C 2C 4E 2C 56 2A 33 37 0D 0A 
[   COM12] [16:56:02:858] 24 47 4E 47 47 41 2C 2C 2C 2C 2C 2C 30 2C 30 30 2C 39 39 2E 39 39 2C 2C 2C 2C 2C 2C 2A 35 36 0D 0A 
[   COM12] [16:56:02:860] 24 47 4E 54 58 54 2C 30 31 2C 30 31 2C 30 31 2C 30 2C 30 30 30 30 30 30 2C 30 30 30 30 2C 30 30 30 30 2C 30 30 30 30 2C 30 2E 30 30 30 2C 30 2C 30 30 30 33 46 37 45 45 30 31 42 38 46 42 37 37 2C 31 2C 33 2C 30 2C 30 2C 30 30 30 30 2C 30 2C 30 2C 30 2C 31 34 38 2C 31 34 38 2C 30 30 30 30 30 30 30 30 2C 30 30 30 30 30 30 30 30 2A 36 44 0D 0A 
[   COM12] [16:56:02:861] 24 50 4E 4F 49 53 45 2C 35 37 2C 38 35 2C 31 33 30 32 38 2C 31 32 33 37 36 2C 38 38 33 34 2C 33 34 38 35 36 2C 31 30 30 30 30 2C 31 30 30 30 30 2C 31 30 30 30 30 2C 31 30 30 30 30 2C 30 2C 30 2A 33 33 0D 0A 
[   COM12] [16:56:02:861] D3 00 05 FE A0 00 A8 5A C2 2E 06 0D 0A 
[   COM12] [16:56:02:861] D3 00 03 FE A0 01 FA 8D 7A 0D 0A 
[   COM12] [16:56:02:862] D3 00 30 FE A0 02 A8 5A 00 00 00 41 00 C8 00 00 32 C8 00 09 00 00 32 C8 00 00 00 00 01 00 00 00 00 00 00 00 00 00 00 00 00 00 00 00 00 00 00 00 00 00 00 83 24 2C 0D 0A 
[   COM12] [16:56:03:053] D3 00 03 43 50 00 8D 44 BE 0D 0A 
[   COM12] [16:56:03:075] D3 00 A3 FE A0 FF 01 FF FF FF FF FF FF 00 80 00 00 00 00 00 00 00 80 00 00 00 00 00 00 00 80 00 00 00 80 00 00 00 80 00 00 00 00 00 00 00 80 00 00 00 00 00 00 00 80 00 00 00 00 00 00 00 00 80 00 00 00 80 00 00 00 80 00 00 00 80 00 00 00 FF FF FF FF FF FF FF FF FF FF FF FF FF FF FF FF FF FF FF FF FF FF FF FF FF FF FF FF FF FF FF FF FF FF FF FF FF FF FF FF FF FF FF FF FF FF FF FF FF FF FF FF 80 00 00 00 80 00 00 00 FF FF FF FF FF FF FF FF FF FF FF FF FF 00 00 00 00 00 00 00 00 00 23 72 00 00 00 AD FB 9E D3 00 85 FE A0 FC 01 01 00 00 00 00 00 00 00 00 00 00 00 00 00 00 00 00 00 00 00 00 00 00 00 00 00 00 00 00 00 00 00 00 BF 36 FC 5E 2C CD 8A 41 0F C6 D8 D1 44 99 0D A9 E0 FC 22 4F 8C 61 AB F8 BB 6F 7C CA F6 C1 9E A0 39 73 CF 9B 68 15 CA 1E 15 6C 1D 24 A5 AA 72 3C A6 63 25 28 23 43 6A 80 0D DD 1F 0F 31 6D 30 DE 7B 54 D7 D2 32 C4 97 C6 06 6D B8 29 EE 2B 1F BA 00 00 00 00 00 00 00 00 00 00 00 00 00 00 00 00 30 C6 B3 D3 00 0E FE A0 FE 01 FF FF FF FF FF FF 00 00 00 00 4D 91 3A D3 00 39 FE A0 F9 01 05 00 00 00 00 00 00 00 00 00 00 FF FF FF FF FF FF FF FF FF FF FF FF FF FF FF FF FF FF FF FF FF FF FF FF FF FF FF FF FF FF 00 00 00 00 FF FF FF FF 00 00 00 00 00 54 87 D3 00 12 FE A0 E9 01 FF FF FF FF FF FF 01 01 01 01 00 00 00 00 E9 3F 2A D3 00 1F FE A0 E6 02 FF FF FF FF FF FF 00 02 00 3A 01 54 04 00 33 64 01 30 47 02 22 8B 03 89 6D 23 00 BD 13 FA 0D 0A 
[   COM12] [16:56:03:076] 24 47 4E 52 4D 43 2C 2C 56 2C 2C 2C 2C 2C 2C 2C 2C 2C 2C 4E 2C 56 2A 33 37 0D 0A 
[   COM12] [16:56:03:076] 24 47 4E 47 47 41 2C 2C 2C 2C 2C 2C 30 2C 30 30 2C 39 39 2E 39 39 2C 2C 2C 2C 2C 2C 2A 35 36 0D 0A 
[   COM12] [16:56:03:077] 24 47 4E 47 53 41 2C 41 2C 31 2C 2C 2C 2C 2C 2C 2C 2C 2C 2C 2C 2C 2C 39 39 2E 39 39 2C 39 39 2E 39 39 2C 39 39 2E 39 39 2C 31 2A 33 33 0D 0A 
[   COM12] [16:56:03:077] 24 47 4E 47 53 41 2C 41 2C 31 2C 2C 2C 2C 2C 2C 2C 2C 2C 2C 2C 2C 2C 39 39 2E 39 39 2C 39 39 2E 39 39 2C 39 39 2E 39 39 2C 34 2A 33 36 0D 0A 
[   COM12] [16:56:03:078] 24 47 4E 47 53 41 2C 41 2C 31 2C 2C 2C 2C 2C 2C 2C 2C 2C 2C 2C 2C 2C 39 39 2E 39 39 2C 39 39 2E 39 39 2C 39 39 2E 39 39 2C 33 2A 33 31 0D 0A 
[   COM12] [16:56:03:078] 24 47 4E 47 53 41 2C 41 2C 31 2C 2C 2C 2C 2C 2C 2C 2C 2C 2C 2C 2C 2C 39 39 2E 39 39 2C 39 39 2E 39 39 2C 39 39 2E 39 39 2C 32 2A 33 30 0D 0A 
[   COM12] [16:56:03:079] 24 47 4E 47 53 41 2C 41 2C 31 2C 2C 2C 2C 2C 2C 2C 2C 2C 2C 2C 2C 2C 39 39 2E 39 39 2C 39 39 2E 39 39 2C 39 39 2E 39 39 2C 35 2A 33 37 0D 0A 
[   COM12] [16:56:03:079] 24 47 50 47 53 56 2C 31 2C 31 2C 30 30 2C 31 2A 36 34 0D 0A 
[   COM12] [16:56:03:079] 24 47 50 47 53 56 2C 31 2C 31 2C 30 30 2C 38 2A 36 44 0D 0A 
[   COM12] [16:56:03:079] 24 47 42 47 53 56 2C 31 2C 31 2C 30 30 2C 31 2A 37 36 0D 0A 
[   COM12] [16:56:03:080] 24 47 42 47 53 56 2C 31 2C 31 2C 30 30 2C 35 2A 37 32 0D 0A 
[   COM12] [16:56:03:080] 24 47 41 47 53 56 2C 31 2C 31 2C 30 30 2C 37 2A 37 33 0D 0A 
[   COM12] [16:56:03:080] 24 47 41 47 53 56 2C 31 2C 31 2C 30 30 2C 31 2A 37 35 0D 0A 
[   COM12] [16:56:03:081] 24 47 4C 47 53 56 2C 31 2C 31 2C 30 30 2C 31 2A 37 38 0D 0A 
[   COM12] [16:56:03:081] 24 47 51 47 53 56 2C 31 2C 31 2C 30 30 2C 31 2A 36 35 0D 0A 
[   COM12] [16:56:03:081] 24 47 51 47 53 56 2C 31 2C 31 2C 30 30 2C 38 2A 36 43 0D 0A 
[   COM12] [16:56:03:082] 24 47 4E 54 58 54 2C 30 31 2C 30 31 2C 30 31 2C 30 2C 30 30 30 30 30 30 2C 30 30 30 30 2C 30 30 30 30 2C 30 30 30 30 2C 30 2E 30 30 30 2C 30 2C 30 30 30 33 46 37 45 45 30 31 42 38 46 42 37 37 2C 31 2C 33 2C 30 2C 30 2C 30 30 30 30 2C 30 2C 30 2C 30 2C 31 34 38 2C 31 34 38 2C 30 30 30 30 30 30 30 30 2C 30 30 30 30 30 30 30 30 2A 36 44 0D 0A 
[   COM12] [16:56:03:083] 24 50 4E 4F 49 53 45 2C 35 37 2C 38 34 2C 31 33 31 35 36 2C 31 32 33 35 39 2C 38 38 34 33 2C 33 35 31 38 31 2C 31 30 30 30 30 2C 31 30 30 30 30 2C 31 30 30 30 30 2C 31 30 30 30 30 2C 30 2C 30 2A 33 35 0D 0A 
[   COM12] [16:56:03:083] D3 00 05 FE A0 00 A8 5A C2 2E 06 0D 0A 
[   COM12] [16:56:03:083] D3 00 03 FE A0 01 FA 8D 7A 0D 0A 
[   COM12] [16:56:03:084] D3 00 30 FE A0 02 A8 5A 00 00 00 42 00 C8 00 00 33 90 00 09 00 00 33 90 00 00 00 00 02 00 00 00 00 00 00 00 00 00 00 00 00 00 00 00 00 00 00 00 00 00 00 C5 EF A4 0D 0A 
[   COM12] [16:56:03:253] D3 00 03 43 50 00 8D 44 BE 0D 0A 
[   COM12] [16:56:03:258] D3 00 A3 FE A0 FF 01 FF FF FF FF FF FF 00 80 00 00 00 00 00 00 00 80 00 00 00 00 00 00 00 80 00 00 00 80 00 00 00 80 00 00 00 00 00 00 00 80 00 00 00 00 00 00 00 80 00 00 00 00 00 00 00 00 80 00 00 00 80 00 00 00 80 00 00 00 80 00 00 00 FF FF FF FF FF FF FF FF FF FF FF FF FF FF FF FF FF FF FF FF FF FF FF FF FF FF FF FF FF FF FF FF FF FF FF FF FF FF FF FF FF FF FF FF FF FF FF FF FF FF FF FF 80 00 00 00 80 00 00 00 FF FF FF FF FF FF FF FF FF FF FF FF FF 00 00 00 00 00 00 00 00 00 23 72 00 00 00 AD FB 9E D3 00 0E FE A0 FE 01 FF FF FF FF FF FF 00 00 00 00 4D 91 3A D3 00 39 FE A0 F9 01 05 00 00 00 00 00 00 00 00 00 00 FF FF FF FF FF FF FF FF FF FF FF FF FF FF FF FF FF FF FF FF FF FF FF FF FF FF FF FF FF FF 00 00 00 00 FF FF FF FF 00 00 00 00 00 54 87 D3 00 1F FE A0 E6 02 FF FF FF FF FF FF 00 02 00 39 01 54 04 00 33 58 01 30 49 02 22 B7 03 88 E7 23 00 9E 58 1E 0D 0A 
[   COM12] [16:56:03:258] 24 47 4E 52 4D 43 2C 2C 56 2C 2C 2C 2C 2C 2C 2C 2C 2C 2C 4E 2C 56 2A 33 37 0D 0A 
[   COM12] [16:56:03:259] 24 47 4E 47 47 41 2C 2C 2C 2C 2C 2C 30 2C 30 30 2C 39 39 2E 39 39 2C 2C 2C 2C 2C 2C 2A 35 36 0D 0A 
[   COM12] [16:56:03:260] 24 47 4E 54 58 54 2C 30 31 2C 30 31 2C 30 31 2C 30 2C 30 30 30 30 30 30 2C 30 30 30 30 2C 30 30 30 30 2C 30 30 30 30 2C 30 2E 30 30 30 2C 30 2C 30 30 30 33 46 37 45 45 30 31 42 38 46 42 37 37 2C 31 2C 31 38 2C 30 2C 30 2C 30 30 30 30 2C 30 2C 30 2C 30 2C 31 34 38 2C 31 34 38 2C 30 30 30 30 30 30 30 30 2C 30 30 30 30 30 30 30 30 2A 35 37 0D 0A 
[   COM12] [16:56:03:261] 24 50 4E 4F 49 53 45 2C 35 37 2C 38 34 2C 31 33 31 34 34 2C 31 32 33 36 31 2C 38 38 38 37 2C 33 35 30 34 37 2C 31 30 30 30 30 2C 31 30 30 30 30 2C 31 30 30 30 30 2C 31 30 30 30 30 2C 30 2C 30 2A 33 45 0D 0A 
[   COM12] [16:56:03:261] D3 00 05 FE A0 00 A8 5A C2 2E 06 0D 0A 
[   COM12] [16:56:03:261] D3 00 03 FE A0 01 FA 8D 7A 0D 0A 
[   COM12] [16:56:03:262] D3 00 30 FE A0 02 A8 5A 00 00 00 43 00 C8 00 00 34 58 00 09 00 00 34 58 00 00 00 00 00 00 00 00 00 00 00 00 00 00 00 00 00 00 00 00 00 00 00 00 00 00 00 81 66 0C 0D 0A 
[   COM12] [16:56:03:453] D3 00 03 43 50 00 8D 44 BE 0D 0A 
[   COM12] [16:56:03:458] D3 00 A3 FE A0 FF 01 FF FF FF FF FF FF 00 80 00 00 00 00 00 00 00 80 00 00 00 00 00 00 00 80 00 00 00 80 00 00 00 80 00 00 00 00 00 00 00 80 00 00 00 00 00 00 00 80 00 00 00 00 00 00 00 00 80 00 00 00 80 00 00 00 80 00 00 00 80 00 00 00 FF FF FF FF FF FF FF FF FF FF FF FF FF FF FF FF FF FF FF FF FF FF FF FF FF FF FF FF FF FF FF FF FF FF FF FF FF FF FF FF FF FF FF FF FF FF FF FF FF FF FF FF 80 00 00 00 80 00 00 00 FF FF FF FF FF FF FF FF FF FF FF FF FF 00 00 00 00 00 00 00 00 00 23 72 00 00 00 AD FB 9E D3 00 0E FE A0 FE 01 FF FF FF FF FF FF 00 00 00 00 4D 91 3A D3 00 39 FE A0 F9 01 05 00 00 00 00 00 00 00 00 00 00 FF FF FF FF FF FF FF FF FF FF FF FF FF FF FF FF FF FF FF FF FF FF FF FF FF FF FF FF FF FF 00 00 00 00 FF FF FF FF 00 00 00 00 00 54 87 D3 00 1F FE A0 E6 02 FF FF FF FF FF FF 00 02 00 39 01 54 04 00 33 7B 01 30 9D 02 22 C7 03 88 62 23 00 12 E2 AE 0D 0A 
[   COM12] [16:56:03:458] 24 47 4E 52 4D 43 2C 2C 56 2C 2C 2C 2C 2C 2C 2C 2C 2C 2C 4E 2C 56 2A 33 37 0D 0A 
[   COM12] [16:56:03:458] 24 47 4E 47 47 41 2C 2C 2C 2C 2C 2C 30 2C 30 30 2C 39 39 2E 39 39 2C 2C 2C 2C 2C 2C 2A 35 36 0D 0A 
[   COM12] [16:56:03:460] 24 47 4E 54 58 54 2C 30 31 2C 30 31 2C 30 31 2C 30 2C 30 30 30 30 30 30 2C 30 30 30 30 2C 30 30 30 30 2C 30 30 30 30 2C 30 2E 30 30 30 2C 30 2C 30 30 30 33 46 37 45 45 30 31 42 38 46 42 37 37 2C 31 2C 33 2C 30 2C 30 2C 30 30 30 30 2C 30 2C 30 2C 30 2C 31 34 38 2C 31 34 38 2C 30 30 30 30 30 30 30 30 2C 30 30 30 30 30 30 30 30 2A 36 44 0D 0A 
[   COM12] [16:56:03:461] 24 50 4E 4F 49 53 45 2C 35 37 2C 38 34 2C 31 33 31 37 39 2C 31 32 34 34 35 2C 38 39 30 33 2C 33 34 39 31 34 2C 31 30 30 30 30 2C 31 30 30 30 30 2C 31 30 30 30 30 2C 31 30 30 30 30 2C 30 2C 30 2A 33 32 0D 0A 
[   COM12] [16:56:03:461] D3 00 05 FE A0 00 A8 5A C2 2E 06 0D 0A 
[   COM12] [16:56:03:461] D3 00 03 FE A0 01 FA 8D 7A 0D 0A 
[   COM12] [16:56:03:462] D3 00 30 FE A0 02 A8 5A 00 00 00 44 00 C8 00 00 35 20 00 09 00 00 35 20 00 00 00 00 01 00 00 00 00 00 00 00 00 00 00 00 00 00 00 00 00 00 00 00 00 00 00 3F 67 76 0D 0A 
[   COM12] [16:56:03:653] D3 00 03 43 50 00 8D 44 BE 0D 0A 
[   COM12] [16:56:03:658] D3 00 A3 FE A0 FF 01 FF FF FF FF FF FF 00 80 00 00 00 00 00 00 00 80 00 00 00 00 00 00 00 80 00 00 00 80 00 00 00 80 00 00 00 00 00 00 00 80 00 00 00 00 00 00 00 80 00 00 00 00 00 00 00 00 80 00 00 00 80 00 00 00 80 00 00 00 80 00 00 00 FF FF FF FF FF FF FF FF FF FF FF FF FF FF FF FF FF FF FF FF FF FF FF FF FF FF FF FF FF FF FF FF FF FF FF FF FF FF FF FF FF FF FF FF FF FF FF FF FF FF FF FF 80 00 00 00 80 00 00 00 FF FF FF FF FF FF FF FF FF FF FF FF FF 00 00 00 00 00 00 00 00 00 23 72 00 00 00 AD FB 9E D3 00 0E FE A0 FE 01 FF FF FF FF FF FF 00 00 00 00 4D 91 3A D3 00 39 FE A0 F9 01 05 00 00 00 00 00 00 00 00 00 00 FF FF FF FF FF FF FF FF FF FF FF FF FF FF FF FF FF FF FF FF FF FF FF FF FF FF FF FF FF FF 00 00 00 00 FF FF FF FF 00 00 00 00 00 54 87 D3 00 1F FE A0 E6 02 FF FF FF FF FF FF 00 02 00 3A 01 55 04 00 33 1E 01 30 C9 02 22 C7 03 87 76 23 00 4F DD 22 0D 0A 
[   COM12] [16:56:03:658] 24 47 4E 52 4D 43 2C 2C 56 2C 2C 2C 2C 2C 2C 2C 2C 2C 2C 4E 2C 56 2A 33 37 0D 0A 
[   COM12] [16:56:03:659] 24 47 4E 47 47 41 2C 2C 2C 2C 2C 2C 30 2C 30 30 2C 39 39 2E 39 39 2C 2C 2C 2C 2C 2C 2A 35 36 0D 0A 
[   COM12] [16:56:03:660] 24 47 4E 54 58 54 2C 30 31 2C 30 31 2C 30 31 2C 30 2C 30 30 30 30 30 30 2C 30 30 30 30 2C 30 30 30 30 2C 30 30 30 30 2C 30 2E 30 30 30 2C 30 2C 30 30 30 33 46 37 45 45 30 31 42 38 46 42 37 37 2C 31 2C 33 2C 30 2C 30 2C 30 30 30 30 2C 30 2C 30 2C 30 2C 31 34 38 2C 31 34 38 2C 30 30 30 30 30 30 30 30 2C 30 30 30 30 30 30 30 30 2A 36 44 0D 0A 
[   COM12] [16:56:03:661] 24 50 4E 4F 49 53 45 2C 35 38 2C 38 35 2C 31 33 30 38 36 2C 31 32 34 38 39 2C 38 39 30 33 2C 33 34 36 37 38 2C 31 30 30 30 30 2C 31 30 30 30 30 2C 31 30 30 30 30 2C 31 30 30 30 30 2C 30 2C 30 2A 33 38 0D 0A 
[   COM12] [16:56:03:661] D3 00 05 FE A0 00 A8 5A C2 2E 06 0D 0A 
[   COM12] [16:56:03:661] D3 00 03 FE A0 01 FA 8D 7A 0D 0A 
[   COM12] [16:56:03:662] D3 00 30 FE A0 02 A8 5A 00 00 00 45 00 C8 00 00 35 E8 00 09 00 00 35 E8 00 00 00 00 02 00 00 00 00 00 00 00 00 00 00 00 00 00 00 00 00 00 00 00 00 00 00 B4 A7 9C 0D 0A 
[   COM12] [16:56:03:854] D3 00 03 43 50 00 8D 44 BE 0D 0A 
[   COM12] [16:56:03:859] D3 00 A3 FE A0 FF 01 FF FF FF FF FF FF 00 80 00 00 00 00 00 00 00 80 00 00 00 00 00 00 00 80 00 00 00 80 00 00 00 80 00 00 00 00 00 00 00 80 00 00 00 00 00 00 00 80 00 00 00 00 00 00 00 00 80 00 00 00 80 00 00 00 80 00 00 00 80 00 00 00 FF FF FF FF FF FF FF FF FF FF FF FF FF FF FF FF FF FF FF FF FF FF FF FF FF FF FF FF FF FF FF FF FF FF FF FF FF FF FF FF FF FF FF FF FF FF FF FF FF FF FF FF 80 00 00 00 80 00 00 00 FF FF FF FF FF FF FF FF FF FF FF FF FF 00 00 00 00 00 00 00 00 00 23 72 00 00 00 AD FB 9E D3 00 0E FE A0 FE 01 FF FF FF FF FF FF 00 00 00 00 4D 91 3A D3 00 39 FE A0 F9 01 05 00 00 00 00 00 00 00 00 00 00 FF FF FF FF FF FF FF FF FF FF FF FF FF FF FF FF FF FF FF FF FF FF FF FF FF FF FF FF FF FF 00 00 00 00 FF FF FF FF 00 00 00 00 00 54 87 D3 00 1F FE A0 E6 02 FF FF FF FF FF FF 00 02 00 3A 01 54 04 00 33 41 01 31 5E 02 22 C0 03 87 92 23 00 7A 6C 72 0D 0A 
[   COM12] [16:56:03:859] 24 47 4E 52 4D 43 2C 2C 56 2C 2C 2C 2C 2C 2C 2C 2C 2C 2C 4E 2C 56 2A 33 37 0D 0A 
[   COM12] [16:56:03:859] 24 47 4E 47 47 41 2C 2C 2C 2C 2C 2C 30 2C 30 30 2C 39 39 2E 39 39 2C 2C 2C 2C 2C 2C 2A 35 36 0D 0A 
[   COM12] [16:56:03:861] 24 47 4E 54 58 54 2C 30 31 2C 30 31 2C 30 31 2C 30 2C 30 30 30 30 30 30 2C 30 30 30 30 2C 30 30 30 30 2C 30 30 30 30 2C 30 2E 30 30 30 2C 30 2C 30 30 30 33 46 37 45 45 30 31 42 38 46 42 37 37 2C 31 2C 33 2C 30 2C 30 2C 30 30 30 30 2C 30 2C 30 2C 30 2C 31 34 38 2C 31 34 38 2C 30 30 30 30 30 30 30 30 2C 30 30 30 30 30 30 30 30 2A 36 44 0D 0A 
[   COM12] [16:56:03:862] 24 50 4E 4F 49 53 45 2C 35 38 2C 38 34 2C 31 33 31 32 31 2C 31 32 36 33 38 2C 38 38 39 36 2C 33 34 37 30 36 2C 31 30 30 30 30 2C 31 30 30 30 30 2C 31 30 30 30 30 2C 31 30 30 30 30 2C 30 2C 30 2A 33 38 0D 0A 
[   COM12] [16:56:03:862] D3 00 05 FE A0 00 A8 5A C2 2E 06 0D 0A 
[   COM12] [16:56:03:862] D3 00 03 FE A0 01 FA 8D 7A 0D 0A 
[   COM12] [16:56:03:863] D3 00 30 FE A0 02 A8 5A 00 00 00 46 00 C8 00 00 36 B0 00 09 00 00 36 B0 00 00 00 00 00 00 00 00 00 00 00 00 00 00 00 00 00 00 00 00 00 00 00 00 00 00 00 CA 1E B7 0D 0A 
[   COM12] [16:56:04:053] D3 00 03 43 50 00 8D 44 BE 0D 0A 
[   COM12] [16:56:04:075] D3 00 A3 FE A0 FF 01 FF FF FF FF FF FF 00 80 00 00 00 00 00 00 00 80 00 00 00 00 00 00 00 80 00 00 00 80 00 00 00 80 00 00 00 00 00 00 00 80 00 00 00 00 00 00 00 80 00 00 00 00 00 00 00 00 80 00 00 00 80 00 00 00 80 00 00 00 80 00 00 00 FF FF FF FF FF FF FF FF FF FF FF FF FF FF FF FF FF FF FF FF FF FF FF FF FF FF FF FF FF FF FF FF FF FF FF FF FF FF FF FF FF FF FF FF FF FF FF FF FF FF FF FF 80 00 00 00 80 00 00 00 FF FF FF FF FF FF FF FF FF FF FF FF FF 00 00 00 00 00 00 00 00 00 23 72 00 00 00 AD FB 9E D3 00 85 FE A0 FC 01 01 00 00 00 00 00 00 00 00 00 00 00 00 00 00 00 00 00 00 00 00 00 00 00 00 00 00 00 00 00 00 00 00 BF 36 FC 5E 2C CD 8A 41 0F C6 D8 D1 44 99 0D A9 E0 FC 22 4F 8C 61 AB F8 BB 6F 7C CA F6 C1 9E A0 8C E1 7E 9B 2F F6 CD 91 A8 74 1C 66 00 EE DB 39 BB 24 52 18 79 5B 66 4E 31 29 E1 67 DC 0B 69 04 47 CC 8A 70 82 00 19 8F 48 C3 98 A1 5E CC C4 84 00 00 00 00 00 00 00 00 00 00 00 00 00 00 00 00 B0 AD 1B D3 00 0E FE A0 FE 01 FF FF FF FF FF FF 00 00 00 00 4D 91 3A D3 00 39 FE A0 F9 01 05 00 00 00 00 00 00 00 00 00 00 FF FF FF FF FF FF FF FF FF FF FF FF FF FF FF FF FF FF FF FF FF FF FF FF FF FF FF FF FF FF 00 00 00 00 FF FF FF FF 00 00 00 00 00 54 87 D3 00 12 FE A0 E9 01 FF FF FF FF FF FF 01 01 01 01 00 00 00 00 E9 3F 2A D3 00 1F FE A0 E6 02 FF FF FF FF FF FF 00 02 00 3A 01 55 04 00 34 2C 01 30 E5 02 22 B5 03 89 5F 23 00 89 03 F7 0D 0A 
[   COM12] [16:56:04:076] 24 47 4E 52 4D 43 2C 2C 56 2C 2C 2C 2C 2C 2C 2C 2C 2C 2C 4E 2C 56 2A 33 37 0D 0A 
[   COM12] [16:56:04:076] 24 47 4E 47 47 41 2C 2C 2C 2C 2C 2C 30 2C 30 30 2C 39 39 2E 39 39 2C 2C 2C 2C 2C 2C 2A 35 36 0D 0A 
[   COM12] [16:56:04:077] 24 47 4E 47 53 41 2C 41 2C 31 2C 2C 2C 2C 2C 2C 2C 2C 2C 2C 2C 2C 2C 39 39 2E 39 39 2C 39 39 2E 39 39 2C 39 39 2E 39 39 2C 31 2A 33 33 0D 0A 
[   COM12] [16:56:04:077] 24 47 4E 47 53 41 2C 41 2C 31 2C 2C 2C 2C 2C 2C 2C 2C 2C 2C 2C 2C 2C 39 39 2E 39 39 2C 39 39 2E 39 39 2C 39 39 2E 39 39 2C 34 2A 33 36 0D 0A 
[   COM12] [16:56:04:078] 24 47 4E 47 53 41 2C 41 2C 31 2C 2C 2C 2C 2C 2C 2C 2C 2C 2C 2C 2C 2C 39 39 2E 39 39 2C 39 39 2E 39 39 2C 39 39 2E 39 39 2C 33 2A 33 31 0D 0A 
[   COM12] [16:56:04:078] 24 47 4E 47 53 41 2C 41 2C 31 2C 2C 2C 2C 2C 2C 2C 2C 2C 2C 2C 2C 2C 39 39 2E 39 39 2C 39 39 2E 39 39 2C 39 39 2E 39 39 2C 32 2A 33 30 0D 0A 
[   COM12] [16:56:04:079] 24 47 4E 47 53 41 2C 41 2C 31 2C 2C 2C 2C 2C 2C 2C 2C 2C 2C 2C 2C 2C 39 39 2E 39 39 2C 39 39 2E 39 39 2C 39 39 2E 39 39 2C 35 2A 33 37 0D 0A 
[   COM12] [16:56:04:079] 24 47 50 47 53 56 2C 31 2C 31 2C 30 30 2C 31 2A 36 34 0D 0A 
[   COM12] [16:56:04:079] 24 47 50 47 53 56 2C 31 2C 31 2C 30 30 2C 38 2A 36 44 0D 0A 
[   COM12] [16:56:04:080] 24 47 42 47 53 56 2C 31 2C 31 2C 30 30 2C 31 2A 37 36 0D 0A 
[   COM12] [16:56:04:080] 24 47 42 47 53 56 2C 31 2C 31 2C 30 30 2C 35 2A 37 32 0D 0A 
[   COM12] [16:56:04:080] 24 47 41 47 53 56 2C 31 2C 31 2C 30 30 2C 37 2A 37 33 0D 0A 
[   COM12] [16:56:04:080] 24 47 41 47 53 56 2C 31 2C 31 2C 30 30 2C 31 2A 37 35 0D 0A 
[   COM12] [16:56:04:081] 24 47 4C 47 53 56 2C 31 2C 31 2C 30 30 2C 31 2A 37 38 0D 0A 
[   COM12] [16:56:04:081] 24 47 51 47 53 56 2C 31 2C 31 2C 30 30 2C 31 2A 36 35 0D 0A 
[   COM12] [16:56:04:081] 24 47 51 47 53 56 2C 31 2C 31 2C 30 30 2C 38 2A 36 43 0D 0A 
[   COM12] [16:56:04:082] 24 47 4E 54 58 54 2C 30 31 2C 30 31 2C 30 31 2C 30 2C 30 30 30 30 30 30 2C 30 30 30 30 2C 30 30 30 30 2C 30 30 30 30 2C 30 2E 30 30 30 2C 30 2C 30 30 30 33 46 37 45 45 30 31 42 38 46 42 37 37 2C 31 2C 33 2C 30 2C 30 2C 30 30 30 30 2C 30 2C 30 2C 30 2C 31 34 38 2C 31 34 38 2C 30 30 30 30 30 30 30 30 2C 30 30 30 30 30 30 30 30 2A 36 44 0D 0A 
[   COM12] [16:56:04:083] 24 50 4E 4F 49 53 45 2C 35 38 2C 38 35 2C 31 33 33 35 36 2C 31 32 35 31 37 2C 38 38 38 35 2C 33 35 31 36 37 2C 31 30 30 30 30 2C 31 30 30 30 30 2C 31 30 30 30 30 2C 31 30 30 30 30 2C 30 2C 30 2A 33 37 0D 0A 
[   COM12] [16:56:04:083] D3 00 05 FE A0 00 A8 5A C2 2E 06 0D 0A 
[   COM12] [16:56:04:084] D3 00 03 FE A0 01 FA 8D 7A 0D 0A 
[   COM12] [16:56:04:084] D3 00 30 FE A0 02 A8 5A 00 00 00 47 00 C8 00 00 37 78 00 09 00 00 37 78 00 00 00 00 01 00 00 00 00 00 00 00 00 00 00 00 00 00 00 00 00 00 00 00 00 00 00 C6 00 FA 0D 0A 
[   COM12] [16:56:04:253] D3 00 03 43 50 00 8D 44 BE 0D 0A 
[   COM12] [16:56:04:258] D3 00 A3 FE A0 FF 01 FF FF FF FF FF FF 00 80 00 00 00 00 00 00 00 80 00 00 00 00 00 00 00 80 00 00 00 80 00 00 00 80 00 00 00 00 00 00 00 80 00 00 00 00 00 00 00 80 00 00 00 00 00 00 00 00 80 00 00 00 80 00 00 00 80 00 00 00 80 00 00 00 FF FF FF FF FF FF FF FF FF FF FF FF FF FF FF FF FF FF FF FF FF FF FF FF FF FF FF FF FF FF FF FF FF FF FF FF FF FF FF FF FF FF FF FF FF FF FF FF FF FF FF FF 80 00 00 00 80 00 00 00 FF FF FF FF FF FF FF FF FF FF FF FF FF 00 00 00 00 00 00 00 00 00 23 72 00 00 00 AD FB 9E D3 00 0E FE A0 FE 01 FF FF FF FF FF FF 00 00 00 00 4D 91 3A D3 00 39 FE A0 F9 01 05 00 00 00 00 00 00 00 00 00 00 FF FF FF FF FF FF FF FF FF FF FF FF FF FF FF FF FF FF FF FF FF FF FF FF FF FF FF FF FF FF 00 00 00 00 FF FF FF FF 00 00 00 00 00 54 87 D3 00 1F FE A0 E6 02 FF FF FF FF FF FF 00 02 00 3A 01 55 04 00 34 03 01 31 1E 02 22 B5 03 88 76 23 00 78 3F 29 0D 0A 
[   COM12] [16:56:04:258] 24 47 4E 52 4D 43 2C 2C 56 2C 2C 2C 2C 2C 2C 2C 2C 2C 2C 4E 2C 56 2A 33 37 0D 0A 
[   COM12] [16:56:04:258] 24 47 4E 47 47 41 2C 2C 2C 2C 2C 2C 30 2C 30 30 2C 39 39 2E 39 39 2C 2C 2C 2C 2C 2C 2A 35 36 0D 0A 
[   COM12] [16:56:04:260] 24 47 4E 54 58 54 2C 30 31 2C 30 31 2C 30 31 2C 30 2C 30 30 30 30 30 30 2C 30 30 30 30 2C 30 30 30 30 2C 30 30 30 30 2C 30 2E 30 30 30 2C 30 2C 30 30 30 33 46 37 45 45 30 31 42 38 46 42 37 37 2C 31 2C 31 38 2C 30 2C 30 2C 30 30 30 30 2C 30 2C 30 2C 30 2C 31 34 38 2C 31 34 38 2C 30 30 30 30 30 30 30 30 2C 30 30 30 30 30 30 30 30 2A 35 37 0D 0A 
[   COM12] [16:56:04:261] 24 50 4E 4F 49 53 45 2C 35 38 2C 38 35 2C 31 33 33 31 35 2C 31 32 35 37 34 2C 38 38 38 35 2C 33 34 39 33 34 2C 31 30 30 30 30 2C 31 30 30 30 30 2C 31 30 30 30 30 2C 31 30 30 30 30 2C 30 2C 30 2A 33 41 0D 0A 
[   COM12] [16:56:04:261] D3 00 05 FE A0 00 A8 5A C2 2E 06 0D 0A 
[   COM12] [16:56:04:261] D3 00 03 FE A0 01 FA 8D 7A 0D 0A 
[   COM12] [16:56:04:262] D3 00 30 FE A0 02 A8 5A 00 00 00 48 00 C8 00 00 38 40 00 09 00 00 38 40 00 00 00 00 02 00 00 00 00 00 00 00 00 00 00 00 00 00 00 00 00 00 00 00 00 00 00 FD B9 3F 0D 0A 
[   COM12] [16:56:04:454] D3 00 03 43 50 00 8D 44 BE 0D 0A 
[   COM12] [16:56:04:459] D3 00 A3 FE A0 FF 01 FF FF FF FF FF FF 00 80 00 00 00 00 00 00 00 80 00 00 00 00 00 00 00 80 00 00 00 80 00 00 00 80 00 00 00 00 00 00 00 80 00 00 00 00 00 00 00 80 00 00 00 00 00 00 00 00 80 00 00 00 80 00 00 00 80 00 00 00 80 00 00 00 FF FF FF FF FF FF FF FF FF FF FF FF FF FF FF FF FF FF FF FF FF FF FF FF FF FF FF FF FF FF FF FF FF FF FF FF FF FF FF FF FF FF FF FF FF FF FF FF FF FF FF FF 80 00 00 00 80 00 00 00 FF FF FF FF FF FF FF FF FF FF FF FF FF 00 00 00 00 00 00 00 00 00 23 72 00 00 00 AD FB 9E D3 00 0E FE A0 FE 01 FF FF FF FF FF FF 00 00 00 00 4D 91 3A D3 00 39 FE A0 F9 01 05 00 00 00 00 00 00 00 00 00 00 FF FF FF FF FF FF FF FF FF FF FF FF FF FF FF FF FF FF FF FF FF FF FF FF FF FF FF FF FF FF 00 00 00 00 FF FF FF FF 00 00 00 00 00 54 87 D3 00 1F FE A0 E6 02 FF FF FF FF FF FF 00 02 00 3A 01 55 04 00 34 03 01 31 1A 02 22 B6 03 88 57 23 00 FD 1E 16 0D 0A 
[   COM12] [16:56:04:459] 24 47 4E 52 4D 43 2C 2C 56 2C 2C 2C 2C 2C 2C 2C 2C 2C 2C 4E 2C 56 2A 33 37 0D 0A 
[   COM12] [16:56:04:459] 24 47 4E 47 47 41 2C 2C 2C 2C 2C 2C 30 2C 30 30 2C 39 39 2E 39 39 2C 2C 2C 2C 2C 2C 2A 35 36 0D 0A 
[   COM12] [16:56:04:461] 24 47 4E 54 58 54 2C 30 31 2C 30 31 2C 30 31 2C 30 2C 30 30 30 30 30 30 2C 30 30 30 30 2C 30 30 30 30 2C 30 30 30 30 2C 30 2E 30 30 30 2C 30 2C 30 30 30 33 46 37 45 45 30 31 42 38 46 42 37 37 2C 31 2C 33 2C 30 2C 30 2C 30 30 30 30 2C 30 2C 30 2C 30 2C 31 34 38 2C 31 34 38 2C 30 30 30 30 30 30 30 30 2C 30 30 30 30 30 30 30 30 2A 36 44 0D 0A 
[   COM12] [16:56:04:462] 24 50 4E 4F 49 53 45 2C 35 38 2C 38 35 2C 31 33 33 31 35 2C 31 32 35 37 30 2C 38 38 38 36 2C 33 34 39 30 33 2C 31 30 30 30 30 2C 31 30 30 30 30 2C 31 30 30 30 30 2C 31 30 30 30 30 2C 30 2C 30 2A 33 39 0D 0A 
[   COM12] [16:56:04:462] D3 00 05 FE A0 00 A8 5A C2 2E 06 0D 0A 
[   COM12] [16:56:04:462] D3 00 03 FE A0 01 FA 8D 7A 0D 0A 
[   COM12] [16:56:04:463] D3 00 30 FE A0 02 A8 5A 00 00 00 49 00 C8 00 00 39 08 00 09 00 00 39 08 00 00 00 00 00 00 00 00 00 00 00 00 00 00 00 00 00 00 00 00 00 00 00 00 00 00 00 C7 17 CE 0D 0A 
[   COM12] [16:56:04:654] D3 00 03 43 50 00 8D 44 BE 0D 0A 
[   COM12] [16:56:04:659] D3 00 A3 FE A0 FF 01 FF FF FF FF FF FF 00 80 00 00 00 00 00 00 00 80 00 00 00 00 00 00 00 80 00 00 00 80 00 00 00 80 00 00 00 00 00 00 00 80 00 00 00 00 00 00 00 80 00 00 00 00 00 00 00 00 80 00 00 00 80 00 00 00 80 00 00 00 80 00 00 00 FF FF FF FF FF FF FF FF FF FF FF FF FF FF FF FF FF FF FF FF FF FF FF FF FF FF FF FF FF FF FF FF FF FF FF FF FF FF FF FF FF FF FF FF FF FF FF FF FF FF FF FF 80 00 00 00 80 00 00 00 FF FF FF FF FF FF FF FF FF FF FF FF FF 00 00 00 00 00 00 00 00 00 23 72 00 00 00 AD FB 9E D3 00 0E FE A0 FE 01 FF FF FF FF FF FF 00 00 00 00 4D 91 3A D3 00 39 FE A0 F9 01 05 00 00 00 00 00 00 00 00 00 00 FF FF FF FF FF FF FF FF FF FF FF FF FF FF FF FF FF FF FF FF FF FF FF FF FF FF FF FF FF FF 00 00 00 00 FF FF FF FF 00 00 00 00 00 54 87 D3 00 1F FE A0 E6 02 FF FF FF FF FF FF 00 02 00 3B 01 55 04 00 33 BB 01 31 19 02 22 BE 03 88 B5 23 00 42 B1 13 0D 0A 
[   COM12] [16:56:04:659] 24 47 4E 52 4D 43 2C 2C 56 2C 2C 2C 2C 2C 2C 2C 2C 2C 2C 4E 2C 56 2A 33 37 0D 0A 
[   COM12] [16:56:04:659] 24 47 4E 47 47 41 2C 2C 2C 2C 2C 2C 30 2C 30 30 2C 39 39 2E 39 39 2C 2C 2C 2C 2C 2C 2A 35 36 0D 0A 
[   COM12] [16:56:04:661] 24 47 4E 54 58 54 2C 30 31 2C 30 31 2C 30 31 2C 30 2C 30 30 30 30 30 30 2C 30 30 30 30 2C 30 30 30 30 2C 30 30 30 30 2C 30 2E 30 30 30 2C 30 2C 30 30 30 33 46 37 45 45 30 31 42 38 46 42 37 37 2C 31 2C 33 2C 30 2C 30 2C 30 30 30 30 2C 30 2C 30 2C 30 2C 31 34 38 2C 31 34 38 2C 30 30 30 30 30 30 30 30 2C 30 30 30 30 30 30 30 30 2A 36 44 0D 0A 
[   COM12] [16:56:04:662] 24 50 4E 4F 49 53 45 2C 35 39 2C 38 35 2C 31 33 32 34 33 2C 31 32 35 36 39 2C 38 38 39 34 2C 33 34 39 39 37 2C 31 30 30 30 30 2C 31 30 30 30 30 2C 31 30 30 30 30 2C 31 30 30 30 30 2C 30 2C 30 2A 33 43 0D 0A 
[   COM12] [16:56:04:662] D3 00 05 FE A0 00 A8 5A C2 2E 06 0D 0A 
[   COM12] [16:56:04:662] D3 00 03 FE A0 01 FA 8D 7A 0D 0A 
[   COM12] [16:56:04:663] D3 00 30 FE A0 02 A8 5A 00 00 00 4A 00 C8 00 00 39 D0 00 09 00 00 39 D0 00 00 00 00 01 00 00 00 00 00 00 00 00 00 00 00 00 00 00 00 00 00 00 00 00 00 00 DD F7 06 0D 0A 
[   COM12] [16:56:04:853] D3 00 03 43 50 00 8D 44 BE 0D 0A 
[   COM12] [16:56:04:858] D3 00 A3 FE A0 FF 01 FF FF FF FF FF FF 00 80 00 00 00 00 00 00 00 80 00 00 00 00 00 00 00 80 00 00 00 80 00 00 00 80 00 00 00 00 00 00 00 80 00 00 00 00 00 00 00 80 00 00 00 00 00 00 00 00 80 00 00 00 80 00 00 00 80 00 00 00 80 00 00 00 FF FF FF FF FF FF FF FF FF FF FF FF FF FF FF FF FF FF FF FF FF FF FF FF FF FF FF FF FF FF FF FF FF FF FF FF FF FF FF FF FF FF FF FF FF FF FF FF FF FF FF FF 80 00 00 00 80 00 00 00 FF FF FF FF FF FF FF FF FF FF FF FF FF 00 00 00 00 00 00 00 00 00 23 72 00 00 00 AD FB 9E D3 00 0E FE A0 FE 01 FF FF FF FF FF FF 00 00 00 00 4D 91 3A D3 00 39 FE A0 F9 01 05 00 00 00 00 00 00 00 00 00 00 FF FF FF FF FF FF FF FF FF FF FF FF FF FF FF FF FF FF FF FF FF FF FF FF FF FF FF FF FF FF 00 00 00 00 FF FF FF FF 00 00 00 00 00 54 87 D3 00 1F FE A0 E6 02 FF FF FF FF FF FF 00 02 00 3B 01 55 04 00 33 7D 01 31 53 02 22 D2 03 86 26 23 00 93 DB DC 0D 0A 
[   COM12] [16:56:04:858] 24 47 4E 52 4D 43 2C 2C 56 2C 2C 2C 2C 2C 2C 2C 2C 2C 2C 4E 2C 56 2A 33 37 0D 0A 
[   COM12] [16:56:04:858] 24 47 4E 47 47 41 2C 2C 2C 2C 2C 2C 30 2C 30 30 2C 39 39 2E 39 39 2C 2C 2C 2C 2C 2C 2A 35 36 0D 0A 
[   COM12] [16:56:04:860] 24 47 4E 54 58 54 2C 30 31 2C 30 31 2C 30 31 2C 30 2C 30 30 30 30 30 30 2C 30 30 30 30 2C 30 30 30 30 2C 30 30 30 30 2C 30 2E 30 30 30 2C 30 2C 30 30 30 33 46 37 45 45 30 31 42 38 46 42 37 37 2C 31 2C 33 2C 30 2C 30 2C 30 30 30 30 2C 30 2C 30 2C 30 2C 31 34 38 2C 31 34 38 2C 30 30 30 30 30 30 30 30 2C 30 30 30 30 30 30 30 30 2A 36 44 0D 0A 
[   COM12] [16:56:04:861] 24 50 4E 4F 49 53 45 2C 35 39 2C 38 35 2C 31 33 31 38 31 2C 31 32 36 32 37 2C 38 39 31 34 2C 33 34 33 34 32 2C 31 30 30 30 30 2C 31 30 30 30 30 2C 31 30 30 30 30 2C 31 30 30 30 30 2C 30 2C 30 2A 33 33 0D 0A 
[   COM12] [16:56:04:861] D3 00 05 FE A0 00 A8 5A C2 2E 06 0D 0A 
[   COM12] [16:56:04:861] D3 00 03 FE A0 01 FA 8D 7A 0D 0A 
[   COM12] [16:56:04:862] D3 00 30 FE A0 02 A8 5A 00 00 00 4B 00 C8 00 00 3A 98 00 09 00 00 3A 98 00 00 00 00 02 00 00 00 00 00 00 00 00 00 00 00 00 00 00 00 00 00 00 00 00 00 00 DF 2B 54 0D 0A 
[   COM12] [16:56:05:053] D3 00 03 43 50 00 8D 44 BE 0D 0A 
[   COM12] [16:56:05:076] D3 00 A3 FE A0 FF 01 FF FF FF FF FF FF 00 80 00 00 00 00 00 00 00 80 00 00 00 00 00 00 00 80 00 00 00 80 00 00 00 80 00 00 00 00 00 00 00 80 00 00 00 00 00 00 00 80 00 00 00 00 00 00 00 00 80 00 00 00 80 00 00 00 80 00 00 00 80 00 00 00 FF FF FF FF FF FF FF FF FF FF FF FF FF FF FF FF FF FF FF FF FF FF FF FF FF FF FF FF FF FF FF FF FF FF FF FF FF FF FF FF FF FF FF FF FF FF FF FF FF FF FF FF 80 00 00 00 80 00 00 00 FF FF FF FF FF FF FF FF FF FF FF FF FF 00 00 00 00 00 00 00 00 00 23 72 00 00 00 AD FB 9E D3 00 85 FE A0 FC 01 01 00 00 00 00 00 00 00 00 00 00 00 00 00 00 00 00 00 00 00 00 00 00 00 00 00 00 00 00 00 00 00 00 BF 36 FC 5E 2C CD 8A 41 0F C6 D8 D1 44 99 0D A9 E0 FC 22 4F 8C 61 AB F8 BB 6F 7C CA F6 C1 9E A0 8E BB DE 47 54 8F 7E EB A1 4F 9C 05 72 F6 26 03 C7 00 01 24 C5 7F EC 07 F7 C1 A2 46 51 7A BD F1 04 EE D6 A4 8E C2 E4 A8 CC F7 0A F3 78 76 4C 47 00 00 00 00 00 00 00 00 00 00 00 00 00 00 00 00 1D 8D FB D3 00 0E FE A0 FE 01 FF FF FF FF FF FF 00 00 00 00 4D 91 3A D3 00 39 FE A0 F9 01 05 00 00 00 00 00 00 00 00 00 00 FF FF FF FF FF FF FF FF FF FF FF FF FF FF FF FF FF FF FF FF FF FF FF FF FF FF FF FF FF FF 00 00 00 00 FF FF FF FF 00 00 00 00 00 54 87 D3 00 12 FE A0 E9 01 FF FF FF FF FF FF 01 01 01 01 00 00 00 00 E9 3F 2A D3 00 1F FE A0 E6 02 FF FF FF FF FF FF 00 02 00 38 01 55 04 00 33 64 01 30 B5 02 22 D2 03 86 E0 23 00 F9 9D 38 0D 0A 
[   COM12] [16:56:05:076] 24 47 4E 52 4D 43 2C 2C 56 2C 2C 2C 2C 2C 2C 2C 2C 2C 2C 4E 2C 56 2A 33 37 0D 0A 
[   COM12] [16:56:05:076] 24 47 4E 47 47 41 2C 2C 2C 2C 2C 2C 30 2C 30 30 2C 39 39 2E 39 39 2C 2C 2C 2C 2C 2C 2A 35 36 0D 0A 
[   COM12] [16:56:05:077] 24 47 4E 47 53 41 2C 41 2C 31 2C 2C 2C 2C 2C 2C 2C 2C 2C 2C 2C 2C 2C 39 39 2E 39 39 2C 39 39 2E 39 39 2C 39 39 2E 39 39 2C 31 2A 33 33 0D 0A 
[   COM12] [16:56:05:077] 24 47 4E 47 53 41 2C 41 2C 31 2C 2C 2C 2C 2C 2C 2C 2C 2C 2C 2C 2C 2C 39 39 2E 39 39 2C 39 39 2E 39 39 2C 39 39 2E 39 39 2C 34 2A 33 36 0D 0A 
[   COM12] [16:56:05:078] 24 47 4E 47 53 41 2C 41 2C 31 2C 2C 2C 2C 2C 2C 2C 2C 2C 2C 2C 2C 2C 39 39 2E 39 39 2C 39 39 2E 39 39 2C 39 39 2E 39 39 2C 33 2A 33 31 0D 0A 
[   COM12] [16:56:05:078] 24 47 4E 47 53 41 2C 41 2C 31 2C 2C 2C 2C 2C 2C 2C 2C 2C 2C 2C 2C 2C 39 39 2E 39 39 2C 39 39 2E 39 39 2C 39 39 2E 39 39 2C 32 2A 33 30 0D 0A 
[   COM12] [16:56:05:079] 24 47 4E 47 53 41 2C 41 2C 31 2C 2C 2C 2C 2C 2C 2C 2C 2C 2C 2C 2C 2C 39 39 2E 39 39 2C 39 39 2E 39 39 2C 39 39 2E 39 39 2C 35 2A 33 37 0D 0A 
[   COM12] [16:56:05:079] 24 47 50 47 53 56 2C 31 2C 31 2C 30 30 2C 31 2A 36 34 0D 0A 
[   COM12] [16:56:05:079] 24 47 50 47 53 56 2C 31 2C 31 2C 30 30 2C 38 2A 36 44 0D 0A 
[   COM12] [16:56:05:080] 24 47 42 47 53 56 2C 31 2C 31 2C 30 30 2C 31 2A 37 36 0D 0A 
[   COM12] [16:56:05:080] 24 47 42 47 53 56 2C 31 2C 31 2C 30 30 2C 35 2A 37 32 0D 0A 
[   COM12] [16:56:05:080] 24 47 41 47 53 56 2C 31 2C 31 2C 30 30 2C 37 2A 37 33 0D 0A 
[   COM12] [16:56:05:081] 24 47 41 47 53 56 2C 31 2C 31 2C 30 30 2C 31 2A 37 35 0D 0A 
[   COM12] [16:56:05:081] 24 47 4C 47 53 56 2C 31 2C 31 2C 30 30 2C 31 2A 37 38 0D 0A 
[   COM12] [16:56:05:081] 24 47 51 47 53 56 2C 31 2C 31 2C 30 30 2C 31 2A 36 35 0D 0A 
[   COM12] [16:56:05:081] 24 47 51 47 53 56 2C 31 2C 31 2C 30 30 2C 38 2A 36 43 0D 0A 
[   COM12] [16:56:05:083] 24 47 4E 54 58 54 2C 30 31 2C 30 31 2C 30 31 2C 30 2C 30 30 30 30 30 30 2C 30 30 30 30 2C 30 30 30 30 2C 30 30 30 30 2C 30 2E 30 30 30 2C 30 2C 30 30 30 33 46 37 45 45 30 31 42 38 46 42 37 37 2C 31 2C 33 2C 30 2C 30 2C 30 30 30 30 2C 30 2C 30 2C 30 2C 31 34 38 2C 31 34 38 2C 30 30 30 30 30 30 30 30 2C 30 30 30 30 30 30 30 30 2A 36 44 0D 0A 
[   COM12] [16:56:05:083] 24 50 4E 4F 49 53 45 2C 35 36 2C 38 35 2C 31 33 31 35 36 2C 31 32 34 36 39 2C 38 39 31 34 2C 33 34 35 32 38 2C 31 30 30 30 30 2C 31 30 30 30 30 2C 31 30 30 30 30 2C 31 30 30 30 30 2C 30 2C 30 2A 33 34 0D 0A 
[   COM12] [16:56:05:083] D3 00 05 FE A0 00 A8 5A C2 2E 06 0D 0A 
[   COM12] [16:56:05:084] D3 00 03 FE A0 01 FA 8D 7A 0D 0A 
[   COM12] [16:56:05:084] D3 00 30 FE A0 02 A8 5A 00 00 00 4C 00 C8 00 00 3B 60 00 09 00 00 3B 60 00 00 00 00 00 00 00 00 00 00 00 00 00 00 00 00 00 00 00 00 00 00 00 00 00 00 00 57 9A 92 0D 0A 
[   COM12] [16:56:05:253] D3 00 03 43 50 00 8D 44 BE 0D 0A 
[   COM12] [16:56:05:258] D3 00 A3 FE A0 FF 01 FF FF FF FF FF FF 00 80 00 00 00 00 00 00 00 80 00 00 00 00 00 00 00 80 00 00 00 80 00 00 00 80 00 00 00 00 00 00 00 80 00 00 00 00 00 00 00 80 00 00 00 00 00 00 00 00 80 00 00 00 80 00 00 00 80 00 00 00 80 00 00 00 FF FF FF FF FF FF FF FF FF FF FF FF FF FF FF FF FF FF FF FF FF FF FF FF FF FF FF FF FF FF FF FF FF FF FF FF FF FF FF FF FF FF FF FF FF FF FF FF FF FF FF FF 80 00 00 00 80 00 00 00 FF FF FF FF FF FF FF FF FF FF FF FF FF 00 00 00 00 00 00 00 00 00 23 72 00 00 00 AD FB 9E D3 00 0E FE A0 FE 01 FF FF FF FF FF FF 00 00 00 00 4D 91 3A D3 00 39 FE A0 F9 01 05 00 00 00 00 00 00 00 00 00 00 FF FF FF FF FF FF FF FF FF FF FF FF FF FF FF FF FF FF FF FF FF FF FF FF FF FF FF FF FF FF 00 00 00 00 FF FF FF FF 00 00 00 00 00 54 87 D3 00 1F FE A0 E6 02 FF FF FF FF FF FF 00 02 00 37 01 55 04 00 32 AA 01 30 EE 02 22 BF 03 87 BE 23 00 C5 1D F6 0D 0A 
[   COM12] [16:56:05:258] 24 47 4E 52 4D 43 2C 2C 56 2C 2C 2C 2C 2C 2C 2C 2C 2C 2C 4E 2C 56 2A 33 37 0D 0A 
[   COM12] [16:56:05:259] 24 47 4E 47 47 41 2C 2C 2C 2C 2C 2C 30 2C 30 30 2C 39 39 2E 39 39 2C 2C 2C 2C 2C 2C 2A 35 36 0D 0A 
[   COM12] [16:56:05:260] 24 47 4E 54 58 54 2C 30 31 2C 30 31 2C 30 31 2C 30 2C 30 30 30 30 30 30 2C 30 30 30 30 2C 30 30 30 30 2C 30 30 30 30 2C 30 2E 30 30 30 2C 30 2C 30 30 30 33 46 37 45 45 30 31 42 38 46 42 37 37 2C 31 2C 31 38 2C 30 2C 30 2C 30 30 30 30 2C 30 2C 30 2C 30 2C 31 34 38 2C 31 34 38 2C 30 30 30 30 30 30 30 30 2C 30 30 30 30 30 30 30 30 2A 35 37 0D 0A 
[   COM12] [16:56:05:261] 24 50 4E 4F 49 53 45 2C 35 35 2C 38 35 2C 31 32 39 37 30 2C 31 32 35 32 36 2C 38 38 39 35 2C 33 34 37 35 30 2C 31 30 30 30 30 2C 31 30 30 30 30 2C 31 30 30 30 30 2C 31 30 30 30 30 2C 30 2C 30 2A 33 35 0D 0A 
[   COM12] [16:56:05:261] D3 00 05 FE A0 00 A8 5A C2 2E 06 0D 0A 
[   COM12] [16:56:05:261] D3 00 03 FE A0 01 FA 8D 7A 0D 0A 
[   COM12] [16:56:05:262] D3 00 30 FE A0 02 A8 5A 00 00 00 4D 00 C8 00 00 3C 28 00 09 00 00 3C 28 00 00 00 00 01 00 00 00 00 00 00 00 00 00 00 00 00 00 00 00 00 00 00 00 00 00 00 25 A3 86 0D 0A 
[   COM12] [16:56:05:453] D3 00 03 43 50 00 8D 44 BE 0D 0A 
[   COM12] [16:56:05:458] D3 00 A3 FE A0 FF 01 FF FF FF FF FF FF 00 80 00 00 00 00 00 00 00 80 00 00 00 00 00 00 00 80 00 00 00 80 00 00 00 80 00 00 00 00 00 00 00 80 00 00 00 00 00 00 00 80 00 00 00 00 00 00 00 00 80 00 00 00 80 00 00 00 80 00 00 00 80 00 00 00 FF FF FF FF FF FF FF FF FF FF FF FF FF FF FF FF FF FF FF FF FF FF FF FF FF FF FF FF FF FF FF FF FF FF FF FF FF FF FF FF FF FF FF FF FF FF FF FF FF FF FF FF 80 00 00 00 80 00 00 00 FF FF FF FF FF FF FF FF FF FF FF FF FF 00 00 00 00 00 00 00 00 00 23 72 00 00 00 AD FB 9E D3 00 0E FE A0 FE 01 FF FF FF FF FF FF 00 00 00 00 4D 91 3A D3 00 39 FE A0 F9 01 05 00 00 00 00 00 00 00 00 00 00 FF FF FF FF FF FF FF FF FF FF FF FF FF FF FF FF FF FF FF FF FF FF FF FF FF FF FF FF FF FF 00 00 00 00 FF FF FF FF 00 00 00 00 00 54 87 D3 00 1F FE A0 E6 02 FF FF FF FF FF FF 00 02 00 37 01 55 04 00 32 68 01 30 EB 02 22 D1 03 88 2F 23 00 74 DB 3B 0D 0A 
[   COM12] [16:56:05:458] 24 47 4E 52 4D 43 2C 2C 56 2C 2C 2C 2C 2C 2C 2C 2C 2C 2C 4E 2C 56 2A 33 37 0D 0A 
[   COM12] [16:56:05:458] 24 47 4E 47 47 41 2C 2C 2C 2C 2C 2C 30 2C 30 30 2C 39 39 2E 39 39 2C 2C 2C 2C 2C 2C 2A 35 36 0D 0A 
[   COM12] [16:56:05:460] 24 47 4E 54 58 54 2C 30 31 2C 30 31 2C 30 31 2C 30 2C 30 30 30 30 30 30 2C 30 30 30 30 2C 30 30 30 30 2C 30 30 30 30 2C 30 2E 30 30 30 2C 30 2C 30 30 30 33 46 37 45 45 30 31 42 38 46 42 37 37 2C 31 2C 33 2C 30 2C 30 2C 30 30 30 30 2C 30 2C 30 2C 30 2C 31 34 38 2C 31 34 38 2C 30 30 30 30 30 30 30 30 2C 30 30 30 30 30 30 30 30 2A 36 44 0D 0A 
[   COM12] [16:56:05:461] 24 50 4E 4F 49 53 45 2C 35 35 2C 38 35 2C 31 32 39 30 34 2C 31 32 35 32 33 2C 38 39 31 33 2C 33 34 38 36 33 2C 31 30 30 30 30 2C 31 30 30 30 30 2C 31 30 30 30 30 2C 31 30 30 30 30 2C 30 2C 30 2A 33 33 0D 0A 
[   COM12] [16:56:05:461] D3 00 05 FE A0 00 A8 5A C2 2E 06 0D 0A 
[   COM12] [16:56:05:461] D3 00 03 FE A0 01 FA 8D 7A 0D 0A 
[   COM12] [16:56:05:462] D3 00 30 FE A0 02 A8 5A 00 00 00 4E 00 C8 00 00 3C F0 00 09 00 00 3C F0 00 00 00 00 02 00 00 00 00 00 00 00 00 00 00 00 00 00 00 00 00 00 00 00 00 00 00 89 3A DC 0D 0A 
[   COM12] [16:56:05:653] D3 00 03 43 50 00 8D 44 BE 0D 0A 
[   COM12] [16:56:05:658] D3 00 A3 FE A0 FF 01 FF FF FF FF FF FF 00 80 00 00 00 00 00 00 00 80 00 00 00 00 00 00 00 80 00 00 00 80 00 00 00 80 00 00 00 00 00 00 00 80 00 00 00 00 00 00 00 80 00 00 00 00 00 00 00 00 80 00 00 00 80 00 00 00 80 00 00 00 80 00 00 00 FF FF FF FF FF FF FF FF FF FF FF FF FF FF FF FF FF FF FF FF FF FF FF FF FF FF FF FF FF FF FF FF FF FF FF FF FF FF FF FF FF FF FF FF FF FF FF FF FF FF FF FF 80 00 00 00 80 00 00 00 FF FF FF FF FF FF FF FF FF FF FF FF FF 00 00 00 00 00 00 00 00 00 23 72 00 00 00 AD FB 9E D3 00 0E FE A0 FE 01 FF FF FF FF FF FF 00 00 00 00 4D 91 3A D3 00 39 FE A0 F9 01 05 00 00 00 00 00 00 00 00 00 00 FF FF FF FF FF FF FF FF FF FF FF FF FF FF FF FF FF FF FF FF FF FF FF FF FF FF FF FF FF FF 00 00 00 00 FF FF FF FF 00 00 00 00 00 54 87 D3 00 1F FE A0 E6 02 FF FF FF FF FF FF 00 02 00 37 01 55 04 00 32 27 01 30 26 02 22 D1 03 87 B8 23 00 32 84 1C 0D 0A 
[   COM12] [16:56:05:658] 24 47 4E 52 4D 43 2C 2C 56 2C 2C 2C 2C 2C 2C 2C 2C 2C 2C 4E 2C 56 2A 33 37 0D 0A 
[   COM12] [16:56:05:659] 24 47 4E 47 47 41 2C 2C 2C 2C 2C 2C 30 2C 30 30 2C 39 39 2E 39 39 2C 2C 2C 2C 2C 2C 2A 35 36 0D 0A 
[   COM12] [16:56:05:660] 24 47 4E 54 58 54 2C 30 31 2C 30 31 2C 30 31 2C 30 2C 30 30 30 30 30 30 2C 30 30 30 30 2C 30 30 30 30 2C 30 30 30 30 2C 30 2E 30 30 30 2C 30 2C 30 30 30 33 46 37 45 45 30 31 42 38 46 42 37 37 2C 31 2C 33 2C 30 2C 30 2C 30 30 30 30 2C 30 2C 30 2C 30 2C 31 34 38 2C 31 34 38 2C 30 30 30 30 30 30 30 30 2C 30 30 30 30 30 30 30 30 2A 36 44 0D 0A 
[   COM12] [16:56:05:661] 24 50 4E 4F 49 53 45 2C 35 35 2C 38 35 2C 31 32 38 33 39 2C 31 32 33 32 36 2C 38 39 31 33 2C 33 34 37 34 34 2C 31 30 30 30 30 2C 31 30 30 30 30 2C 31 30 30 30 30 2C 31 30 30 30 30 2C 30 2C 30 2A 33 35 0D 0A 
[   COM12] [16:56:05:661] D3 00 05 FE A0 00 A8 5A C2 2E 06 0D 0A 
[   COM12] [16:56:05:661] D3 00 03 FE A0 01 FA 8D 7A 0D 0A 
[   COM12] [16:56:05:662] D3 00 30 FE A0 02 A8 5A 00 00 00 4F 00 C8 00 00 3D B8 00 09 00 00 3D B8 00 00 00 00 00 00 00 00 00 00 00 00 00 00 00 00 00 00 00 00 00 00 00 00 00 00 00 B3 94 2D 0D 0A 
[   COM12] [16:56:05:853] D3 00 03 43 50 00 8D 44 BE 0D 0A 
[   COM12] [16:56:05:858] D3 00 A3 FE A0 FF 01 FF FF FF FF FF FF 00 80 00 00 00 00 00 00 00 80 00 00 00 00 00 00 00 80 00 00 00 80 00 00 00 80 00 00 00 00 00 00 00 80 00 00 00 00 00 00 00 80 00 00 00 00 00 00 00 00 80 00 00 00 80 00 00 00 80 00 00 00 80 00 00 00 FF FF FF FF FF FF FF FF FF FF FF FF FF FF FF FF FF FF FF FF FF FF FF FF FF FF FF FF FF FF FF FF FF FF FF FF FF FF FF FF FF FF FF FF FF FF FF FF FF FF FF FF 80 00 00 00 80 00 00 00 FF FF FF FF FF FF FF FF FF FF FF FF FF 00 00 00 00 00 00 00 00 00 23 72 00 00 00 AD FB 9E D3 00 0E FE A0 FE 01 FF FF FF FF FF FF 00 00 00 00 4D 91 3A D3 00 39 FE A0 F9 01 05 00 00 00 00 00 00 00 00 00 00 FF FF FF FF FF FF FF FF FF FF FF FF FF FF FF FF FF FF FF FF FF FF FF FF FF FF FF FF FF FF 00 00 00 00 FF FF FF FF 00 00 00 00 00 54 87 D3 00 1F FE A0 E6 02 FF FF FF FF FF FF 00 02 00 37 01 54 04 00 31 7A 01 30 34 02 22 B3 03 87 9B 23 00 EB F1 52 0D 0A 
[   COM12] [16:56:05:858] 24 47 4E 52 4D 43 2C 2C 56 2C 2C 2C 2C 2C 2C 2C 2C 2C 2C 4E 2C 56 2A 33 37 0D 0A 
[   COM12] [16:56:05:858] 24 47 4E 47 47 41 2C 2C 2C 2C 2C 2C 30 2C 30 30 2C 39 39 2E 39 39 2C 2C 2C 2C 2C 2C 2A 35 36 0D 0A 
[   COM12] [16:56:05:860] 24 47 4E 54 58 54 2C 30 31 2C 30 31 2C 30 31 2C 30 2C 30 30 30 30 30 30 2C 30 30 30 30 2C 30 30 30 30 2C 30 30 30 30 2C 30 2E 30 30 30 2C 30 2C 30 30 30 33 46 37 45 45 30 31 42 38 46 42 37 37 2C 31 2C 33 2C 30 2C 30 2C 30 30 30 30 2C 30 2C 30 2C 30 2C 31 34 38 2C 31 34 38 2C 30 30 30 30 30 30 30 30 2C 30 30 30 30 30 30 30 30 2A 36 44 0D 0A 
[   COM12] [16:56:05:861] 24 50 4E 4F 49 53 45 2C 35 35 2C 38 34 2C 31 32 36 36 36 2C 31 32 33 34 30 2C 38 38 38 33 2C 33 34 37 31 35 2C 31 30 30 30 30 2C 31 30 30 30 30 2C 31 30 30 30 30 2C 31 30 30 30 30 2C 30 2C 30 2A 33 43 0D 0A 
[   COM12] [16:56:05:861] D3 00 05 FE A0 00 A8 5A C2 2E 06 0D 0A 
[   COM12] [16:56:05:861] D3 00 03 FE A0 01 FA 8D 7A 0D 0A 
[   COM12] [16:56:05:862] D3 00 30 FE A0 02 A8 5A 00 00 00 50 00 C8 00 00 3E 80 00 09 00 00 3E 80 00 00 00 00 01 00 00 00 00 00 00 00 00 00 00 00 00 00 00 00 00 00 00 00 00 00 00 94 C9 61 0D 0A 
[   COM12] [16:56:06:053] D3 00 03 43 50 00 8D 44 BE 0D 0A 
[   COM12] [16:56:06:075] D3 00 A3 FE A0 FF 01 FF FF FF FF FF FF 00 80 00 00 00 00 00 00 00 80 00 00 00 00 00 00 00 80 00 00 00 80 00 00 00 80 00 00 00 00 00 00 00 80 00 00 00 00 00 00 00 80 00 00 00 00 00 00 00 00 80 00 00 00 80 00 00 00 80 00 00 00 80 00 00 00 FF FF FF FF FF FF FF FF FF FF FF FF FF FF FF FF FF FF FF FF FF FF FF FF FF FF FF FF FF FF FF FF FF FF FF FF FF FF FF FF FF FF FF FF FF FF FF FF FF FF FF FF 80 00 00 00 80 00 00 00 FF FF FF FF FF FF FF FF FF FF FF FF FF 00 00 00 00 00 00 00 00 00 23 72 00 00 00 AD FB 9E D3 00 85 FE A0 FC 01 01 00 00 00 00 00 00 00 00 00 00 00 00 00 00 00 00 00 00 00 00 00 00 00 00 00 00 00 00 00 00 00 00 BF 36 FC 5E 2C CD 8A 41 0F C6 D8 D1 44 99 0D A9 E0 FC 22 4F 8C 61 AB F8 BB 6F 7C CA F6 C1 9E A0 89 FC 2E 38 4C 3D 31 3F 08 76 A3 FC 8F 9D F4 BC 75 9B C2 11 EF 93 2C 54 D1 A4 F6 E3 6F 14 E6 66 C7 A5 B4 70 FA F4 D9 E3 3E CF 5D 40 8B 35 32 9B 00 00 00 00 00 00 00 00 00 00 00 00 00 00 00 00 D7 13 75 D3 00 0E FE A0 FE 01 FF FF FF FF FF FF 00 00 00 00 4D 91 3A D3 00 39 FE A0 F9 01 05 00 00 00 00 00 00 00 00 00 00 FF FF FF FF FF FF FF FF FF FF FF FF FF FF FF FF FF FF FF FF FF FF FF FF FF FF FF FF FF FF 00 00 00 00 FF FF FF FF 00 00 00 00 00 54 87 D3 00 12 FE A0 E9 01 FF FF FF FF FF FF 01 01 01 01 00 00 00 00 E9 3F 2A D3 00 1F FE A0 E6 02 FF FF FF FF FF FF 00 02 00 37 01 55 04 00 31 51 01 30 8A 02 22 A3 03 85 BC 23 00 95 4D F8 0D 0A 
[   COM12] [16:56:06:076] 24 47 4E 52 4D 43 2C 2C 56 2C 2C 2C 2C 2C 2C 2C 2C 2C 2C 4E 2C 56 2A 33 37 0D 0A 
[   COM12] [16:56:06:076] 24 47 4E 47 47 41 2C 2C 2C 2C 2C 2C 30 2C 30 30 2C 39 39 2E 39 39 2C 2C 2C 2C 2C 2C 2A 35 36 0D 0A 
[   COM12] [16:56:06:077] 24 47 4E 47 53 41 2C 41 2C 31 2C 2C 2C 2C 2C 2C 2C 2C 2C 2C 2C 2C 2C 39 39 2E 39 39 2C 39 39 2E 39 39 2C 39 39 2E 39 39 2C 31 2A 33 33 0D 0A 
[   COM12] [16:56:06:077] 24 47 4E 47 53 41 2C 41 2C 31 2C 2C 2C 2C 2C 2C 2C 2C 2C 2C 2C 2C 2C 39 39 2E 39 39 2C 39 39 2E 39 39 2C 39 39 2E 39 39 2C 34 2A 33 36 0D 0A 
[   COM12] [16:56:06:078] 24 47 4E 47 53 41 2C 41 2C 31 2C 2C 2C 2C 2C 2C 2C 2C 2C 2C 2C 2C 2C 39 39 2E 39 39 2C 39 39 2E 39 39 2C 39 39 2E 39 39 2C 33 2A 33 31 0D 0A 
[   COM12] [16:56:06:078] 24 47 4E 47 53 41 2C 41 2C 31 2C 2C 2C 2C 2C 2C 2C 2C 2C 2C 2C 2C 2C 39 39 2E 39 39 2C 39 39 2E 39 39 2C 39 39 2E 39 39 2C 32 2A 33 30 0D 0A 
[   COM12] [16:56:06:079] 24 47 4E 47 53 41 2C 41 2C 31 2C 2C 2C 2C 2C 2C 2C 2C 2C 2C 2C 2C 2C 39 39 2E 39 39 2C 39 39 2E 39 39 2C 39 39 2E 39 39 2C 35 2A 33 37 0D 0A 
[   COM12] [16:56:06:079] 24 47 50 47 53 56 2C 31 2C 31 2C 30 30 2C 31 2A 36 34 0D 0A 
[   COM12] [16:56:06:079] 24 47 50 47 53 56 2C 31 2C 31 2C 30 30 2C 38 2A 36 44 0D 0A 
[   COM12] [16:56:06:080] 24 47 42 47 53 56 2C 31 2C 31 2C 30 30 2C 31 2A 37 36 0D 0A 
[   COM12] [16:56:06:080] 24 47 42 47 53 56 2C 31 2C 31 2C 30 30 2C 35 2A 37 32 0D 0A 
[   COM12] [16:56:06:080] 24 47 41 47 53 56 2C 31 2C 31 2C 30 30 2C 37 2A 37 33 0D 0A 
[   COM12] [16:56:06:080] 24 47 41 47 53 56 2C 31 2C 31 2C 30 30 2C 31 2A 37 35 0D 0A 
[   COM12] [16:56:06:081] 24 47 4C 47 53 56 2C 31 2C 31 2C 30 30 2C 31 2A 37 38 0D 0A 
[   COM12] [16:56:06:081] 24 47 51 47 53 56 2C 31 2C 31 2C 30 30 2C 31 2A 36 35 0D 0A 
[   COM12] [16:56:06:081] 24 47 51 47 53 56 2C 31 2C 31 2C 30 30 2C 38 2A 36 43 0D 0A 
[   COM12] [16:56:06:082] 24 47 4E 54 58 54 2C 30 31 2C 30 31 2C 30 31 2C 30 2C 30 30 30 30 30 30 2C 30 30 30 30 2C 30 30 30 30 2C 30 30 30 30 2C 30 2E 30 30 30 2C 30 2C 30 30 30 33 46 37 45 45 30 31 42 38 46 42 37 37 2C 31 2C 33 2C 30 2C 30 2C 30 30 30 30 2C 30 2C 30 2C 30 2C 31 34 38 2C 31 34 38 2C 30 30 30 30 30 30 30 30 2C 30 30 30 30 30 30 30 30 2A 36 44 0D 0A 
[   COM12] [16:56:06:083] 24 50 4E 4F 49 53 45 2C 35 35 2C 38 35 2C 31 32 36 32 35 2C 31 32 34 32 36 2C 38 38 36 37 2C 33 34 32 33 36 2C 31 30 30 30 30 2C 31 30 30 30 30 2C 31 30 30 30 30 2C 31 30 30 30 30 2C 30 2C 30 2A 33 33 0D 0A 
[   COM12] [16:56:06:083] D3 00 05 FE A0 00 A8 5A C2 2E 06 0D 0A 
[   COM12] [16:56:06:084] D3 00 03 FE A0 01 FA 8D 7A 0D 0A 
[   COM12] [16:56:06:084] D3 00 30 FE A0 02 A8 5A 00 00 00 51 00 C8 00 00 3F 48 00 09 00 00 3F 48 00 00 00 00 02 00 00 00 00 00 00 00 00 00 00 00 00 00 00 00 00 00 00 00 00 00 00 2E AE BE 0D 0A 
[   COM12] [16:56:06:253] D3 00 03 43 50 00 8D 44 BE 0D 0A 
[   COM12] [16:56:06:258] D3 00 A3 FE A0 FF 01 FF FF FF FF FF FF 00 80 00 00 00 00 00 00 00 80 00 00 00 00 00 00 00 80 00 00 00 80 00 00 00 80 00 00 00 00 00 00 00 80 00 00 00 00 00 00 00 80 00 00 00 00 00 00 00 00 80 00 00 00 80 00 00 00 80 00 00 00 80 00 00 00 FF FF FF FF FF FF FF FF FF FF FF FF FF FF FF FF FF FF FF FF FF FF FF FF FF FF FF FF FF FF FF FF FF FF FF FF FF FF FF FF FF FF FF FF FF FF FF FF FF FF FF FF 80 00 00 00 80 00 00 00 FF FF FF FF FF FF FF FF FF FF FF FF FF 00 00 00 00 00 00 00 00 00 23 72 00 00 00 AD FB 9E D3 00 0E FE A0 FE 01 FF FF FF FF FF FF 00 00 00 00 4D 91 3A D3 00 39 FE A0 F9 01 05 00 00 00 00 00 00 00 00 00 00 FF FF FF FF FF FF FF FF FF FF FF FF FF FF FF FF FF FF FF FF FF FF FF FF FF FF FF FF FF FF 00 00 00 00 FF FF FF FF 00 00 00 00 00 54 87 D3 00 1F FE A0 E6 02 FF FF FF FF FF FF 00 02 00 37 01 54 04 00 30 F2 01 30 52 02 22 A7 03 85 FD 23 00 81 36 33 0D 0A 
[   COM12] [16:56:06:258] 24 47 4E 52 4D 43 2C 2C 56 2C 2C 2C 2C 2C 2C 2C 2C 2C 2C 4E 2C 56 2A 33 37 0D 0A 
[   COM12] [16:56:06:258] 24 47 4E 47 47 41 2C 2C 2C 2C 2C 2C 30 2C 30 30 2C 39 39 2E 39 39 2C 2C 2C 2C 2C 2C 2A 35 36 0D 0A 
[   COM12] [16:56:06:260] 24 47 4E 54 58 54 2C 30 31 2C 30 31 2C 30 31 2C 30 2C 30 30 30 30 30 30 2C 30 30 30 30 2C 30 30 30 30 2C 30 30 30 30 2C 30 2E 30 30 30 2C 30 2C 30 30 30 33 46 37 45 45 30 31 42 38 46 42 37 37 2C 31 2C 31 38 2C 30 2C 30 2C 30 30 30 30 2C 30 2C 30 2C 30 2C 31 34 38 2C 31 34 38 2C 30 30 30 30 30 30 30 30 2C 30 30 30 30 30 30 30 30 2A 35 37 0D 0A 
[   COM12] [16:56:06:261] 24 50 4E 4F 49 53 45 2C 35 35 2C 38 34 2C 31 32 35 33 30 2C 31 32 33 37 30 2C 38 38 37 31 2C 33 34 33 30 31 2C 31 30 30 30 30 2C 31 30 30 30 30 2C 31 30 30 30 30 2C 31 30 30 30 30 2C 30 2C 30 2A 33 33 0D 0A 
[   COM12] [16:56:06:261] D3 00 05 FE A0 00 A8 5A C2 2E 06 0D 0A 
[   COM12] [16:56:06:261] D3 00 03 FE A0 01 FA 8D 7A 0D 0A 
[   COM12] [16:56:06:262] D3 00 30 FE A0 02 A8 5A 00 00 00 52 00 C8 00 00 40 10 00 09 00 00 40 10 00 00 00 00 00 00 00 00 00 00 00 00 00 00 00 00 00 00 00 00 00 00 00 00 00 00 00 FD 6B 60 0D 0A 
[   COM12] [16:56:06:454] D3 00 03 43 50 00 8D 44 BE 0D 0A 
[   COM12] [16:56:06:459] D3 00 A3 FE A0 FF 01 FF FF FF FF FF FF 00 80 00 00 00 00 00 00 00 80 00 00 00 00 00 00 00 80 00 00 00 80 00 00 00 80 00 00 00 00 00 00 00 80 00 00 00 00 00 00 00 80 00 00 00 00 00 00 00 00 80 00 00 00 80 00 00 00 80 00 00 00 80 00 00 00 FF FF FF FF FF FF FF FF FF FF FF FF FF FF FF FF FF FF FF FF FF FF FF FF FF FF FF FF FF FF FF FF FF FF FF FF FF FF FF FF FF FF FF FF FF FF FF FF FF FF FF FF 80 00 00 00 80 00 00 00 FF FF FF FF FF FF FF FF FF FF FF FF FF 00 00 00 00 00 00 00 00 00 23 72 00 00 00 AD FB 9E D3 00 0E FE A0 FE 01 FF FF FF FF FF FF 00 00 00 00 4D 91 3A D3 00 39 FE A0 F9 01 05 00 00 00 00 00 00 00 00 00 00 FF FF FF FF FF FF FF FF FF FF FF FF FF FF FF FF FF FF FF FF FF FF FF FF FF FF FF FF FF FF 00 00 00 00 FF FF FF FF 00 00 00 00 00 54 87 D3 00 1F FE A0 E6 02 FF FF FF FF FF FF 00 02 00 37 01 54 04 00 30 A8 01 30 5E 02 22 A7 03 86 DF 23 00 86 F6 6B 0D 0A 
[   COM12] [16:56:06:459] 24 47 4E 52 4D 43 2C 2C 56 2C 2C 2C 2C 2C 2C 2C 2C 2C 2C 4E 2C 56 2A 33 37 0D 0A 
[   COM12] [16:56:06:459] 24 47 4E 47 47 41 2C 2C 2C 2C 2C 2C 30 2C 30 30 2C 39 39 2E 39 39 2C 2C 2C 2C 2C 2C 2A 35 36 0D 0A 
[   COM12] [16:56:06:461] 24 47 4E 54 58 54 2C 30 31 2C 30 31 2C 30 31 2C 30 2C 30 30 30 30 30 30 2C 30 30 30 30 2C 30 30 30 30 2C 30 30 30 30 2C 30 2E 30 30 30 2C 30 2C 30 30 30 33 46 37 45 45 30 31 42 38 46 42 37 37 2C 31 2C 33 2C 30 2C 30 2C 30 30 30 30 2C 30 2C 30 2C 30 2C 31 34 38 2C 31 34 38 2C 30 30 30 30 30 30 30 30 2C 30 30 30 30 30 30 30 30 2A 36 44 0D 0A 
[   COM12] [16:56:06:462] 24 50 4E 4F 49 53 45 2C 35 35 2C 38 34 2C 31 32 34 35 36 2C 31 32 33 38 32 2C 38 38 37 31 2C 33 34 35 32 37 2C 31 30 30 30 30 2C 31 30 30 30 30 2C 31 30 30 30 30 2C 31 30 30 30 30 2C 30 2C 30 2A 33 44 0D 0A 
[   COM12] [16:56:06:462] D3 00 05 FE A0 00 A8 5A C2 2E 06 0D 0A 
[   COM12] [16:56:06:462] D3 00 03 FE A0 01 FA 8D 7A 0D 0A 
[   COM12] [16:56:06:463] D3 00 30 FE A0 02 A8 5A 00 00 00 53 00 C8 00 00 40 D8 00 09 00 00 40 D8 00 00 00 00 01 00 00 00 00 00 00 00 00 00 00 00 00 00 00 00 00 00 00 00 00 00 00 C0 D2 18 0D 0A 
[   COM12] [16:56:06:654] D3 00 03 43 50 00 8D 44 BE 0D 0A 
[   COM12] [16:56:06:659] D3 00 A3 FE A0 FF 01 FF FF FF FF FF FF 00 80 00 00 00 00 00 00 00 80 00 00 00 00 00 00 00 80 00 00 00 80 00 00 00 80 00 00 00 00 00 00 00 80 00 00 00 00 00 00 00 80 00 00 00 00 00 00 00 00 80 00 00 00 80 00 00 00 80 00 00 00 80 00 00 00 FF FF FF FF FF FF FF FF FF FF FF FF FF FF FF FF FF FF FF FF FF FF FF FF FF FF FF FF FF FF FF FF FF FF FF FF FF FF FF FF FF FF FF FF FF FF FF FF FF FF FF FF 80 00 00 00 80 00 00 00 FF FF FF FF FF FF FF FF FF FF FF FF FF 00 00 00 00 00 00 00 00 00 23 72 00 00 00 AD FB 9E D3 00 0E FE A0 FE 01 FF FF FF FF FF FF 00 00 00 00 4D 91 3A D3 00 39 FE A0 F9 01 05 00 00 00 00 00 00 00 00 00 00 FF FF FF FF FF FF FF FF FF FF FF FF FF FF FF FF FF FF FF FF FF FF FF FF FF FF FF FF FF FF 00 00 00 00 FF FF FF FF 00 00 00 00 00 54 87 D3 00 1F FE A0 E6 02 FF FF FF FF FF FF 00 02 00 37 01 55 04 00 30 C3 01 30 3A 02 22 AB 03 87 57 23 00 7D 5F E4 0D 0A 
[   COM12] [16:56:06:659] 24 47 4E 52 4D 43 2C 2C 56 2C 2C 2C 2C 2C 2C 2C 2C 2C 2C 4E 2C 56 2A 33 37 0D 0A 
[   COM12] [16:56:06:659] 24 47 4E 47 47 41 2C 2C 2C 2C 2C 2C 30 2C 30 30 2C 39 39 2E 39 39 2C 2C 2C 2C 2C 2C 2A 35 36 0D 0A 
[   COM12] [16:56:06:661] 24 47 4E 54 58 54 2C 30 31 2C 30 31 2C 30 31 2C 30 2C 30 30 30 30 30 30 2C 30 30 30 30 2C 30 30 30 30 2C 30 30 30 30 2C 30 2E 30 30 30 2C 30 2C 30 30 30 33 46 37 45 45 30 31 42 38 46 42 37 37 2C 31 2C 33 2C 30 2C 30 2C 30 30 30 30 2C 30 2C 30 2C 30 2C 31 34 38 2C 31 34 38 2C 30 30 30 30 30 30 30 30 2C 30 30 30 30 30 30 30 30 2A 36 44 0D 0A 
[   COM12] [16:56:06:662] 24 50 4E 4F 49 53 45 2C 35 35 2C 38 35 2C 31 32 34 38 33 2C 31 32 33 34 36 2C 38 38 37 35 2C 33 34 36 34 37 2C 31 30 30 30 30 2C 31 30 30 30 30 2C 31 30 30 30 30 2C 31 30 30 30 30 2C 30 2C 30 2A 33 44 0D 0A 
[   COM12] [16:56:06:662] D3 00 05 FE A0 00 A8 5A C2 2E 06 0D 0A 
[   COM12] [16:56:06:662] D3 00 03 FE A0 01 FA 8D 7A 0D 0A 
[   COM12] [16:56:06:663] D3 00 30 FE A0 02 A8 5A 00 00 00 54 00 C8 00 00 41 A0 00 09 00 00 41 A0 00 00 00 00 02 00 00 00 00 00 00 00 00 00 00 00 00 00 00 00 00 00 00 00 00 00 00 C8 AA F0 0D 0A 
[   COM12] [16:56:06:853] D3 00 03 43 50 00 8D 44 BE 0D 0A 
[   COM12] [16:56:06:859] D3 00 A3 FE A0 FF 01 FF FF FF FF FF FF 00 80 00 00 00 00 00 00 00 80 00 00 00 00 00 00 00 80 00 00 00 80 00 00 00 80 00 00 00 00 00 00 00 80 00 00 00 00 00 00 00 80 00 00 00 00 00 00 00 00 80 00 00 00 80 00 00 00 80 00 00 00 80 00 00 00 FF FF FF FF FF FF FF FF FF FF FF FF FF FF FF FF FF FF FF FF FF FF FF FF FF FF FF FF FF FF FF FF FF FF FF FF FF FF FF FF FF FF FF FF FF FF FF FF FF FF FF FF 80 00 00 00 80 00 00 00 FF FF FF FF FF FF FF FF FF FF FF FF FF 00 00 00 00 00 00 00 00 00 23 72 00 00 00 AD FB 9E D3 00 0E FE A0 FE 01 FF FF FF FF FF FF 00 00 00 00 4D 91 3A D3 00 39 FE A0 F9 01 05 00 00 00 00 00 00 00 00 00 00 FF FF FF FF FF FF FF FF FF FF FF FF FF FF FF FF FF FF FF FF FF FF FF FF FF FF FF FF FF FF 00 00 00 00 FF FF FF FF 00 00 00 00 00 54 87 D3 00 1F FE A0 E6 02 FF FF FF FF FF FF 00 02 00 37 01 54 04 00 30 69 01 30 88 02 22 C9 03 87 2A 23 00 E4 20 F7 0D 0A 
[   COM12] [16:56:06:859] 24 47 4E 52 4D 43 2C 2C 56 2C 2C 2C 2C 2C 2C 2C 2C 2C 2C 4E 2C 56 2A 33 37 0D 0A 
[   COM12] [16:56:06:859] 24 47 4E 47 47 41 2C 2C 2C 2C 2C 2C 30 2C 30 30 2C 39 39 2E 39 39 2C 2C 2C 2C 2C 2C 2A 35 36 0D 0A 
[   COM12] [16:56:06:860] 24 47 4E 54 58 54 2C 30 31 2C 30 31 2C 30 31 2C 30 2C 30 30 30 30 30 30 2C 30 30 30 30 2C 30 30 30 30 2C 30 30 30 30 2C 30 2E 30 30 30 2C 30 2C 30 30 30 33 46 37 45 45 30 31 42 38 46 42 37 37 2C 31 2C 33 2C 30 2C 30 2C 30 30 30 30 2C 30 2C 30 2C 30 2C 31 34 38 2C 31 34 38 2C 30 30 30 30 30 30 30 30 2C 30 30 30 30 30 30 30 30 2A 36 44 0D 0A 
[   COM12] [16:56:06:861] 24 50 4E 4F 49 53 45 2C 35 35 2C 38 34 2C 31 32 33 39 33 2C 31 32 34 32 34 2C 38 39 30 35 2C 33 34 36 30 32 2C 31 30 30 30 30 2C 31 30 30 30 30 2C 31 30 30 30 30 2C 31 30 30 30 30 2C 30 2C 30 2A 33 45 0D 0A 
[   COM12] [16:56:06:861] D3 00 05 FE A0 00 A8 5A C2 2E 06 0D 0A 
[   COM12] [16:56:06:861] D3 00 03 FE A0 01 FA 8D 7A 0D 0A 
[   COM12] [16:56:06:862] D3 00 30 FE A0 02 A8 5A 00 00 00 55 00 C8 00 00 42 68 00 09 00 00 42 68 00 00 00 00 00 00 00 00 00 00 00 00 00 00 00 00 00 00 00 00 00 00 00 00 00 00 00 4A BF 8C 0D 0A 
[   COM12] [16:56:07:053] D3 00 03 43 50 00 8D 44 BE 0D 0A 
[   COM12] [16:56:07:076] D3 00 A3 FE A0 FF 01 FF FF FF FF FF FF 00 80 00 00 00 00 00 00 00 80 00 00 00 00 00 00 00 80 00 00 00 80 00 00 00 80 00 00 00 00 00 00 00 80 00 00 00 00 00 00 00 80 00 00 00 00 00 00 00 00 80 00 00 00 80 00 00 00 80 00 00 00 80 00 00 00 FF FF FF FF FF FF FF FF FF FF FF FF FF FF FF FF FF FF FF FF FF FF FF FF FF FF FF FF FF FF FF FF FF FF FF FF FF FF FF FF FF FF FF FF FF FF FF FF FF FF FF FF 80 00 00 00 80 00 00 00 FF FF FF FF FF FF FF FF FF FF FF FF FF 00 00 00 00 00 00 00 00 00 23 72 00 00 00 AD FB 9E D3 00 85 FE A0 FC 01 01 00 00 00 00 00 00 00 00 00 00 00 00 00 00 00 00 00 00 00 00 00 00 00 00 00 00 00 00 00 00 00 00 BF 36 FC 5E 2C CD 8A 41 0F C6 D8 D1 44 99 0D A9 E0 FC 22 4F 8C 61 AB F8 BB 6F 7C CA F6 C1 9E A0 61 8D FC CC 59 CB 77 01 9B 0E 03 5B 75 B2 E5 AE 09 3A CB BD 56 7E 22 91 73 75 2F 5F 8B 23 AA 75 66 82 E7 62 D4 9E 13 EB 80 8B DA C2 FE E1 EE 71 00 00 00 00 00 00 00 00 00 00 00 00 00 00 00 00 13 41 3A D3 00 0E FE A0 FE 01 FF FF FF FF FF FF 00 00 00 00 4D 91 3A D3 00 39 FE A0 F9 01 05 00 00 00 00 00 00 00 00 00 00 FF FF FF FF FF FF FF FF FF FF FF FF FF FF FF FF FF FF FF FF FF FF FF FF FF FF FF FF FF FF 00 00 00 00 FF FF FF FF 00 00 00 00 00 54 87 D3 00 12 FE A0 E9 01 FF FF FF FF FF FF 01 01 01 01 00 00 00 00 E9 3F 2A D3 00 1F FE A0 E6 02 FF FF FF FF FF FF 00 02 00 37 01 55 04 00 30 72 01 30 DC 02 22 C9 03 87 4E 23 00 FA B8 2A 0D 0A 
[   COM12] [16:56:07:076] 24 47 4E 52 4D 43 2C 2C 56 2C 2C 2C 2C 2C 2C 2C 2C 2C 2C 4E 2C 56 2A 33 37 0D 0A 
[   COM12] [16:56:07:077] 24 47 4E 47 47 41 2C 2C 2C 2C 2C 2C 30 2C 30 30 2C 39 39 2E 39 39 2C 2C 2C 2C 2C 2C 2A 35 36 0D 0A 
[   COM12] [16:56:07:077] 24 47 4E 47 53 41 2C 41 2C 31 2C 2C 2C 2C 2C 2C 2C 2C 2C 2C 2C 2C 2C 39 39 2E 39 39 2C 39 39 2E 39 39 2C 39 39 2E 39 39 2C 31 2A 33 33 0D 0A 
[   COM12] [16:56:07:078] 24 47 4E 47 53 41 2C 41 2C 31 2C 2C 2C 2C 2C 2C 2C 2C 2C 2C 2C 2C 2C 39 39 2E 39 39 2C 39 39 2E 39 39 2C 39 39 2E 39 39 2C 34 2A 33 36 0D 0A 
[   COM12] [16:56:07:078] 24 47 4E 47 53 41 2C 41 2C 31 2C 2C 2C 2C 2C 2C 2C 2C 2C 2C 2C 2C 2C 39 39 2E 39 39 2C 39 39 2E 39 39 2C 39 39 2E 39 39 2C 33 2A 33 31 0D 0A 
[   COM12] [16:56:07:079] 24 47 4E 47 53 41 2C 41 2C 31 2C 2C 2C 2C 2C 2C 2C 2C 2C 2C 2C 2C 2C 39 39 2E 39 39 2C 39 39 2E 39 39 2C 39 39 2E 39 39 2C 32 2A 33 30 0D 0A 
[   COM12] [16:56:07:080] 24 47 4E 47 53 41 2C 41 2C 31 2C 2C 2C 2C 2C 2C 2C 2C 2C 2C 2C 2C 2C 39 39 2E 39 39 2C 39 39 2E 39 39 2C 39 39 2E 39 39 2C 35 2A 33 37 0D 0A 
[   COM12] [16:56:07:080] 24 47 50 47 53 56 2C 31 2C 31 2C 30 30 2C 31 2A 36 34 0D 0A 
[   COM12] [16:56:07:080] 24 47 50 47 53 56 2C 31 2C 31 2C 30 30 2C 38 2A 36 44 0D 0A 
[   COM12] [16:56:07:081] 24 47 42 47 53 56 2C 31 2C 31 2C 30 30 2C 31 2A 37 36 0D 0A 
[   COM12] [16:56:07:081] 24 47 42 47 53 56 2C 31 2C 31 2C 30 30 2C 35 2A 37 32 0D 0A 
[   COM12] [16:56:07:081] 24 47 41 47 53 56 2C 31 2C 31 2C 30 30 2C 37 2A 37 33 0D 0A 
[   COM12] [16:56:07:081] 24 47 41 47 53 56 2C 31 2C 31 2C 30 30 2C 31 2A 37 35 0D 0A 
[   COM12] [16:56:07:081] 24 47 4C 47 53 56 2C 31 2C 31 2C 30 30 2C 31 2A 37 38 0D 0A 
[   COM12] [16:56:07:081] 24 47 51 47 53 56 2C 31 2C 31 2C 30 30 2C 31 2A 36 35 0D 0A 
[   COM12] [16:56:07:082] 24 47 51 47 53 56 2C 31 2C 31 2C 30 30 2C 38 2A 36 43 0D 0A 
[   COM12] [16:56:07:084] 24 47 4E 54 58 54 2C 30 31 2C 30 31 2C 30 31 2C 30 2C 30 30 30 30 30 30 2C 30 30 30 30 2C 30 30 30 30 2C 30 30 30 30 2C 30 2E 30 30 30 2C 30 2C 30 30 30 33 46 37 45 45 30 31 42 38 46 42 37 37 2C 31 2C 33 2C 30 2C 30 2C 30 30 30 30 2C 30 2C 30 2C 30 2C 31 34 38 2C 31 34 38 2C 30 30 30 30 30 30 30 30 2C 30 30 30 30 30 30 30 30 2A 36 44 0D 0A 
[   COM12] [16:56:07:084] 24 50 4E 4F 49 53 45 2C 35 35 2C 38 35 2C 31 32 34 30 32 2C 31 32 35 30 38 2C 38 39 30 35 2C 33 34 36 33 38 2C 31 30 30 30 30 2C 31 30 30 30 30 2C 31 30 30 30 30 2C 31 30 30 30 30 2C 30 2C 30 2A 33 36 0D 0A 
[   COM12] [16:56:07:084] D3 00 05 FE A0 00 A8 5A C2 2E 06 0D 0A 
[   COM12] [16:56:07:085] D3 00 03 FE A0 01 FA 8D 7A 0D 0A 
[   COM12] [16:56:07:085] D3 00 30 FE A0 02 A8 5A 00 00 00 56 00 C8 00 00 43 30 00 09 00 00 43 30 00 00 00 00 01 00 00 00 00 00 00 00 00 00 00 00 00 00 00 00 00 00 00 00 00 00 00 BA 0D 96 0D 0A 
[   COM12] [16:56:07:253] D3 00 03 43 50 00 8D 44 BE 0D 0A 
[   COM12] [16:56:07:259] D3 00 A3 FE A0 FF 01 FF FF FF FF FF FF 00 80 00 00 00 00 00 00 00 80 00 00 00 00 00 00 00 80 00 00 00 80 00 00 00 80 00 00 00 00 00 00 00 80 00 00 00 00 00 00 00 80 00 00 00 00 00 00 00 00 80 00 00 00 80 00 00 00 80 00 00 00 80 00 00 00 FF FF FF FF FF FF FF FF FF FF FF FF FF FF FF FF FF FF FF FF FF FF FF FF FF FF FF FF FF FF FF FF FF FF FF FF FF FF FF FF FF FF FF FF FF FF FF FF FF FF FF FF 80 00 00 00 80 00 00 00 FF FF FF FF FF FF FF FF FF FF FF FF FF 00 00 00 00 00 00 00 00 00 23 72 00 00 00 AD FB 9E D3 00 0E FE A0 FE 01 FF FF FF FF FF FF 00 00 00 00 4D 91 3A D3 00 39 FE A0 F9 01 05 00 00 00 00 00 00 00 00 00 00 FF FF FF FF FF FF FF FF FF FF FF FF FF FF FF FF FF FF FF FF FF FF FF FF FF FF FF FF FF FF 00 00 00 00 FF FF FF FF 00 00 00 00 00 54 87 D3 00 1F FE A0 E6 02 FF FF FF FF FF FF 00 02 00 37 01 55 04 00 30 50 01 30 A0 02 22 B2 03 88 5A 23 00 30 1D BE 0D 0A 
[   COM12] [16:56:07:259] 24 47 4E 52 4D 43 2C 2C 56 2C 2C 2C 2C 2C 2C 2C 2C 2C 2C 4E 2C 56 2A 33 37 0D 0A 
[   COM12] [16:56:07:259] 24 47 4E 47 47 41 2C 2C 2C 2C 2C 2C 30 2C 30 30 2C 39 39 2E 39 39 2C 2C 2C 2C 2C 2C 2A 35 36 0D 0A 
[   COM12] [16:56:07:260] 24 47 4E 54 58 54 2C 30 31 2C 30 31 2C 30 31 2C 30 2C 30 30 30 30 30 30 2C 30 30 30 30 2C 30 30 30 30 2C 30 30 30 30 2C 30 2E 30 30 30 2C 30 2C 30 30 30 33 46 37 45 45 30 31 42 38 46 42 37 37 2C 31 2C 31 38 2C 30 2C 30 2C 30 30 30 30 2C 30 2C 30 2C 30 2C 31 34 38 2C 31 34 38 2C 30 30 30 30 30 30 30 30 2C 30 30 30 30 30 30 30 30 2A 35 37 0D 0A 
[   COM12] [16:56:07:261] 24 50 4E 4F 49 53 45 2C 35 35 2C 38 35 2C 31 32 33 36 38 2C 31 32 34 34 38 2C 38 38 38 32 2C 33 34 39 30 36 2C 31 30 30 30 30 2C 31 30 30 30 30 2C 31 30 30 30 30 2C 31 30 30 30 30 2C 30 2C 30 2A 33 34 0D 0A 
[   COM12] [16:56:07:261] D3 00 05 FE A0 00 A8 5A C2 2E 06 0D 0A 
[   COM12] [16:56:07:261] D3 00 03 FE A0 01 FA 8D 7A 0D 0A 
[   COM12] [16:56:07:262] D3 00 30 FE A0 02 A8 5A 00 00 00 57 00 C8 00 00 43 F8 00 09 00 00 43 F8 00 00 00 00 02 00 00 00 00 00 00 00 00 00 00 00 00 00 00 00 00 00 00 00 00 00 00 31 CD 7C 0D 0A 
[   COM12] [16:56:07:453] D3 00 03 43 50 00 8D 44 BE 0D 0A 
[   COM12] [16:56:07:458] D3 00 A3 FE A0 FF 01 FF FF FF FF FF FF 00 80 00 00 00 00 00 00 00 80 00 00 00 00 00 00 00 80 00 00 00 80 00 00 00 80 00 00 00 00 00 00 00 80 00 00 00 00 00 00 00 80 00 00 00 00 00 00 00 00 80 00 00 00 80 00 00 00 80 00 00 00 80 00 00 00 FF FF FF FF FF FF FF FF FF FF FF FF FF FF FF FF FF FF FF FF FF FF FF FF FF FF FF FF FF FF FF FF FF FF FF FF FF FF FF FF FF FF FF FF FF FF FF FF FF FF FF FF 80 00 00 00 80 00 00 00 FF FF FF FF FF FF FF FF FF FF FF FF FF 00 00 00 00 00 00 00 00 00 23 72 00 00 00 AD FB 9E D3 00 0E FE A0 FE 01 FF FF FF FF FF FF 00 00 00 00 4D 91 3A D3 00 39 FE A0 F9 01 05 00 00 00 00 00 00 00 00 00 00 FF FF FF FF FF FF FF FF FF FF FF FF FF FF FF FF FF FF FF FF FF FF FF FF FF FF FF FF FF FF 00 00 00 00 FF FF FF FF 00 00 00 00 00 54 87 D3 00 1F FE A0 E6 02 FF FF FF FF FF FF 00 02 00 37 01 55 04 00 2F 8C 01 31 2B 02 22 A5 03 89 25 23 00 08 BC 2C 0D 0A 
[   COM12] [16:56:07:458] 24 47 4E 52 4D 43 2C 2C 56 2C 2C 2C 2C 2C 2C 2C 2C 2C 2C 4E 2C 56 2A 33 37 0D 0A 
[   COM12] [16:56:07:458] 24 47 4E 47 47 41 2C 2C 2C 2C 2C 2C 30 2C 30 30 2C 39 39 2E 39 39 2C 2C 2C 2C 2C 2C 2A 35 36 0D 0A 
[   COM12] [16:56:07:460] 24 47 4E 54 58 54 2C 30 31 2C 30 31 2C 30 31 2C 30 2C 30 30 30 30 30 30 2C 30 30 30 30 2C 30 30 30 30 2C 30 30 30 30 2C 30 2E 30 30 30 2C 30 2C 30 30 30 33 46 37 45 45 30 31 42 38 46 42 37 37 2C 31 2C 33 2C 30 2C 30 2C 30 30 30 30 2C 30 2C 30 2C 30 2C 31 34 38 2C 31 34 38 2C 30 30 30 30 30 30 30 30 2C 30 30 30 30 30 30 30 30 2A 36 44 0D 0A 
[   COM12] [16:56:07:461] 24 50 4E 4F 49 53 45 2C 35 35 2C 38 35 2C 31 32 31 37 32 2C 31 32 35 38 37 2C 38 38 36 39 2C 33 35 31 30 39 2C 31 30 30 30 30 2C 31 30 30 30 30 2C 31 30 30 30 30 2C 31 30 30 30 30 2C 30 2C 30 2A 33 43 0D 0A 
[   COM12] [16:56:07:461] D3 00 05 FE A0 00 A8 5A C2 2E 06 0D 0A 
[   COM12] [16:56:07:461] D3 00 03 FE A0 01 FA 8D 7A 0D 0A 
[   COM12] [16:56:07:462] D3 00 30 FE A0 02 A8 5A 00 00 00 58 00 C8 00 00 44 C0 00 09 00 00 44 C0 00 00 00 00 00 00 00 00 00 00 00 00 00 00 00 00 00 00 00 00 00 00 00 00 00 00 00 5A 3D 23 0D 0A 
[   COM12] [16:56:07:653] D3 00 03 43 50 00 8D 44 BE 0D 0A 
[   COM12] [16:56:07:658] D3 00 A3 FE A0 FF 01 FF FF FF FF FF FF 00 80 00 00 00 00 00 00 00 80 00 00 00 00 00 00 00 80 00 00 00 80 00 00 00 80 00 00 00 00 00 00 00 80 00 00 00 00 00 00 00 80 00 00 00 00 00 00 00 00 80 00 00 00 80 00 00 00 80 00 00 00 80 00 00 00 FF FF FF FF FF FF FF FF FF FF FF FF FF FF FF FF FF FF FF FF FF FF FF FF FF FF FF FF FF FF FF FF FF FF FF FF FF FF FF FF FF FF FF FF FF FF FF FF FF FF FF FF 80 00 00 00 80 00 00 00 FF FF FF FF FF FF FF FF FF FF FF FF FF 00 00 00 00 00 00 00 00 00 23 72 00 00 00 AD FB 9E D3 00 0E FE A0 FE 01 FF FF FF FF FF FF 00 00 00 00 4D 91 3A D3 00 39 FE A0 F9 01 05 00 00 00 00 00 00 00 00 00 00 FF FF FF FF FF FF FF FF FF FF FF FF FF FF FF FF FF FF FF FF FF FF FF FF FF FF FF FF FF FF 00 00 00 00 FF FF FF FF 00 00 00 00 00 54 87 D3 00 1F FE A0 E6 02 FF FF FF FF FF FF 00 02 00 37 01 55 04 00 2F E9 01 31 49 02 22 C1 03 89 E1 23 00 34 8E 15 0D 0A 
[   COM12] [16:56:07:658] 24 47 4E 52 4D 43 2C 2C 56 2C 2C 2C 2C 2C 2C 2C 2C 2C 2C 4E 2C 56 2A 33 37 0D 0A 
[   COM12] [16:56:07:658] 24 47 4E 47 47 41 2C 2C 2C 2C 2C 2C 30 2C 30 30 2C 39 39 2E 39 39 2C 2C 2C 2C 2C 2C 2A 35 36 0D 0A 
[   COM12] [16:56:07:660] 24 47 4E 54 58 54 2C 30 31 2C 30 31 2C 30 31 2C 30 2C 30 30 30 30 30 30 2C 30 30 30 30 2C 30 30 30 30 2C 30 30 30 30 2C 30 2E 30 30 30 2C 30 2C 30 30 30 33 46 37 45 45 30 31 42 38 46 42 37 37 2C 31 2C 33 2C 30 2C 30 2C 30 30 30 30 2C 30 2C 30 2C 30 2C 31 34 38 2C 31 34 38 2C 30 30 30 30 30 30 30 30 2C 30 30 30 30 30 30 30 30 2A 36 44 0D 0A 
[   COM12] [16:56:07:661] 24 50 4E 4F 49 53 45 2C 35 35 2C 38 35 2C 31 32 32 36 35 2C 31 32 36 31 37 2C 38 38 39 37 2C 33 35 32 39 37 2C 31 30 30 30 30 2C 31 30 30 30 30 2C 31 30 30 30 30 2C 31 30 30 30 30 2C 30 2C 30 2A 33 36 0D 0A 
[   COM12] [16:56:07:661] D3 00 05 FE A0 00 A8 5A C2 2E 06 0D 0A 
[   COM12] [16:56:07:661] D3 00 03 FE A0 01 FA 8D 7A 0D 0A 
[   COM12] [16:56:07:662] D3 00 30 FE A0 02 A8 5A 00 00 00 59 00 C8 00 00 45 88 00 09 00 00 45 88 00 00 00 00 01 00 00 00 00 00 00 00 00 00 00 00 00 00 00 00 00 00 00 00 00 00 00 8D D6 89 0D 0A 
[   COM12] [16:56:07:853] D3 00 03 43 50 00 8D 44 BE 0D 0A 
[   COM12] [16:56:07:858] D3 00 A3 FE A0 FF 01 FF FF FF FF FF FF 00 80 00 00 00 00 00 00 00 80 00 00 00 00 00 00 00 80 00 00 00 80 00 00 00 80 00 00 00 00 00 00 00 80 00 00 00 00 00 00 00 80 00 00 00 00 00 00 00 00 80 00 00 00 80 00 00 00 80 00 00 00 80 00 00 00 FF FF FF FF FF FF FF FF FF FF FF FF FF FF FF FF FF FF FF FF FF FF FF FF FF FF FF FF FF FF FF FF FF FF FF FF FF FF FF FF FF FF FF FF FF FF FF FF FF FF FF FF 80 00 00 00 80 00 00 00 FF FF FF FF FF FF FF FF FF FF FF FF FF 00 00 00 00 00 00 00 00 00 23 72 00 00 00 AD FB 9E D3 00 0E FE A0 FE 01 FF FF FF FF FF FF 00 00 00 00 4D 91 3A D3 00 39 FE A0 F9 01 05 00 00 00 00 00 00 00 00 00 00 FF FF FF FF FF FF FF FF FF FF FF FF FF FF FF FF FF FF FF FF FF FF FF FF FF FF FF FF FF FF 00 00 00 00 FF FF FF FF 00 00 00 00 00 54 87 D3 00 1F FE A0 E6 02 FF FF FF FF FF FF 00 02 00 37 01 54 04 00 30 79 01 31 6B 02 22 C1 03 8A 15 23 00 CA 4B 57 0D 0A 
[   COM12] [16:56:07:858] 24 47 4E 52 4D 43 2C 2C 56 2C 2C 2C 2C 2C 2C 2C 2C 2C 2C 4E 2C 56 2A 33 37 0D 0A 
[   COM12] [16:56:07:859] 24 47 4E 47 47 41 2C 2C 2C 2C 2C 2C 30 2C 30 30 2C 39 39 2E 39 39 2C 2C 2C 2C 2C 2C 2A 35 36 0D 0A 
[   COM12] [16:56:07:860] 24 47 4E 54 58 54 2C 30 31 2C 30 31 2C 30 31 2C 30 2C 30 30 30 30 30 30 2C 30 30 30 30 2C 30 30 30 30 2C 30 30 30 30 2C 30 2E 30 30 30 2C 30 2C 30 30 30 33 46 37 45 45 30 31 42 38 46 42 37 37 2C 31 2C 33 2C 30 2C 30 2C 30 30 30 30 2C 30 2C 30 2C 30 2C 31 34 38 2C 31 34 38 2C 30 30 30 30 30 30 30 30 2C 30 30 30 30 30 30 30 30 2A 36 44 0D 0A 
[   COM12] [16:56:07:861] 24 50 4E 4F 49 53 45 2C 35 35 2C 38 34 2C 31 32 34 30 39 2C 31 32 36 35 31 2C 38 38 39 37 2C 33 35 33 34 39 2C 31 30 30 30 30 2C 31 30 30 30 30 2C 31 30 30 30 30 2C 31 30 30 30 30 2C 30 2C 30 2A 33 42 0D 0A 
[   COM12] [16:56:07:861] D3 00 05 FE A0 00 A8 5A C2 2E 06 0D 0A 
[   COM12] [16:56:07:861] D3 00 03 FE A0 01 FA 8D 7A 0D 0A 
[   COM12] [16:56:07:862] D3 00 30 FE A0 02 A8 5A 00 00 00 5A 00 C8 00 00 46 50 00 09 00 00 46 50 00 00 00 00 02 00 00 00 00 00 00 00 00 00 00 00 00 00 00 00 00 00 00 00 00 00 00 73 A6 8C 0D 0A 
[   COM12] [16:56:08:053] D3 00 03 43 50 00 8D 44 BE 0D 0A 
[   COM12] [16:56:08:076] D3 00 A3 FE A0 FF 01 FF FF FF FF FF FF 00 80 00 00 00 00 00 00 00 80 00 00 00 00 00 00 00 80 00 00 00 80 00 00 00 80 00 00 00 00 00 00 00 80 00 00 00 00 00 00 00 80 00 00 00 00 00 00 00 00 80 00 00 00 80 00 00 00 80 00 00 00 80 00 00 00 FF FF FF FF FF FF FF FF FF FF FF FF FF FF FF FF FF FF FF FF FF FF FF FF FF FF FF FF FF FF FF FF FF FF FF FF FF FF FF FF FF FF FF FF FF FF FF FF FF FF FF FF 80 00 00 00 80 00 00 00 FF FF FF FF FF FF FF FF FF FF FF FF FF 00 00 00 00 00 00 00 00 00 23 72 00 00 00 AD FB 9E D3 00 85 FE A0 FC 01 01 00 00 00 00 00 00 00 00 00 00 00 00 00 00 00 00 00 00 00 00 00 00 00 00 00 00 00 00 00 00 00 00 BF 36 FC 5E 2C CD 8A 41 0F C6 D8 D1 44 99 0D A9 E0 FC 22 4F 8C 61 AB F8 BB 6F 7C CA F6 C1 9E A0 31 C2 A2 D0 F7 3A 8D D3 E0 A2 BB 69 48 B5 B2 4C 25 92 81 07 C2 7D E9 90 4C 68 19 08 9B 6B B9 7D 9D E8 FB 3E 7D DF 62 E9 67 4B 95 07 DD 23 DB 94 00 00 00 00 00 00 00 00 00 00 00 00 00 00 00 00 A5 00 39 D3 00 0E FE A0 FE 01 FF FF FF FF FF FF 00 00 00 00 4D 91 3A D3 00 39 FE A0 F9 01 05 00 00 00 00 00 00 00 00 00 00 FF FF FF FF FF FF FF FF FF FF FF FF FF FF FF FF FF FF FF FF FF FF FF FF FF FF FF FF FF FF 00 00 00 00 FF FF FF FF 00 00 00 00 00 54 87 D3 00 12 FE A0 E9 01 FF FF FF FF FF FF 01 01 01 01 00 00 00 00 E9 3F 2A D3 00 1F FE A0 E6 02 FF FF FF FF FF FF 00 02 00 37 01 55 04 00 2F FB 01 31 8D 02 22 A9 03 8A 7B 23 00 21 BC 2A 0D 0A 
[   COM12] [16:56:08:077] 24 47 4E 52 4D 43 2C 2C 56 2C 2C 2C 2C 2C 2C 2C 2C 2C 2C 4E 2C 56 2A 33 37 0D 0A 
[   COM12] [16:56:08:077] 24 47 4E 47 47 41 2C 2C 2C 2C 2C 2C 30 2C 30 30 2C 39 39 2E 39 39 2C 2C 2C 2C 2C 2C 2A 35 36 0D 0A 
[   COM12] [16:56:08:078] 24 47 4E 47 53 41 2C 41 2C 31 2C 2C 2C 2C 2C 2C 2C 2C 2C 2C 2C 2C 2C 39 39 2E 39 39 2C 39 39 2E 39 39 2C 39 39 2E 39 39 2C 31 2A 33 33 0D 0A 
[   COM12] [16:56:08:078] 24 47 4E 47 53 41 2C 41 2C 31 2C 2C 2C 2C 2C 2C 2C 2C 2C 2C 2C 2C 2C 39 39 2E 39 39 2C 39 39 2E 39 39 2C 39 39 2E 39 39 2C 34 2A 33 36 0D 0A 
[   COM12] [16:56:08:079] 24 47 4E 47 53 41 2C 41 2C 31 2C 2C 2C 2C 2C 2C 2C 2C 2C 2C 2C 2C 2C 39 39 2E 39 39 2C 39 39 2E 39 39 2C 39 39 2E 39 39 2C 33 2A 33 31 0D 0A 
[   COM12] [16:56:08:079] 24 47 4E 47 53 41 2C 41 2C 31 2C 2C 2C 2C 2C 2C 2C 2C 2C 2C 2C 2C 2C 39 39 2E 39 39 2C 39 39 2E 39 39 2C 39 39 2E 39 39 2C 32 2A 33 30 0D 0A 
[   COM12] [16:56:08:079] 24 47 4E 47 53 41 2C 41 2C 31 2C 2C 2C 2C 2C 2C 2C 2C 2C 2C 2C 2C 2C 39 39 2E 39 39 2C 39 39 2E 39 39 2C 39 39 2E 39 39 2C 35 2A 33 37 0D 0A 
[   COM12] [16:56:08:080] 24 47 50 47 53 56 2C 31 2C 31 2C 30 30 2C 31 2A 36 34 0D 0A 
[   COM12] [16:56:08:080] 24 47 50 47 53 56 2C 31 2C 31 2C 30 30 2C 38 2A 36 44 0D 0A 
[   COM12] [16:56:08:080] 24 47 42 47 53 56 2C 31 2C 31 2C 30 30 2C 31 2A 37 36 0D 0A 
[   COM12] [16:56:08:080] 24 47 42 47 53 56 2C 31 2C 31 2C 30 30 2C 35 2A 37 32 0D 0A 
[   COM12] [16:56:08:080] 24 47 41 47 53 56 2C 31 2C 31 2C 30 30 2C 37 2A 37 33 0D 0A 
[   COM12] [16:56:08:081] 24 47 41 47 53 56 2C 31 2C 31 2C 30 30 2C 31 2A 37 35 0D 0A 
[   COM12] [16:56:08:081] 24 47 4C 47 53 56 2C 31 2C 31 2C 30 30 2C 31 2A 37 38 0D 0A 
[   COM12] [16:56:08:081] 24 47 51 47 53 56 2C 31 2C 31 2C 30 30 2C 31 2A 36 35 0D 0A 
[   COM12] [16:56:08:081] 24 47 51 47 53 56 2C 31 2C 31 2C 30 30 2C 38 2A 36 43 0D 0A 
[   COM12] [16:56:08:083] 24 47 4E 54 58 54 2C 30 31 2C 30 31 2C 30 31 2C 30 2C 30 30 30 30 30 30 2C 30 30 30 30 2C 30 30 30 30 2C 30 30 30 30 2C 30 2E 30 30 30 2C 30 2C 30 30 30 33 46 37 45 45 30 31 42 38 46 42 37 37 2C 31 2C 33 2C 30 2C 30 2C 30 30 30 30 2C 30 2C 30 2C 30 2C 31 34 38 2C 31 34 38 2C 30 30 30 30 30 30 30 30 2C 30 30 30 30 30 30 30 30 2A 36 44 0D 0A 
[   COM12] [16:56:08:084] 24 50 4E 4F 49 53 45 2C 35 35 2C 38 35 2C 31 32 32 38 33 2C 31 32 36 38 35 2C 38 38 37 33 2C 33 35 34 35 31 2C 31 30 30 30 30 2C 31 30 30 30 30 2C 31 30 30 30 30 2C 31 30 30 30 30 2C 30 2C 30 2A 33 33 0D 0A 
[   COM12] [16:56:08:084] D3 00 05 FE A0 00 A8 5A C2 2E 06 0D 0A 
[   COM12] [16:56:08:084] D3 00 03 FE A0 01 FA 8D 7A 0D 0A 
[   COM12] [16:56:08:084] D3 00 30 FE A0 02 A8 5A 00 00 00 5B 00 C8 00 00 47 18 00 09 00 00 47 18 00 00 00 00 00 00 00 00 00 00 00 00 00 00 00 00 00 00 00 00 00 00 00 00 00 00 00 49 08 7D 0D 0A 
[   COM12] [16:56:08:253] D3 00 03 43 50 00 8D 44 BE 0D 0A 
[   COM12] [16:56:08:259] D3 00 A3 FE A0 FF 01 FF FF FF FF FF FF 00 80 00 00 00 00 00 00 00 80 00 00 00 00 00 00 00 80 00 00 00 80 00 00 00 80 00 00 00 00 00 00 00 80 00 00 00 00 00 00 00 80 00 00 00 00 00 00 00 00 80 00 00 00 80 00 00 00 80 00 00 00 80 00 00 00 FF FF FF FF FF FF FF FF FF FF FF FF FF FF FF FF FF FF FF FF FF FF FF FF FF FF FF FF FF FF FF FF FF FF FF FF FF FF FF FF FF FF FF FF FF FF FF FF FF FF FF FF 80 00 00 00 80 00 00 00 FF FF FF FF FF FF FF FF FF FF FF FF FF 00 00 00 00 00 00 00 00 00 23 72 00 00 00 AD FB 9E D3 00 0E FE A0 FE 01 FF FF FF FF FF FF 00 00 00 00 4D 91 3A D3 00 39 FE A0 F9 01 05 00 00 00 00 00 00 00 00 00 00 FF FF FF FF FF FF FF FF FF FF FF FF FF FF FF FF FF FF FF FF FF FF FF FF FF FF FF FF FF FF 00 00 00 00 FF FF FF FF 00 00 00 00 00 54 87 D3 00 1F FE A0 E6 02 FF FF FF FF FF FF 00 02 00 37 01 54 04 00 2F F7 01 31 5D 02 22 B8 03 8A 21 23 00 37 8F 0C 0D 0A 
[   COM12] [16:56:08:259] 24 47 4E 52 4D 43 2C 2C 56 2C 2C 2C 2C 2C 2C 2C 2C 2C 2C 4E 2C 56 2A 33 37 0D 0A 
[   COM12] [16:56:08:259] 24 47 4E 47 47 41 2C 2C 2C 2C 2C 2C 30 2C 30 30 2C 39 39 2E 39 39 2C 2C 2C 2C 2C 2C 2A 35 36 0D 0A 
[   COM12] [16:56:08:260] 24 47 4E 54 58 54 2C 30 31 2C 30 31 2C 30 31 2C 30 2C 30 30 30 30 30 30 2C 30 30 30 30 2C 30 30 30 30 2C 30 30 30 30 2C 30 2E 30 30 30 2C 30 2C 30 30 30 33 46 37 45 45 30 31 42 38 46 42 37 37 2C 31 2C 31 38 2C 30 2C 30 2C 30 30 30 30 2C 30 2C 30 2C 30 2C 31 34 38 2C 31 34 38 2C 30 30 30 30 30 30 30 30 2C 30 30 30 30 30 30 30 30 2A 35 37 0D 0A 
[   COM12] [16:56:08:261] 24 50 4E 4F 49 53 45 2C 35 35 2C 38 34 2C 31 32 32 37 39 2C 31 32 36 33 37 2C 38 38 38 38 2C 33 35 33 36 31 2C 31 30 30 30 30 2C 31 30 30 30 30 2C 31 30 30 30 30 2C 31 30 30 30 30 2C 30 2C 30 2A 33 45 0D 0A 
[   COM12] [16:56:08:261] D3 00 05 FE A0 00 A8 5A C2 2E 06 0D 0A 
[   COM12] [16:56:08:261] D3 00 03 FE A0 01 FA 8D 7A 0D 0A 
[   COM12] [16:56:08:262] D3 00 30 FE A0 02 A8 5A 00 00 00 5C 00 C8 00 00 47 E0 00 09 00 00 47 E0 00 00 00 00 01 00 00 00 00 00 00 00 00 00 00 00 00 00 00 00 00 00 00 00 00 00 00 1D 5B D5 0D 0A 
[   COM12] [16:56:08:454] D3 00 03 43 50 00 8D 44 BE 0D 0A 
[   COM12] [16:56:08:459] D3 00 A3 FE A0 FF 01 FF FF FF FF FF FF 00 80 00 00 00 00 00 00 00 80 00 00 00 00 00 00 00 80 00 00 00 80 00 00 00 80 00 00 00 00 00 00 00 80 00 00 00 00 00 00 00 80 00 00 00 00 00 00 00 00 80 00 00 00 80 00 00 00 80 00 00 00 80 00 00 00 FF FF FF FF FF FF FF FF FF FF FF FF FF FF FF FF FF FF FF FF FF FF FF FF FF FF FF FF FF FF FF FF FF FF FF FF FF FF FF FF FF FF FF FF FF FF FF FF FF FF FF FF 80 00 00 00 80 00 00 00 FF FF FF FF FF FF FF FF FF FF FF FF FF 00 00 00 00 00 00 00 00 00 23 72 00 00 00 AD FB 9E D3 00 0E FE A0 FE 01 FF FF FF FF FF FF 00 00 00 00 4D 91 3A D3 00 39 FE A0 F9 01 05 00 00 00 00 00 00 00 00 00 00 FF FF FF FF FF FF FF FF FF FF FF FF FF FF FF FF FF FF FF FF FF FF FF FF FF FF FF FF FF FF 00 00 00 00 FF FF FF FF 00 00 00 00 00 54 87 D3 00 1F FE A0 E6 02 FF FF FF FF FF FF 00 02 00 37 01 55 04 00 2F 55 01 30 F3 02 22 B8 03 8A 2B 23 00 05 8E 24 0D 0A 
[   COM12] [16:56:08:459] 24 47 4E 52 4D 43 2C 2C 56 2C 2C 2C 2C 2C 2C 2C 2C 2C 2C 4E 2C 56 2A 33 37 0D 0A 
[   COM12] [16:56:08:459] 24 47 4E 47 47 41 2C 2C 2C 2C 2C 2C 30 2C 30 30 2C 39 39 2E 39 39 2C 2C 2C 2C 2C 2C 2A 35 36 0D 0A 
[   COM12] [16:56:08:460] 24 47 4E 54 58 54 2C 30 31 2C 30 31 2C 30 31 2C 30 2C 30 30 30 30 30 30 2C 30 30 30 30 2C 30 30 30 30 2C 30 30 30 30 2C 30 2E 30 30 30 2C 30 2C 30 30 30 33 46 37 45 45 30 31 42 38 46 42 37 37 2C 31 2C 33 2C 30 2C 30 2C 30 30 30 30 2C 30 2C 30 2C 30 2C 31 34 38 2C 31 34 38 2C 30 30 30 30 30 30 30 30 2C 30 30 30 30 30 30 30 30 2A 36 44 0D 0A 
[   COM12] [16:56:08:461] 24 50 4E 4F 49 53 45 2C 35 35 2C 38 35 2C 31 32 31 31 37 2C 31 32 35 33 31 2C 38 38 38 38 2C 33 35 33 37 31 2C 31 30 30 30 30 2C 31 30 30 30 30 2C 31 30 30 30 30 2C 31 30 30 30 30 2C 30 2C 30 2A 33 30 0D 0A 
[   COM12] [16:56:08:461] D3 00 05 FE A0 00 A8 5A C2 2E 06 0D 0A 
[   COM12] [16:56:08:461] D3 00 03 FE A0 01 FA 8D 7A 0D 0A 
[   COM12] [16:56:08:463] D3 00 30 FE A0 02 A8 5A 00 00 00 5D 00 C8 00 00 48 A8 00 09 00 00 48 A8 00 00 00 00 02 00 00 00 00 00 00 00 00 00 00 00 00 00 00 00 00 00 00 00 00 00 00 D2 6E 00 0D 0A 
[   COM12] [16:56:08:654] D3 00 03 43 50 00 8D 44 BE 0D 0A 
[   COM12] [16:56:08:659] D3 00 A3 FE A0 FF 01 FF FF FF FF FF FF 00 80 00 00 00 00 00 00 00 80 00 00 00 00 00 00 00 80 00 00 00 80 00 00 00 80 00 00 00 00 00 00 00 80 00 00 00 00 00 00 00 80 00 00 00 00 00 00 00 00 80 00 00 00 80 00 00 00 80 00 00 00 80 00 00 00 FF FF FF FF FF FF FF FF FF FF FF FF FF FF FF FF FF FF FF FF FF FF FF FF FF FF FF FF FF FF FF FF FF FF FF FF FF FF FF FF FF FF FF FF FF FF FF FF FF FF FF FF 80 00 00 00 80 00 00 00 FF FF FF FF FF FF FF FF FF FF FF FF FF 00 00 00 00 00 00 00 00 00 23 72 00 00 00 AD FB 9E D3 00 0E FE A0 FE 01 FF FF FF FF FF FF 00 00 00 00 4D 91 3A D3 00 39 FE A0 F9 01 05 00 00 00 00 00 00 00 00 00 00 FF FF FF FF FF FF FF FF FF FF FF FF FF FF FF FF FF FF FF FF FF FF FF FF FF FF FF FF FF FF 00 00 00 00 FF FF FF FF 00 00 00 00 00 54 87 D3 00 1F FE A0 E6 02 FF FF FF FF FF FF 00 02 00 37 01 54 04 00 30 39 01 30 AC 02 22 D1 03 8A 71 23 00 12 70 5E 0D 0A 
[   COM12] [16:56:08:659] 24 47 4E 52 4D 43 2C 2C 56 2C 2C 2C 2C 2C 2C 2C 2C 2C 2C 4E 2C 56 2A 33 37 0D 0A 
[   COM12] [16:56:08:659] 24 47 4E 47 47 41 2C 2C 2C 2C 2C 2C 30 2C 30 30 2C 39 39 2E 39 39 2C 2C 2C 2C 2C 2C 2A 35 36 0D 0A 
[   COM12] [16:56:08:661] 24 47 4E 54 58 54 2C 30 31 2C 30 31 2C 30 31 2C 30 2C 30 30 30 30 30 30 2C 30 30 30 30 2C 30 30 30 30 2C 30 30 30 30 2C 30 2E 30 30 30 2C 30 2C 30 30 30 33 46 37 45 45 30 31 42 38 46 42 37 37 2C 31 2C 33 2C 30 2C 30 2C 30 30 30 30 2C 30 2C 30 2C 30 2C 31 34 38 2C 31 34 38 2C 30 30 30 30 30 30 30 30 2C 30 30 30 30 30 30 30 30 2A 36 44 0D 0A 
[   COM12] [16:56:08:662] 24 50 4E 4F 49 53 45 2C 35 35 2C 38 34 2C 31 32 33 34 35 2C 31 32 34 36 30 2C 38 39 31 33 2C 33 35 34 34 31 2C 31 30 30 30 30 2C 31 30 30 30 30 2C 31 30 30 30 30 2C 31 30 30 30 30 2C 30 2C 30 2A 33 36 0D 0A 
[   COM12] [16:56:08:662] D3 00 05 FE A0 00 A8 5A C2 2E 06 0D 0A 
[   COM12] [16:56:08:662] D3 00 03 FE A0 01 FA 8D 7A 0D 0A 
[   COM12] [16:56:08:663] D3 00 30 FE A0 02 A8 5A 00 00 00 5E 00 C8 00 00 49 70 00 09 00 00 49 70 00 00 00 00 00 00 00 00 00 00 00 00 00 00 00 00 00 00 00 00 00 00 00 00 00 00 00 14 6C A6 0D 0A 
[   COM12] [16:56:08:853] D3 00 03 43 50 00 8D 44 BE 0D 0A 
[   COM12] [16:56:08:858] D3 00 A3 FE A0 FF 01 FF FF FF FF FF FF 00 80 00 00 00 00 00 00 00 80 00 00 00 00 00 00 00 80 00 00 00 80 00 00 00 80 00 00 00 00 00 00 00 80 00 00 00 00 00 00 00 80 00 00 00 00 00 00 00 00 80 00 00 00 80 00 00 00 80 00 00 00 80 00 00 00 FF FF FF FF FF FF FF FF FF FF FF FF FF FF FF FF FF FF FF FF FF FF FF FF FF FF FF FF FF FF FF FF FF FF FF FF FF FF FF FF FF FF FF FF FF FF FF FF FF FF FF FF 80 00 00 00 80 00 00 00 FF FF FF FF FF FF FF FF FF FF FF FF FF 00 00 00 00 00 00 00 00 00 23 72 00 00 00 AD FB 9E D3 00 0E FE A0 FE 01 FF FF FF FF FF FF 00 00 00 00 4D 91 3A D3 00 39 FE A0 F9 01 05 00 00 00 00 00 00 00 00 00 00 FF FF FF FF FF FF FF FF FF FF FF FF FF FF FF FF FF FF FF FF FF FF FF FF FF FF FF FF FF FF 00 00 00 00 FF FF FF FF 00 00 00 00 00 54 87 D3 00 1F FE A0 E6 02 FF FF FF FF FF FF 00 02 00 37 01 54 04 00 2F 26 01 30 63 02 22 B8 03 8A 36 23 00 D6 75 3C 0D 0A 
[   COM12] [16:56:08:858] 24 47 4E 52 4D 43 2C 2C 56 2C 2C 2C 2C 2C 2C 2C 2C 2C 2C 4E 2C 56 2A 33 37 0D 0A 
[   COM12] [16:56:08:858] 24 47 4E 47 47 41 2C 2C 2C 2C 2C 2C 30 2C 30 30 2C 39 39 2E 39 39 2C 2C 2C 2C 2C 2C 2A 35 36 0D 0A 
[   COM12] [16:56:08:860] 24 47 4E 54 58 54 2C 30 31 2C 30 31 2C 30 31 2C 30 2C 30 30 30 30 30 30 2C 30 30 30 30 2C 30 30 30 30 2C 30 30 30 30 2C 30 2E 30 30 30 2C 30 2C 30 30 30 33 46 37 45 45 30 31 42 38 46 42 37 37 2C 31 2C 33 2C 30 2C 30 2C 30 30 30 30 2C 30 2C 30 2C 30 2C 31 34 38 2C 31 34 38 2C 30 30 30 30 30 30 30 30 2C 30 30 30 30 30 30 30 30 2A 36 44 0D 0A 
[   COM12] [16:56:08:861] 24 50 4E 4F 49 53 45 2C 35 35 2C 38 34 2C 31 32 30 37 30 2C 31 32 33 38 37 2C 38 38 38 38 2C 33 35 33 38 32 2C 31 30 30 30 30 2C 31 30 30 30 30 2C 31 30 30 30 30 2C 31 30 30 30 30 2C 30 2C 30 2A 33 36 0D 0A 
[   COM12] [16:56:08:861] D3 00 05 FE A0 00 A8 5A C2 2E 06 0D 0A 
[   COM12] [16:56:08:861] D3 00 03 FE A0 01 FA 8D 7A 0D 0A 
[   COM12] [16:56:08:863] D3 00 30 FE A0 02 A8 5A 00 00 00 5F 00 C8 00 00 4A 38 00 09 00 00 4A 38 00 00 00 00 01 00 00 00 00 00 00 00 00 00 00 00 00 00 00 00 00 00 00 00 00 00 00 A0 C9 66 0D 0A 
[   COM12] [16:56:09:053] D3 00 03 43 50 00 8D 44 BE 0D 0A 
[   COM12] [16:56:09:075] D3 00 A3 FE A0 FF 01 FF FF FF FF FF FF 00 80 00 00 00 00 00 00 00 80 00 00 00 00 00 00 00 80 00 00 00 80 00 00 00 80 00 00 00 00 00 00 00 80 00 00 00 00 00 00 00 80 00 00 00 00 00 00 00 00 80 00 00 00 80 00 00 00 80 00 00 00 80 00 00 00 FF FF FF FF FF FF FF FF FF FF FF FF FF FF FF FF FF FF FF FF FF FF FF FF FF FF FF FF FF FF FF FF FF FF FF FF FF FF FF FF FF FF FF FF FF FF FF FF FF FF FF FF 80 00 00 00 80 00 00 00 FF FF FF FF FF FF FF FF FF FF FF FF FF 00 00 00 00 00 00 00 00 00 23 72 00 00 00 AD FB 9E D3 00 85 FE A0 FC 01 01 00 00 00 00 00 00 00 00 00 00 00 00 00 00 00 00 00 00 00 00 00 00 00 00 00 00 00 00 00 00 00 00 BF 36 FC 5E 2C CD 8A 41 0F C6 D8 D1 44 99 0D A9 E0 FC 22 4F 8C 61 AB F8 BB 6F 7C CA F6 C1 9E A0 AF 6F 7A 73 10 1D 94 AD BA A8 CA 3F 73 15 23 6D 60 4A A8 24 CE 0F 53 37 47 1F 76 88 64 0B 51 4B 98 35 87 8A 3C 0A 58 38 3D E4 4D C8 82 B4 5B 77 00 00 00 00 00 00 00 00 00 00 00 00 00 00 00 00 58 77 93 D3 00 0E FE A0 FE 01 FF FF FF FF FF FF 00 00 00 00 4D 91 3A D3 00 39 FE A0 F9 01 05 00 00 00 00 00 00 00 00 00 00 FF FF FF FF FF FF FF FF FF FF FF FF FF FF FF FF FF FF FF FF FF FF FF FF FF FF FF FF FF FF 00 00 00 00 FF FF FF FF 00 00 00 00 00 54 87 D3 00 12 FE A0 E9 01 FF FF FF FF FF FF 01 01 01 01 00 00 00 00 E9 3F 2A D3 00 1F FE A0 E6 02 FF FF FF FF FF FF 00 02 00 38 01 54 04 00 2F 65 01 30 7F 02 22 BA 03 89 89 23 00 0C A9 55 0D 0A 
[   COM12] [16:56:09:076] 24 47 4E 52 4D 43 2C 2C 56 2C 2C 2C 2C 2C 2C 2C 2C 2C 2C 4E 2C 56 2A 33 37 0D 0A 
[   COM12] [16:56:09:076] 24 47 4E 47 47 41 2C 2C 2C 2C 2C 2C 30 2C 30 30 2C 39 39 2E 39 39 2C 2C 2C 2C 2C 2C 2A 35 36 0D 0A 
[   COM12] [16:56:09:077] 24 47 4E 47 53 41 2C 41 2C 31 2C 2C 2C 2C 2C 2C 2C 2C 2C 2C 2C 2C 2C 39 39 2E 39 39 2C 39 39 2E 39 39 2C 39 39 2E 39 39 2C 31 2A 33 33 0D 0A 
[   COM12] [16:56:09:077] 24 47 4E 47 53 41 2C 41 2C 31 2C 2C 2C 2C 2C 2C 2C 2C 2C 2C 2C 2C 2C 39 39 2E 39 39 2C 39 39 2E 39 39 2C 39 39 2E 39 39 2C 34 2A 33 36 0D 0A 
[   COM12] [16:56:09:078] 24 47 4E 47 53 41 2C 41 2C 31 2C 2C 2C 2C 2C 2C 2C 2C 2C 2C 2C 2C 2C 39 39 2E 39 39 2C 39 39 2E 39 39 2C 39 39 2E 39 39 2C 33 2A 33 31 0D 0A 
[   COM12] [16:56:09:078] 24 47 4E 47 53 41 2C 41 2C 31 2C 2C 2C 2C 2C 2C 2C 2C 2C 2C 2C 2C 2C 39 39 2E 39 39 2C 39 39 2E 39 39 2C 39 39 2E 39 39 2C 32 2A 33 30 0D 0A 
[   COM12] [16:56:09:079] 24 47 4E 47 53 41 2C 41 2C 31 2C 2C 2C 2C 2C 2C 2C 2C 2C 2C 2C 2C 2C 39 39 2E 39 39 2C 39 39 2E 39 39 2C 39 39 2E 39 39 2C 35 2A 33 37 0D 0A 
[   COM12] [16:56:09:079] 24 47 50 47 53 56 2C 31 2C 31 2C 30 30 2C 31 2A 36 34 0D 0A 
[   COM12] [16:56:09:079] 24 47 50 47 53 56 2C 31 2C 31 2C 30 30 2C 38 2A 36 44 0D 0A 
[   COM12] [16:56:09:079] 24 47 42 47 53 56 2C 31 2C 31 2C 30 30 2C 31 2A 37 36 0D 0A 
[   COM12] [16:56:09:080] 24 47 42 47 53 56 2C 31 2C 31 2C 30 30 2C 35 2A 37 32 0D 0A 
[   COM12] [16:56:09:080] 24 47 41 47 53 56 2C 31 2C 31 2C 30 30 2C 37 2A 37 33 0D 0A 
[   COM12] [16:56:09:080] 24 47 41 47 53 56 2C 31 2C 31 2C 30 30 2C 31 2A 37 35 0D 0A 
[   COM12] [16:56:09:081] 24 47 4C 47 53 56 2C 31 2C 31 2C 30 30 2C 31 2A 37 38 0D 0A 
[   COM12] [16:56:09:081] 24 47 51 47 53 56 2C 31 2C 31 2C 30 30 2C 31 2A 36 35 0D 0A 
[   COM12] [16:56:09:081] 24 47 51 47 53 56 2C 31 2C 31 2C 30 30 2C 38 2A 36 43 0D 0A 
[   COM12] [16:56:09:082] 24 47 4E 54 58 54 2C 30 31 2C 30 31 2C 30 31 2C 30 2C 30 30 30 30 30 30 2C 30 30 30 30 2C 30 30 30 30 2C 30 30 30 30 2C 30 2E 30 30 30 2C 30 2C 30 30 30 33 46 37 45 45 30 31 42 38 46 42 37 37 2C 31 2C 33 2C 30 2C 30 2C 30 30 30 30 2C 30 2C 30 2C 30 2C 31 34 38 2C 31 34 38 2C 30 30 30 30 30 30 30 30 2C 30 30 30 30 30 30 30 30 2A 36 44 0D 0A 
[   COM12] [16:56:09:083] 24 50 4E 4F 49 53 45 2C 35 36 2C 38 34 2C 31 32 31 33 33 2C 31 32 34 31 35 2C 38 38 39 30 2C 33 35 32 30 39 2C 31 30 30 30 30 2C 31 30 30 30 30 2C 31 30 30 30 30 2C 31 30 30 30 30 2C 30 2C 30 2A 33 34 0D 0A 
[   COM12] [16:56:09:083] D3 00 05 FE A0 00 A8 5A C2 2E 06 0D 0A 
[   COM12] [16:56:09:083] D3 00 03 FE A0 01 FA 8D 7A 0D 0A 
[   COM12] [16:56:09:084] D3 00 30 FE A0 02 A8 5A 00 00 00 60 00 C8 00 00 4B 00 00 09 00 00 4B 00 00 00 00 00 02 00 00 00 00 00 00 00 00 00 00 00 00 00 00 00 00 00 00 00 00 00 00 9C 4A EA 0D 0A 
[   COM12] [16:56:09:253] D3 00 03 43 50 00 8D 44 BE 0D 0A 
[   COM12] [16:56:09:258] D3 00 A3 FE A0 FF 01 FF FF FF FF FF FF 00 80 00 00 00 00 00 00 00 80 00 00 00 00 00 00 00 80 00 00 00 80 00 00 00 80 00 00 00 00 00 00 00 80 00 00 00 00 00 00 00 80 00 00 00 00 00 00 00 00 80 00 00 00 80 00 00 00 80 00 00 00 80 00 00 00 FF FF FF FF FF FF FF FF FF FF FF FF FF FF FF FF FF FF FF FF FF FF FF FF FF FF FF FF FF FF FF FF FF FF FF FF FF FF FF FF FF FF FF FF FF FF FF FF FF FF FF FF 80 00 00 00 80 00 00 00 FF FF FF FF FF FF FF FF FF FF FF FF FF 00 00 00 00 00 00 00 00 00 23 72 00 00 00 AD FB 9E D3 00 0E FE A0 FE 01 FF FF FF FF FF FF 00 00 00 00 4D 91 3A D3 00 39 FE A0 F9 01 05 00 00 00 00 00 00 00 00 00 00 FF FF FF FF FF FF FF FF FF FF FF FF FF FF FF FF FF FF FF FF FF FF FF FF FF FF FF FF FF FF 00 00 00 00 FF FF FF FF 00 00 00 00 00 54 87 D3 00 1F FE A0 E6 02 FF FF FF FF FF FF 00 02 00 38 01 54 04 00 2F A1 01 31 AC 02 22 BA 03 89 29 23 00 1B 2F FA 0D 0A 
[   COM12] [16:56:09:258] 24 47 4E 52 4D 43 2C 2C 56 2C 2C 2C 2C 2C 2C 2C 2C 2C 2C 4E 2C 56 2A 33 37 0D 0A 
[   COM12] [16:56:09:258] 24 47 4E 47 47 41 2C 2C 2C 2C 2C 2C 30 2C 30 30 2C 39 39 2E 39 39 2C 2C 2C 2C 2C 2C 2A 35 36 0D 0A 
[   COM12] [16:56:09:260] 24 47 4E 54 58 54 2C 30 31 2C 30 31 2C 30 31 2C 30 2C 30 30 30 30 30 30 2C 30 30 30 30 2C 30 30 30 30 2C 30 30 30 30 2C 30 2E 30 30 30 2C 30 2C 30 30 30 33 46 37 45 45 30 31 42 38 46 42 37 37 2C 31 2C 31 38 2C 30 2C 30 2C 30 30 30 30 2C 30 2C 30 2C 30 2C 31 34 38 2C 31 34 38 2C 30 30 30 30 30 30 30 30 2C 30 30 30 30 30 30 30 30 2A 35 37 0D 0A 
[   COM12] [16:56:09:261] 24 50 4E 4F 49 53 45 2C 35 36 2C 38 34 2C 31 32 31 39 33 2C 31 32 37 31 36 2C 38 38 39 30 2C 33 35 31 31 33 2C 31 30 30 30 30 2C 31 30 30 30 30 2C 31 30 30 30 30 2C 31 30 30 30 30 2C 30 2C 30 2A 33 36 0D 0A 
[   COM12] [16:56:09:261] D3 00 05 FE A0 00 A8 5A C2 2E 06 0D 0A 
[   COM12] [16:56:09:261] D3 00 03 FE A0 01 FA 8D 7A 0D 0A 
[   COM12] [16:56:09:262] D3 00 30 FE A0 02 A8 5A 00 00 00 61 00 C8 00 00 4B C8 00 09 00 00 4B C8 00 00 00 00 00 00 00 00 00 00 00 00 00 00 00 00 00 00 00 00 00 00 00 00 00 00 00 4C B6 C9 0D 0A 
[   COM12] [16:56:09:453] D3 00 03 43 50 00 8D 44 BE 0D 0A 
[   COM12] [16:56:09:458] D3 00 A3 FE A0 FF 01 FF FF FF FF FF FF 00 80 00 00 00 00 00 00 00 80 00 00 00 00 00 00 00 80 00 00 00 80 00 00 00 80 00 00 00 00 00 00 00 80 00 00 00 00 00 00 00 80 00 00 00 00 00 00 00 00 80 00 00 00 80 00 00 00 80 00 00 00 80 00 00 00 FF FF FF FF FF FF FF FF FF FF FF FF FF FF FF FF FF FF FF FF FF FF FF FF FF FF FF FF FF FF FF FF FF FF FF FF FF FF FF FF FF FF FF FF FF FF FF FF FF FF FF FF 80 00 00 00 80 00 00 00 FF FF FF FF FF FF FF FF FF FF FF FF FF 00 00 00 00 00 00 00 00 00 23 72 00 00 00 AD FB 9E D3 00 0E FE A0 FE 01 FF FF FF FF FF FF 00 00 00 00 4D 91 3A D3 00 39 FE A0 F9 01 05 00 00 00 00 00 00 00 00 00 00 FF FF FF FF FF FF FF FF FF FF FF FF FF FF FF FF FF FF FF FF FF FF FF FF FF FF FF FF FF FF 00 00 00 00 FF FF FF FF 00 00 00 00 00 54 87 D3 00 1F FE A0 E6 02 FF FF FF FF FF FF 00 02 00 3B 01 54 04 00 2F 7E 01 31 69 02 22 B7 03 89 55 23 00 2E 82 84 0D 0A 
[   COM12] [16:56:09:458] 24 47 4E 52 4D 43 2C 2C 56 2C 2C 2C 2C 2C 2C 2C 2C 2C 2C 4E 2C 56 2A 33 37 0D 0A 
[   COM12] [16:56:09:459] 24 47 4E 47 47 41 2C 2C 2C 2C 2C 2C 30 2C 30 30 2C 39 39 2E 39 39 2C 2C 2C 2C 2C 2C 2A 35 36 0D 0A 
[   COM12] [16:56:09:460] 24 47 4E 54 58 54 2C 30 31 2C 30 31 2C 30 31 2C 30 2C 30 30 30 30 30 30 2C 30 30 30 30 2C 30 30 30 30 2C 30 30 30 30 2C 30 2E 30 30 30 2C 30 2C 30 30 30 33 46 37 45 45 30 31 42 38 46 42 37 37 2C 31 2C 33 2C 30 2C 30 2C 30 30 30 30 2C 30 2C 30 2C 30 2C 31 34 38 2C 31 34 38 2C 30 30 30 30 30 30 30 30 2C 30 30 30 30 30 30 30 30 2A 36 44 0D 0A 
[   COM12] [16:56:09:461] 24 50 4E 4F 49 53 45 2C 35 39 2C 38 34 2C 31 32 31 35 38 2C 31 32 36 34 39 2C 38 38 38 37 2C 33 35 31 35 37 2C 31 30 30 30 30 2C 31 30 30 30 30 2C 31 30 30 30 30 2C 31 30 30 30 30 2C 30 2C 30 2A 33 33 0D 0A 
[   COM12] [16:56:09:461] D3 00 05 FE A0 00 A8 5A C2 2E 06 0D 0A 
[   COM12] [16:56:09:461] D3 00 03 FE A0 01 FA 8D 7A 0D 0A 
[   COM12] [16:56:09:462] D3 00 30 FE A0 02 A8 5A 00 00 00 62 00 C8 00 00 4C 90 00 09 00 00 4C 90 00 00 00 00 01 00 00 00 00 00 00 00 00 00 00 00 00 00 00 00 00 00 00 00 00 00 00 19 D6 6D 0D 0A 
[   COM12] [16:56:09:653] D3 00 03 43 50 00 8D 44 BE 0D 0A 
[   COM12] [16:56:09:658] D3 00 A3 FE A0 FF 01 FF FF FF FF FF FF 00 80 00 00 00 00 00 00 00 80 00 00 00 00 00 00 00 80 00 00 00 80 00 00 00 80 00 00 00 00 00 00 00 80 00 00 00 00 00 00 00 80 00 00 00 00 00 00 00 00 80 00 00 00 80 00 00 00 80 00 00 00 80 00 00 00 FF FF FF FF FF FF FF FF FF FF FF FF FF FF FF FF FF FF FF FF FF FF FF FF FF FF FF FF FF FF FF FF FF FF FF FF FF FF FF FF FF FF FF FF FF FF FF FF FF FF FF FF 80 00 00 00 80 00 00 00 FF FF FF FF FF FF FF FF FF FF FF FF FF 00 00 00 00 00 00 00 00 00 23 72 00 00 00 AD FB 9E D3 00 0E FE A0 FE 01 FF FF FF FF FF FF 00 00 00 00 4D 91 3A D3 00 39 FE A0 F9 01 05 00 00 00 00 00 00 00 00 00 00 FF FF FF FF FF FF FF FF FF FF FF FF FF FF FF FF FF FF FF FF FF FF FF FF FF FF FF FF FF FF 00 00 00 00 FF FF FF FF 00 00 00 00 00 54 87 D3 00 1F FE A0 E6 02 FF FF FF FF FF FF 00 02 00 3A 01 55 04 00 30 6F 01 31 6A 02 22 CA 03 8B 3F 23 00 A3 E7 F5 0D 0A 
[   COM12] [16:56:09:658] 24 47 4E 52 4D 43 2C 2C 56 2C 2C 2C 2C 2C 2C 2C 2C 2C 2C 4E 2C 56 2A 33 37 0D 0A 
[   COM12] [16:56:09:659] 24 47 4E 47 47 41 2C 2C 2C 2C 2C 2C 30 2C 30 30 2C 39 39 2E 39 39 2C 2C 2C 2C 2C 2C 2A 35 36 0D 0A 
[   COM12] [16:56:09:660] 24 47 4E 54 58 54 2C 30 31 2C 30 31 2C 30 31 2C 30 2C 30 30 30 30 30 30 2C 30 30 30 30 2C 30 30 30 30 2C 30 30 30 30 2C 30 2E 30 30 30 2C 30 2C 30 30 30 33 46 37 45 45 30 31 42 38 46 42 37 37 2C 31 2C 33 2C 30 2C 30 2C 30 30 30 30 2C 30 2C 30 2C 30 2C 31 34 38 2C 31 34 38 2C 30 30 30 30 30 30 30 30 2C 30 30 30 30 30 30 30 30 2A 36 44 0D 0A 
[    COM5] [16:56:09:799] 24 43 46 47 4B 45 59 0D 0A 
[   COM12] [16:56:09:661] 24 50 4E 4F 49 53 45 2C 35 38 2C 38 35 2C 31 32 33 39 39 2C 31 32 36 35 30 2C 38 39 30 36 2C 33 35 36 34 37 2C 31 30 30 30 30 2C 31 30 30 30 30 2C 31 30 30 30 30 2C 31 30 30 30 30 2C 30 2C 30 2A 33 41 0D 0A 
[   COM12] [16:56:09:661] D3 00 05 FE A0 00 A8 5A C2 2E 06 0D 0A 
[   COM12] [16:56:09:661] D3 00 03 FE A0 01 FA 8D 7A 0D 0A 
[   COM12] [16:56:09:662] D3 00 30 FE A0 02 A8 5A 00 00 00 63 00 C8 00 00 4D 58 00 09 00 00 4D 58 00 00 00 00 02 00 00 00 00 00 00 00 00 00 00 00 00 00 00 00 00 00 00 00 00 00 00 A3 B1 B2 0D 0A 
[   COM12] [16:56:09:791] 24 43 46 47 4B 45 59 2C 2C 36 61 64 61 65 39 37 30 66 34 33 33 61 31 63 39 63 35 35 66 33 62 64 37 30 39 32 62 31 34 30 30 66 34 30 64 64 64 63 34 63 37 31 35 63 33 39 61 35 61 65 64 35 32 39 31 35 38 66 30 30 31 30 31 30 31 30 31 30 31 30 31 30 31 30 31 30 31 30 31 30 31 30 31 30 31 30 31 30 31 30 31 30 31 30 31 2C 44 30 36 34 35 43 2A 33 42 0D 0A 
[   COM12] [16:56:09:792] 24 47 4E 54 58 54 2C 30 31 2C 30 31 2C 30 30 2C 43 46 47 4B 45 59 2A 34 34 0D 0A 
[   COM12] [16:56:09:792] 24 4F 4B 2A 30 34 0D 0A 
[   COM12] [16:56:09:853] D3 00 03 43 50 00 8D 44 BE 0D 0A 
[   COM12] [16:56:09:858] D3 00 A3 FE A0 FF 01 FF FF FF FF FF FF 00 80 00 00 00 00 00 00 00 80 00 00 00 00 00 00 00 80 00 00 00 80 00 00 00 80 00 00 00 00 00 00 00 80 00 00 00 00 00 00 00 80 00 00 00 00 00 00 00 00 80 00 00 00 80 00 00 00 80 00 00 00 80 00 00 00 FF FF FF FF FF FF FF FF FF FF FF FF FF FF FF FF FF FF FF FF FF FF FF FF FF FF FF FF FF FF FF FF FF FF FF FF FF FF FF FF FF FF FF FF FF FF FF FF FF FF FF FF 80 00 00 00 80 00 00 00 FF FF FF FF FF FF FF FF FF FF FF FF FF 00 00 00 00 00 00 00 00 00 23 72 00 00 00 AD FB 9E D3 00 0E FE A0 FE 01 FF FF FF FF FF FF 00 00 00 00 4D 91 3A D3 00 39 FE A0 F9 01 05 00 00 00 00 00 00 00 00 00 00 FF FF FF FF FF FF FF FF FF FF FF FF FF FF FF FF FF FF FF FF FF FF FF FF FF FF FF FF FF FF 00 00 00 00 FF FF FF FF 00 00 00 00 00 54 87 D3 00 1F FE A0 E6 02 FF FF FF FF FF FF 00 02 00 3A 01 54 04 00 30 8C 01 31 AC 02 22 CA 03 89 47 23 00 39 E5 A0 0D 0A 
[   COM12] [16:56:09:858] 24 47 4E 52 4D 43 2C 2C 56 2C 2C 2C 2C 2C 2C 2C 2C 2C 2C 4E 2C 56 2A 33 37 0D 0A 
[   COM12] [16:56:09:859] 24 47 4E 47 47 41 2C 2C 2C 2C 2C 2C 30 2C 30 30 2C 39 39 2E 39 39 2C 2C 2C 2C 2C 2C 2A 35 36 0D 0A 
[   COM12] [16:56:09:860] 24 47 4E 54 58 54 2C 30 31 2C 30 31 2C 30 31 2C 30 2C 30 30 30 30 30 30 2C 30 30 30 30 2C 30 30 30 30 2C 30 30 30 30 2C 30 2E 30 30 30 2C 30 2C 30 30 30 33 46 37 45 45 30 31 42 38 46 42 37 37 2C 31 2C 33 2C 30 2C 30 2C 30 30 30 30 2C 30 2C 30 2C 30 2C 31 34 38 2C 31 34 38 2C 30 30 30 30 30 30 30 30 2C 30 30 30 30 30 30 30 30 2A 36 44 0D 0A 
[   COM12] [16:56:09:861] 24 50 4E 4F 49 53 45 2C 35 38 2C 38 34 2C 31 32 34 32 38 2C 31 32 37 31 36 2C 38 39 30 36 2C 33 35 31 34 33 2C 31 30 30 30 30 2C 31 30 30 30 30 2C 31 30 30 30 30 2C 31 30 30 30 30 2C 30 2C 30 2A 33 36 0D 0A 
[   COM12] [16:56:09:861] D3 00 05 FE A0 00 A8 5A C2 2E 06 0D 0A 
[   COM12] [16:56:09:861] D3 00 03 FE A0 01 FA 8D 7A 0D 0A 
[   COM12] [16:56:09:862] D3 00 30 FE A0 02 A8 5A 00 00 00 64 00 C8 00 00 4E 20 00 09 00 00 4E 20 00 00 00 00 00 00 00 00 00 00 00 00 00 00 00 00 00 00 00 00 00 00 00 00 00 00 00 93 BB F9 0D 0A 
[   COM12] [16:56:10:054] D3 00 03 43 50 00 8D 44 BE 0D 0A 
[   COM12] [16:56:10:076] D3 00 A3 FE A0 FF 01 FF FF FF FF FF FF 00 80 00 00 00 00 00 00 00 80 00 00 00 00 00 00 00 80 00 00 00 80 00 00 00 80 00 00 00 00 00 00 00 80 00 00 00 00 00 00 00 80 00 00 00 00 00 00 00 00 80 00 00 00 80 00 00 00 80 00 00 00 80 00 00 00 FF FF FF FF FF FF FF FF FF FF FF FF FF FF FF FF FF FF FF FF FF FF FF FF FF FF FF FF FF FF FF FF FF FF FF FF FF FF FF FF FF FF FF FF FF FF FF FF FF FF FF FF 80 00 00 00 80 00 00 00 FF FF FF FF FF FF FF FF FF FF FF FF FF 00 00 00 00 00 00 00 00 00 23 72 00 00 00 AD FB 9E D3 00 85 FE A0 FC 01 01 00 00 00 00 00 00 00 00 00 00 00 00 00 00 00 00 00 00 00 00 00 00 00 00 00 00 00 00 00 00 00 00 BF 36 FC 5E 2C CD 8A 41 0F C6 D8 D1 44 99 0D A9 E0 FC 22 4F 8C 61 AB F8 BB 6F 7C CA F6 C1 9E A0 75 BA CB 4A DC 3B 06 47 35 A0 86 B6 17 87 3E 05 D7 69 D4 A1 03 D3 B7 08 33 FC D0 7B 9D E1 A6 94 7E EF B8 D1 9D 04 D7 95 9C 5B 41 E4 91 0C A1 1A 00 00 00 00 00 00 00 00 00 00 00 00 00 00 00 00 E5 B9 8B D3 00 0E FE A0 FE 01 FF FF FF FF FF FF 00 00 00 00 4D 91 3A D3 00 39 FE A0 F9 01 05 00 00 00 00 00 00 00 00 00 00 FF FF FF FF FF FF FF FF FF FF FF FF FF FF FF FF FF FF FF FF FF FF FF FF FF FF FF FF FF FF 00 00 00 00 FF FF FF FF 00 00 00 00 00 54 87 D3 00 12 FE A0 E9 01 FF FF FF FF FF FF 01 01 01 01 00 00 00 00 E9 3F 2A D3 00 1F FE A0 E6 02 FF FF FF FF FF FF 00 02 00 39 01 55 04 00 30 A2 01 31 8A 02 22 DD 03 88 AD 23 00 ED 6F 9D 0D 0A 
[   COM12] [16:56:10:077] 24 47 4E 52 4D 43 2C 2C 56 2C 2C 2C 2C 2C 2C 2C 2C 2C 2C 4E 2C 56 2A 33 37 0D 0A 
[   COM12] [16:56:10:077] 24 47 4E 47 47 41 2C 2C 2C 2C 2C 2C 30 2C 30 30 2C 39 39 2E 39 39 2C 2C 2C 2C 2C 2C 2A 35 36 0D 0A 
[   COM12] [16:56:10:078] 24 47 4E 47 53 41 2C 41 2C 31 2C 2C 2C 2C 2C 2C 2C 2C 2C 2C 2C 2C 2C 39 39 2E 39 39 2C 39 39 2E 39 39 2C 39 39 2E 39 39 2C 31 2A 33 33 0D 0A 
[   COM12] [16:56:10:078] 24 47 4E 47 53 41 2C 41 2C 31 2C 2C 2C 2C 2C 2C 2C 2C 2C 2C 2C 2C 2C 39 39 2E 39 39 2C 39 39 2E 39 39 2C 39 39 2E 39 39 2C 34 2A 33 36 0D 0A 
[   COM12] [16:56:10:079] 24 47 4E 47 53 41 2C 41 2C 31 2C 2C 2C 2C 2C 2C 2C 2C 2C 2C 2C 2C 2C 39 39 2E 39 39 2C 39 39 2E 39 39 2C 39 39 2E 39 39 2C 33 2A 33 31 0D 0A 
[   COM12] [16:56:10:079] 24 47 4E 47 53 41 2C 41 2C 31 2C 2C 2C 2C 2C 2C 2C 2C 2C 2C 2C 2C 2C 39 39 2E 39 39 2C 39 39 2E 39 39 2C 39 39 2E 39 39 2C 32 2A 33 30 0D 0A 
[   COM12] [16:56:10:080] 24 47 4E 47 53 41 2C 41 2C 31 2C 2C 2C 2C 2C 2C 2C 2C 2C 2C 2C 2C 2C 39 39 2E 39 39 2C 39 39 2E 39 39 2C 39 39 2E 39 39 2C 35 2A 33 37 0D 0A 
[   COM12] [16:56:10:080] 24 47 50 47 53 56 2C 31 2C 31 2C 30 30 2C 31 2A 36 34 0D 0A 
[   COM12] [16:56:10:080] 24 47 50 47 53 56 2C 31 2C 31 2C 30 30 2C 38 2A 36 44 0D 0A 
[   COM12] [16:56:10:080] 24 47 42 47 53 56 2C 31 2C 31 2C 30 30 2C 31 2A 37 36 0D 0A 
[   COM12] [16:56:10:081] 24 47 42 47 53 56 2C 31 2C 31 2C 30 30 2C 35 2A 37 32 0D 0A 
[   COM12] [16:56:10:081] 24 47 41 47 53 56 2C 31 2C 31 2C 30 30 2C 37 2A 37 33 0D 0A 
[   COM12] [16:56:10:081] 24 47 41 47 53 56 2C 31 2C 31 2C 30 30 2C 31 2A 37 35 0D 0A 
[   COM12] [16:56:10:082] 24 47 4C 47 53 56 2C 31 2C 31 2C 30 30 2C 31 2A 37 38 0D 0A 
[   COM12] [16:56:10:082] 24 47 51 47 53 56 2C 31 2C 31 2C 30 30 2C 31 2A 36 35 0D 0A 
[   COM12] [16:56:10:082] 24 47 51 47 53 56 2C 31 2C 31 2C 30 30 2C 38 2A 36 43 0D 0A 
[   COM12] [16:56:10:083] 24 47 4E 54 58 54 2C 30 31 2C 30 31 2C 30 31 2C 30 2C 30 30 30 30 30 30 2C 30 30 30 30 2C 30 30 30 30 2C 30 30 30 30 2C 30 2E 30 30 30 2C 30 2C 30 30 30 33 46 37 45 45 30 31 42 38 46 42 37 37 2C 31 2C 33 2C 30 2C 30 2C 30 30 30 30 2C 30 2C 30 2C 30 2C 31 34 38 2C 31 34 38 2C 30 30 30 30 30 30 30 30 2C 30 30 30 30 30 30 30 30 2A 36 44 0D 0A 
[   COM12] [16:56:10:084] 24 50 4E 4F 49 53 45 2C 35 38 2C 38 35 2C 31 32 34 35 30 2C 31 32 36 38 32 2C 38 39 32 35 2C 33 34 39 38 39 2C 31 30 30 30 30 2C 31 30 30 30 30 2C 31 30 30 30 30 2C 31 30 30 30 30 2C 30 2C 30 2A 33 41 0D 0A 
[   COM12] [16:56:10:084] D3 00 05 FE A0 00 A8 5A C2 2E 06 0D 0A 
[   COM12] [16:56:10:084] D3 00 03 FE A0 01 FA 8D 7A 0D 0A 
[   COM12] [16:56:10:085] D3 00 30 FE A0 02 A8 5A 00 00 00 65 00 C8 00 00 4E E8 00 09 00 00 4E E8 00 00 00 00 01 00 00 00 00 00 00 00 00 00 00 00 00 00 00 00 00 00 00 00 00 00 00 AE 02 81 0D 0A 
[   COM12] [16:56:10:253] D3 00 03 43 50 00 8D 44 BE 0D 0A 
[   COM12] [16:56:10:258] D3 00 A3 FE A0 FF 01 FF FF FF FF FF FF 00 80 00 00 00 00 00 00 00 80 00 00 00 00 00 00 00 80 00 00 00 80 00 00 00 80 00 00 00 00 00 00 00 80 00 00 00 00 00 00 00 80 00 00 00 00 00 00 00 00 80 00 00 00 80 00 00 00 80 00 00 00 80 00 00 00 FF FF FF FF FF FF FF FF FF FF FF FF FF FF FF FF FF FF FF FF FF FF FF FF FF FF FF FF FF FF FF FF FF FF FF FF FF FF FF FF FF FF FF FF FF FF FF FF FF FF FF FF 80 00 00 00 80 00 00 00 FF FF FF FF FF FF FF FF FF FF FF FF FF 00 00 00 00 00 00 00 00 00 23 72 00 00 00 AD FB 9E D3 00 0E FE A0 FE 01 FF FF FF FF FF FF 00 00 00 00 4D 91 3A D3 00 39 FE A0 F9 01 05 00 00 00 00 00 00 00 00 00 00 FF FF FF FF FF FF FF FF FF FF FF FF FF FF FF FF FF FF FF FF FF FF FF FF FF FF FF FF FF FF 00 00 00 00 FF FF FF FF 00 00 00 00 00 54 87 D3 00 1F FE A0 E6 02 FF FF FF FF FF FF 00 02 00 39 01 55 04 00 31 0D 01 31 52 02 22 FA 03 88 A3 23 00 26 1C 68 0D 0A 
[   COM12] [16:56:10:258] 24 47 4E 52 4D 43 2C 2C 56 2C 2C 2C 2C 2C 2C 2C 2C 2C 2C 4E 2C 56 2A 33 37 0D 0A 
[   COM12] [16:56:10:258] 24 47 4E 47 47 41 2C 2C 2C 2C 2C 2C 30 2C 30 30 2C 39 39 2E 39 39 2C 2C 2C 2C 2C 2C 2A 35 36 0D 0A 
[   COM12] [16:56:10:260] 24 47 4E 54 58 54 2C 30 31 2C 30 31 2C 30 31 2C 30 2C 30 30 30 30 30 30 2C 30 30 30 30 2C 30 30 30 30 2C 30 30 30 30 2C 30 2E 30 30 30 2C 30 2C 30 30 30 33 46 37 45 45 30 31 42 38 46 42 37 37 2C 31 2C 31 38 2C 30 2C 30 2C 30 30 30 30 2C 30 2C 30 2C 30 2C 31 34 38 2C 31 34 38 2C 30 30 30 30 30 30 30 30 2C 30 30 30 30 30 30 30 30 2A 35 37 0D 0A 
[   COM12] [16:56:10:261] 24 50 4E 4F 49 53 45 2C 35 37 2C 38 35 2C 31 32 35 35 37 2C 31 32 36 32 36 2C 38 39 35 34 2C 33 34 39 37 39 2C 31 30 30 30 30 2C 31 30 30 30 30 2C 31 30 30 30 30 2C 31 30 30 30 30 2C 30 2C 30 2A 33 34 0D 0A 
[   COM12] [16:56:10:261] D3 00 05 FE A0 00 A8 5A C2 2E 06 0D 0A 
[   COM12] [16:56:10:261] D3 00 03 FE A0 01 FA 8D 7A 0D 0A 
[   COM12] [16:56:10:262] D3 00 30 FE A0 02 A8 5A 00 00 00 66 00 C8 00 00 4F B0 00 09 00 00 4F B0 00 00 00 00 02 00 00 00 00 00 00 00 00 00 00 00 00 00 00 00 00 00 00 00 00 00 00 E8 C9 09 0D 0A 
[   COM12] [16:56:10:454] D3 00 03 43 50 00 8D 44 BE 0D 0A 
[   COM12] [16:56:10:459] D3 00 A3 FE A0 FF 01 FF FF FF FF FF FF 00 80 00 00 00 00 00 00 00 80 00 00 00 00 00 00 00 80 00 00 00 80 00 00 00 80 00 00 00 00 00 00 00 80 00 00 00 00 00 00 00 80 00 00 00 00 00 00 00 00 80 00 00 00 80 00 00 00 80 00 00 00 80 00 00 00 FF FF FF FF FF FF FF FF FF FF FF FF FF FF FF FF FF FF FF FF FF FF FF FF FF FF FF FF FF FF FF FF FF FF FF FF FF FF FF FF FF FF FF FF FF FF FF FF FF FF FF FF 80 00 00 00 80 00 00 00 FF FF FF FF FF FF FF FF FF FF FF FF FF 00 00 00 00 00 00 00 00 00 23 72 00 00 00 AD FB 9E D3 00 0E FE A0 FE 01 FF FF FF FF FF FF 00 00 00 00 4D 91 3A D3 00 39 FE A0 F9 01 05 00 00 00 00 00 00 00 00 00 00 FF FF FF FF FF FF FF FF FF FF FF FF FF FF FF FF FF FF FF FF FF FF FF FF FF FF FF FF FF FF 00 00 00 00 FF FF FF FF 00 00 00 00 00 54 87 D3 00 1F FE A0 E6 02 FF FF FF FF FF FF 00 02 00 39 01 54 04 00 31 43 01 30 F5 02 22 ED 03 88 E3 23 00 EC BB 5F 0D 0A 
[   COM12] [16:56:10:459] 24 47 4E 52 4D 43 2C 2C 56 2C 2C 2C 2C 2C 2C 2C 2C 2C 2C 4E 2C 56 2A 33 37 0D 0A 
[   COM12] [16:56:10:459] 24 47 4E 47 47 41 2C 2C 2C 2C 2C 2C 30 2C 30 30 2C 39 39 2E 39 39 2C 2C 2C 2C 2C 2C 2A 35 36 0D 0A 
[   COM12] [16:56:10:461] 24 47 4E 54 58 54 2C 30 31 2C 30 31 2C 30 31 2C 30 2C 30 30 30 30 30 30 2C 30 30 30 30 2C 30 30 30 30 2C 30 30 30 30 2C 30 2E 30 30 30 2C 30 2C 30 30 30 33 46 37 45 45 30 31 42 38 46 42 37 37 2C 31 2C 33 2C 30 2C 30 2C 30 30 30 30 2C 30 2C 30 2C 30 2C 31 34 38 2C 31 34 38 2C 30 30 30 30 30 30 30 30 2C 30 30 30 30 30 30 30 30 2A 36 44 0D 0A 
[   COM12] [16:56:10:462] 24 50 4E 4F 49 53 45 2C 35 37 2C 38 34 2C 31 32 36 31 31 2C 31 32 35 33 33 2C 38 39 34 31 2C 33 35 30 34 33 2C 31 30 30 30 30 2C 31 30 30 30 30 2C 31 30 30 30 30 2C 31 30 30 30 30 2C 30 2C 30 2A 33 36 0D 0A 
[   COM12] [16:56:10:462] D3 00 05 FE A0 00 A8 5A C2 2E 06 0D 0A 
[   COM12] [16:56:10:462] D3 00 03 FE A0 01 FA 8D 7A 0D 0A 
[   COM12] [16:56:10:463] D3 00 30 FE A0 02 A8 5A 00 00 00 67 00 C8 00 00 50 78 00 09 00 00 50 78 00 00 00 00 00 00 00 00 00 00 00 00 00 00 00 00 00 00 00 00 00 00 00 00 00 00 00 B1 DF 54 0D 0A 
[   COM12] [16:56:10:653] D3 00 03 43 50 00 8D 44 BE 0D 0A 
[   COM12] [16:56:10:658] D3 00 A3 FE A0 FF 01 FF FF FF FF FF FF 00 80 00 00 00 00 00 00 00 80 00 00 00 00 00 00 00 80 00 00 00 80 00 00 00 80 00 00 00 00 00 00 00 80 00 00 00 00 00 00 00 80 00 00 00 00 00 00 00 00 80 00 00 00 80 00 00 00 80 00 00 00 80 00 00 00 FF FF FF FF FF FF FF FF FF FF FF FF FF FF FF FF FF FF FF FF FF FF FF FF FF FF FF FF FF FF FF FF FF FF FF FF FF FF FF FF FF FF FF FF FF FF FF FF FF FF FF FF 80 00 00 00 80 00 00 00 FF FF FF FF FF FF FF FF FF FF FF FF FF 00 00 00 00 00 00 00 00 00 23 72 00 00 00 AD FB 9E D3 00 0E FE A0 FE 01 FF FF FF FF FF FF 00 00 00 00 4D 91 3A D3 00 39 FE A0 F9 01 05 00 00 00 00 00 00 00 00 00 00 FF FF FF FF FF FF FF FF FF FF FF FF FF FF FF FF FF FF FF FF FF FF FF FF FF FF FF FF FF FF 00 00 00 00 FF FF FF FF 00 00 00 00 00 54 87 D3 00 1F FE A0 E6 02 FF FF FF FF FF FF 00 02 00 39 01 55 04 00 31 21 01 31 11 02 22 ED 03 88 65 23 00 E1 C7 11 0D 0A 
[   COM12] [16:56:10:658] 24 47 4E 52 4D 43 2C 2C 56 2C 2C 2C 2C 2C 2C 2C 2C 2C 2C 4E 2C 56 2A 33 37 0D 0A 
[   COM12] [16:56:10:658] 24 47 4E 47 47 41 2C 2C 2C 2C 2C 2C 30 2C 30 30 2C 39 39 2E 39 39 2C 2C 2C 2C 2C 2C 2A 35 36 0D 0A 
[   COM12] [16:56:10:660] 24 47 4E 54 58 54 2C 30 31 2C 30 31 2C 30 31 2C 30 2C 30 30 30 30 30 30 2C 30 30 30 30 2C 30 30 30 30 2C 30 30 30 30 2C 30 2E 30 30 30 2C 30 2C 30 30 30 33 46 37 45 45 30 31 42 38 46 42 37 37 2C 31 2C 33 2C 30 2C 30 2C 30 30 30 30 2C 30 2C 30 2C 30 2C 31 34 38 2C 31 34 38 2C 30 30 30 30 30 30 30 30 2C 30 30 30 30 30 30 30 30 2A 36 44 0D 0A 
[   COM12] [16:56:10:661] 24 50 4E 4F 49 53 45 2C 35 37 2C 38 34 2C 31 32 35 37 37 2C 31 32 35 36 31 2C 38 39 34 31 2C 33 34 39 31 37 2C 31 30 30 30 30 2C 31 30 30 30 30 2C 31 30 30 30 30 2C 31 30 30 30 30 2C 30 2C 30 2A 33 42 0D 0A 
[   COM12] [16:56:10:661] D3 00 05 FE A0 00 A8 5A C2 2E 06 0D 0A 
[   COM12] [16:56:10:661] D3 00 03 FE A0 01 FA 8D 7A 0D 0A 
[   COM12] [16:56:10:662] D3 00 30 FE A0 02 A8 5A 00 00 00 68 00 C8 00 00 51 40 00 09 00 00 51 40 00 00 00 00 01 00 00 00 00 00 00 00 00 00 00 00 00 00 00 00 00 00 00 00 00 00 00 92 B8 EE 0D 0A 
[   COM12] [16:56:10:853] D3 00 03 43 50 00 8D 44 BE 0D 0A 
[   COM12] [16:56:10:858] D3 00 A3 FE A0 FF 01 FF FF FF FF FF FF 00 80 00 00 00 00 00 00 00 80 00 00 00 00 00 00 00 80 00 00 00 80 00 00 00 80 00 00 00 00 00 00 00 80 00 00 00 00 00 00 00 80 00 00 00 00 00 00 00 00 80 00 00 00 80 00 00 00 80 00 00 00 80 00 00 00 FF FF FF FF FF FF FF FF FF FF FF FF FF FF FF FF FF FF FF FF FF FF FF FF FF FF FF FF FF FF FF FF FF FF FF FF FF FF FF FF FF FF FF FF FF FF FF FF FF FF FF FF 80 00 00 00 80 00 00 00 FF FF FF FF FF FF FF FF FF FF FF FF FF 00 00 00 00 00 00 00 00 00 23 72 00 00 00 AD FB 9E D3 00 0E FE A0 FE 01 FF FF FF FF FF FF 00 00 00 00 4D 91 3A D3 00 39 FE A0 F9 01 05 00 00 00 00 00 00 00 00 00 00 FF FF FF FF FF FF FF FF FF FF FF FF FF FF FF FF FF FF FF FF FF FF FF FF FF FF FF FF FF FF 00 00 00 00 FF FF FF FF 00 00 00 00 00 54 87 D3 00 1F FE A0 E6 02 FF FF FF FF FF FF 00 02 00 39 01 55 04 00 31 79 01 30 94 02 22 EE 03 86 18 23 00 8F 50 F6 0D 0A 
[   COM12] [16:56:10:858] 24 47 4E 52 4D 43 2C 2C 56 2C 2C 2C 2C 2C 2C 2C 2C 2C 2C 4E 2C 56 2A 33 37 0D 0A 
[   COM12] [16:56:10:858] 24 47 4E 47 47 41 2C 2C 2C 2C 2C 2C 30 2C 30 30 2C 39 39 2E 39 39 2C 2C 2C 2C 2C 2C 2A 35 36 0D 0A 
[   COM12] [16:56:10:860] 24 47 4E 54 58 54 2C 30 31 2C 30 31 2C 30 31 2C 30 2C 30 30 30 30 30 30 2C 30 30 30 30 2C 30 30 30 30 2C 30 30 30 30 2C 30 2E 30 30 30 2C 30 2C 30 30 30 33 46 37 45 45 30 31 42 38 46 42 37 37 2C 31 2C 33 2C 30 2C 30 2C 30 30 30 30 2C 30 2C 30 2C 30 2C 31 34 38 2C 31 34 38 2C 30 30 30 30 30 30 30 30 2C 30 30 30 30 30 30 30 30 2A 36 44 0D 0A 
[   COM12] [16:56:10:861] 24 50 4E 4F 49 53 45 2C 35 37 2C 38 35 2C 31 32 36 36 35 2C 31 32 34 33 36 2C 38 39 34 32 2C 33 34 33 32 38 2C 31 30 30 30 30 2C 31 30 30 30 30 2C 31 30 30 30 30 2C 31 30 30 30 30 2C 30 2C 30 2A 33 43 0D 0A 
[   COM12] [16:56:10:861] D3 00 05 FE A0 00 A8 5A C2 2E 06 0D 0A 
[   COM12] [16:56:10:861] D3 00 03 FE A0 01 FA 8D 7A 0D 0A 
[   COM12] [16:56:10:862] D3 00 30 FE A0 02 A8 5A 00 00 00 69 00 C8 00 00 52 08 00 09 00 00 52 08 00 00 00 00 02 00 00 00 00 00 00 00 00 00 00 00 00 00 00 00 00 00 00 00 00 00 00 90 64 BC 0D 0A 
[   COM12] [16:56:11:053] D3 00 03 43 50 00 8D 44 BE 0D 0A 
[   COM12] [16:56:11:075] D3 00 A3 FE A0 FF 01 FF FF FF FF FF FF 00 80 00 00 00 00 00 00 00 80 00 00 00 00 00 00 00 80 00 00 00 80 00 00 00 80 00 00 00 00 00 00 00 80 00 00 00 00 00 00 00 80 00 00 00 00 00 00 00 00 80 00 00 00 80 00 00 00 80 00 00 00 80 00 00 00 FF FF FF FF FF FF FF FF FF FF FF FF FF FF FF FF FF FF FF FF FF FF FF FF FF FF FF FF FF FF FF FF FF FF FF FF FF FF FF FF FF FF FF FF FF FF FF FF FF FF FF FF 80 00 00 00 80 00 00 00 FF FF FF FF FF FF FF FF FF FF FF FF FF 00 00 00 00 00 00 00 00 00 23 72 00 00 00 AD FB 9E D3 00 85 FE A0 FC 01 01 00 00 00 00 00 00 00 00 00 00 00 00 00 00 00 00 00 00 00 00 00 00 00 00 00 00 00 00 00 00 00 00 BF 36 FC 5E 2C CD 8A 41 0F C6 D8 D1 44 99 0D A9 E0 FC 22 4F 8C 61 AB F8 BB 6F 7C CA F6 C1 9E A0 3E D8 83 6E BD B5 F2 14 F6 48 6B 85 A7 44 F7 0F 20 A4 EC AB 15 80 44 51 26 A8 0D E4 A2 80 46 EC 50 0A CD 8D 18 DF 60 9D 0B 31 5E 88 C2 3D E9 3B 00 00 00 00 00 00 00 00 00 00 00 00 00 00 00 00 EC 05 F6 D3 00 0E FE A0 FE 01 FF FF FF FF FF FF 00 00 00 00 4D 91 3A D3 00 39 FE A0 F9 01 05 00 00 00 00 00 00 00 00 00 00 FF FF FF FF FF FF FF FF FF FF FF FF FF FF FF FF FF FF FF FF FF FF FF FF FF FF FF FF FF FF 00 00 00 00 FF FF FF FF 00 00 00 00 00 54 87 D3 00 12 FE A0 E9 01 FF FF FF FF FF FF 01 01 01 01 00 00 00 00 E9 3F 2A D3 00 1F FE A0 E6 02 FF FF FF FF FF FF 00 02 00 3A 01 55 04 00 31 EB 01 30 AD 02 23 0C 03 84 EF 23 00 69 63 D5 0D 0A 
[   COM12] [16:56:11:076] 24 47 4E 52 4D 43 2C 2C 56 2C 2C 2C 2C 2C 2C 2C 2C 2C 2C 4E 2C 56 2A 33 37 0D 0A 
[   COM12] [16:56:11:076] 24 47 4E 47 47 41 2C 2C 2C 2C 2C 2C 30 2C 30 30 2C 39 39 2E 39 39 2C 2C 2C 2C 2C 2C 2A 35 36 0D 0A 
[   COM12] [16:56:11:077] 24 47 4E 47 53 41 2C 41 2C 31 2C 2C 2C 2C 2C 2C 2C 2C 2C 2C 2C 2C 2C 39 39 2E 39 39 2C 39 39 2E 39 39 2C 39 39 2E 39 39 2C 31 2A 33 33 0D 0A 
[   COM12] [16:56:11:077] 24 47 4E 47 53 41 2C 41 2C 31 2C 2C 2C 2C 2C 2C 2C 2C 2C 2C 2C 2C 2C 39 39 2E 39 39 2C 39 39 2E 39 39 2C 39 39 2E 39 39 2C 34 2A 33 36 0D 0A 
[   COM12] [16:56:11:078] 24 47 4E 47 53 41 2C 41 2C 31 2C 2C 2C 2C 2C 2C 2C 2C 2C 2C 2C 2C 2C 39 39 2E 39 39 2C 39 39 2E 39 39 2C 39 39 2E 39 39 2C 33 2A 33 31 0D 0A 
[   COM12] [16:56:11:078] 24 47 4E 47 53 41 2C 41 2C 31 2C 2C 2C 2C 2C 2C 2C 2C 2C 2C 2C 2C 2C 39 39 2E 39 39 2C 39 39 2E 39 39 2C 39 39 2E 39 39 2C 32 2A 33 30 0D 0A 
[   COM12] [16:56:11:079] 24 47 4E 47 53 41 2C 41 2C 31 2C 2C 2C 2C 2C 2C 2C 2C 2C 2C 2C 2C 2C 39 39 2E 39 39 2C 39 39 2E 39 39 2C 39 39 2E 39 39 2C 35 2A 33 37 0D 0A 
[   COM12] [16:56:11:079] 24 47 50 47 53 56 2C 31 2C 31 2C 30 30 2C 31 2A 36 34 0D 0A 
[   COM12] [16:56:11:079] 24 47 50 47 53 56 2C 31 2C 31 2C 30 30 2C 38 2A 36 44 0D 0A 
[   COM12] [16:56:11:079] 24 47 42 47 53 56 2C 31 2C 31 2C 30 30 2C 31 2A 37 36 0D 0A 
[   COM12] [16:56:11:080] 24 47 42 47 53 56 2C 31 2C 31 2C 30 30 2C 35 2A 37 32 0D 0A 
[   COM12] [16:56:11:080] 24 47 41 47 53 56 2C 31 2C 31 2C 30 30 2C 37 2A 37 33 0D 0A 
[   COM12] [16:56:11:080] 24 47 41 47 53 56 2C 31 2C 31 2C 30 30 2C 31 2A 37 35 0D 0A 
[   COM12] [16:56:11:081] 24 47 4C 47 53 56 2C 31 2C 31 2C 30 30 2C 31 2A 37 38 0D 0A 
[   COM12] [16:56:11:081] 24 47 51 47 53 56 2C 31 2C 31 2C 30 30 2C 31 2A 36 35 0D 0A 
[   COM12] [16:56:11:081] 24 47 51 47 53 56 2C 31 2C 31 2C 30 30 2C 38 2A 36 43 0D 0A 
[   COM12] [16:56:11:082] 24 47 4E 54 58 54 2C 30 31 2C 30 31 2C 30 31 2C 30 2C 30 30 30 30 30 30 2C 30 30 30 30 2C 30 30 30 30 2C 30 30 30 30 2C 30 2E 30 30 30 2C 30 2C 30 30 30 33 46 37 45 45 30 31 42 38 46 42 37 37 2C 31 2C 33 2C 30 2C 30 2C 30 30 30 30 2C 30 2C 30 2C 30 2C 31 34 38 2C 31 34 38 2C 30 30 30 30 30 30 30 30 2C 30 30 30 30 30 30 30 30 2A 36 44 0D 0A 
[   COM12] [16:56:11:083] 24 50 4E 4F 49 53 45 2C 35 38 2C 38 35 2C 31 32 37 37 39 2C 31 32 34 36 31 2C 38 39 37 32 2C 33 34 30 33 31 2C 31 30 30 30 30 2C 31 30 30 30 30 2C 31 30 30 30 30 2C 31 30 30 30 30 2C 30 2C 30 2A 33 35 0D 0A 
[   COM12] [16:56:11:083] D3 00 05 FE A0 00 A8 5A C2 2E 06 0D 0A 
[   COM12] [16:56:11:083] D3 00 03 FE A0 01 FA 8D 7A 0D 0A 
[   COM12] [16:56:11:084] D3 00 30 FE A0 02 A8 5A 00 00 00 6A 00 C8 00 00 52 D0 00 09 00 00 52 D0 00 00 00 00 00 00 00 00 00 00 00 00 00 00 00 00 00 00 00 00 00 00 00 00 00 00 00 67 C1 2F 0D 0A 
[   COM12] [16:56:11:253] D3 00 03 43 50 00 8D 44 BE 0D 0A 
[   COM12] [16:56:11:259] D3 00 A3 FE A0 FF 01 FF FF FF FF FF FF 00 80 00 00 00 00 00 00 00 80 00 00 00 00 00 00 00 80 00 00 00 80 00 00 00 80 00 00 00 00 00 00 00 80 00 00 00 00 00 00 00 80 00 00 00 00 00 00 00 00 80 00 00 00 80 00 00 00 80 00 00 00 80 00 00 00 FF FF FF FF FF FF FF FF FF FF FF FF FF FF FF FF FF FF FF FF FF FF FF FF FF FF FF FF FF FF FF FF FF FF FF FF FF FF FF FF FF FF FF FF FF FF FF FF FF FF FF FF 80 00 00 00 80 00 00 00 FF FF FF FF FF FF FF FF FF FF FF FF FF 00 00 00 00 00 00 00 00 00 23 72 00 00 00 AD FB 9E D3 00 0E FE A0 FE 01 FF FF FF FF FF FF 00 00 00 00 4D 91 3A D3 00 39 FE A0 F9 01 05 00 00 00 00 00 00 00 00 00 00 FF FF FF FF FF FF FF FF FF FF FF FF FF FF FF FF FF FF FF FF FF FF FF FF FF FF FF FF FF FF 00 00 00 00 FF FF FF FF 00 00 00 00 00 54 87 D3 00 1F FE A0 E6 02 FF FF FF FF FF FF 00 02 00 3A 01 55 04 00 32 B8 01 30 C2 02 23 0C 03 84 F6 23 00 00 EA 04 0D 0A 
[   COM12] [16:56:11:259] 24 47 4E 52 4D 43 2C 2C 56 2C 2C 2C 2C 2C 2C 2C 2C 2C 2C 4E 2C 56 2A 33 37 0D 0A 
[   COM12] [16:56:11:259] 24 47 4E 47 47 41 2C 2C 2C 2C 2C 2C 30 2C 30 30 2C 39 39 2E 39 39 2C 2C 2C 2C 2C 2C 2A 35 36 0D 0A 
[   COM12] [16:56:11:261] 24 47 4E 54 58 54 2C 30 31 2C 30 31 2C 30 31 2C 30 2C 30 30 30 30 30 30 2C 30 30 30 30 2C 30 30 30 30 2C 30 30 30 30 2C 30 2E 30 30 30 2C 30 2C 30 30 30 33 46 37 45 45 30 31 42 38 46 42 37 37 2C 31 2C 31 38 2C 30 2C 30 2C 30 30 30 30 2C 30 2C 30 2C 30 2C 31 34 38 2C 31 34 38 2C 30 30 30 30 30 30 30 30 2C 30 30 30 30 30 30 30 30 2A 35 37 0D 0A 
[   COM12] [16:56:11:262] 24 50 4E 4F 49 53 45 2C 35 38 2C 38 35 2C 31 32 39 38 34 2C 31 32 34 38 32 2C 38 39 37 32 2C 33 34 30 33 38 2C 31 30 30 30 30 2C 31 30 30 30 30 2C 31 30 30 30 30 2C 31 30 30 30 30 2C 30 2C 30 2A 33 44 0D 0A 
[   COM12] [16:56:11:262] D3 00 05 FE A0 00 A8 5A C2 2E 06 0D 0A 
[   COM12] [16:56:11:262] D3 00 03 FE A0 01 FA 8D 7A 0D 0A 
[   COM12] [16:56:11:263] D3 00 30 FE A0 02 A8 5A 00 00 00 6B 00 C8 00 00 53 98 00 09 00 00 53 98 00 00 00 00 01 00 00 00 00 00 00 00 00 00 00 00 00 00 00 00 00 00 00 00 00 00 00 B0 2A 85 0D 0A 
[   COM12] [16:56:11:453] D3 00 03 43 50 00 8D 44 BE 0D 0A 
[   COM12] [16:56:11:458] D3 00 A3 FE A0 FF 01 FF FF FF FF FF FF 00 80 00 00 00 00 00 00 00 80 00 00 00 00 00 00 00 80 00 00 00 80 00 00 00 80 00 00 00 00 00 00 00 80 00 00 00 00 00 00 00 80 00 00 00 00 00 00 00 00 80 00 00 00 80 00 00 00 80 00 00 00 80 00 00 00 FF FF FF FF FF FF FF FF FF FF FF FF FF FF FF FF FF FF FF FF FF FF FF FF FF FF FF FF FF FF FF FF FF FF FF FF FF FF FF FF FF FF FF FF FF FF FF FF FF FF FF FF 80 00 00 00 80 00 00 00 FF FF FF FF FF FF FF FF FF FF FF FF FF 00 00 00 00 00 00 00 00 00 23 72 00 00 00 AD FB 9E D3 00 0E FE A0 FE 01 FF FF FF FF FF FF 00 00 00 00 4D 91 3A D3 00 39 FE A0 F9 01 05 00 00 00 00 00 00 00 00 00 00 FF FF FF FF FF FF FF FF FF FF FF FF FF FF FF FF FF FF FF FF FF FF FF FF FF FF FF FF FF FF 00 00 00 00 FF FF FF FF 00 00 00 00 00 54 87 D3 00 1F FE A0 E6 02 FF FF FF FF FF FF 00 02 00 39 01 55 04 00 33 54 01 31 22 02 23 0B 03 84 58 23 00 9A C2 AB 0D 0A 
[   COM12] [16:56:11:458] 24 47 4E 52 4D 43 2C 2C 56 2C 2C 2C 2C 2C 2C 2C 2C 2C 2C 4E 2C 56 2A 33 37 0D 0A 
[   COM12] [16:56:11:459] 24 47 4E 47 47 41 2C 2C 2C 2C 2C 2C 30 2C 30 30 2C 39 39 2E 39 39 2C 2C 2C 2C 2C 2C 2A 35 36 0D 0A 
[   COM12] [16:56:11:460] 24 47 4E 54 58 54 2C 30 31 2C 30 31 2C 30 31 2C 30 2C 30 30 30 30 30 30 2C 30 30 30 30 2C 30 30 30 30 2C 30 30 30 30 2C 30 2E 30 30 30 2C 30 2C 30 30 30 33 46 37 45 45 30 31 42 38 46 42 37 37 2C 31 2C 33 2C 30 2C 30 2C 30 30 30 30 2C 30 2C 30 2C 30 2C 31 34 38 2C 31 34 38 2C 30 30 30 30 30 30 30 30 2C 30 30 30 30 30 30 30 30 2A 36 44 0D 0A 
[   COM12] [16:56:11:461] 24 50 4E 4F 49 53 45 2C 35 37 2C 38 35 2C 31 33 31 34 30 2C 31 32 35 37 38 2C 38 39 37 31 2C 33 33 38 38 30 2C 31 30 30 30 30 2C 31 30 30 30 30 2C 31 30 30 30 30 2C 31 30 30 30 30 2C 30 2C 30 2A 33 38 0D 0A 
[   COM12] [16:56:11:461] D3 00 05 FE A0 00 A8 5A C2 2E 06 0D 0A 
[   COM12] [16:56:11:461] D3 00 03 FE A0 01 FA 8D 7A 0D 0A 
[   COM12] [16:56:11:462] D3 00 30 FE A0 02 A8 5A 00 00 00 6C 00 C8 00 00 54 60 00 09 00 00 54 60 00 00 00 00 02 00 00 00 00 00 00 00 00 00 00 00 00 00 00 00 00 00 00 00 00 00 00 C6 75 34 0D 0A 
[   COM12] [16:56:11:653] D3 00 03 43 50 00 8D 44 BE 0D 0A 
[   COM12] [16:56:11:658] D3 00 A3 FE A0 FF 01 FF FF FF FF FF FF 00 80 00 00 00 00 00 00 00 80 00 00 00 00 00 00 00 80 00 00 00 80 00 00 00 80 00 00 00 00 00 00 00 80 00 00 00 00 00 00 00 80 00 00 00 00 00 00 00 00 80 00 00 00 80 00 00 00 80 00 00 00 80 00 00 00 FF FF FF FF FF FF FF FF FF FF FF FF FF FF FF FF FF FF FF FF FF FF FF FF FF FF FF FF FF FF FF FF FF FF FF FF FF FF FF FF FF FF FF FF FF FF FF FF FF FF FF FF 80 00 00 00 80 00 00 00 FF FF FF FF FF FF FF FF FF FF FF FF FF 00 00 00 00 00 00 00 00 00 23 72 00 00 00 AD FB 9E D3 00 0E FE A0 FE 01 FF FF FF FF FF FF 00 00 00 00 4D 91 3A D3 00 39 FE A0 F9 01 05 00 00 00 00 00 00 00 00 00 00 FF FF FF FF FF FF FF FF FF FF FF FF FF FF FF FF FF FF FF FF FF FF FF FF FF FF FF FF FF FF 00 00 00 00 FF FF FF FF 00 00 00 00 00 54 87 D3 00 1F FE A0 E6 02 FF FF FF FF FF FF 00 02 00 39 01 54 04 00 33 42 01 30 E7 02 23 09 03 85 9B 23 00 49 BF E9 0D 0A 
[   COM12] [16:56:11:658] 24 47 4E 52 4D 43 2C 2C 56 2C 2C 2C 2C 2C 2C 2C 2C 2C 2C 4E 2C 56 2A 33 37 0D 0A 
[   COM12] [16:56:11:659] 24 47 4E 47 47 41 2C 2C 2C 2C 2C 2C 30 2C 30 30 2C 39 39 2E 39 39 2C 2C 2C 2C 2C 2C 2A 35 36 0D 0A 
[   COM12] [16:56:11:660] 24 47 4E 54 58 54 2C 30 31 2C 30 31 2C 30 31 2C 30 2C 30 30 30 30 30 30 2C 30 30 30 30 2C 30 30 30 30 2C 30 30 30 30 2C 30 2E 30 30 30 2C 30 2C 30 30 30 33 46 37 45 45 30 31 42 38 46 42 37 37 2C 31 2C 33 2C 30 2C 30 2C 30 30 30 30 2C 30 2C 30 2C 30 2C 31 34 38 2C 31 34 38 2C 30 30 30 30 30 30 30 30 2C 30 30 30 30 30 30 30 30 2A 36 44 0D 0A 
[   COM12] [16:56:11:661] 24 50 4E 4F 49 53 45 2C 35 37 2C 38 34 2C 31 33 31 32 32 2C 31 32 35 31 39 2C 38 39 36 39 2C 33 34 32 30 33 2C 31 30 30 30 30 2C 31 30 30 30 30 2C 31 30 30 30 30 2C 31 30 30 30 30 2C 30 2C 30 2A 33 35 0D 0A 
[   COM12] [16:56:11:661] D3 00 05 FE A0 00 A8 5A C2 2E 06 0D 0A 
[   COM12] [16:56:11:661] D3 00 03 FE A0 01 FA 8D 7A 0D 0A 
[   COM12] [16:56:11:662] D3 00 30 FE A0 02 A8 5A 00 00 00 6D 00 C8 00 00 55 28 00 09 00 00 55 28 00 00 00 00 00 00 00 00 00 00 00 00 00 00 00 00 00 00 00 00 00 00 00 00 00 00 00 FC DB C5 0D 0A 
[   COM12] [16:56:11:854] D3 00 03 43 50 00 8D 44 BE 0D 0A 
[   COM12] [16:56:11:859] D3 00 A3 FE A0 FF 01 FF FF FF FF FF FF 00 80 00 00 00 00 00 00 00 80 00 00 00 00 00 00 00 80 00 00 00 80 00 00 00 80 00 00 00 00 00 00 00 80 00 00 00 00 00 00 00 80 00 00 00 00 00 00 00 00 80 00 00 00 80 00 00 00 80 00 00 00 80 00 00 00 FF FF FF FF FF FF FF FF FF FF FF FF FF FF FF FF FF FF FF FF FF FF FF FF FF FF FF FF FF FF FF FF FF FF FF FF FF FF FF FF FF FF FF FF FF FF FF FF FF FF FF FF 80 00 00 00 80 00 00 00 FF FF FF FF FF FF FF FF FF FF FF FF FF 00 00 00 00 00 00 00 00 00 23 72 00 00 00 AD FB 9E D3 00 0E FE A0 FE 01 FF FF FF FF FF FF 00 00 00 00 4D 91 3A D3 00 39 FE A0 F9 01 05 00 00 00 00 00 00 00 00 00 00 FF FF FF FF FF FF FF FF FF FF FF FF FF FF FF FF FF FF FF FF FF FF FF FF FF FF FF FF FF FF 00 00 00 00 FF FF FF FF 00 00 00 00 00 54 87 D3 00 1F FE A0 E6 02 FF FF FF FF FF FF 00 02 00 3A 01 54 04 00 33 68 01 32 07 02 22 FF 03 85 3F 23 00 25 89 84 0D 0A 
[   COM12] [16:56:11:859] 24 47 4E 52 4D 43 2C 2C 56 2C 2C 2C 2C 2C 2C 2C 2C 2C 2C 4E 2C 56 2A 33 37 0D 0A 
[   COM12] [16:56:11:859] 24 47 4E 47 47 41 2C 2C 2C 2C 2C 2C 30 2C 30 30 2C 39 39 2E 39 39 2C 2C 2C 2C 2C 2C 2A 35 36 0D 0A 
[   COM12] [16:56:11:861] 24 47 4E 54 58 54 2C 30 31 2C 30 31 2C 30 31 2C 30 2C 30 30 30 30 30 30 2C 30 30 30 30 2C 30 30 30 30 2C 30 30 30 30 2C 30 2E 30 30 30 2C 30 2C 30 30 30 33 46 37 45 45 30 31 42 38 46 42 37 37 2C 31 2C 33 2C 30 2C 30 2C 30 30 30 30 2C 30 2C 30 2C 30 2C 31 34 38 2C 31 34 38 2C 30 30 30 30 30 30 30 30 2C 30 30 30 30 30 30 30 30 2A 36 44 0D 0A 
[   COM12] [16:56:11:862] 24 50 4E 4F 49 53 45 2C 35 38 2C 38 34 2C 31 33 31 36 30 2C 31 32 38 30 37 2C 38 39 35 39 2C 33 34 31 31 31 2C 31 30 30 30 30 2C 31 30 30 30 30 2C 31 30 30 30 30 2C 31 30 30 30 30 2C 30 2C 30 2A 33 44 0D 0A 
[   COM12] [16:56:11:862] D3 00 05 FE A0 00 A8 5A C2 2E 06 0D 0A 
[   COM12] [16:56:11:862] D3 00 03 FE A0 01 FA 8D 7A 0D 0A 
[   COM12] [16:56:11:863] D3 00 30 FE A0 02 A8 5A 00 00 00 6E 00 C8 00 00 55 F0 00 09 00 00 55 F0 00 00 00 00 01 00 00 00 00 00 00 00 00 00 00 00 00 00 00 00 00 00 00 00 00 00 00 E6 3B 0D 0D 0A 
[   COM12] [16:56:12:054] D3 00 03 43 50 00 8D 44 BE 0D 0A 
[   COM12] [16:56:12:076] D3 00 A3 FE A0 FF 01 FF FF FF FF FF FF 00 80 00 00 00 00 00 00 00 80 00 00 00 00 00 00 00 80 00 00 00 80 00 00 00 80 00 00 00 00 00 00 00 80 00 00 00 00 00 00 00 80 00 00 00 00 00 00 00 00 80 00 00 00 80 00 00 00 80 00 00 00 80 00 00 00 FF FF FF FF FF FF FF FF FF FF FF FF FF FF FF FF FF FF FF FF FF FF FF FF FF FF FF FF FF FF FF FF FF FF FF FF FF FF FF FF FF FF FF FF FF FF FF FF FF FF FF FF 80 00 00 00 80 00 00 00 FF FF FF FF FF FF FF FF FF FF FF FF FF 00 00 00 00 00 00 00 00 00 23 72 00 00 00 AD FB 9E D3 00 85 FE A0 FC 01 01 00 00 00 00 00 00 00 00 00 00 00 00 00 00 00 00 00 00 00 00 00 00 00 00 00 00 00 00 00 00 00 00 BF 36 FC 5E 2C CD 8A 41 0F C6 D8 D1 44 99 0D A9 E0 FC 22 4F 8C 61 AB F8 BB 6F 7C CA F6 C1 9E A0 9E 52 AD FC D0 4E B8 CB 40 1E D7 2E 5B B2 C8 A0 DC A8 51 3E 21 8A 51 EC 46 56 2B F2 45 4F EE 49 FD CC 4C A2 6E 3E 37 B8 38 9F 6B 38 ED A1 27 78 00 00 00 00 00 00 00 00 00 00 00 00 00 00 00 00 CD 40 C5 D3 00 0E FE A0 FE 01 FF FF FF FF FF FF 00 00 00 00 4D 91 3A D3 00 39 FE A0 F9 01 05 00 00 00 00 00 00 00 00 00 00 FF FF FF FF FF FF FF FF FF FF FF FF FF FF FF FF FF FF FF FF FF FF FF FF FF FF FF FF FF FF 00 00 00 00 FF FF FF FF 00 00 00 00 00 54 87 D3 00 12 FE A0 E9 01 FF FF FF FF FF FF 01 01 01 01 00 00 00 00 E9 3F 2A D3 00 1F FE A0 E6 02 FF FF FF FF FF FF 00 02 00 3A 01 54 04 00 33 E9 01 31 D2 02 22 FF 03 85 E1 23 00 92 83 F1 0D 0A 
[   COM12] [16:56:12:077] 24 47 4E 52 4D 43 2C 2C 56 2C 2C 2C 2C 2C 2C 2C 2C 2C 2C 4E 2C 56 2A 33 37 0D 0A 
[   COM12] [16:56:12:077] 24 47 4E 47 47 41 2C 2C 2C 2C 2C 2C 30 2C 30 30 2C 39 39 2E 39 39 2C 2C 2C 2C 2C 2C 2A 35 36 0D 0A 
[   COM12] [16:56:12:078] 24 47 4E 47 53 41 2C 41 2C 31 2C 2C 2C 2C 2C 2C 2C 2C 2C 2C 2C 2C 2C 39 39 2E 39 39 2C 39 39 2E 39 39 2C 39 39 2E 39 39 2C 31 2A 33 33 0D 0A 
[   COM12] [16:56:12:078] 24 47 4E 47 53 41 2C 41 2C 31 2C 2C 2C 2C 2C 2C 2C 2C 2C 2C 2C 2C 2C 39 39 2E 39 39 2C 39 39 2E 39 39 2C 39 39 2E 39 39 2C 34 2A 33 36 0D 0A 
[   COM12] [16:56:12:079] 24 47 4E 47 53 41 2C 41 2C 31 2C 2C 2C 2C 2C 2C 2C 2C 2C 2C 2C 2C 2C 39 39 2E 39 39 2C 39 39 2E 39 39 2C 39 39 2E 39 39 2C 33 2A 33 31 0D 0A 
[   COM12] [16:56:12:079] 24 47 4E 47 53 41 2C 41 2C 31 2C 2C 2C 2C 2C 2C 2C 2C 2C 2C 2C 2C 2C 39 39 2E 39 39 2C 39 39 2E 39 39 2C 39 39 2E 39 39 2C 32 2A 33 30 0D 0A 
[   COM12] [16:56:12:080] 24 47 4E 47 53 41 2C 41 2C 31 2C 2C 2C 2C 2C 2C 2C 2C 2C 2C 2C 2C 2C 39 39 2E 39 39 2C 39 39 2E 39 39 2C 39 39 2E 39 39 2C 35 2A 33 37 0D 0A 
[   COM12] [16:56:12:080] 24 47 50 47 53 56 2C 31 2C 31 2C 30 30 2C 31 2A 36 34 0D 0A 
[   COM12] [16:56:12:080] 24 47 50 47 53 56 2C 31 2C 31 2C 30 30 2C 38 2A 36 44 0D 0A 
[   COM12] [16:56:12:080] 24 47 42 47 53 56 2C 31 2C 31 2C 30 30 2C 31 2A 37 36 0D 0A 
[   COM12] [16:56:12:081] 24 47 42 47 53 56 2C 31 2C 31 2C 30 30 2C 35 2A 37 32 0D 0A 
[   COM12] [16:56:12:081] 24 47 41 47 53 56 2C 31 2C 31 2C 30 30 2C 37 2A 37 33 0D 0A 
[   COM12] [16:56:12:081] 24 47 41 47 53 56 2C 31 2C 31 2C 30 30 2C 31 2A 37 35 0D 0A 
[   COM12] [16:56:12:082] 24 47 4C 47 53 56 2C 31 2C 31 2C 30 30 2C 31 2A 37 38 0D 0A 
[   COM12] [16:56:12:082] 24 47 51 47 53 56 2C 31 2C 31 2C 30 30 2C 31 2A 36 35 0D 0A 
[   COM12] [16:56:12:082] 24 47 51 47 53 56 2C 31 2C 31 2C 30 30 2C 38 2A 36 43 0D 0A 
[   COM12] [16:56:12:083] 24 47 4E 54 58 54 2C 30 31 2C 30 31 2C 30 31 2C 30 2C 30 30 30 30 30 30 2C 30 30 30 30 2C 30 30 30 30 2C 30 30 30 30 2C 30 2E 30 30 30 2C 30 2C 30 30 30 33 46 37 45 45 30 31 42 38 46 42 37 37 2C 31 2C 33 2C 30 2C 30 2C 30 30 30 30 2C 30 2C 30 2C 30 2C 31 34 38 2C 31 34 38 2C 30 30 30 30 30 30 30 30 2C 30 30 30 30 30 30 30 30 2A 36 44 0D 0A 
[   COM12] [16:56:12:084] 24 50 4E 4F 49 53 45 2C 35 38 2C 38 34 2C 31 33 32 38 39 2C 31 32 37 35 34 2C 38 39 35 39 2C 33 34 32 37 33 2C 31 30 30 30 30 2C 31 30 30 30 30 2C 31 30 30 30 30 2C 31 30 30 30 30 2C 30 2C 30 2A 33 37 0D 0A 
[   COM12] [16:56:12:084] D3 00 05 FE A0 00 A8 5A C2 2E 06 0D 0A 
[   COM12] [16:56:12:084] D3 00 03 FE A0 01 FA 8D 7A 0D 0A 
[   COM12] [16:56:12:085] D3 00 30 FE A0 02 A8 5A 00 00 00 6F 00 C8 00 00 56 B8 00 09 00 00 56 B8 00 00 00 00 02 00 00 00 00 00 00 00 00 00 00 00 00 00 00 00 00 00 00 00 00 00 00 E4 E7 5F 0D 0A 
[   COM12] [16:56:12:254] D3 00 03 43 50 00 8D 44 BE 0D 0A 
[   COM12] [16:56:12:259] D3 00 A3 FE A0 FF 01 FF FF FF FF FF FF 00 80 00 00 00 00 00 00 00 80 00 00 00 00 00 00 00 80 00 00 00 80 00 00 00 80 00 00 00 00 00 00 00 80 00 00 00 00 00 00 00 80 00 00 00 00 00 00 00 00 80 00 00 00 80 00 00 00 80 00 00 00 80 00 00 00 FF FF FF FF FF FF FF FF FF FF FF FF FF FF FF FF FF FF FF FF FF FF FF FF FF FF FF FF FF FF FF FF FF FF FF FF FF FF FF FF FF FF FF FF FF FF FF FF FF FF FF FF 80 00 00 00 80 00 00 00 FF FF FF FF FF FF FF FF FF FF FF FF FF 00 00 00 00 00 00 00 00 00 23 72 00 00 00 AD FB 9E D3 00 0E FE A0 FE 01 FF FF FF FF FF FF 00 00 00 00 4D 91 3A D3 00 39 FE A0 F9 01 05 00 00 00 00 00 00 00 00 00 00 FF FF FF FF FF FF FF FF FF FF FF FF FF FF FF FF FF FF FF FF FF FF FF FF FF FF FF FF FF FF 00 00 00 00 FF FF FF FF 00 00 00 00 00 54 87 D3 00 1F FE A0 E6 02 FF FF FF FF FF FF 00 02 00 3A 01 54 04 00 33 B2 01 31 BB 02 23 01 03 86 F9 23 00 3C 94 5D 0D 0A 
[   COM12] [16:56:12:259] 24 47 4E 52 4D 43 2C 2C 56 2C 2C 2C 2C 2C 2C 2C 2C 2C 2C 4E 2C 56 2A 33 37 0D 0A 
[   COM12] [16:56:12:259] 24 47 4E 47 47 41 2C 2C 2C 2C 2C 2C 30 2C 30 30 2C 39 39 2E 39 39 2C 2C 2C 2C 2C 2C 2A 35 36 0D 0A 
[   COM12] [16:56:12:260] 24 47 4E 54 58 54 2C 30 31 2C 30 31 2C 30 31 2C 30 2C 30 30 30 30 30 30 2C 30 30 30 30 2C 30 30 30 30 2C 30 30 30 30 2C 30 2E 30 30 30 2C 30 2C 30 30 30 33 46 37 45 45 30 31 42 38 46 42 37 37 2C 31 2C 31 38 2C 30 2C 30 2C 30 30 30 30 2C 30 2C 30 2C 30 2C 31 34 38 2C 31 34 38 2C 30 30 30 30 30 30 30 30 2C 30 30 30 30 30 30 30 30 2A 35 37 0D 0A 
[   COM12] [16:56:12:261] 24 50 4E 4F 49 53 45 2C 35 37 2C 38 34 2C 31 33 32 33 34 2C 31 32 37 33 31 2C 38 39 36 31 2C 33 34 35 35 33 2C 31 30 30 30 30 2C 31 30 30 30 30 2C 31 30 30 30 30 2C 31 30 30 30 30 2C 30 2C 30 2A 33 33 0D 0A 
[   COM12] [16:56:12:261] D3 00 05 FE A0 00 A8 5A C2 2E 06 0D 0A 
[   COM12] [16:56:12:261] D3 00 03 FE A0 01 FA 8D 7A 0D 0A 
[   COM12] [16:56:12:262] D3 00 30 FE A0 02 A8 5A 00 00 00 70 00 C8 00 00 57 80 00 09 00 00 57 80 00 00 00 00 00 00 00 00 00 00 00 00 00 00 00 00 00 00 00 00 00 00 00 00 00 00 00 4D B1 22 0D 0A 
[   COM12] [16:56:12:453] D3 00 03 43 50 00 8D 44 BE 0D 0A 
[   COM12] [16:56:12:458] D3 00 A3 FE A0 FF 01 FF FF FF FF FF FF 00 80 00 00 00 00 00 00 00 80 00 00 00 00 00 00 00 80 00 00 00 80 00 00 00 80 00 00 00 00 00 00 00 80 00 00 00 00 00 00 00 80 00 00 00 00 00 00 00 00 80 00 00 00 80 00 00 00 80 00 00 00 80 00 00 00 FF FF FF FF FF FF FF FF FF FF FF FF FF FF FF FF FF FF FF FF FF FF FF FF FF FF FF FF FF FF FF FF FF FF FF FF FF FF FF FF FF FF FF FF FF FF FF FF FF FF FF FF 80 00 00 00 80 00 00 00 FF FF FF FF FF FF FF FF FF FF FF FF FF 00 00 00 00 00 00 00 00 00 23 72 00 00 00 AD FB 9E D3 00 0E FE A0 FE 01 FF FF FF FF FF FF 00 00 00 00 4D 91 3A D3 00 39 FE A0 F9 01 05 00 00 00 00 00 00 00 00 00 00 FF FF FF FF FF FF FF FF FF FF FF FF FF FF FF FF FF FF FF FF FF FF FF FF FF FF FF FF FF FF 00 00 00 00 FF FF FF FF 00 00 00 00 00 54 87 D3 00 1F FE A0 E6 02 FF FF FF FF FF FF 00 02 00 3A 01 55 04 00 32 C6 01 31 EC 02 22 F6 03 86 AF 23 00 71 11 10 0D 0A 
[   COM12] [16:56:12:458] 24 47 4E 52 4D 43 2C 2C 56 2C 2C 2C 2C 2C 2C 2C 2C 2C 2C 4E 2C 56 2A 33 37 0D 0A 
[   COM12] [16:56:12:458] 24 47 4E 47 47 41 2C 2C 2C 2C 2C 2C 30 2C 30 30 2C 39 39 2E 39 39 2C 2C 2C 2C 2C 2C 2A 35 36 0D 0A 
[   COM12] [16:56:12:460] 24 47 4E 54 58 54 2C 30 31 2C 30 31 2C 30 31 2C 30 2C 30 30 30 30 30 30 2C 30 30 30 30 2C 30 30 30 30 2C 30 30 30 30 2C 30 2E 30 30 30 2C 30 2C 30 30 30 33 46 37 45 45 30 31 42 38 46 42 37 37 2C 31 2C 33 2C 30 2C 30 2C 30 30 30 30 2C 30 2C 30 2C 30 2C 31 34 38 2C 31 34 38 2C 30 30 30 30 30 30 30 30 2C 30 30 30 30 30 30 30 30 2A 36 44 0D 0A 
[   COM12] [16:56:12:461] 24 50 4E 4F 49 53 45 2C 35 38 2C 38 35 2C 31 32 39 39 38 2C 31 32 37 38 30 2C 38 39 35 30 2C 33 34 34 37 39 2C 31 30 30 30 30 2C 31 30 30 30 30 2C 31 30 30 30 30 2C 31 30 30 30 30 2C 30 2C 30 2A 33 30 0D 0A 
[   COM12] [16:56:12:461] D3 00 05 FE A0 00 A8 5A C2 2E 06 0D 0A 
[   COM12] [16:56:12:461] D3 00 03 FE A0 01 FA 8D 7A 0D 0A 
[   COM12] [16:56:12:462] D3 00 30 FE A0 02 A8 5A 00 00 00 71 00 C8 00 00 58 48 00 09 00 00 58 48 00 00 00 00 01 00 00 00 00 00 00 00 00 00 00 00 00 00 00 00 00 00 00 00 00 00 00 EF 08 82 0D 0A 
[   COM12] [16:56:12:654] D3 00 03 43 50 00 8D 44 BE 0D 0A 
[   COM12] [16:56:12:659] D3 00 A3 FE A0 FF 01 FF FF FF FF FF FF 00 80 00 00 00 00 00 00 00 80 00 00 00 00 00 00 00 80 00 00 00 80 00 00 00 80 00 00 00 00 00 00 00 80 00 00 00 00 00 00 00 80 00 00 00 00 00 00 00 00 80 00 00 00 80 00 00 00 80 00 00 00 80 00 00 00 FF FF FF FF FF FF FF FF FF FF FF FF FF FF FF FF FF FF FF FF FF FF FF FF FF FF FF FF FF FF FF FF FF FF FF FF FF FF FF FF FF FF FF FF FF FF FF FF FF FF FF FF 80 00 00 00 80 00 00 00 FF FF FF FF FF FF FF FF FF FF FF FF FF 00 00 00 00 00 00 00 00 00 23 72 00 00 00 AD FB 9E D3 00 0E FE A0 FE 01 FF FF FF FF FF FF 00 00 00 00 4D 91 3A D3 00 39 FE A0 F9 01 05 00 00 00 00 00 00 00 00 00 00 FF FF FF FF FF FF FF FF FF FF FF FF FF FF FF FF FF FF FF FF FF FF FF FF FF FF FF FF FF FF 00 00 00 00 FF FF FF FF 00 00 00 00 00 54 87 D3 00 1F FE A0 E6 02 FF FF FF FF FF FF 00 02 00 39 01 54 04 00 32 B7 01 31 FC 02 22 F6 03 85 7A 23 00 A5 70 B3 0D 0A 
[   COM12] [16:56:12:659] 24 47 4E 52 4D 43 2C 2C 56 2C 2C 2C 2C 2C 2C 2C 2C 2C 2C 4E 2C 56 2A 33 37 0D 0A 
[   COM12] [16:56:12:659] 24 47 4E 47 47 41 2C 2C 2C 2C 2C 2C 30 2C 30 30 2C 39 39 2E 39 39 2C 2C 2C 2C 2C 2C 2A 35 36 0D 0A 
[   COM12] [16:56:12:661] 24 47 4E 54 58 54 2C 30 31 2C 30 31 2C 30 31 2C 30 2C 30 30 30 30 30 30 2C 30 30 30 30 2C 30 30 30 30 2C 30 30 30 30 2C 30 2E 30 30 30 2C 30 2C 30 30 30 33 46 37 45 45 30 31 42 38 46 42 37 37 2C 31 2C 33 2C 30 2C 30 2C 30 30 30 30 2C 30 2C 30 2C 30 2C 31 34 38 2C 31 34 38 2C 30 30 30 30 30 30 30 30 2C 30 30 30 30 30 30 30 30 2A 36 44 0D 0A 
[   COM12] [16:56:12:662] 24 50 4E 4F 49 53 45 2C 35 37 2C 38 34 2C 31 32 39 38 33 2C 31 32 37 39 36 2C 38 39 35 30 2C 33 34 31 37 30 2C 31 30 30 30 30 2C 31 30 30 30 30 2C 31 30 30 30 30 2C 31 30 30 30 30 2C 30 2C 30 2A 33 46 0D 0A 
[   COM12] [16:56:12:662] D3 00 05 FE A0 00 A8 5A C2 2E 06 0D 0A 
[   COM12] [16:56:12:662] D3 00 03 FE A0 01 FA 8D 7A 0D 0A 
[   COM12] [16:56:12:663] D3 00 30 FE A0 02 A8 5A 00 00 00 72 00 C8 00 00 59 10 00 09 00 00 59 10 00 00 00 00 02 00 00 00 00 00 00 00 00 00 00 00 00 00 00 00 00 00 00 00 00 00 00 A9 C3 0A 0D 0A 
[   COM12] [16:56:12:854] D3 00 03 43 50 00 8D 44 BE 0D 0A 
[   COM12] [16:56:12:859] D3 00 A3 FE A0 FF 01 FF FF FF FF FF FF 00 80 00 00 00 00 00 00 00 80 00 00 00 00 00 00 00 80 00 00 00 80 00 00 00 80 00 00 00 00 00 00 00 80 00 00 00 00 00 00 00 80 00 00 00 00 00 00 00 00 80 00 00 00 80 00 00 00 80 00 00 00 80 00 00 00 FF FF FF FF FF FF FF FF FF FF FF FF FF FF FF FF FF FF FF FF FF FF FF FF FF FF FF FF FF FF FF FF FF FF FF FF FF FF FF FF FF FF FF FF FF FF FF FF FF FF FF FF 80 00 00 00 80 00 00 00 FF FF FF FF FF FF FF FF FF FF FF FF FF 00 00 00 00 00 00 00 00 00 23 72 00 00 00 AD FB 9E D3 00 0E FE A0 FE 01 FF FF FF FF FF FF 00 00 00 00 4D 91 3A D3 00 39 FE A0 F9 01 05 00 00 00 00 00 00 00 00 00 00 FF FF FF FF FF FF FF FF FF FF FF FF FF FF FF FF FF FF FF FF FF FF FF FF FF FF FF FF FF FF 00 00 00 00 FF FF FF FF 00 00 00 00 00 54 87 D3 00 1F FE A0 E6 02 FF FF FF FF FF FF 00 02 00 3A 01 55 04 00 33 58 01 31 F7 02 22 FF 03 87 3B 23 00 56 B9 2D 0D 0A 
[   COM12] [16:56:12:859] 24 47 4E 52 4D 43 2C 2C 56 2C 2C 2C 2C 2C 2C 2C 2C 2C 2C 4E 2C 56 2A 33 37 0D 0A 
[   COM12] [16:56:12:860] 24 47 4E 47 47 41 2C 2C 2C 2C 2C 2C 30 2C 30 30 2C 39 39 2E 39 39 2C 2C 2C 2C 2C 2C 2A 35 36 0D 0A 
[   COM12] [16:56:12:861] 24 47 4E 54 58 54 2C 30 31 2C 30 31 2C 30 31 2C 30 2C 30 30 30 30 30 30 2C 30 30 30 30 2C 30 30 30 30 2C 30 30 30 30 2C 30 2E 30 30 30 2C 30 2C 30 30 30 33 46 37 45 45 30 31 42 38 46 42 37 37 2C 31 2C 33 2C 30 2C 30 2C 30 30 30 30 2C 30 2C 30 2C 30 2C 31 34 38 2C 31 34 38 2C 30 30 30 30 30 30 30 30 2C 30 30 30 30 30 30 30 30 2A 36 44 0D 0A 
[   COM12] [16:56:12:862] 24 50 4E 4F 49 53 45 2C 35 38 2C 38 35 2C 31 33 31 34 34 2C 31 32 37 39 31 2C 38 39 35 39 2C 33 34 36 31 39 2C 31 30 30 30 30 2C 31 30 30 30 30 2C 31 30 30 30 30 2C 31 30 30 30 30 2C 30 2C 30 2A 33 35 0D 0A 
[   COM12] [16:56:12:862] D3 00 05 FE A0 00 A8 5A C2 2E 06 0D 0A 
[   COM12] [16:56:12:862] D3 00 03 FE A0 01 FA 8D 7A 0D 0A 
[   COM12] [16:56:12:863] D3 00 30 FE A0 02 A8 5A 00 00 00 73 00 C8 00 00 59 D8 00 09 00 00 59 D8 00 00 00 00 00 00 00 00 00 00 00 00 00 00 00 00 00 00 00 00 00 00 00 00 00 00 00 79 3F 29 0D 0A 
