Index,Start,Time,Type,Data,
0,766.290475 ms,8.7 ¦Ìs,RX data,B5,
1,766.3013 ms,8.7 ¦Ìs,RX data,62,
2,766.312125 ms,8.7 ¦Ìs,RX data,0A,
3,766.322975 ms,8.7 ¦Ìs,RX data,04,
4,766.3338 ms,8.7 ¦Ìs,RX data,00,
5,766.344625 ms,8.7 ¦Ìs,RX data,00,
6,766.355475 ms,8.7 ¦Ìs,RX data,0E,
7,766.3663 ms,8.7 ¦Ìs,RX data,34,
8,1.148578 s,8.7 ¦Ìs,RX data,B5,
9,1.148589 s,8.7 ¦Ìs,RX data,62,
10,1.148599 s,8.7 ¦Ìs,RX data,0A,
11,1.14861 s,8.7 ¦Ìs,RX data,04,
12,1.148621 s,8.7 ¦Ìs,RX data,00,
13,1.148632 s,8.7 ¦Ìs,RX data,00,
14,1.148643 s,8.7 ¦Ìs,RX data,0E,
15,1.148654 s,8.7 ¦Ìs,RX data,34,
16,1.188571 s,8.7 ¦Ìs,RX data,B5,
17,1.188582 s,8.7 ¦Ìs,RX data,62,
18,1.188593 s,8.7 ¦Ìs,RX data,27,
19,1.188603 s,8.7 ¦Ìs,RX data,03,
20,1.188614 s,8.7 ¦Ìs,RX data,00,
21,1.188625 s,8.7 ¦Ìs,RX data,00,
22,1.188636 s,8.7 ¦Ìs,RX data,2A,
23,1.188647 s,8.7 ¦Ìs,RX data,A5,
24,1.198618 s,8.7 ¦Ìs,RX data,B5,
25,1.198629 s,8.7 ¦Ìs,RX data,62,
26,1.19864 s,8.7 ¦Ìs,RX data,06,
27,1.198651 s,8.7 ¦Ìs,RX data,8B,
28,1.198662 s,8.7 ¦Ìs,RX data,08,
29,1.198673 s,8.7 ¦Ìs,RX data,00,
30,1.198683 s,8.7 ¦Ìs,RX data,00,
31,1.198694 s,8.7 ¦Ìs,RX data,04,
32,1.198705 s,8.7 ¦Ìs,RX data,00,
33,1.198716 s,8.7 ¦Ìs,RX data,00,
34,1.198727 s,8.7 ¦Ìs,RX data,01,
35,1.198738 s,8.7 ¦Ìs,RX data,00,
36,1.198748 s,8.7 ¦Ìs,RX data,52,
37,1.198759 s,8.7 ¦Ìs,RX data,40,
38,1.19877 s,8.7 ¦Ìs,RX data,30,
39,1.198781 s,8.7 ¦Ìs,RX data,95,
40,1.208582 s,8.7 ¦Ìs,RX data,B5,
41,1.208593 s,8.7 ¦Ìs,RX data,62,
42,1.208604 s,8.7 ¦Ìs,RX data,06,
43,1.208615 s,8.7 ¦Ìs,RX data,8B,
44,1.208626 s,8.7 ¦Ìs,RX data,08,
45,1.208637 s,8.7 ¦Ìs,RX data,00,
46,1.208647 s,8.7 ¦Ìs,RX data,00,
47,1.208658 s,8.7 ¦Ìs,RX data,04,
48,1.208669 s,8.7 ¦Ìs,RX data,00,
49,1.20868 s,8.7 ¦Ìs,RX data,00,
50,1.208691 s,8.7 ¦Ìs,RX data,01,
51,1.208702 s,8.7 ¦Ìs,RX data,00,
52,1.208712 s,8.7 ¦Ìs,RX data,A4,
53,1.208723 s,8.7 ¦Ìs,RX data,40,
54,1.208734 s,8.7 ¦Ìs,RX data,82,
55,1.208745 s,8.7 ¦Ìs,RX data,39,
56,1.218573 s,8.7 ¦Ìs,RX data,B5,
57,1.218583 s,8.7 ¦Ìs,RX data,62,
58,1.218594 s,8.7 ¦Ìs,RX data,06,
59,1.218605 s,8.7 ¦Ìs,RX data,8A,
60,1.218616 s,8.7 ¦Ìs,RX data,2C,
61,1.218627 s,8.7 ¦Ìs,RX data,00,
62,1.218638 s,8.7 ¦Ìs,RX data,00,
63,1.218648 s,8.7 ¦Ìs,RX data,03,
64,1.218659 s,8.7 ¦Ìs,RX data,00,
65,1.21867 s,8.7 ¦Ìs,RX data,00,
66,1.218681 s,8.7 ¦Ìs,RX data,1F,
67,1.218692 s,8.7 ¦Ìs,RX data,00,
68,1.218703 s,8.7 ¦Ìs,RX data,31,
69,1.218713 s,8.7 ¦Ìs,RX data,10,
70,1.218724 s,8.7 ¦Ìs,RX data,01,
71,1.218735 s,8.7 ¦Ìs,RX data,24,
72,1.218746 s,8.7 ¦Ìs,RX data,00,
73,1.218757 s,8.7 ¦Ìs,RX data,31,
74,1.218768 s,8.7 ¦Ìs,RX data,10,
75,1.218778 s,8.7 ¦Ìs,RX data,01,
76,1.218789 s,8.7 ¦Ìs,RX data,21,
77,1.2188 s,8.7 ¦Ìs,RX data,00,
78,1.218811 s,8.7 ¦Ìs,RX data,31,
79,1.218822 s,8.7 ¦Ìs,RX data,10,
80,1.218833 s,8.7 ¦Ìs,RX data,01,
81,1.218843 s,8.7 ¦Ìs,RX data,22,
82,1.218854 s,8.7 ¦Ìs,RX data,00,
83,1.218865 s,8.7 ¦Ìs,RX data,31,
84,1.218876 s,8.7 ¦Ìs,RX data,10,
85,1.218887 s,8.7 ¦Ìs,RX data,01,
86,1.218898 s,8.7 ¦Ìs,RX data,0D,
87,1.218908 s,8.7 ¦Ìs,RX data,00,
88,1.218919 s,8.7 ¦Ìs,RX data,31,
89,1.21893 s,8.7 ¦Ìs,RX data,10,
90,1.218941 s,8.7 ¦Ìs,RX data,01,
91,1.218952 s,8.7 ¦Ìs,RX data,0F,
92,1.218963 s,8.7 ¦Ìs,RX data,00,
93,1.218973 s,8.7 ¦Ìs,RX data,31,
94,1.218984 s,8.7 ¦Ìs,RX data,10,
95,1.218995 s,8.7 ¦Ìs,RX data,00,
96,1.219006 s,8.7 ¦Ìs,RX data,25,
97,1.219017 s,8.7 ¦Ìs,RX data,00,
98,1.219028 s,8.7 ¦Ìs,RX data,31,
99,1.219038 s,8.7 ¦Ìs,RX data,10,
100,1.219049 s,8.7 ¦Ìs,RX data,00,
101,1.21906 s,8.7 ¦Ìs,RX data,18,
102,1.219071 s,8.7 ¦Ìs,RX data,00,
103,1.219082 s,8.7 ¦Ìs,RX data,31,
104,1.219093 s,8.7 ¦Ìs,RX data,10,
105,1.219103 s,8.7 ¦Ìs,RX data,00,
106,1.219114 s,8.7 ¦Ìs,RX data,AB,
107,1.219125 s,8.7 ¦Ìs,RX data,48,
108,1.219136 s,8.7 ¦Ìs,RX data,B5,
109,1.219147 s,8.7 ¦Ìs,RX data,62,
110,1.219158 s,8.7 ¦Ìs,RX data,06,
111,1.219168 s,8.7 ¦Ìs,RX data,8A,
112,1.219179 s,8.7 ¦Ìs,RX data,09,
113,1.21919 s,8.7 ¦Ìs,RX data,00,
114,1.219201 s,8.7 ¦Ìs,RX data,00,
115,1.219212 s,8.7 ¦Ìs,RX data,03,
116,1.219223 s,8.7 ¦Ìs,RX data,00,
117,1.219233 s,8.7 ¦Ìs,RX data,00,
118,1.219244 s,8.7 ¦Ìs,RX data,02,
119,1.219255 s,8.7 ¦Ìs,RX data,00,
120,1.219266 s,8.7 ¦Ìs,RX data,74,
121,1.219277 s,8.7 ¦Ìs,RX data,10,
122,1.219288 s,8.7 ¦Ìs,RX data,00,
123,1.219298 s,8.7 ¦Ìs,RX data,22,
124,1.219309 s,8.7 ¦Ìs,RX data,C7,
125,1.228582 s,8.7 ¦Ìs,RX data,B5,
126,1.228593 s,8.7 ¦Ìs,RX data,62,
127,1.228604 s,8.7 ¦Ìs,RX data,06,
128,1.228615 s,8.7 ¦Ìs,RX data,8A,
129,1.228626 s,8.7 ¦Ìs,RX data,09,
130,1.228636 s,8.7 ¦Ìs,RX data,00,
131,1.228647 s,8.7 ¦Ìs,RX data,00,
132,1.228658 s,8.7 ¦Ìs,RX data,03,
133,1.228669 s,8.7 ¦Ìs,RX data,00,
134,1.22868 s,8.7 ¦Ìs,RX data,00,
135,1.228691 s,8.7 ¦Ìs,RX data,01,
136,1.228701 s,8.7 ¦Ìs,RX data,00,
137,1.228712 s,8.7 ¦Ìs,RX data,04,
138,1.228723 s,8.7 ¦Ìs,RX data,10,
139,1.228734 s,8.7 ¦Ìs,RX data,00,
140,1.228745 s,8.7 ¦Ìs,RX data,B1,
141,1.228756 s,8.7 ¦Ìs,RX data,72,
142,1.238569 s,8.7 ¦Ìs,RX data,B5,
143,1.23858 s,8.7 ¦Ìs,RX data,62,
144,1.238591 s,8.7 ¦Ìs,RX data,06,
145,1.238601 s,8.7 ¦Ìs,RX data,8A,
146,1.238612 s,8.7 ¦Ìs,RX data,09,
147,1.238623 s,8.7 ¦Ìs,RX data,00,
148,1.238634 s,8.7 ¦Ìs,RX data,00,
149,1.238645 s,8.7 ¦Ìs,RX data,03,
150,1.238656 s,8.7 ¦Ìs,RX data,00,
151,1.238667 s,8.7 ¦Ìs,RX data,00,
152,1.238677 s,8.7 ¦Ìs,RX data,02,
153,1.238688 s,8.7 ¦Ìs,RX data,00,
154,1.238699 s,8.7 ¦Ìs,RX data,92,
155,1.23871 s,8.7 ¦Ìs,RX data,20,
156,1.238721 s,8.7 ¦Ìs,RX data,03,
157,1.238732 s,8.7 ¦Ìs,RX data,53,
158,1.238742 s,8.7 ¦Ìs,RX data,44,
159,1.248582 s,8.7 ¦Ìs,RX data,B5,
160,1.248593 s,8.7 ¦Ìs,RX data,62,
161,1.248603 s,8.7 ¦Ìs,RX data,06,
162,1.248614 s,8.7 ¦Ìs,RX data,8A,
163,1.248625 s,8.7 ¦Ìs,RX data,09,
164,1.248636 s,8.7 ¦Ìs,RX data,00,
165,1.248647 s,8.7 ¦Ìs,RX data,00,
166,1.248658 s,8.7 ¦Ìs,RX data,03,
167,1.248668 s,8.7 ¦Ìs,RX data,00,
168,1.248679 s,8.7 ¦Ìs,RX data,00,
169,1.24869 s,8.7 ¦Ìs,RX data,4B,
170,1.248701 s,8.7 ¦Ìs,RX data,03,
171,1.248712 s,8.7 ¦Ìs,RX data,91,
172,1.248723 s,8.7 ¦Ìs,RX data,20,
173,1.248733 s,8.7 ¦Ìs,RX data,02,
174,1.248744 s,8.7 ¦Ìs,RX data,9D,
175,1.248755 s,8.7 ¦Ìs,RX data,B9,
176,1.258568 s,8.7 ¦Ìs,RX data,B5,
177,1.258579 s,8.7 ¦Ìs,RX data,62,
178,1.25859 s,8.7 ¦Ìs,RX data,06,
179,1.2586 s,8.7 ¦Ìs,RX data,8A,
180,1.258611 s,8.7 ¦Ìs,RX data,09,
181,1.258622 s,8.7 ¦Ìs,RX data,00,
182,1.258633 s,8.7 ¦Ìs,RX data,00,
183,1.258644 s,8.7 ¦Ìs,RX data,03,
184,1.258655 s,8.7 ¦Ìs,RX data,00,
185,1.258665 s,8.7 ¦Ìs,RX data,00,
186,1.258676 s,8.7 ¦Ìs,RX data,7E,
187,1.258687 s,8.7 ¦Ìs,RX data,01,
188,1.258698 s,8.7 ¦Ìs,RX data,91,
189,1.258709 s,8.7 ¦Ìs,RX data,20,
190,1.258719 s,8.7 ¦Ìs,RX data,01,
191,1.25873 s,8.7 ¦Ìs,RX data,CD,
192,1.258741 s,8.7 ¦Ìs,RX data,AF,
193,1.268582 s,8.7 ¦Ìs,RX data,B5,
194,1.268593 s,8.7 ¦Ìs,RX data,62,
195,1.268604 s,8.7 ¦Ìs,RX data,06,
196,1.268614 s,8.7 ¦Ìs,RX data,8A,
197,1.268625 s,8.7 ¦Ìs,RX data,09,
198,1.268636 s,8.7 ¦Ìs,RX data,00,
199,1.268647 s,8.7 ¦Ìs,RX data,00,
200,1.268658 s,8.7 ¦Ìs,RX data,03,
201,1.268669 s,8.7 ¦Ìs,RX data,00,
202,1.268679 s,8.7 ¦Ìs,RX data,00,
203,1.26869 s,8.7 ¦Ìs,RX data,7A,
204,1.268701 s,8.7 ¦Ìs,RX data,00,
205,1.268712 s,8.7 ¦Ìs,RX data,91,
206,1.268723 s,8.7 ¦Ìs,RX data,20,
207,1.268734 s,8.7 ¦Ìs,RX data,01,
208,1.268744 s,8.7 ¦Ìs,RX data,C8,
209,1.268755 s,8.7 ¦Ìs,RX data,97,
210,1.278569 s,8.7 ¦Ìs,RX data,B5,
211,1.27858 s,8.7 ¦Ìs,RX data,62,
212,1.27859 s,8.7 ¦Ìs,RX data,06,
213,1.278601 s,8.7 ¦Ìs,RX data,8A,
214,1.278612 s,8.7 ¦Ìs,RX data,09,
215,1.278623 s,8.7 ¦Ìs,RX data,00,
216,1.278634 s,8.7 ¦Ìs,RX data,00,
217,1.278645 s,8.7 ¦Ìs,RX data,03,
218,1.278655 s,8.7 ¦Ìs,RX data,00,
219,1.278666 s,8.7 ¦Ìs,RX data,00,
220,1.278677 s,8.7 ¦Ìs,RX data,2A,
221,1.278688 s,8.7 ¦Ìs,RX data,00,
222,1.278699 s,8.7 ¦Ìs,RX data,91,
223,1.27871 s,8.7 ¦Ìs,RX data,20,
224,1.27872 s,8.7 ¦Ìs,RX data,01,
225,1.278731 s,8.7 ¦Ìs,RX data,78,
226,1.278742 s,8.7 ¦Ìs,RX data,07,
227,1.288582 s,8.7 ¦Ìs,RX data,B5,
228,1.288593 s,8.7 ¦Ìs,RX data,62,
229,1.288604 s,8.7 ¦Ìs,RX data,06,
230,1.288615 s,8.7 ¦Ìs,RX data,8A,
231,1.288626 s,8.7 ¦Ìs,RX data,09,
232,1.288636 s,8.7 ¦Ìs,RX data,00,
233,1.288647 s,8.7 ¦Ìs,RX data,00,
234,1.288658 s,8.7 ¦Ìs,RX data,03,
235,1.288669 s,8.7 ¦Ìs,RX data,00,
236,1.28868 s,8.7 ¦Ìs,RX data,00,
237,1.288691 s,8.7 ¦Ìs,RX data,25,
238,1.288701 s,8.7 ¦Ìs,RX data,00,
239,1.288712 s,8.7 ¦Ìs,RX data,91,
240,1.288723 s,8.7 ¦Ìs,RX data,20,
241,1.288734 s,8.7 ¦Ìs,RX data,00,
242,1.288745 s,8.7 ¦Ìs,RX data,72,
243,1.288756 s,8.7 ¦Ìs,RX data,ED,
244,1.298574 s,8.7 ¦Ìs,RX data,B5,
245,1.298585 s,8.7 ¦Ìs,RX data,62,
246,1.298595 s,8.7 ¦Ìs,RX data,06,
247,1.298606 s,8.7 ¦Ìs,RX data,8A,
248,1.298617 s,8.7 ¦Ìs,RX data,09,
249,1.298628 s,8.7 ¦Ìs,RX data,00,
250,1.298639 s,8.7 ¦Ìs,RX data,00,
251,1.29865 s,8.7 ¦Ìs,RX data,03,
252,1.29866 s,8.7 ¦Ìs,RX data,00,
253,1.298671 s,8.7 ¦Ìs,RX data,00,
254,1.298682 s,8.7 ¦Ìs,RX data,1B,
255,1.298693 s,8.7 ¦Ìs,RX data,00,
256,1.298704 s,8.7 ¦Ìs,RX data,91,
257,1.298715 s,8.7 ¦Ìs,RX data,20,
258,1.298725 s,8.7 ¦Ìs,RX data,01,
259,1.298736 s,8.7 ¦Ìs,RX data,69,
260,1.298747 s,8.7 ¦Ìs,RX data,BC,
261,1.308595 s,8.7 ¦Ìs,RX data,B5,
262,1.308606 s,8.7 ¦Ìs,RX data,62,
263,1.308617 s,8.7 ¦Ìs,RX data,06,
264,1.308628 s,8.7 ¦Ìs,RX data,8A,
265,1.308639 s,8.7 ¦Ìs,RX data,09,
266,1.308649 s,8.7 ¦Ìs,RX data,00,
267,1.30866 s,8.7 ¦Ìs,RX data,00,
268,1.308671 s,8.7 ¦Ìs,RX data,03,
269,1.308682 s,8.7 ¦Ìs,RX data,00,
270,1.308693 s,8.7 ¦Ìs,RX data,00,
271,1.308704 s,8.7 ¦Ìs,RX data,39,
272,1.308714 s,8.7 ¦Ìs,RX data,00,
273,1.308725 s,8.7 ¦Ìs,RX data,91,
274,1.308736 s,8.7 ¦Ìs,RX data,20,
275,1.308747 s,8.7 ¦Ìs,RX data,01,
276,1.308758 s,8.7 ¦Ìs,RX data,87,
277,1.308769 s,8.7 ¦Ìs,RX data,52,
278,1.318571 s,8.7 ¦Ìs,RX data,B5,
279,1.318582 s,8.7 ¦Ìs,RX data,62,
280,1.318593 s,8.7 ¦Ìs,RX data,06,
281,1.318604 s,8.7 ¦Ìs,RX data,8A,
282,1.318615 s,8.7 ¦Ìs,RX data,09,
283,1.318626 s,8.7 ¦Ìs,RX data,00,
284,1.318636 s,8.7 ¦Ìs,RX data,00,
285,1.318647 s,8.7 ¦Ìs,RX data,03,
286,1.318658 s,8.7 ¦Ìs,RX data,00,
287,1.318669 s,8.7 ¦Ìs,RX data,00,
288,1.31868 s,8.7 ¦Ìs,RX data,07,
289,1.318691 s,8.7 ¦Ìs,RX data,00,
290,1.318701 s,8.7 ¦Ìs,RX data,91,
291,1.318712 s,8.7 ¦Ìs,RX data,20,
292,1.318723 s,8.7 ¦Ìs,RX data,01,
293,1.318734 s,8.7 ¦Ìs,RX data,55,
294,1.318745 s,8.7 ¦Ìs,RX data,58,
295,1.328584 s,8.7 ¦Ìs,RX data,B5,
296,1.328595 s,8.7 ¦Ìs,RX data,62,
297,1.328605 s,8.7 ¦Ìs,RX data,06,
298,1.328616 s,8.7 ¦Ìs,RX data,8A,
299,1.328627 s,8.7 ¦Ìs,RX data,09,
300,1.328638 s,8.7 ¦Ìs,RX data,00,
301,1.328649 s,8.7 ¦Ìs,RX data,00,
302,1.32866 s,8.7 ¦Ìs,RX data,03,
303,1.32867 s,8.7 ¦Ìs,RX data,00,
304,1.328681 s,8.7 ¦Ìs,RX data,00,
305,1.328692 s,8.7 ¦Ìs,RX data,43,
306,1.328703 s,8.7 ¦Ìs,RX data,00,
307,1.328714 s,8.7 ¦Ìs,RX data,91,
308,1.328725 s,8.7 ¦Ìs,RX data,20,
309,1.328735 s,8.7 ¦Ìs,RX data,01,
310,1.328746 s,8.7 ¦Ìs,RX data,91,
311,1.328757 s,8.7 ¦Ìs,RX data,84,
312,1.338573 s,8.7 ¦Ìs,RX data,B5,
313,1.338583 s,8.7 ¦Ìs,RX data,62,
314,1.338594 s,8.7 ¦Ìs,RX data,06,
315,1.338605 s,8.7 ¦Ìs,RX data,8A,
316,1.338616 s,8.7 ¦Ìs,RX data,09,
317,1.338627 s,8.7 ¦Ìs,RX data,00,
318,1.338638 s,8.7 ¦Ìs,RX data,00,
319,1.338648 s,8.7 ¦Ìs,RX data,03,
320,1.338659 s,8.7 ¦Ìs,RX data,00,
321,1.33867 s,8.7 ¦Ìs,RX data,00,
322,1.338681 s,8.7 ¦Ìs,RX data,48,
323,1.338692 s,8.7 ¦Ìs,RX data,00,
324,1.338703 s,8.7 ¦Ìs,RX data,91,
325,1.338713 s,8.7 ¦Ìs,RX data,20,
326,1.338724 s,8.7 ¦Ìs,RX data,01,
327,1.338735 s,8.7 ¦Ìs,RX data,96,
328,1.338746 s,8.7 ¦Ìs,RX data,9D,
329,1.348584 s,8.7 ¦Ìs,RX data,B5,
330,1.348595 s,8.7 ¦Ìs,RX data,62,
331,1.348606 s,8.7 ¦Ìs,RX data,06,
332,1.348617 s,8.7 ¦Ìs,RX data,8A,
333,1.348627 s,8.7 ¦Ìs,RX data,09,
334,1.348638 s,8.7 ¦Ìs,RX data,00,
335,1.348649 s,8.7 ¦Ìs,RX data,00,
336,1.34866 s,8.7 ¦Ìs,RX data,03,
337,1.348671 s,8.7 ¦Ìs,RX data,00,
338,1.348682 s,8.7 ¦Ìs,RX data,00,
339,1.348692 s,8.7 ¦Ìs,RX data,5C,
340,1.348703 s,8.7 ¦Ìs,RX data,00,
341,1.348714 s,8.7 ¦Ìs,RX data,91,
342,1.348725 s,8.7 ¦Ìs,RX data,20,
343,1.348736 s,8.7 ¦Ìs,RX data,01,
344,1.348747 s,8.7 ¦Ìs,RX data,AA,
345,1.348757 s,8.7 ¦Ìs,RX data,01,
346,1.358573 s,8.7 ¦Ìs,RX data,B5,
347,1.358584 s,8.7 ¦Ìs,RX data,62,
348,1.358595 s,8.7 ¦Ìs,RX data,06,
349,1.358606 s,8.7 ¦Ìs,RX data,8A,
350,1.358616 s,8.7 ¦Ìs,RX data,09,
351,1.358627 s,8.7 ¦Ìs,RX data,00,
352,1.358638 s,8.7 ¦Ìs,RX data,00,
353,1.358649 s,8.7 ¦Ìs,RX data,03,
354,1.35866 s,8.7 ¦Ìs,RX data,00,
355,1.358671 s,8.7 ¦Ìs,RX data,00,
356,1.358681 s,8.7 ¦Ìs,RX data,66,
357,1.358692 s,8.7 ¦Ìs,RX data,00,
358,1.358703 s,8.7 ¦Ìs,RX data,91,
359,1.358714 s,8.7 ¦Ìs,RX data,20,
360,1.358725 s,8.7 ¦Ìs,RX data,01,
361,1.358736 s,8.7 ¦Ìs,RX data,B4,
362,1.358746 s,8.7 ¦Ìs,RX data,33,
363,1.368589 s,8.7 ¦Ìs,RX data,B5,
364,1.3686 s,8.7 ¦Ìs,RX data,62,
365,1.368611 s,8.7 ¦Ìs,RX data,06,
366,1.368622 s,8.7 ¦Ìs,RX data,8A,
367,1.368632 s,8.7 ¦Ìs,RX data,09,
368,1.368643 s,8.7 ¦Ìs,RX data,00,
369,1.368654 s,8.7 ¦Ìs,RX data,00,
370,1.368665 s,8.7 ¦Ìs,RX data,03,
371,1.368676 s,8.7 ¦Ìs,RX data,00,
372,1.368687 s,8.7 ¦Ìs,RX data,00,
373,1.368697 s,8.7 ¦Ìs,RX data,16,
374,1.368708 s,8.7 ¦Ìs,RX data,00,
375,1.368719 s,8.7 ¦Ìs,RX data,91,
376,1.36873 s,8.7 ¦Ìs,RX data,20,
377,1.368741 s,8.7 ¦Ìs,RX data,01,
378,1.368752 s,8.7 ¦Ìs,RX data,64,
379,1.368762 s,8.7 ¦Ìs,RX data,A3,
380,1.378573 s,8.7 ¦Ìs,RX data,B5,
381,1.378584 s,8.7 ¦Ìs,RX data,62,
382,1.378595 s,8.7 ¦Ìs,RX data,06,
383,1.378605 s,8.7 ¦Ìs,RX data,8A,
384,1.378616 s,8.7 ¦Ìs,RX data,09,
385,1.378627 s,8.7 ¦Ìs,RX data,00,
386,1.378638 s,8.7 ¦Ìs,RX data,00,
387,1.378649 s,8.7 ¦Ìs,RX data,03,
388,1.37866 s,8.7 ¦Ìs,RX data,00,
389,1.37867 s,8.7 ¦Ìs,RX data,00,
390,1.378681 s,8.7 ¦Ìs,RX data,5A,
391,1.378692 s,8.7 ¦Ìs,RX data,03,
392,1.378703 s,8.7 ¦Ìs,RX data,91,
393,1.378714 s,8.7 ¦Ìs,RX data,20,
394,1.378725 s,8.7 ¦Ìs,RX data,01,
395,1.378735 s,8.7 ¦Ìs,RX data,AB,
396,1.378746 s,8.7 ¦Ìs,RX data,03,
397,1.388594 s,8.7 ¦Ìs,RX data,B5,
398,1.388605 s,8.7 ¦Ìs,RX data,62,
399,1.388616 s,8.7 ¦Ìs,RX data,06,
400,1.388627 s,8.7 ¦Ìs,RX data,8A,
401,1.388637 s,8.7 ¦Ìs,RX data,0C,
402,1.388648 s,8.7 ¦Ìs,RX data,00,
403,1.388659 s,8.7 ¦Ìs,RX data,00,
404,1.38867 s,8.7 ¦Ìs,RX data,03,
405,1.388681 s,8.7 ¦Ìs,RX data,00,
406,1.388692 s,8.7 ¦Ìs,RX data,00,
407,1.388703 s,8.7 ¦Ìs,RX data,04,
408,1.388713 s,8.7 ¦Ìs,RX data,00,
409,1.388724 s,8.7 ¦Ìs,RX data,05,
410,1.388735 s,8.7 ¦Ìs,RX data,40,
411,1.388746 s,8.7 ¦Ìs,RX data,A0,
412,1.388757 s,8.7 ¦Ìs,RX data,86,
413,1.388767 s,8.7 ¦Ìs,RX data,01,
414,1.388778 s,8.7 ¦Ìs,RX data,00,
415,1.388789 s,8.7 ¦Ìs,RX data,0F,
416,1.3888 s,8.7 ¦Ìs,RX data,D1,
417,1.398578 s,8.7 ¦Ìs,RX data,B5,
418,1.398589 s,8.7 ¦Ìs,RX data,62,
419,1.3986 s,8.7 ¦Ìs,RX data,06,
420,1.398611 s,8.7 ¦Ìs,RX data,8A,
421,1.398621 s,8.7 ¦Ìs,RX data,09,
422,1.398632 s,8.7 ¦Ìs,RX data,00,
423,1.398643 s,8.7 ¦Ìs,RX data,00,
424,1.398654 s,8.7 ¦Ìs,RX data,03,
425,1.398665 s,8.7 ¦Ìs,RX data,00,
426,1.398676 s,8.7 ¦Ìs,RX data,00,
427,1.398686 s,8.7 ¦Ìs,RX data,0C,
428,1.398697 s,8.7 ¦Ìs,RX data,00,
429,1.398708 s,8.7 ¦Ìs,RX data,05,
430,1.398719 s,8.7 ¦Ìs,RX data,20,
431,1.39873 s,8.7 ¦Ìs,RX data,01,
432,1.398741 s,8.7 ¦Ìs,RX data,CE,
433,1.398752 s,8.7 ¦Ìs,RX data,CD,
434,1.408589 s,8.7 ¦Ìs,RX data,B5,
435,1.4086 s,8.7 ¦Ìs,RX data,62,
436,1.408611 s,8.7 ¦Ìs,RX data,06,
437,1.408622 s,8.7 ¦Ìs,RX data,8A,
438,1.408633 s,8.7 ¦Ìs,RX data,09,
439,1.408643 s,8.7 ¦Ìs,RX data,00,
440,1.408654 s,8.7 ¦Ìs,RX data,00,
441,1.408665 s,8.7 ¦Ìs,RX data,03,
442,1.408676 s,8.7 ¦Ìs,RX data,00,
443,1.408687 s,8.7 ¦Ìs,RX data,00,
444,1.408698 s,8.7 ¦Ìs,RX data,0D,
445,1.408708 s,8.7 ¦Ìs,RX data,00,
446,1.408719 s,8.7 ¦Ìs,RX data,41,
447,1.40873 s,8.7 ¦Ìs,RX data,10,
448,1.408741 s,8.7 ¦Ìs,RX data,01,
449,1.408752 s,8.7 ¦Ìs,RX data,FB,
450,1.408763 s,8.7 ¦Ìs,RX data,66,
451,1.418581 s,8.7 ¦Ìs,RX data,B5,
452,1.418592 s,8.7 ¦Ìs,RX data,62,
453,1.418603 s,8.7 ¦Ìs,RX data,06,
454,1.418613 s,8.7 ¦Ìs,RX data,8A,
455,1.418624 s,8.7 ¦Ìs,RX data,09,
456,1.418635 s,8.7 ¦Ìs,RX data,00,
457,1.418646 s,8.7 ¦Ìs,RX data,00,
458,1.418657 s,8.7 ¦Ìs,RX data,03,
459,1.418668 s,8.7 ¦Ìs,RX data,00,
460,1.418678 s,8.7 ¦Ìs,RX data,00,
461,1.418689 s,8.7 ¦Ìs,RX data,21,
462,1.4187 s,8.7 ¦Ìs,RX data,00,
463,1.418711 s,8.7 ¦Ìs,RX data,11,
464,1.418722 s,8.7 ¦Ìs,RX data,20,
465,1.418733 s,8.7 ¦Ìs,RX data,07,
466,1.418743 s,8.7 ¦Ìs,RX data,F5,
467,1.418754 s,8.7 ¦Ìs,RX data,60,
468,1.428585 s,8.7 ¦Ìs,RX data,B5,
469,1.428596 s,8.7 ¦Ìs,RX data,62,
470,1.428607 s,8.7 ¦Ìs,RX data,06,
471,1.428618 s,8.7 ¦Ìs,RX data,8A,
472,1.428628 s,8.7 ¦Ìs,RX data,09,
473,1.428639 s,8.7 ¦Ìs,RX data,00,
474,1.42865 s,8.7 ¦Ìs,RX data,00,
475,1.428661 s,8.7 ¦Ìs,RX data,03,
476,1.428672 s,8.7 ¦Ìs,RX data,00,
477,1.428683 s,8.7 ¦Ìs,RX data,00,
478,1.428693 s,8.7 ¦Ìs,RX data,25,
479,1.428704 s,8.7 ¦Ìs,RX data,00,
480,1.428715 s,8.7 ¦Ìs,RX data,11,
481,1.428726 s,8.7 ¦Ìs,RX data,10,
482,1.428737 s,8.7 ¦Ìs,RX data,01,
483,1.428748 s,8.7 ¦Ìs,RX data,E3,
484,1.428758 s,8.7 ¦Ìs,RX data,4E,
485,1.438578 s,8.7 ¦Ìs,RX data,B5,
486,1.438589 s,8.7 ¦Ìs,RX data,62,
487,1.438599 s,8.7 ¦Ìs,RX data,06,
488,1.43861 s,8.7 ¦Ìs,RX data,8A,
489,1.438621 s,8.7 ¦Ìs,RX data,09,
490,1.438632 s,8.7 ¦Ìs,RX data,00,
491,1.438643 s,8.7 ¦Ìs,RX data,00,
492,1.438654 s,8.7 ¦Ìs,RX data,03,
493,1.438664 s,8.7 ¦Ìs,RX data,00,
494,1.438675 s,8.7 ¦Ìs,RX data,00,
495,1.438686 s,8.7 ¦Ìs,RX data,13,
496,1.438697 s,8.7 ¦Ìs,RX data,00,
497,1.438708 s,8.7 ¦Ìs,RX data,11,
498,1.438719 s,8.7 ¦Ìs,RX data,10,
499,1.438729 s,8.7 ¦Ìs,RX data,01,
500,1.43874 s,8.7 ¦Ìs,RX data,D1,
501,1.438751 s,8.7 ¦Ìs,RX data,F4,
502,1.448585 s,8.7 ¦Ìs,RX data,B5,
503,1.448596 s,8.7 ¦Ìs,RX data,62,
504,1.448607 s,8.7 ¦Ìs,RX data,06,
505,1.448618 s,8.7 ¦Ìs,RX data,8A,
506,1.448629 s,8.7 ¦Ìs,RX data,09,
507,1.448639 s,8.7 ¦Ìs,RX data,00,
508,1.44865 s,8.7 ¦Ìs,RX data,00,
509,1.448661 s,8.7 ¦Ìs,RX data,03,
510,1.448672 s,8.7 ¦Ìs,RX data,00,
511,1.448683 s,8.7 ¦Ìs,RX data,00,
512,1.448694 s,8.7 ¦Ìs,RX data,D6,
513,1.448704 s,8.7 ¦Ìs,RX data,00,
514,1.448715 s,8.7 ¦Ìs,RX data,11,
515,1.448726 s,8.7 ¦Ìs,RX data,20,
516,1.448737 s,8.7 ¦Ìs,RX data,00,
517,1.448748 s,8.7 ¦Ìs,RX data,A3,
518,1.448759 s,8.7 ¦Ìs,RX data,E2,
519,1.458578 s,8.7 ¦Ìs,RX data,B5,
520,1.458589 s,8.7 ¦Ìs,RX data,62,
521,1.4586 s,8.7 ¦Ìs,RX data,06,
522,1.458611 s,8.7 ¦Ìs,RX data,8A,
523,1.458621 s,8.7 ¦Ìs,RX data,09,
524,1.458632 s,8.7 ¦Ìs,RX data,00,
525,1.458643 s,8.7 ¦Ìs,RX data,00,
526,1.458654 s,8.7 ¦Ìs,RX data,03,
527,1.458665 s,8.7 ¦Ìs,RX data,00,
528,1.458676 s,8.7 ¦Ìs,RX data,00,
529,1.458686 s,8.7 ¦Ìs,RX data,A3,
530,1.458697 s,8.7 ¦Ìs,RX data,00,
531,1.458708 s,8.7 ¦Ìs,RX data,11,
532,1.458719 s,8.7 ¦Ìs,RX data,20,
533,1.45873 s,8.7 ¦Ìs,RX data,19,
534,1.458741 s,8.7 ¦Ìs,RX data,89,
535,1.458751 s,8.7 ¦Ìs,RX data,FC,
536,1.468591 s,8.7 ¦Ìs,RX data,B5,
537,1.468601 s,8.7 ¦Ìs,RX data,62,
538,1.468612 s,8.7 ¦Ìs,RX data,06,
539,1.468623 s,8.7 ¦Ìs,RX data,8A,
540,1.468634 s,8.7 ¦Ìs,RX data,0A,
541,1.468645 s,8.7 ¦Ìs,RX data,00,
542,1.468656 s,8.7 ¦Ìs,RX data,00,
543,1.468667 s,8.7 ¦Ìs,RX data,03,
544,1.468677 s,8.7 ¦Ìs,RX data,00,
545,1.468688 s,8.7 ¦Ìs,RX data,00,
546,1.468699 s,8.7 ¦Ìs,RX data,01,
547,1.46871 s,8.7 ¦Ìs,RX data,00,
548,1.468721 s,8.7 ¦Ìs,RX data,21,
549,1.468732 s,8.7 ¦Ìs,RX data,30,
550,1.468742 s,8.7 ¦Ìs,RX data,C8,
551,1.468753 s,8.7 ¦Ìs,RX data,00,
552,1.468764 s,8.7 ¦Ìs,RX data,B7,
553,1.468775 s,8.7 ¦Ìs,RX data,93,
554,1.478582 s,8.7 ¦Ìs,RX data,B5,
555,1.478593 s,8.7 ¦Ìs,RX data,62,
556,1.478604 s,8.7 ¦Ìs,RX data,06,
557,1.478615 s,8.7 ¦Ìs,RX data,8A,
558,1.478626 s,8.7 ¦Ìs,RX data,0A,
559,1.478636 s,8.7 ¦Ìs,RX data,00,
560,1.478647 s,8.7 ¦Ìs,RX data,00,
561,1.478658 s,8.7 ¦Ìs,RX data,03,
562,1.478669 s,8.7 ¦Ìs,RX data,00,
563,1.47868 s,8.7 ¦Ìs,RX data,00,
564,1.478691 s,8.7 ¦Ìs,RX data,02,
565,1.478701 s,8.7 ¦Ìs,RX data,00,
566,1.478712 s,8.7 ¦Ìs,RX data,21,
567,1.478723 s,8.7 ¦Ìs,RX data,30,
568,1.478734 s,8.7 ¦Ìs,RX data,01,
569,1.478745 s,8.7 ¦Ìs,RX data,00,
570,1.478756 s,8.7 ¦Ìs,RX data,F1,
571,1.478766 s,8.7 ¦Ìs,RX data,0B,
572,1.488589 s,8.7 ¦Ìs,RX data,B5,
573,1.4886 s,8.7 ¦Ìs,RX data,62,
574,1.488611 s,8.7 ¦Ìs,RX data,06,
575,1.488622 s,8.7 ¦Ìs,RX data,8A,
576,1.488633 s,8.7 ¦Ìs,RX data,09,
577,1.488643 s,8.7 ¦Ìs,RX data,00,
578,1.488654 s,8.7 ¦Ìs,RX data,00,
579,1.488665 s,8.7 ¦Ìs,RX data,03,
580,1.488676 s,8.7 ¦Ìs,RX data,00,
581,1.488687 s,8.7 ¦Ìs,RX data,00,
582,1.488698 s,8.7 ¦Ìs,RX data,03,
583,1.488708 s,8.7 ¦Ìs,RX data,00,
584,1.488719 s,8.7 ¦Ìs,RX data,21,
585,1.48873 s,8.7 ¦Ìs,RX data,20,
586,1.488741 s,8.7 ¦Ìs,RX data,00,
587,1.488752 s,8.7 ¦Ìs,RX data,E0,
588,1.488763 s,8.7 ¦Ìs,RX data,F3,
589,1.498583 s,8.7 ¦Ìs,RX data,B5,
590,1.498594 s,8.7 ¦Ìs,RX data,62,
591,1.498605 s,8.7 ¦Ìs,RX data,06,
592,1.498615 s,8.7 ¦Ìs,RX data,8A,
593,1.498626 s,8.7 ¦Ìs,RX data,09,
594,1.498637 s,8.7 ¦Ìs,RX data,00,
595,1.498648 s,8.7 ¦Ìs,RX data,00,
596,1.498659 s,8.7 ¦Ìs,RX data,03,
597,1.49867 s,8.7 ¦Ìs,RX data,00,
598,1.49868 s,8.7 ¦Ìs,RX data,00,
599,1.498691 s,8.7 ¦Ìs,RX data,20,
600,1.498702 s,8.7 ¦Ìs,RX data,00,
601,1.498713 s,8.7 ¦Ìs,RX data,31,
602,1.498724 s,8.7 ¦Ìs,RX data,10,
603,1.498735 s,8.7 ¦Ìs,RX data,00,
604,1.498745 s,8.7 ¦Ìs,RX data,FD,
605,1.498756 s,8.7 ¦Ìs,RX data,94,
606,1.513644 s,8.7 ¦Ìs,RX data,B5,
607,1.513655 s,8.7 ¦Ìs,RX data,62,
608,1.513666 s,8.7 ¦Ìs,RX data,06,
609,1.513676 s,8.7 ¦Ìs,RX data,8A,
610,1.513687 s,8.7 ¦Ìs,RX data,09,
611,1.513698 s,8.7 ¦Ìs,RX data,00,
612,1.513709 s,8.7 ¦Ìs,RX data,00,
613,1.51372 s,8.7 ¦Ìs,RX data,03,
614,1.513731 s,8.7 ¦Ìs,RX data,00,
615,1.513741 s,8.7 ¦Ìs,RX data,00,
616,1.513752 s,8.7 ¦Ìs,RX data,A5,
617,1.513763 s,8.7 ¦Ìs,RX data,02,
618,1.513774 s,8.7 ¦Ìs,RX data,91,
619,1.513785 s,8.7 ¦Ìs,RX data,20,
620,1.513796 s,8.7 ¦Ìs,RX data,01,
621,1.513806 s,8.7 ¦Ìs,RX data,F5,
622,1.513817 s,8.7 ¦Ìs,RX data,76,
623,1.523593 s,8.7 ¦Ìs,RX data,B5,
624,1.523604 s,8.7 ¦Ìs,RX data,62,
625,1.523614 s,8.7 ¦Ìs,RX data,06,
626,1.523625 s,8.7 ¦Ìs,RX data,8A,
627,1.523636 s,8.7 ¦Ìs,RX data,09,
628,1.523647 s,8.7 ¦Ìs,RX data,00,
629,1.523658 s,8.7 ¦Ìs,RX data,00,
630,1.523669 s,8.7 ¦Ìs,RX data,03,
631,1.523679 s,8.7 ¦Ìs,RX data,00,
632,1.52369 s,8.7 ¦Ìs,RX data,00,
633,1.523701 s,8.7 ¦Ìs,RX data,32,
634,1.523712 s,8.7 ¦Ìs,RX data,02,
635,1.523723 s,8.7 ¦Ìs,RX data,91,
636,1.523734 s,8.7 ¦Ìs,RX data,20,
637,1.523744 s,8.7 ¦Ìs,RX data,01,
638,1.523755 s,8.7 ¦Ìs,RX data,82,
639,1.523766 s,8.7 ¦Ìs,RX data,37,
640,1.533612 s,8.7 ¦Ìs,RX data,B5,
641,1.533623 s,8.7 ¦Ìs,RX data,62,
642,1.533634 s,8.7 ¦Ìs,RX data,13,
643,1.533645 s,8.7 ¦Ìs,RX data,80,
644,1.533656 s,8.7 ¦Ìs,RX data,54,
645,1.533666 s,8.7 ¦Ìs,RX data,00,
646,1.533677 s,8.7 ¦Ìs,RX data,01,
647,1.533688 s,8.7 ¦Ìs,RX data,00,
648,1.533699 s,8.7 ¦Ìs,RX data,00,
649,1.53371 s,8.7 ¦Ìs,RX data,01,
650,1.533721 s,8.7 ¦Ìs,RX data,18,
651,1.533731 s,8.7 ¦Ìs,RX data,08,
652,1.533742 s,8.7 ¦Ìs,RX data,02,
653,1.533753 s,8.7 ¦Ìs,RX data,01,
654,1.533764 s,8.7 ¦Ìs,RX data,3B,
655,1.533775 s,8.7 ¦Ìs,RX data,00,
656,1.533786 s,8.7 ¦Ìs,RX data,04,
657,1.533796 s,8.7 ¦Ìs,RX data,00,
658,1.533807 s,8.7 ¦Ìs,RX data,5C,
659,1.533818 s,8.7 ¦Ìs,RX data,40,
660,1.533829 s,8.7 ¦Ìs,RX data,10,
661,1.53384 s,8.7 ¦Ìs,RX data,05,
662,1.533851 s,8.7 ¦Ìs,RX data,00,
663,1.533861 s,8.7 ¦Ìs,RX data,32,
664,1.533872 s,8.7 ¦Ìs,RX data,A4,
665,1.533883 s,8.7 ¦Ìs,RX data,08,
666,1.533894 s,8.7 ¦Ìs,RX data,80,
667,1.533905 s,8.7 ¦Ìs,RX data,44,
668,1.533916 s,8.7 ¦Ìs,RX data,20,
669,1.533926 s,8.7 ¦Ìs,RX data,83,
670,1.533937 s,8.7 ¦Ìs,RX data,5D,
671,1.533948 s,8.7 ¦Ìs,RX data,A8,
672,1.533959 s,8.7 ¦Ìs,RX data,FF,
673,1.53397 s,8.7 ¦Ìs,RX data,0B,
674,1.533981 s,8.7 ¦Ìs,RX data,35,
675,1.533991 s,8.7 ¦Ìs,RX data,AB,
676,1.534002 s,8.7 ¦Ìs,RX data,C1,
677,1.534013 s,8.7 ¦Ìs,RX data,0D,
678,1.534024 s,8.7 ¦Ìs,RX data,00,
679,1.534035 s,8.7 ¦Ìs,RX data,74,
680,1.534046 s,8.7 ¦Ìs,RX data,B2,
681,1.534056 s,8.7 ¦Ìs,RX data,06,
682,1.534067 s,8.7 ¦Ìs,RX data,47,
683,1.534078 s,8.7 ¦Ìs,RX data,76,
684,1.534089 s,8.7 ¦Ìs,RX data,4E,
685,1.5341 s,8.7 ¦Ìs,RX data,BE,
686,1.534111 s,8.7 ¦Ìs,RX data,FC,
687,1.534121 s,8.7 ¦Ìs,RX data,C9,
688,1.534132 s,8.7 ¦Ìs,RX data,59,
689,1.534143 s,8.7 ¦Ìs,RX data,28,
690,1.534154 s,8.7 ¦Ìs,RX data,AD,
691,1.534165 s,8.7 ¦Ìs,RX data,5F,
692,1.534176 s,8.7 ¦Ìs,RX data,AE,
693,1.534186 s,8.7 ¦Ìs,RX data,28,
694,1.534197 s,8.7 ¦Ìs,RX data,B1,
695,1.534208 s,8.7 ¦Ìs,RX data,2F,
696,1.534219 s,8.7 ¦Ìs,RX data,10,
697,1.53423 s,8.7 ¦Ìs,RX data,A1,
698,1.534241 s,8.7 ¦Ìs,RX data,60,
699,1.534251 s,8.7 ¦Ìs,RX data,54,
700,1.534262 s,8.7 ¦Ìs,RX data,08,
701,1.534273 s,8.7 ¦Ìs,RX data,00,
702,1.534284 s,8.7 ¦Ìs,RX data,28,
703,1.534295 s,8.7 ¦Ìs,RX data,FB,
704,1.534306 s,8.7 ¦Ìs,RX data,02,
705,1.534316 s,8.7 ¦Ìs,RX data,2B,
706,1.534327 s,8.7 ¦Ìs,RX data,11,
707,1.534338 s,8.7 ¦Ìs,RX data,FC,
708,1.534349 s,8.7 ¦Ìs,RX data,16,
709,1.53436 s,8.7 ¦Ìs,RX data,0F,
710,1.534371 s,8.7 ¦Ìs,RX data,14,
711,1.534381 s,8.7 ¦Ìs,RX data,20,
712,1.534392 s,8.7 ¦Ìs,RX data,78,
713,1.534403 s,8.7 ¦Ìs,RX data,69,
714,1.534414 s,8.7 ¦Ìs,RX data,BB,
715,1.534425 s,8.7 ¦Ìs,RX data,FF,
716,1.534436 s,8.7 ¦Ìs,RX data,44,
717,1.534446 s,8.7 ¦Ìs,RX data,00,
718,1.534457 s,8.7 ¦Ìs,RX data,00,
719,1.534468 s,8.7 ¦Ìs,RX data,1C,
720,1.534479 s,8.7 ¦Ìs,RX data,7E,
721,1.53449 s,8.7 ¦Ìs,RX data,45,
722,1.534501 s,8.7 ¦Ìs,RX data,90,
723,1.534511 s,8.7 ¦Ìs,RX data,6A,
724,1.534522 s,8.7 ¦Ìs,RX data,05,
725,1.534533 s,8.7 ¦Ìs,RX data,FC,
726,1.534544 s,8.7 ¦Ìs,RX data,64,
727,1.534555 s,8.7 ¦Ìs,RX data,A8,
728,1.534566 s,8.7 ¦Ìs,RX data,08,
729,1.534576 s,8.7 ¦Ìs,RX data,00,
730,1.534587 s,8.7 ¦Ìs,RX data,EB,
731,1.534598 s,8.7 ¦Ìs,RX data,29,
732,1.534609 s,8.7 ¦Ìs,RX data,B5,
733,1.53462 s,8.7 ¦Ìs,RX data,62,
734,1.534631 s,8.7 ¦Ìs,RX data,13,
735,1.534641 s,8.7 ¦Ìs,RX data,80,
736,1.534652 s,8.7 ¦Ìs,RX data,54,
737,1.534663 s,8.7 ¦Ìs,RX data,00,
738,1.534674 s,8.7 ¦Ìs,RX data,01,
739,1.534685 s,8.7 ¦Ìs,RX data,00,
740,1.534696 s,8.7 ¦Ìs,RX data,00,
741,1.534706 s,8.7 ¦Ìs,RX data,02,
742,1.534717 s,8.7 ¦Ìs,RX data,19,
743,1.534728 s,8.7 ¦Ìs,RX data,06,
744,1.534739 s,8.7 ¦Ìs,RX data,05,
745,1.53475 s,8.7 ¦Ìs,RX data,05,
746,1.534761 s,8.7 ¦Ìs,RX data,3B,
747,1.534771 s,8.7 ¦Ìs,RX data,00,
748,1.534782 s,8.7 ¦Ìs,RX data,04,
749,1.534793 s,8.7 ¦Ìs,RX data,00,
750,1.534804 s,8.7 ¦Ìs,RX data,5C,
751,1.534815 s,8.7 ¦Ìs,RX data,40,
752,1.534826 s,8.7 ¦Ìs,RX data,10,
753,1.534836 s,8.7 ¦Ìs,RX data,05,
754,1.534847 s,8.7 ¦Ìs,RX data,01,
755,1.534858 s,8.7 ¦Ìs,RX data,4B,
756,1.534869 s,8.7 ¦Ìs,RX data,C4,
757,1.53488 s,8.7 ¦Ìs,RX data,04,
758,1.534891 s,8.7 ¦Ìs,RX data,A5,
759,1.534901 s,8.7 ¦Ìs,RX data,CB,
760,1.534912 s,8.7 ¦Ìs,RX data,20,
761,1.534923 s,8.7 ¦Ìs,RX data,5D,
762,1.534934 s,8.7 ¦Ìs,RX data,DB,
763,1.534945 s,8.7 ¦Ìs,RX data,A6,
764,1.534956 s,8.7 ¦Ìs,RX data,FF,
765,1.534966 s,8.7 ¦Ìs,RX data,DA,
766,1.534977 s,8.7 ¦Ìs,RX data,C9,
767,1.534988 s,8.7 ¦Ìs,RX data,0D,
768,1.534999 s,8.7 ¦Ìs,RX data,D5,
769,1.53501 s,8.7 ¦Ìs,RX data,BB,
770,1.535021 s,8.7 ¦Ìs,RX data,D3,
771,1.535031 s,8.7 ¦Ìs,RX data,26,
772,1.535042 s,8.7 ¦Ìs,RX data,64,
773,1.535053 s,8.7 ¦Ìs,RX data,08,
774,1.535064 s,8.7 ¦Ìs,RX data,41,
775,1.535075 s,8.7 ¦Ìs,RX data,56,
776,1.535086 s,8.7 ¦Ìs,RX data,49,
777,1.535096 s,8.7 ¦Ìs,RX data,40,
778,1.535107 s,8.7 ¦Ìs,RX data,C5,
779,1.535118 s,8.7 ¦Ìs,RX data,14,
780,1.535129 s,8.7 ¦Ìs,RX data,55,
781,1.53514 s,8.7 ¦Ìs,RX data,27,
782,1.535151 s,8.7 ¦Ìs,RX data,48,
783,1.535161 s,8.7 ¦Ìs,RX data,A9,
784,1.535172 s,8.7 ¦Ìs,RX data,1F,
785,1.535183 s,8.7 ¦Ìs,RX data,D8,
786,1.535194 s,8.7 ¦Ìs,RX data,62,
787,1.535205 s,8.7 ¦Ìs,RX data,9C,
788,1.535216 s,8.7 ¦Ìs,RX data,0D,
789,1.535226 s,8.7 ¦Ìs,RX data,A1,
790,1.535237 s,8.7 ¦Ìs,RX data,E4,
791,1.535248 s,8.7 ¦Ìs,RX data,57,
792,1.535259 s,8.7 ¦Ìs,RX data,51,
793,1.53527 s,8.7 ¦Ìs,RX data,00,
794,1.535281 s,8.7 ¦Ìs,RX data,0B,
795,1.535291 s,8.7 ¦Ìs,RX data,FA,
796,1.535302 s,8.7 ¦Ìs,RX data,9B,
797,1.535313 s,8.7 ¦Ìs,RX data,2E,
798,1.535324 s,8.7 ¦Ìs,RX data,60,
799,1.535335 s,8.7 ¦Ìs,RX data,FB,
800,1.535346 s,8.7 ¦Ìs,RX data,60,
801,1.535356 s,8.7 ¦Ìs,RX data,10,
802,1.535367 s,8.7 ¦Ìs,RX data,68,
803,1.535378 s,8.7 ¦Ìs,RX data,1D,
804,1.535389 s,8.7 ¦Ìs,RX data,E4,
805,1.5354 s,8.7 ¦Ìs,RX data,57,
806,1.535411 s,8.7 ¦Ìs,RX data,5E,
807,1.535421 s,8.7 ¦Ìs,RX data,FF,
808,1.535432 s,8.7 ¦Ìs,RX data,5C,
809,1.535443 s,8.7 ¦Ìs,RX data,00,
810,1.535454 s,8.7 ¦Ìs,RX data,00,
811,1.535465 s,8.7 ¦Ìs,RX data,AE,
812,1.535476 s,8.7 ¦Ìs,RX data,7E,
813,1.535486 s,8.7 ¦Ìs,RX data,50,
814,1.535497 s,8.7 ¦Ìs,RX data,A3,
815,1.535508 s,8.7 ¦Ìs,RX data,FB,
816,1.535519 s,8.7 ¦Ìs,RX data,3A,
817,1.53553 s,8.7 ¦Ìs,RX data,00,
818,1.535541 s,8.7 ¦Ìs,RX data,96,
819,1.535551 s,8.7 ¦Ìs,RX data,08,
820,1.535562 s,8.7 ¦Ìs,RX data,0A,
821,1.535573 s,8.7 ¦Ìs,RX data,00,
822,1.535584 s,8.7 ¦Ìs,RX data,CC,
823,1.535595 s,8.7 ¦Ìs,RX data,DC,
824,1.535606 s,8.7 ¦Ìs,RX data,B5,
825,1.535616 s,8.7 ¦Ìs,RX data,62,
826,1.535627 s,8.7 ¦Ìs,RX data,13,
827,1.535638 s,8.7 ¦Ìs,RX data,80,
828,1.535649 s,8.7 ¦Ìs,RX data,54,
829,1.53566 s,8.7 ¦Ìs,RX data,00,
830,1.535671 s,8.7 ¦Ìs,RX data,01,
831,1.535681 s,8.7 ¦Ìs,RX data,00,
832,1.535692 s,8.7 ¦Ìs,RX data,00,
833,1.535703 s,8.7 ¦Ìs,RX data,03,
834,1.535714 s,8.7 ¦Ìs,RX data,19,
835,1.535725 s,8.7 ¦Ìs,RX data,06,
836,1.535736 s,8.7 ¦Ìs,RX data,05,
837,1.535746 s,8.7 ¦Ìs,RX data,05,
838,1.535757 s,8.7 ¦Ìs,RX data,3B,
839,1.535768 s,8.7 ¦Ìs,RX data,00,
840,1.535779 s,8.7 ¦Ìs,RX data,04,
841,1.53579 s,8.7 ¦Ìs,RX data,00,
842,1.535801 s,8.7 ¦Ìs,RX data,5C,
843,1.535811 s,8.7 ¦Ìs,RX data,40,
844,1.535822 s,8.7 ¦Ìs,RX data,10,
845,1.535833 s,8.7 ¦Ìs,RX data,05,
846,1.535844 s,8.7 ¦Ìs,RX data,02,
847,1.535855 s,8.7 ¦Ìs,RX data,2E,
848,1.535866 s,8.7 ¦Ìs,RX data,C4,
849,1.535876 s,8.7 ¦Ìs,RX data,04,
850,1.535887 s,8.7 ¦Ìs,RX data,0E,
851,1.535898 s,8.7 ¦Ìs,RX data,54,
852,1.535909 s,8.7 ¦Ìs,RX data,20,
853,1.53592 s,8.7 ¦Ìs,RX data,66,
854,1.535931 s,8.7 ¦Ìs,RX data,B7,
855,1.535941 s,8.7 ¦Ìs,RX data,AA,
856,1.535952 s,8.7 ¦Ìs,RX data,FF,
857,1.535963 s,8.7 ¦Ìs,RX data,03,
858,1.535974 s,8.7 ¦Ìs,RX data,DC,
859,1.535985 s,8.7 ¦Ìs,RX data,97,
860,1.535996 s,8.7 ¦Ìs,RX data,63,
861,1.536006 s,8.7 ¦Ìs,RX data,28,
862,1.536017 s,8.7 ¦Ìs,RX data,E8,
863,1.536028 s,8.7 ¦Ìs,RX data,4D,
864,1.536039 s,8.7 ¦Ìs,RX data,39,
865,1.53605 s,8.7 ¦Ìs,RX data,03,
866,1.536061 s,8.7 ¦Ìs,RX data,BB,
867,1.536071 s,8.7 ¦Ìs,RX data,4C,
868,1.536082 s,8.7 ¦Ìs,RX data,D7,
869,1.536093 s,8.7 ¦Ìs,RX data,6E,
870,1.536104 s,8.7 ¦Ìs,RX data,39,
871,1.536115 s,8.7 ¦Ìs,RX data,AE,
872,1.536126 s,8.7 ¦Ìs,RX data,56,
873,1.536136 s,8.7 ¦Ìs,RX data,28,
874,1.536147 s,8.7 ¦Ìs,RX data,5A,
875,1.536158 s,8.7 ¦Ìs,RX data,CD,
876,1.536169 s,8.7 ¦Ìs,RX data,B2,
877,1.53618 s,8.7 ¦Ìs,RX data,2F,
878,1.536191 s,8.7 ¦Ìs,RX data,F5,
879,1.536201 s,8.7 ¦Ìs,RX data,29,
880,1.536212 s,8.7 ¦Ìs,RX data,0E,
881,1.536223 s,8.7 ¦Ìs,RX data,A1,
882,1.536234 s,8.7 ¦Ìs,RX data,E4,
883,1.536245 s,8.7 ¦Ìs,RX data,57,
884,1.536256 s,8.7 ¦Ìs,RX data,04,
885,1.536266 s,8.7 ¦Ìs,RX data,00,
886,1.536277 s,8.7 ¦Ìs,RX data,C2,
887,1.536288 s,8.7 ¦Ìs,RX data,FF,
888,1.536299 s,8.7 ¦Ìs,RX data,3F,
889,1.53631 s,8.7 ¦Ìs,RX data,29,
890,1.536321 s,8.7 ¦Ìs,RX data,8C,
891,1.536331 s,8.7 ¦Ìs,RX data,FF,
892,1.536342 s,8.7 ¦Ìs,RX data,FD,
893,1.536353 s,8.7 ¦Ìs,RX data,12,
894,1.536364 s,8.7 ¦Ìs,RX data,44,
895,1.536375 s,8.7 ¦Ìs,RX data,1B,
896,1.538613 s,8.7 ¦Ìs,RX data,E4,
897,1.538624 s,8.7 ¦Ìs,RX data,57,
898,1.538635 s,8.7 ¦Ìs,RX data,E6,
899,1.538646 s,8.7 ¦Ìs,RX data,FF,
900,1.538656 s,8.7 ¦Ìs,RX data,13,
901,1.538667 s,8.7 ¦Ìs,RX data,00,
902,1.538678 s,8.7 ¦Ìs,RX data,00,
903,1.538689 s,8.7 ¦Ìs,RX data,22,
904,1.5387 s,8.7 ¦Ìs,RX data,44,
905,1.538711 s,8.7 ¦Ìs,RX data,50,
906,1.538721 s,8.7 ¦Ìs,RX data,F3,
907,1.538732 s,8.7 ¦Ìs,RX data,B3,
908,1.538743 s,8.7 ¦Ìs,RX data,16,
909,1.538754 s,8.7 ¦Ìs,RX data,00,
910,1.538765 s,8.7 ¦Ìs,RX data,5C,
911,1.538776 s,8.7 ¦Ìs,RX data,08,
912,1.538786 s,8.7 ¦Ìs,RX data,0A,
913,1.538797 s,8.7 ¦Ìs,RX data,00,
914,1.538808 s,8.7 ¦Ìs,RX data,B0,
915,1.538819 s,8.7 ¦Ìs,RX data,FF,
916,1.53883 s,8.7 ¦Ìs,RX data,B5,
917,1.538841 s,8.7 ¦Ìs,RX data,62,
918,1.538851 s,8.7 ¦Ìs,RX data,13,
919,1.538862 s,8.7 ¦Ìs,RX data,80,
920,1.538873 s,8.7 ¦Ìs,RX data,54,
921,1.538884 s,8.7 ¦Ìs,RX data,00,
922,1.538895 s,8.7 ¦Ìs,RX data,01,
923,1.538906 s,8.7 ¦Ìs,RX data,00,
924,1.538916 s,8.7 ¦Ìs,RX data,00,
925,1.538927 s,8.7 ¦Ìs,RX data,04,
926,1.538938 s,8.7 ¦Ìs,RX data,19,
927,1.538949 s,8.7 ¦Ìs,RX data,06,
928,1.53896 s,8.7 ¦Ìs,RX data,05,
929,1.538971 s,8.7 ¦Ìs,RX data,05,
930,1.538981 s,8.7 ¦Ìs,RX data,3B,
931,1.538992 s,8.7 ¦Ìs,RX data,00,
932,1.539003 s,8.7 ¦Ìs,RX data,04,
933,1.539014 s,8.7 ¦Ìs,RX data,00,
934,1.539025 s,8.7 ¦Ìs,RX data,5C,
935,1.539036 s,8.7 ¦Ìs,RX data,40,
936,1.539046 s,8.7 ¦Ìs,RX data,10,
937,1.539057 s,8.7 ¦Ìs,RX data,05,
938,1.539068 s,8.7 ¦Ìs,RX data,03,
939,1.539079 s,8.7 ¦Ìs,RX data,5C,
940,1.53909 s,8.7 ¦Ìs,RX data,C4,
941,1.539101 s,8.7 ¦Ìs,RX data,04,
942,1.539111 s,8.7 ¦Ìs,RX data,D1,
943,1.539122 s,8.7 ¦Ìs,RX data,AD,
944,1.539133 s,8.7 ¦Ìs,RX data,20,
945,1.539144 s,8.7 ¦Ìs,RX data,00,
946,1.539155 s,8.7 ¦Ìs,RX data,0A,
947,1.539166 s,8.7 ¦Ìs,RX data,A7,
948,1.539176 s,8.7 ¦Ìs,RX data,FF,
949,1.539187 s,8.7 ¦Ìs,RX data,F6,
950,1.539198 s,8.7 ¦Ìs,RX data,2E,
951,1.539209 s,8.7 ¦Ìs,RX data,D1,
952,1.53922 s,8.7 ¦Ìs,RX data,7D,
953,1.539231 s,8.7 ¦Ìs,RX data,9F,
954,1.539241 s,8.7 ¦Ìs,RX data,8B,
955,1.539252 s,8.7 ¦Ìs,RX data,32,
956,1.539263 s,8.7 ¦Ìs,RX data,AD,
957,1.539274 s,8.7 ¦Ìs,RX data,01,
958,1.539285 s,8.7 ¦Ìs,RX data,B1,
959,1.539296 s,8.7 ¦Ìs,RX data,2D,
960,1.539306 s,8.7 ¦Ìs,RX data,99,
961,1.539317 s,8.7 ¦Ìs,RX data,9A,
962,1.539328 s,8.7 ¦Ìs,RX data,2D,
963,1.539339 s,8.7 ¦Ìs,RX data,23,
964,1.53935 s,8.7 ¦Ìs,RX data,70,
965,1.539361 s,8.7 ¦Ìs,RX data,27,
966,1.539371 s,8.7 ¦Ìs,RX data,2C,
967,1.539382 s,8.7 ¦Ìs,RX data,24,
968,1.539393 s,8.7 ¦Ìs,RX data,7E,
969,1.539404 s,8.7 ¦Ìs,RX data,89,
970,1.539415 s,8.7 ¦Ìs,RX data,2A,
971,1.539426 s,8.7 ¦Ìs,RX data,E2,
972,1.539436 s,8.7 ¦Ìs,RX data,0C,
973,1.539447 s,8.7 ¦Ìs,RX data,A1,
974,1.539458 s,8.7 ¦Ìs,RX data,E4,
975,1.539469 s,8.7 ¦Ìs,RX data,57,
976,1.53948 s,8.7 ¦Ìs,RX data,28,
977,1.539491 s,8.7 ¦Ìs,RX data,00,
978,1.539501 s,8.7 ¦Ìs,RX data,A5,
979,1.539512 s,8.7 ¦Ìs,RX data,FD,
980,1.539523 s,8.7 ¦Ìs,RX data,01,
981,1.539534 s,8.7 ¦Ìs,RX data,34,
982,1.539545 s,8.7 ¦Ìs,RX data,B7,
983,1.539556 s,8.7 ¦Ìs,RX data,FD,
984,1.539566 s,8.7 ¦Ìs,RX data,7D,
985,1.539577 s,8.7 ¦Ìs,RX data,0C,
986,1.539588 s,8.7 ¦Ìs,RX data,18,
987,1.539599 s,8.7 ¦Ìs,RX data,22,
988,1.53961 s,8.7 ¦Ìs,RX data,E4,
989,1.539621 s,8.7 ¦Ìs,RX data,57,
990,1.539631 s,8.7 ¦Ìs,RX data,FA,
991,1.539642 s,8.7 ¦Ìs,RX data,FF,
992,1.539653 s,8.7 ¦Ìs,RX data,DF,
993,1.539664 s,8.7 ¦Ìs,RX data,FF,
994,1.539675 s,8.7 ¦Ìs,RX data,00,
995,1.539686 s,8.7 ¦Ìs,RX data,A6,
996,1.539696 s,8.7 ¦Ìs,RX data,41,
997,1.539707 s,8.7 ¦Ìs,RX data,50,
998,1.539718 s,8.7 ¦Ìs,RX data,26,
999,1.539729 s,8.7 ¦Ìs,RX data,D7,
1000,1.53974 s,8.7 ¦Ìs,RX data,12,
1001,1.539751 s,8.7 ¦Ìs,RX data,00,
1002,1.539761 s,8.7 ¦Ìs,RX data,B8,
1003,1.539772 s,8.7 ¦Ìs,RX data,0E,
1004,1.539783 s,8.7 ¦Ìs,RX data,0A,
1005,1.539794 s,8.7 ¦Ìs,RX data,00,
1006,1.539805 s,8.7 ¦Ìs,RX data,D7,
1007,1.539816 s,8.7 ¦Ìs,RX data,DF,
1008,1.539826 s,8.7 ¦Ìs,RX data,B5,
1009,1.539837 s,8.7 ¦Ìs,RX data,62,
1010,1.539848 s,8.7 ¦Ìs,RX data,13,
1011,1.539859 s,8.7 ¦Ìs,RX data,80,
1012,1.53987 s,8.7 ¦Ìs,RX data,54,
1013,1.539881 s,8.7 ¦Ìs,RX data,00,
1014,1.539891 s,8.7 ¦Ìs,RX data,01,
1015,1.539902 s,8.7 ¦Ìs,RX data,00,
1016,1.539913 s,8.7 ¦Ìs,RX data,00,
1017,1.539924 s,8.7 ¦Ìs,RX data,0A,
1018,1.539935 s,8.7 ¦Ìs,RX data,19,
1019,1.539946 s,8.7 ¦Ìs,RX data,06,
1020,1.539956 s,8.7 ¦Ìs,RX data,05,
1021,1.539967 s,8.7 ¦Ìs,RX data,05,
1022,1.539978 s,8.7 ¦Ìs,RX data,3B,
1023,1.539989 s,8.7 ¦Ìs,RX data,00,
1024,1.54 s,8.7 ¦Ìs,RX data,04,
1025,1.540011 s,8.7 ¦Ìs,RX data,00,
1026,1.540021 s,8.7 ¦Ìs,RX data,5C,
1027,1.540032 s,8.7 ¦Ìs,RX data,40,
1028,1.540043 s,8.7 ¦Ìs,RX data,10,
1029,1.540054 s,8.7 ¦Ìs,RX data,05,
1030,1.540065 s,8.7 ¦Ìs,RX data,09,
1031,1.540076 s,8.7 ¦Ìs,RX data,68,
1032,1.540086 s,8.7 ¦Ìs,RX data,C4,
1033,1.540097 s,8.7 ¦Ìs,RX data,04,
1034,1.540108 s,8.7 ¦Ìs,RX data,D7,
1035,1.540119 s,8.7 ¦Ìs,RX data,28,
1036,1.54013 s,8.7 ¦Ìs,RX data,20,
1037,1.540141 s,8.7 ¦Ìs,RX data,9C,
1038,1.540151 s,8.7 ¦Ìs,RX data,E1,
1039,1.540162 s,8.7 ¦Ìs,RX data,A9,
1040,1.540173 s,8.7 ¦Ìs,RX data,FF,
1041,1.540184 s,8.7 ¦Ìs,RX data,05,
1042,1.540195 s,8.7 ¦Ìs,RX data,92,
1043,1.540206 s,8.7 ¦Ìs,RX data,05,
1044,1.540216 s,8.7 ¦Ìs,RX data,39,
1045,1.540227 s,8.7 ¦Ìs,RX data,FD,
1046,1.540238 s,8.7 ¦Ìs,RX data,1F,
1047,1.540249 s,8.7 ¦Ìs,RX data,6D,
1048,1.54026 s,8.7 ¦Ìs,RX data,33,
1049,1.540271 s,8.7 ¦Ìs,RX data,05,
1050,1.540281 s,8.7 ¦Ìs,RX data,A0,
1051,1.540292 s,8.7 ¦Ìs,RX data,19,
1052,1.540303 s,8.7 ¦Ìs,RX data,BD,
1053,1.540314 s,8.7 ¦Ìs,RX data,6E,
1054,1.540325 s,8.7 ¦Ìs,RX data,88,
1055,1.540336 s,8.7 ¦Ìs,RX data,68,
1056,1.540346 s,8.7 ¦Ìs,RX data,52,
1057,1.540357 s,8.7 ¦Ìs,RX data,28,
1058,1.540368 s,8.7 ¦Ìs,RX data,33,
1059,1.540379 s,8.7 ¦Ìs,RX data,BC,
1060,1.54039 s,8.7 ¦Ìs,RX data,B8,
1061,1.540401 s,8.7 ¦Ìs,RX data,A1,
1062,1.540411 s,8.7 ¦Ìs,RX data,19,
1063,1.540422 s,8.7 ¦Ìs,RX data,38,
1064,1.540433 s,8.7 ¦Ìs,RX data,0D,
1065,1.540444 s,8.7 ¦Ìs,RX data,A1,
1066,1.540455 s,8.7 ¦Ìs,RX data,E4,
1067,1.540466 s,8.7 ¦Ìs,RX data,57,
1068,1.540476 s,8.7 ¦Ìs,RX data,9C,
1069,1.540487 s,8.7 ¦Ìs,RX data,FF,
1070,1.540498 s,8.7 ¦Ìs,RX data,84,
1071,1.540509 s,8.7 ¦Ìs,RX data,00,
1072,1.54052 s,8.7 ¦Ìs,RX data,E4,
1073,1.540531 s,8.7 ¦Ìs,RX data,29,
1074,1.540541 s,8.7 ¦Ìs,RX data,83,
1075,1.540552 s,8.7 ¦Ìs,RX data,00,
1076,1.540563 s,8.7 ¦Ìs,RX data,3D,
1077,1.540574 s,8.7 ¦Ìs,RX data,12,
1078,1.540585 s,8.7 ¦Ìs,RX data,DA,
1079,1.540596 s,8.7 ¦Ìs,RX data,1C,
1080,1.540606 s,8.7 ¦Ìs,RX data,E4,
1081,1.540617 s,8.7 ¦Ìs,RX data,57,
1082,1.540628 s,8.7 ¦Ìs,RX data,1B,
1083,1.540639 s,8.7 ¦Ìs,RX data,00,
1084,1.54065 s,8.7 ¦Ìs,RX data,67,
1085,1.540661 s,8.7 ¦Ìs,RX data,00,
1086,1.540671 s,8.7 ¦Ìs,RX data,00,
1087,1.540682 s,8.7 ¦Ìs,RX data,98,
1088,1.540693 s,8.7 ¦Ìs,RX data,44,
1089,1.540704 s,8.7 ¦Ìs,RX data,50,
1090,1.540715 s,8.7 ¦Ìs,RX data,91,
1091,1.540726 s,8.7 ¦Ìs,RX data,6E,
1092,1.540736 s,8.7 ¦Ìs,RX data,31,
1093,1.540747 s,8.7 ¦Ìs,RX data,00,
1094,1.540758 s,8.7 ¦Ìs,RX data,D0,
1095,1.540769 s,8.7 ¦Ìs,RX data,08,
1096,1.54078 s,8.7 ¦Ìs,RX data,0A,
1097,1.540791 s,8.7 ¦Ìs,RX data,00,
1098,1.540801 s,8.7 ¦Ìs,RX data,DD,
1099,1.540812 s,8.7 ¦Ìs,RX data,9F,
1100,1.540823 s,8.7 ¦Ìs,RX data,B5,
1101,1.540834 s,8.7 ¦Ìs,RX data,62,
1102,1.540845 s,8.7 ¦Ìs,RX data,13,
1103,1.540856 s,8.7 ¦Ìs,RX data,80,
1104,1.540866 s,8.7 ¦Ìs,RX data,54,
1105,1.540877 s,8.7 ¦Ìs,RX data,00,
1106,1.540888 s,8.7 ¦Ìs,RX data,01,
1107,1.540899 s,8.7 ¦Ìs,RX data,00,
1108,1.54091 s,8.7 ¦Ìs,RX data,00,
1109,1.540921 s,8.7 ¦Ìs,RX data,0C,
1110,1.540931 s,8.7 ¦Ìs,RX data,19,
1111,1.540942 s,8.7 ¦Ìs,RX data,06,
1112,1.540953 s,8.7 ¦Ìs,RX data,05,
1113,1.540964 s,8.7 ¦Ìs,RX data,05,
1114,1.540975 s,8.7 ¦Ìs,RX data,3B,
1115,1.540986 s,8.7 ¦Ìs,RX data,00,
1116,1.540996 s,8.7 ¦Ìs,RX data,04,
1117,1.541007 s,8.7 ¦Ìs,RX data,00,
1118,1.541018 s,8.7 ¦Ìs,RX data,5C,
1119,1.541029 s,8.7 ¦Ìs,RX data,40,
1120,1.54104 s,8.7 ¦Ìs,RX data,10,
1121,1.541051 s,8.7 ¦Ìs,RX data,05,
1122,1.541061 s,8.7 ¦Ìs,RX data,0B,
1123,1.541072 s,8.7 ¦Ìs,RX data,1F,
1124,1.541083 s,8.7 ¦Ìs,RX data,C4,
1125,1.541094 s,8.7 ¦Ìs,RX data,04,
1126,1.541105 s,8.7 ¦Ìs,RX data,EB,
1127,1.541116 s,8.7 ¦Ìs,RX data,67,
1128,1.541126 s,8.7 ¦Ìs,RX data,20,
1129,1.541137 s,8.7 ¦Ìs,RX data,5C,
1130,1.541148 s,8.7 ¦Ìs,RX data,90,
1131,1.541159 s,8.7 ¦Ìs,RX data,A6,
1132,1.54117 s,8.7 ¦Ìs,RX data,FF,
1133,1.541181 s,8.7 ¦Ìs,RX data,E5,
1134,1.541191 s,8.7 ¦Ìs,RX data,16,
1135,1.541202 s,8.7 ¦Ìs,RX data,03,
1136,1.541213 s,8.7 ¦Ìs,RX data,65,
1137,1.541224 s,8.7 ¦Ìs,RX data,1B,
1138,1.541235 s,8.7 ¦Ìs,RX data,76,
1139,1.541246 s,8.7 ¦Ìs,RX data,AF,
1140,1.541256 s,8.7 ¦Ìs,RX data,7D,
1141,1.541267 s,8.7 ¦Ìs,RX data,04,
1142,1.541278 s,8.7 ¦Ìs,RX data,A0,
1143,1.541289 s,8.7 ¦Ìs,RX data,1B,
1144,1.5413 s,8.7 ¦Ìs,RX data,48,
1145,1.541311 s,8.7 ¦Ìs,RX data,F1,
1146,1.541321 s,8.7 ¦Ìs,RX data,B4,
1147,1.541332 s,8.7 ¦Ìs,RX data,15,
1148,1.541343 s,8.7 ¦Ìs,RX data,22,
1149,1.541354 s,8.7 ¦Ìs,RX data,27,
1150,1.541365 s,8.7 ¦Ìs,RX data,45,
1151,1.541376 s,8.7 ¦Ìs,RX data,F0,
1152,1.543656 s,8.7 ¦Ìs,RX data,7C,
1153,1.543667 s,8.7 ¦Ìs,RX data,3D,
1154,1.543678 s,8.7 ¦Ìs,RX data,32,
1155,1.543689 s,8.7 ¦Ìs,RX data,7A,
1156,1.543699 s,8.7 ¦Ìs,RX data,0D,
1157,1.54371 s,8.7 ¦Ìs,RX data,A1,
1158,1.543721 s,8.7 ¦Ìs,RX data,E4,
1159,1.543732 s,8.7 ¦Ìs,RX data,57,
1160,1.543743 s,8.7 ¦Ìs,RX data,F2,
1161,1.543754 s,8.7 ¦Ìs,RX data,FF,
1162,1.543764 s,8.7 ¦Ìs,RX data,95,
1163,1.543775 s,8.7 ¦Ìs,RX data,07,
1164,1.543786 s,8.7 ¦Ìs,RX data,80,
1165,1.543797 s,8.7 ¦Ìs,RX data,31,
1166,1.543808 s,8.7 ¦Ìs,RX data,89,
1167,1.543819 s,8.7 ¦Ìs,RX data,06,
1168,1.543829 s,8.7 ¦Ìs,RX data,0D,
1169,1.54384 s,8.7 ¦Ìs,RX data,12,
1170,1.543851 s,8.7 ¦Ìs,RX data,EB,
1171,1.543862 s,8.7 ¦Ìs,RX data,1A,
1172,1.543873 s,8.7 ¦Ìs,RX data,E4,
1173,1.543884 s,8.7 ¦Ìs,RX data,57,
1174,1.543894 s,8.7 ¦Ìs,RX data,B1,
1175,1.543905 s,8.7 ¦Ìs,RX data,FF,
1176,1.543916 s,8.7 ¦Ìs,RX data,FB,
1177,1.543927 s,8.7 ¦Ìs,RX data,FF,
1178,1.543938 s,8.7 ¦Ìs,RX data,00,
1179,1.543949 s,8.7 ¦Ìs,RX data,5D,
1180,1.543959 s,8.7 ¦Ìs,RX data,7F,
1181,1.54397 s,8.7 ¦Ìs,RX data,50,
1182,1.543981 s,8.7 ¦Ìs,RX data,B0,
1183,1.543992 s,8.7 ¦Ìs,RX data,C0,
1184,1.544003 s,8.7 ¦Ìs,RX data,2C,
1185,1.544014 s,8.7 ¦Ìs,RX data,00,
1186,1.544024 s,8.7 ¦Ìs,RX data,3E,
1187,1.544035 s,8.7 ¦Ìs,RX data,08,
1188,1.544046 s,8.7 ¦Ìs,RX data,0A,
1189,1.544057 s,8.7 ¦Ìs,RX data,00,
1190,1.544068 s,8.7 ¦Ìs,RX data,9D,
1191,1.544079 s,8.7 ¦Ìs,RX data,6C,
1192,1.544089 s,8.7 ¦Ìs,RX data,B5,
1193,1.5441 s,8.7 ¦Ìs,RX data,62,
1194,1.544111 s,8.7 ¦Ìs,RX data,13,
1195,1.544122 s,8.7 ¦Ìs,RX data,80,
1196,1.544133 s,8.7 ¦Ìs,RX data,54,
1197,1.544144 s,8.7 ¦Ìs,RX data,00,
1198,1.544154 s,8.7 ¦Ìs,RX data,01,
1199,1.544165 s,8.7 ¦Ìs,RX data,00,
1200,1.544176 s,8.7 ¦Ìs,RX data,00,
1201,1.544187 s,8.7 ¦Ìs,RX data,11,
1202,1.544198 s,8.7 ¦Ìs,RX data,19,
1203,1.544209 s,8.7 ¦Ìs,RX data,06,
1204,1.544219 s,8.7 ¦Ìs,RX data,05,
1205,1.54423 s,8.7 ¦Ìs,RX data,05,
1206,1.544241 s,8.7 ¦Ìs,RX data,3B,
1207,1.544252 s,8.7 ¦Ìs,RX data,00,
1208,1.544263 s,8.7 ¦Ìs,RX data,04,
1209,1.544274 s,8.7 ¦Ìs,RX data,00,
1210,1.544284 s,8.7 ¦Ìs,RX data,5C,
1211,1.544295 s,8.7 ¦Ìs,RX data,40,
1212,1.544306 s,8.7 ¦Ìs,RX data,10,
1213,1.544317 s,8.7 ¦Ìs,RX data,05,
1214,1.544328 s,8.7 ¦Ìs,RX data,10,
1215,1.544339 s,8.7 ¦Ìs,RX data,B6,
1216,1.544349 s,8.7 ¦Ìs,RX data,C4,
1217,1.54436 s,8.7 ¦Ìs,RX data,04,
1218,1.544371 s,8.7 ¦Ìs,RX data,FA,
1219,1.544382 s,8.7 ¦Ìs,RX data,45,
1220,1.544393 s,8.7 ¦Ìs,RX data,20,
1221,1.544404 s,8.7 ¦Ìs,RX data,C5,
1222,1.544414 s,8.7 ¦Ìs,RX data,8B,
1223,1.544425 s,8.7 ¦Ìs,RX data,A6,
1224,1.544436 s,8.7 ¦Ìs,RX data,FF,
1225,1.544447 s,8.7 ¦Ìs,RX data,E8,
1226,1.544458 s,8.7 ¦Ìs,RX data,60,
1227,1.544469 s,8.7 ¦Ìs,RX data,48,
1228,1.544479 s,8.7 ¦Ìs,RX data,51,
1229,1.54449 s,8.7 ¦Ìs,RX data,AC,
1230,1.544501 s,8.7 ¦Ìs,RX data,63,
1231,1.544512 s,8.7 ¦Ìs,RX data,64,
1232,1.544523 s,8.7 ¦Ìs,RX data,AE,
1233,1.544534 s,8.7 ¦Ìs,RX data,06,
1234,1.544544 s,8.7 ¦Ìs,RX data,27,
1235,1.544555 s,8.7 ¦Ìs,RX data,5B,
1236,1.544566 s,8.7 ¦Ìs,RX data,83,
1237,1.544577 s,8.7 ¦Ìs,RX data,1B,
1238,1.544588 s,8.7 ¦Ìs,RX data,20,
1239,1.544599 s,8.7 ¦Ìs,RX data,F1,
1240,1.544609 s,8.7 ¦Ìs,RX data,40,
1241,1.54462 s,8.7 ¦Ìs,RX data,27,
1242,1.544631 s,8.7 ¦Ìs,RX data,42,
1243,1.544642 s,8.7 ¦Ìs,RX data,D0,
1244,1.544653 s,8.7 ¦Ìs,RX data,95,
1245,1.544664 s,8.7 ¦Ìs,RX data,CE,
1246,1.544674 s,8.7 ¦Ìs,RX data,49,
1247,1.544685 s,8.7 ¦Ìs,RX data,8D,
1248,1.544696 s,8.7 ¦Ìs,RX data,0D,
1249,1.544707 s,8.7 ¦Ìs,RX data,A1,
1250,1.544718 s,8.7 ¦Ìs,RX data,E4,
1251,1.544729 s,8.7 ¦Ìs,RX data,57,
1252,1.544739 s,8.7 ¦Ìs,RX data,67,
1253,1.54475 s,8.7 ¦Ìs,RX data,FF,
1254,1.544761 s,8.7 ¦Ìs,RX data,20,
1255,1.544772 s,8.7 ¦Ìs,RX data,03,
1256,1.544783 s,8.7 ¦Ìs,RX data,0F,
1257,1.544794 s,8.7 ¦Ìs,RX data,32,
1258,1.544804 s,8.7 ¦Ìs,RX data,FA,
1259,1.544815 s,8.7 ¦Ìs,RX data,02,
1260,1.544826 s,8.7 ¦Ìs,RX data,46,
1261,1.544837 s,8.7 ¦Ìs,RX data,08,
1262,1.544848 s,8.7 ¦Ìs,RX data,6C,
1263,1.544859 s,8.7 ¦Ìs,RX data,26,
1264,1.544869 s,8.7 ¦Ìs,RX data,E4,
1265,1.54488 s,8.7 ¦Ìs,RX data,57,
1266,1.544891 s,8.7 ¦Ìs,RX data,30,
1267,1.544902 s,8.7 ¦Ìs,RX data,00,
1268,1.544913 s,8.7 ¦Ìs,RX data,B7,
1269,1.544924 s,8.7 ¦Ìs,RX data,00,
1270,1.544934 s,8.7 ¦Ìs,RX data,00,
1271,1.544945 s,8.7 ¦Ìs,RX data,29,
1272,1.544956 s,8.7 ¦Ìs,RX data,7E,
1273,1.544967 s,8.7 ¦Ìs,RX data,50,
1274,1.544978 s,8.7 ¦Ìs,RX data,40,
1275,1.544989 s,8.7 ¦Ìs,RX data,28,
1276,1.544999 s,8.7 ¦Ìs,RX data,08,
1277,1.54501 s,8.7 ¦Ìs,RX data,00,
1278,1.545021 s,8.7 ¦Ìs,RX data,6C,
1279,1.545032 s,8.7 ¦Ìs,RX data,09,
1280,1.545043 s,8.7 ¦Ìs,RX data,0A,
1281,1.545054 s,8.7 ¦Ìs,RX data,00,
1282,1.545064 s,8.7 ¦Ìs,RX data,76,
1283,1.545075 s,8.7 ¦Ìs,RX data,09,
1284,1.545086 s,8.7 ¦Ìs,RX data,B5,
1285,1.545097 s,8.7 ¦Ìs,RX data,62,
1286,1.545108 s,8.7 ¦Ìs,RX data,13,
1287,1.545119 s,8.7 ¦Ìs,RX data,80,
1288,1.545129 s,8.7 ¦Ìs,RX data,54,
1289,1.54514 s,8.7 ¦Ìs,RX data,00,
1290,1.545151 s,8.7 ¦Ìs,RX data,01,
1291,1.545162 s,8.7 ¦Ìs,RX data,00,
1292,1.545173 s,8.7 ¦Ìs,RX data,00,
1293,1.545184 s,8.7 ¦Ìs,RX data,13,
1294,1.545194 s,8.7 ¦Ìs,RX data,19,
1295,1.545205 s,8.7 ¦Ìs,RX data,06,
1296,1.545216 s,8.7 ¦Ìs,RX data,05,
1297,1.545227 s,8.7 ¦Ìs,RX data,05,
1298,1.545238 s,8.7 ¦Ìs,RX data,3B,
1299,1.545249 s,8.7 ¦Ìs,RX data,00,
1300,1.545259 s,8.7 ¦Ìs,RX data,04,
1301,1.54527 s,8.7 ¦Ìs,RX data,00,
1302,1.545281 s,8.7 ¦Ìs,RX data,5C,
1303,1.545292 s,8.7 ¦Ìs,RX data,40,
1304,1.545303 s,8.7 ¦Ìs,RX data,10,
1305,1.545314 s,8.7 ¦Ìs,RX data,05,
1306,1.545324 s,8.7 ¦Ìs,RX data,12,
1307,1.545335 s,8.7 ¦Ìs,RX data,1B,
1308,1.545346 s,8.7 ¦Ìs,RX data,C4,
1309,1.545357 s,8.7 ¦Ìs,RX data,04,
1310,1.545368 s,8.7 ¦Ìs,RX data,AB,
1311,1.545379 s,8.7 ¦Ìs,RX data,58,
1312,1.545389 s,8.7 ¦Ìs,RX data,20,
1313,1.5454 s,8.7 ¦Ìs,RX data,CB,
1314,1.545411 s,8.7 ¦Ìs,RX data,F4,
1315,1.545422 s,8.7 ¦Ìs,RX data,A3,
1316,1.545433 s,8.7 ¦Ìs,RX data,FF,
1317,1.545444 s,8.7 ¦Ìs,RX data,DF,
1318,1.545454 s,8.7 ¦Ìs,RX data,02,
1319,1.545465 s,8.7 ¦Ìs,RX data,C8,
1320,1.545476 s,8.7 ¦Ìs,RX data,E1,
1321,1.545487 s,8.7 ¦Ìs,RX data,F7,
1322,1.545498 s,8.7 ¦Ìs,RX data,33,
1323,1.545509 s,8.7 ¦Ìs,RX data,6F,
1324,1.545519 s,8.7 ¦Ìs,RX data,6F,
1325,1.54553 s,8.7 ¦Ìs,RX data,05,
1326,1.545541 s,8.7 ¦Ìs,RX data,52,
1327,1.545552 s,8.7 ¦Ìs,RX data,3D,
1328,1.545563 s,8.7 ¦Ìs,RX data,4F,
1329,1.545574 s,8.7 ¦Ìs,RX data,1D,
1330,1.545584 s,8.7 ¦Ìs,RX data,EF,
1331,1.545595 s,8.7 ¦Ìs,RX data,89,
1332,1.545606 s,8.7 ¦Ìs,RX data,38,
1333,1.545617 s,8.7 ¦Ìs,RX data,27,
1334,1.545628 s,8.7 ¦Ìs,RX data,DC,
1335,1.545639 s,8.7 ¦Ìs,RX data,3B,
1336,1.545649 s,8.7 ¦Ìs,RX data,63,
1337,1.54566 s,8.7 ¦Ìs,RX data,71,
1338,1.545671 s,8.7 ¦Ìs,RX data,79,
1339,1.545682 s,8.7 ¦Ìs,RX data,11,
1340,1.545693 s,8.7 ¦Ìs,RX data,0D,
1341,1.545704 s,8.7 ¦Ìs,RX data,A1,
1342,1.545714 s,8.7 ¦Ìs,RX data,E4,
1343,1.545725 s,8.7 ¦Ìs,RX data,57,
1344,1.545736 s,8.7 ¦Ìs,RX data,1E,
1345,1.545747 s,8.7 ¦Ìs,RX data,00,
1346,1.545758 s,8.7 ¦Ìs,RX data,E3,
1347,1.545769 s,8.7 ¦Ìs,RX data,01,
1348,1.545779 s,8.7 ¦Ìs,RX data,38,
1349,1.54579 s,8.7 ¦Ìs,RX data,33,
1350,1.545801 s,8.7 ¦Ìs,RX data,46,
1351,1.545812 s,8.7 ¦Ìs,RX data,01,
1352,1.545823 s,8.7 ¦Ìs,RX data,BE,
1353,1.545834 s,8.7 ¦Ìs,RX data,08,
1354,1.545844 s,8.7 ¦Ìs,RX data,11,
1355,1.545855 s,8.7 ¦Ìs,RX data,26,
1356,1.545866 s,8.7 ¦Ìs,RX data,E4,
1357,1.545877 s,8.7 ¦Ìs,RX data,57,
1358,1.545888 s,8.7 ¦Ìs,RX data,80,
1359,1.545899 s,8.7 ¦Ìs,RX data,00,
1360,1.545909 s,8.7 ¦Ìs,RX data,B1,
1361,1.54592 s,8.7 ¦Ìs,RX data,FF,
1362,1.545931 s,8.7 ¦Ìs,RX data,00,
1363,1.545942 s,8.7 ¦Ìs,RX data,ED,
1364,1.545953 s,8.7 ¦Ìs,RX data,7D,
1365,1.545964 s,8.7 ¦Ìs,RX data,50,
1366,1.545974 s,8.7 ¦Ìs,RX data,5A,
1367,1.545985 s,8.7 ¦Ìs,RX data,CE,
1368,1.545996 s,8.7 ¦Ìs,RX data,14,
1369,1.546007 s,8.7 ¦Ìs,RX data,00,
1370,1.546018 s,8.7 ¦Ìs,RX data,36,
1371,1.546029 s,8.7 ¦Ìs,RX data,08,
1372,1.546039 s,8.7 ¦Ìs,RX data,0A,
1373,1.54605 s,8.7 ¦Ìs,RX data,00,
1374,1.546061 s,8.7 ¦Ìs,RX data,AE,
1375,1.546072 s,8.7 ¦Ìs,RX data,4D,
1376,1.546083 s,8.7 ¦Ìs,RX data,B5,
1377,1.546094 s,8.7 ¦Ìs,RX data,62,
1378,1.546104 s,8.7 ¦Ìs,RX data,13,
1379,1.546115 s,8.7 ¦Ìs,RX data,80,
1380,1.546126 s,8.7 ¦Ìs,RX data,54,
1381,1.546137 s,8.7 ¦Ìs,RX data,00,
1382,1.546148 s,8.7 ¦Ìs,RX data,01,
1383,1.546159 s,8.7 ¦Ìs,RX data,00,
1384,1.546169 s,8.7 ¦Ìs,RX data,00,
1385,1.54618 s,8.7 ¦Ìs,RX data,19,
1386,1.546191 s,8.7 ¦Ìs,RX data,19,
1387,1.546202 s,8.7 ¦Ìs,RX data,06,
1388,1.546213 s,8.7 ¦Ìs,RX data,05,
1389,1.546224 s,8.7 ¦Ìs,RX data,05,
1390,1.546234 s,8.7 ¦Ìs,RX data,3B,
1391,1.546245 s,8.7 ¦Ìs,RX data,00,
1392,1.546256 s,8.7 ¦Ìs,RX data,04,
1393,1.546267 s,8.7 ¦Ìs,RX data,00,
1394,1.546278 s,8.7 ¦Ìs,RX data,5C,
1395,1.546289 s,8.7 ¦Ìs,RX data,40,
1396,1.546299 s,8.7 ¦Ìs,RX data,10,
1397,1.54631 s,8.7 ¦Ìs,RX data,05,
1398,1.546321 s,8.7 ¦Ìs,RX data,18,
1399,1.546332 s,8.7 ¦Ìs,RX data,35,
1400,1.546343 s,8.7 ¦Ìs,RX data,C4,
1401,1.546354 s,8.7 ¦Ìs,RX data,04,
1402,1.546364 s,8.7 ¦Ìs,RX data,F5,
1403,1.546375 s,8.7 ¦Ìs,RX data,3E,
1404,1.546386 s,8.7 ¦Ìs,RX data,20,
1405,1.546397 s,8.7 ¦Ìs,RX data,D4,
1406,1.546408 s,8.7 ¦Ìs,RX data,6A,
1407,1.546419 s,8.7 ¦Ìs,RX data,A4,
1408,1.548789 s,8.7 ¦Ìs,RX data,FF,
1409,1.5488 s,8.7 ¦Ìs,RX data,0C,
1410,1.54881 s,8.7 ¦Ìs,RX data,18,
1411,1.548821 s,8.7 ¦Ìs,RX data,00,
1412,1.548832 s,8.7 ¦Ìs,RX data,6D,
1413,1.548843 s,8.7 ¦Ìs,RX data,18,
1414,1.548854 s,8.7 ¦Ìs,RX data,DF,
1415,1.548865 s,8.7 ¦Ìs,RX data,B4,
1416,1.548875 s,8.7 ¦Ìs,RX data,47,
1417,1.548886 s,8.7 ¦Ìs,RX data,06,
1418,1.548897 s,8.7 ¦Ìs,RX data,C7,
1419,1.548908 s,8.7 ¦Ìs,RX data,7D,
1420,1.548919 s,8.7 ¦Ìs,RX data,95,
1421,1.54893 s,8.7 ¦Ìs,RX data,ED,
1422,1.54894 s,8.7 ¦Ìs,RX data,6F,
1423,1.548951 s,8.7 ¦Ìs,RX data,47,
1424,1.548962 s,8.7 ¦Ìs,RX data,A6,
1425,1.548973 s,8.7 ¦Ìs,RX data,26,
1426,1.548984 s,8.7 ¦Ìs,RX data,84,
1427,1.548995 s,8.7 ¦Ìs,RX data,4B,
1428,1.549005 s,8.7 ¦Ìs,RX data,D4,
1429,1.549016 s,8.7 ¦Ìs,RX data,2D,
1430,1.549027 s,8.7 ¦Ìs,RX data,59,
1431,1.549038 s,8.7 ¦Ìs,RX data,00,
1432,1.549049 s,8.7 ¦Ìs,RX data,0D,
1433,1.54906 s,8.7 ¦Ìs,RX data,A1,
1434,1.54907 s,8.7 ¦Ìs,RX data,E4,
1435,1.549081 s,8.7 ¦Ìs,RX data,57,
1436,1.549092 s,8.7 ¦Ìs,RX data,F5,
1437,1.549103 s,8.7 ¦Ìs,RX data,FF,
1438,1.549114 s,8.7 ¦Ìs,RX data,A9,
1439,1.549125 s,8.7 ¦Ìs,RX data,07,
1440,1.549135 s,8.7 ¦Ìs,RX data,30,
1441,1.549146 s,8.7 ¦Ìs,RX data,35,
1442,1.549157 s,8.7 ¦Ìs,RX data,EF,
1443,1.549168 s,8.7 ¦Ìs,RX data,06,
1444,1.549179 s,8.7 ¦Ìs,RX data,45,
1445,1.54919 s,8.7 ¦Ìs,RX data,12,
1446,1.5492 s,8.7 ¦Ìs,RX data,CB,
1447,1.549211 s,8.7 ¦Ìs,RX data,19,
1448,1.549222 s,8.7 ¦Ìs,RX data,E4,
1449,1.549233 s,8.7 ¦Ìs,RX data,57,
1450,1.549244 s,8.7 ¦Ìs,RX data,A5,
1451,1.549255 s,8.7 ¦Ìs,RX data,FF,
1452,1.549265 s,8.7 ¦Ìs,RX data,2E,
1453,1.549276 s,8.7 ¦Ìs,RX data,00,
1454,1.549287 s,8.7 ¦Ìs,RX data,00,
1455,1.549298 s,8.7 ¦Ìs,RX data,A4,
1456,1.549309 s,8.7 ¦Ìs,RX data,7E,
1457,1.54932 s,8.7 ¦Ìs,RX data,50,
1458,1.54933 s,8.7 ¦Ìs,RX data,BB,
1459,1.549341 s,8.7 ¦Ìs,RX data,E6,
1460,1.549352 s,8.7 ¦Ìs,RX data,0F,
1461,1.549363 s,8.7 ¦Ìs,RX data,00,
1462,1.549374 s,8.7 ¦Ìs,RX data,6A,
1463,1.549385 s,8.7 ¦Ìs,RX data,08,
1464,1.549395 s,8.7 ¦Ìs,RX data,0A,
1465,1.549406 s,8.7 ¦Ìs,RX data,00,
1466,1.549417 s,8.7 ¦Ìs,RX data,2A,
1467,1.549428 s,8.7 ¦Ìs,RX data,EB,
1468,1.549439 s,8.7 ¦Ìs,RX data,B5,
1469,1.54945 s,8.7 ¦Ìs,RX data,62,
1470,1.54946 s,8.7 ¦Ìs,RX data,13,
1471,1.549471 s,8.7 ¦Ìs,RX data,80,
1472,1.549482 s,8.7 ¦Ìs,RX data,54,
1473,1.549493 s,8.7 ¦Ìs,RX data,00,
1474,1.549504 s,8.7 ¦Ìs,RX data,01,
1475,1.549515 s,8.7 ¦Ìs,RX data,00,
1476,1.549525 s,8.7 ¦Ìs,RX data,00,
1477,1.549536 s,8.7 ¦Ìs,RX data,1A,
1478,1.549547 s,8.7 ¦Ìs,RX data,19,
1479,1.549558 s,8.7 ¦Ìs,RX data,06,
1480,1.549569 s,8.7 ¦Ìs,RX data,05,
1481,1.54958 s,8.7 ¦Ìs,RX data,05,
1482,1.54959 s,8.7 ¦Ìs,RX data,3B,
1483,1.549601 s,8.7 ¦Ìs,RX data,00,
1484,1.549612 s,8.7 ¦Ìs,RX data,04,
1485,1.549623 s,8.7 ¦Ìs,RX data,00,
1486,1.549634 s,8.7 ¦Ìs,RX data,5C,
1487,1.549645 s,8.7 ¦Ìs,RX data,40,
1488,1.549655 s,8.7 ¦Ìs,RX data,10,
1489,1.549666 s,8.7 ¦Ìs,RX data,05,
1490,1.549677 s,8.7 ¦Ìs,RX data,19,
1491,1.549688 s,8.7 ¦Ìs,RX data,1D,
1492,1.549699 s,8.7 ¦Ìs,RX data,C4,
1493,1.54971 s,8.7 ¦Ìs,RX data,04,
1494,1.54972 s,8.7 ¦Ìs,RX data,6D,
1495,1.549731 s,8.7 ¦Ìs,RX data,0E,
1496,1.549742 s,8.7 ¦Ìs,RX data,20,
1497,1.549753 s,8.7 ¦Ìs,RX data,E2,
1498,1.549764 s,8.7 ¦Ìs,RX data,46,
1499,1.549775 s,8.7 ¦Ìs,RX data,A2,
1500,1.549785 s,8.7 ¦Ìs,RX data,FF,
1501,1.549796 s,8.7 ¦Ìs,RX data,0E,
1502,1.549807 s,8.7 ¦Ìs,RX data,60,
1503,1.549818 s,8.7 ¦Ìs,RX data,4A,
1504,1.549829 s,8.7 ¦Ìs,RX data,5C,
1505,1.54984 s,8.7 ¦Ìs,RX data,F5,
1506,1.54985 s,8.7 ¦Ìs,RX data,16,
1507,1.549861 s,8.7 ¦Ìs,RX data,E9,
1508,1.549872 s,8.7 ¦Ìs,RX data,20,
1509,1.549883 s,8.7 ¦Ìs,RX data,05,
1510,1.549894 s,8.7 ¦Ìs,RX data,70,
1511,1.549905 s,8.7 ¦Ìs,RX data,83,
1512,1.549915 s,8.7 ¦Ìs,RX data,C1,
1513,1.549926 s,8.7 ¦Ìs,RX data,EA,
1514,1.549937 s,8.7 ¦Ìs,RX data,27,
1515,1.549948 s,8.7 ¦Ìs,RX data,25,
1516,1.549959 s,8.7 ¦Ìs,RX data,DD,
1517,1.54997 s,8.7 ¦Ìs,RX data,25,
1518,1.54998 s,8.7 ¦Ìs,RX data,0E,
1519,1.549991 s,8.7 ¦Ìs,RX data,44,
1520,1.550002 s,8.7 ¦Ìs,RX data,B9,
1521,1.550013 s,8.7 ¦Ìs,RX data,19,
1522,1.550024 s,8.7 ¦Ìs,RX data,2E,
1523,1.550035 s,8.7 ¦Ìs,RX data,AC,
1524,1.550045 s,8.7 ¦Ìs,RX data,0C,
1525,1.550056 s,8.7 ¦Ìs,RX data,A1,
1526,1.550067 s,8.7 ¦Ìs,RX data,E3,
1527,1.550078 s,8.7 ¦Ìs,RX data,57,
1528,1.550089 s,8.7 ¦Ìs,RX data,81,
1529,1.5501 s,8.7 ¦Ìs,RX data,FF,
1530,1.55011 s,8.7 ¦Ìs,RX data,0D,
1531,1.550121 s,8.7 ¦Ìs,RX data,08,
1532,1.550132 s,8.7 ¦Ìs,RX data,CA,
1533,1.550143 s,8.7 ¦Ìs,RX data,39,
1534,1.550154 s,8.7 ¦Ìs,RX data,FD,
1535,1.550165 s,8.7 ¦Ìs,RX data,06,
1536,1.550175 s,8.7 ¦Ìs,RX data,33,
1537,1.550186 s,8.7 ¦Ìs,RX data,12,
1538,1.550197 s,8.7 ¦Ìs,RX data,2A,
1539,1.550208 s,8.7 ¦Ìs,RX data,18,
1540,1.550219 s,8.7 ¦Ìs,RX data,E3,
1541,1.55023 s,8.7 ¦Ìs,RX data,57,
1542,1.55024 s,8.7 ¦Ìs,RX data,1E,
1543,1.550251 s,8.7 ¦Ìs,RX data,00,
1544,1.550262 s,8.7 ¦Ìs,RX data,49,
1545,1.550273 s,8.7 ¦Ìs,RX data,00,
1546,1.550284 s,8.7 ¦Ìs,RX data,00,
1547,1.550295 s,8.7 ¦Ìs,RX data,34,
1548,1.550305 s,8.7 ¦Ìs,RX data,7F,
1549,1.550316 s,8.7 ¦Ìs,RX data,50,
1550,1.550327 s,8.7 ¦Ìs,RX data,ED,
1551,1.550338 s,8.7 ¦Ìs,RX data,2E,
1552,1.550349 s,8.7 ¦Ìs,RX data,37,
1553,1.55036 s,8.7 ¦Ìs,RX data,00,
1554,1.55037 s,8.7 ¦Ìs,RX data,3A,
1555,1.550381 s,8.7 ¦Ìs,RX data,08,
1556,1.550392 s,8.7 ¦Ìs,RX data,0A,
1557,1.550403 s,8.7 ¦Ìs,RX data,00,
1558,1.550414 s,8.7 ¦Ìs,RX data,DF,
1559,1.550425 s,8.7 ¦Ìs,RX data,59,
1560,1.550435 s,8.7 ¦Ìs,RX data,B5,
1561,1.550446 s,8.7 ¦Ìs,RX data,62,
1562,1.550457 s,8.7 ¦Ìs,RX data,13,
1563,1.550468 s,8.7 ¦Ìs,RX data,80,
1564,1.550479 s,8.7 ¦Ìs,RX data,54,
1565,1.55049 s,8.7 ¦Ìs,RX data,00,
1566,1.5505 s,8.7 ¦Ìs,RX data,01,
1567,1.550511 s,8.7 ¦Ìs,RX data,00,
1568,1.550522 s,8.7 ¦Ìs,RX data,00,
1569,1.550533 s,8.7 ¦Ìs,RX data,1C,
1570,1.550544 s,8.7 ¦Ìs,RX data,19,
1571,1.550555 s,8.7 ¦Ìs,RX data,06,
1572,1.550565 s,8.7 ¦Ìs,RX data,05,
1573,1.550576 s,8.7 ¦Ìs,RX data,05,
1574,1.550587 s,8.7 ¦Ìs,RX data,3B,
1575,1.550598 s,8.7 ¦Ìs,RX data,00,
1576,1.550609 s,8.7 ¦Ìs,RX data,04,
1577,1.55062 s,8.7 ¦Ìs,RX data,00,
1578,1.55063 s,8.7 ¦Ìs,RX data,5C,
1579,1.550641 s,8.7 ¦Ìs,RX data,40,
1580,1.550652 s,8.7 ¦Ìs,RX data,10,
1581,1.550663 s,8.7 ¦Ìs,RX data,05,
1582,1.550674 s,8.7 ¦Ìs,RX data,1B,
1583,1.550685 s,8.7 ¦Ìs,RX data,2F,
1584,1.550695 s,8.7 ¦Ìs,RX data,C4,
1585,1.550706 s,8.7 ¦Ìs,RX data,04,
1586,1.550717 s,8.7 ¦Ìs,RX data,F5,
1587,1.550728 s,8.7 ¦Ìs,RX data,02,
1588,1.550739 s,8.7 ¦Ìs,RX data,20,
1589,1.55075 s,8.7 ¦Ìs,RX data,DA,
1590,1.55076 s,8.7 ¦Ìs,RX data,C4,
1591,1.550771 s,8.7 ¦Ìs,RX data,A7,
1592,1.550782 s,8.7 ¦Ìs,RX data,FF,
1593,1.550793 s,8.7 ¦Ìs,RX data,EC,
1594,1.550804 s,8.7 ¦Ìs,RX data,60,
1595,1.550815 s,8.7 ¦Ìs,RX data,FB,
1596,1.550825 s,8.7 ¦Ìs,RX data,E1,
1597,1.550836 s,8.7 ¦Ìs,RX data,41,
1598,1.550847 s,8.7 ¦Ìs,RX data,A3,
1599,1.550858 s,8.7 ¦Ìs,RX data,32,
1600,1.550869 s,8.7 ¦Ìs,RX data,26,
1601,1.55088 s,8.7 ¦Ìs,RX data,00,
1602,1.55089 s,8.7 ¦Ìs,RX data,7D,
1603,1.550901 s,8.7 ¦Ìs,RX data,6C,
1604,1.550912 s,8.7 ¦Ìs,RX data,9B,
1605,1.550923 s,8.7 ¦Ìs,RX data,C2,
1606,1.550934 s,8.7 ¦Ìs,RX data,6F,
1607,1.550945 s,8.7 ¦Ìs,RX data,D9,
1608,1.550955 s,8.7 ¦Ìs,RX data,28,
1609,1.550966 s,8.7 ¦Ìs,RX data,27,
1610,1.550977 s,8.7 ¦Ìs,RX data,5E,
1611,1.550988 s,8.7 ¦Ìs,RX data,1D,
1612,1.550999 s,8.7 ¦Ìs,RX data,F6,
1613,1.55101 s,8.7 ¦Ìs,RX data,04,
1614,1.55102 s,8.7 ¦Ìs,RX data,E9,
1615,1.551031 s,8.7 ¦Ìs,RX data,F6,
1616,1.551042 s,8.7 ¦Ìs,RX data,0C,
1617,1.551053 s,8.7 ¦Ìs,RX data,A1,
1618,1.551064 s,8.7 ¦Ìs,RX data,E4,
1619,1.551075 s,8.7 ¦Ìs,RX data,57,
1620,1.551085 s,8.7 ¦Ìs,RX data,DB,
1621,1.551096 s,8.7 ¦Ìs,RX data,FF,
1622,1.551107 s,8.7 ¦Ìs,RX data,E3,
1623,1.551118 s,8.7 ¦Ìs,RX data,FC,
1624,1.551129 s,8.7 ¦Ìs,RX data,71,
1625,1.55114 s,8.7 ¦Ìs,RX data,33,
1626,1.55115 s,8.7 ¦Ìs,RX data,B0,
1627,1.551161 s,8.7 ¦Ìs,RX data,FD,
1628,1.551172 s,8.7 ¦Ìs,RX data,2E,
1629,1.551183 s,8.7 ¦Ìs,RX data,13,
1630,1.551194 s,8.7 ¦Ìs,RX data,5F,
1631,1.551205 s,8.7 ¦Ìs,RX data,19,
1632,1.551215 s,8.7 ¦Ìs,RX data,E4,
1633,1.551226 s,8.7 ¦Ìs,RX data,57,
1634,1.551237 s,8.7 ¦Ìs,RX data,3A,
1635,1.551248 s,8.7 ¦Ìs,RX data,00,
1636,1.551259 s,8.7 ¦Ìs,RX data,1B,
1637,1.55127 s,8.7 ¦Ìs,RX data,00,
1638,1.55128 s,8.7 ¦Ìs,RX data,00,
1639,1.551291 s,8.7 ¦Ìs,RX data,07,
1640,1.551302 s,8.7 ¦Ìs,RX data,7D,
1641,1.551313 s,8.7 ¦Ìs,RX data,50,
1642,1.551324 s,8.7 ¦Ìs,RX data,81,
1643,1.551335 s,8.7 ¦Ìs,RX data,AF,
1644,1.551345 s,8.7 ¦Ìs,RX data,2B,
1645,1.551356 s,8.7 ¦Ìs,RX data,00,
1646,1.551367 s,8.7 ¦Ìs,RX data,5E,
1647,1.551378 s,8.7 ¦Ìs,RX data,0E,
1648,1.551389 s,8.7 ¦Ìs,RX data,0A,
1649,1.5514 s,8.7 ¦Ìs,RX data,00,
1650,1.55141 s,8.7 ¦Ìs,RX data,FF,
1651,1.551421 s,8.7 ¦Ìs,RX data,19,
1652,1.551432 s,8.7 ¦Ìs,RX data,B5,
1653,1.551443 s,8.7 ¦Ìs,RX data,62,
1654,1.551454 s,8.7 ¦Ìs,RX data,13,
1655,1.551465 s,8.7 ¦Ìs,RX data,80,
1656,1.551475 s,8.7 ¦Ìs,RX data,54,
1657,1.551486 s,8.7 ¦Ìs,RX data,00,
1658,1.551497 s,8.7 ¦Ìs,RX data,01,
1659,1.551508 s,8.7 ¦Ìs,RX data,00,
1660,1.551519 s,8.7 ¦Ìs,RX data,00,
1661,1.55153 s,8.7 ¦Ìs,RX data,1F,
1662,1.55154 s,8.7 ¦Ìs,RX data,19,
1663,1.551551 s,8.7 ¦Ìs,RX data,06,
1664,1.553671 s,8.7 ¦Ìs,RX data,05,
1665,1.553682 s,8.7 ¦Ìs,RX data,05,
1666,1.553693 s,8.7 ¦Ìs,RX data,3B,
1667,1.553704 s,8.7 ¦Ìs,RX data,00,
1668,1.553715 s,8.7 ¦Ìs,RX data,04,
1669,1.553725 s,8.7 ¦Ìs,RX data,00,
1670,1.553736 s,8.7 ¦Ìs,RX data,5C,
1671,1.553747 s,8.7 ¦Ìs,RX data,40,
1672,1.553758 s,8.7 ¦Ìs,RX data,10,
1673,1.553769 s,8.7 ¦Ìs,RX data,05,
1674,1.55378 s,8.7 ¦Ìs,RX data,1E,
1675,1.55379 s,8.7 ¦Ìs,RX data,46,
1676,1.553801 s,8.7 ¦Ìs,RX data,C4,
1677,1.553812 s,8.7 ¦Ìs,RX data,04,
1678,1.553823 s,8.7 ¦Ìs,RX data,19,
1679,1.553834 s,8.7 ¦Ìs,RX data,92,
1680,1.553845 s,8.7 ¦Ìs,RX data,20,
1681,1.553855 s,8.7 ¦Ìs,RX data,03,
1682,1.553866 s,8.7 ¦Ìs,RX data,8F,
1683,1.553877 s,8.7 ¦Ìs,RX data,A5,
1684,1.553888 s,8.7 ¦Ìs,RX data,FF,
1685,1.553899 s,8.7 ¦Ìs,RX data,E3,
1686,1.55391 s,8.7 ¦Ìs,RX data,EA,
1687,1.55392 s,8.7 ¦Ìs,RX data,0E,
1688,1.553931 s,8.7 ¦Ìs,RX data,EB,
1689,1.553942 s,8.7 ¦Ìs,RX data,12,
1690,1.553953 s,8.7 ¦Ìs,RX data,6D,
1691,1.553964 s,8.7 ¦Ìs,RX data,6E,
1692,1.553975 s,8.7 ¦Ìs,RX data,69,
1693,1.553985 s,8.7 ¦Ìs,RX data,05,
1694,1.553996 s,8.7 ¦Ìs,RX data,3B,
1695,1.554007 s,8.7 ¦Ìs,RX data,C5,
1696,1.554018 s,8.7 ¦Ìs,RX data,B8,
1697,1.554029 s,8.7 ¦Ìs,RX data,C4,
1698,1.55404 s,8.7 ¦Ìs,RX data,8D,
1699,1.55405 s,8.7 ¦Ìs,RX data,4B,
1700,1.554061 s,8.7 ¦Ìs,RX data,DE,
1701,1.554072 s,8.7 ¦Ìs,RX data,26,
1702,1.554083 s,8.7 ¦Ìs,RX data,E4,
1703,1.554094 s,8.7 ¦Ìs,RX data,5E,
1704,1.554105 s,8.7 ¦Ìs,RX data,8B,
1705,1.554115 s,8.7 ¦Ìs,RX data,21,
1706,1.554126 s,8.7 ¦Ìs,RX data,C2,
1707,1.554137 s,8.7 ¦Ìs,RX data,65,
1708,1.554148 s,8.7 ¦Ìs,RX data,0D,
1709,1.554159 s,8.7 ¦Ìs,RX data,A1,
1710,1.55417 s,8.7 ¦Ìs,RX data,E4,
1711,1.55418 s,8.7 ¦Ìs,RX data,57,
1712,1.554191 s,8.7 ¦Ìs,RX data,0B,
1713,1.554202 s,8.7 ¦Ìs,RX data,00,
1714,1.554213 s,8.7 ¦Ìs,RX data,99,
1715,1.554224 s,8.7 ¦Ìs,RX data,FD,
1716,1.554235 s,8.7 ¦Ìs,RX data,0A,
1717,1.554245 s,8.7 ¦Ìs,RX data,35,
1718,1.554256 s,8.7 ¦Ìs,RX data,64,
1719,1.554267 s,8.7 ¦Ìs,RX data,FE,
1720,1.554278 s,8.7 ¦Ìs,RX data,CB,
1721,1.554289 s,8.7 ¦Ìs,RX data,13,
1722,1.5543 s,8.7 ¦Ìs,RX data,38,
1723,1.55431 s,8.7 ¦Ìs,RX data,18,
1724,1.554321 s,8.7 ¦Ìs,RX data,E4,
1725,1.554332 s,8.7 ¦Ìs,RX data,57,
1726,1.554343 s,8.7 ¦Ìs,RX data,EF,
1727,1.554354 s,8.7 ¦Ìs,RX data,FF,
1728,1.554365 s,8.7 ¦Ìs,RX data,35,
1729,1.554375 s,8.7 ¦Ìs,RX data,00,
1730,1.554386 s,8.7 ¦Ìs,RX data,00,
1731,1.554397 s,8.7 ¦Ìs,RX data,E1,
1732,1.554408 s,8.7 ¦Ìs,RX data,7B,
1733,1.554419 s,8.7 ¦Ìs,RX data,50,
1734,1.55443 s,8.7 ¦Ìs,RX data,42,
1735,1.55444 s,8.7 ¦Ìs,RX data,49,
1736,1.554451 s,8.7 ¦Ìs,RX data,39,
1737,1.554462 s,8.7 ¦Ìs,RX data,00,
1738,1.554473 s,8.7 ¦Ìs,RX data,8C,
1739,1.554484 s,8.7 ¦Ìs,RX data,08,
1740,1.554495 s,8.7 ¦Ìs,RX data,0A,
1741,1.554505 s,8.7 ¦Ìs,RX data,00,
1742,1.554516 s,8.7 ¦Ìs,RX data,A0,
1743,1.554527 s,8.7 ¦Ìs,RX data,5E,
1744,1.554538 s,8.7 ¦Ìs,RX data,B5,
1745,1.554549 s,8.7 ¦Ìs,RX data,62,
1746,1.55456 s,8.7 ¦Ìs,RX data,13,
1747,1.55457 s,8.7 ¦Ìs,RX data,80,
1748,1.554581 s,8.7 ¦Ìs,RX data,54,
1749,1.554592 s,8.7 ¦Ìs,RX data,00,
1750,1.554603 s,8.7 ¦Ìs,RX data,01,
1751,1.554614 s,8.7 ¦Ìs,RX data,00,
1752,1.554625 s,8.7 ¦Ìs,RX data,00,
1753,1.554635 s,8.7 ¦Ìs,RX data,20,
1754,1.554646 s,8.7 ¦Ìs,RX data,19,
1755,1.554657 s,8.7 ¦Ìs,RX data,06,
1756,1.554668 s,8.7 ¦Ìs,RX data,05,
1757,1.554679 s,8.7 ¦Ìs,RX data,05,
1758,1.55469 s,8.7 ¦Ìs,RX data,3B,
1759,1.5547 s,8.7 ¦Ìs,RX data,00,
1760,1.554711 s,8.7 ¦Ìs,RX data,04,
1761,1.554722 s,8.7 ¦Ìs,RX data,00,
1762,1.554733 s,8.7 ¦Ìs,RX data,5C,
1763,1.554744 s,8.7 ¦Ìs,RX data,40,
1764,1.554755 s,8.7 ¦Ìs,RX data,10,
1765,1.554765 s,8.7 ¦Ìs,RX data,05,
1766,1.554776 s,8.7 ¦Ìs,RX data,1F,
1767,1.554787 s,8.7 ¦Ìs,RX data,39,
1768,1.554798 s,8.7 ¦Ìs,RX data,C4,
1769,1.554809 s,8.7 ¦Ìs,RX data,04,
1770,1.55482 s,8.7 ¦Ìs,RX data,66,
1771,1.55483 s,8.7 ¦Ìs,RX data,D9,
1772,1.554841 s,8.7 ¦Ìs,RX data,20,
1773,1.554852 s,8.7 ¦Ìs,RX data,80,
1774,1.554863 s,8.7 ¦Ìs,RX data,E4,
1775,1.554874 s,8.7 ¦Ìs,RX data,A6,
1776,1.554885 s,8.7 ¦Ìs,RX data,FF,
1777,1.554895 s,8.7 ¦Ìs,RX data,02,
1778,1.554906 s,8.7 ¦Ìs,RX data,6E,
1779,1.554917 s,8.7 ¦Ìs,RX data,49,
1780,1.554928 s,8.7 ¦Ìs,RX data,39,
1781,1.554939 s,8.7 ¦Ìs,RX data,C8,
1782,1.55495 s,8.7 ¦Ìs,RX data,19,
1783,1.55496 s,8.7 ¦Ìs,RX data,E4,
1784,1.554971 s,8.7 ¦Ìs,RX data,62,
1785,1.554982 s,8.7 ¦Ìs,RX data,04,
1786,1.554993 s,8.7 ¦Ìs,RX data,E5,
1787,1.555004 s,8.7 ¦Ìs,RX data,98,
1788,1.555015 s,8.7 ¦Ìs,RX data,B6,
1789,1.555025 s,8.7 ¦Ìs,RX data,98,
1790,1.555036 s,8.7 ¦Ìs,RX data,D6,
1791,1.555047 s,8.7 ¦Ìs,RX data,87,
1792,1.555058 s,8.7 ¦Ìs,RX data,52,
1793,1.555069 s,8.7 ¦Ìs,RX data,27,
1794,1.55508 s,8.7 ¦Ìs,RX data,EA,
1795,1.55509 s,8.7 ¦Ìs,RX data,DD,
1796,1.555101 s,8.7 ¦Ìs,RX data,34,
1797,1.555112 s,8.7 ¦Ìs,RX data,AC,
1798,1.555123 s,8.7 ¦Ìs,RX data,2D,
1799,1.555134 s,8.7 ¦Ìs,RX data,E3,
1800,1.555145 s,8.7 ¦Ìs,RX data,0C,
1801,1.555155 s,8.7 ¦Ìs,RX data,A1,
1802,1.555166 s,8.7 ¦Ìs,RX data,E4,
1803,1.555177 s,8.7 ¦Ìs,RX data,57,
1804,1.555188 s,8.7 ¦Ìs,RX data,60,
1805,1.555199 s,8.7 ¦Ìs,RX data,00,
1806,1.55521 s,8.7 ¦Ìs,RX data,96,
1807,1.55522 s,8.7 ¦Ìs,RX data,FD,
1808,1.555231 s,8.7 ¦Ìs,RX data,6E,
1809,1.555242 s,8.7 ¦Ìs,RX data,34,
1810,1.555253 s,8.7 ¦Ìs,RX data,5A,
1811,1.555264 s,8.7 ¦Ìs,RX data,FE,
1812,1.555275 s,8.7 ¦Ìs,RX data,2F,
1813,1.555285 s,8.7 ¦Ìs,RX data,0C,
1814,1.555296 s,8.7 ¦Ìs,RX data,82,
1815,1.555307 s,8.7 ¦Ìs,RX data,21,
1816,1.555318 s,8.7 ¦Ìs,RX data,E4,
1817,1.555329 s,8.7 ¦Ìs,RX data,57,
1818,1.55534 s,8.7 ¦Ìs,RX data,39,
1819,1.55535 s,8.7 ¦Ìs,RX data,00,
1820,1.555361 s,8.7 ¦Ìs,RX data,4A,
1821,1.555372 s,8.7 ¦Ìs,RX data,00,
1822,1.555383 s,8.7 ¦Ìs,RX data,00,
1823,1.555394 s,8.7 ¦Ìs,RX data,F4,
1824,1.555405 s,8.7 ¦Ìs,RX data,41,
1825,1.555415 s,8.7 ¦Ìs,RX data,50,
1826,1.555426 s,8.7 ¦Ìs,RX data,3F,
1827,1.555437 s,8.7 ¦Ìs,RX data,D5,
1828,1.555448 s,8.7 ¦Ìs,RX data,31,
1829,1.555459 s,8.7 ¦Ìs,RX data,00,
1830,1.55547 s,8.7 ¦Ìs,RX data,72,
1831,1.55548 s,8.7 ¦Ìs,RX data,08,
1832,1.555491 s,8.7 ¦Ìs,RX data,0A,
1833,1.555502 s,8.7 ¦Ìs,RX data,00,
1834,1.555513 s,8.7 ¦Ìs,RX data,DD,
1835,1.555524 s,8.7 ¦Ìs,RX data,5D,
1836,1.555535 s,8.7 ¦Ìs,RX data,B5,
1837,1.555545 s,8.7 ¦Ìs,RX data,62,
1838,1.555556 s,8.7 ¦Ìs,RX data,13,
1839,1.555567 s,8.7 ¦Ìs,RX data,80,
1840,1.555578 s,8.7 ¦Ìs,RX data,58,
1841,1.555589 s,8.7 ¦Ìs,RX data,00,
1842,1.5556 s,8.7 ¦Ìs,RX data,01,
1843,1.55561 s,8.7 ¦Ìs,RX data,00,
1844,1.555621 s,8.7 ¦Ìs,RX data,02,
1845,1.555632 s,8.7 ¦Ìs,RX data,03,
1846,1.555643 s,8.7 ¦Ìs,RX data,19,
1847,1.555654 s,8.7 ¦Ìs,RX data,06,
1848,1.555665 s,8.7 ¦Ìs,RX data,05,
1849,1.555675 s,8.7 ¦Ìs,RX data,05,
1850,1.555686 s,8.7 ¦Ìs,RX data,3B,
1851,1.555697 s,8.7 ¦Ìs,RX data,00,
1852,1.555708 s,8.7 ¦Ìs,RX data,06,
1853,1.555719 s,8.7 ¦Ìs,RX data,00,
1854,1.55573 s,8.7 ¦Ìs,RX data,5C,
1855,1.55574 s,8.7 ¦Ìs,RX data,40,
1856,1.555751 s,8.7 ¦Ìs,RX data,10,
1857,1.555762 s,8.7 ¦Ìs,RX data,05,
1858,1.555773 s,8.7 ¦Ìs,RX data,49,
1859,1.555784 s,8.7 ¦Ìs,RX data,56,
1860,1.555795 s,8.7 ¦Ìs,RX data,C4,
1861,1.555805 s,8.7 ¦Ìs,RX data,04,
1862,1.555816 s,8.7 ¦Ìs,RX data,3E,
1863,1.555827 s,8.7 ¦Ìs,RX data,7C,
1864,1.555838 s,8.7 ¦Ìs,RX data,20,
1865,1.555849 s,8.7 ¦Ìs,RX data,D8,
1866,1.55586 s,8.7 ¦Ìs,RX data,1B,
1867,1.55587 s,8.7 ¦Ìs,RX data,33,
1868,1.555881 s,8.7 ¦Ìs,RX data,F5,
1869,1.555892 s,8.7 ¦Ìs,RX data,2B,
1870,1.555903 s,8.7 ¦Ìs,RX data,49,
1871,1.555914 s,8.7 ¦Ìs,RX data,DA,
1872,1.555925 s,8.7 ¦Ìs,RX data,36,
1873,1.555935 s,8.7 ¦Ìs,RX data,00,
1874,1.555946 s,8.7 ¦Ìs,RX data,C2,
1875,1.555957 s,8.7 ¦Ìs,RX data,EE,
1876,1.555968 s,8.7 ¦Ìs,RX data,C2,
1877,1.555979 s,8.7 ¦Ìs,RX data,9D,
1878,1.55599 s,8.7 ¦Ìs,RX data,E4,
1879,1.556 s,8.7 ¦Ìs,RX data,93,
1880,1.556011 s,8.7 ¦Ìs,RX data,4C,
1881,1.556022 s,8.7 ¦Ìs,RX data,27,
1882,1.556033 s,8.7 ¦Ìs,RX data,4E,
1883,1.556044 s,8.7 ¦Ìs,RX data,47,
1884,1.556055 s,8.7 ¦Ìs,RX data,15,
1885,1.556065 s,8.7 ¦Ìs,RX data,05,
1886,1.556076 s,8.7 ¦Ìs,RX data,F5,
1887,1.556087 s,8.7 ¦Ìs,RX data,DE,
1888,1.556098 s,8.7 ¦Ìs,RX data,04,
1889,1.556109 s,8.7 ¦Ìs,RX data,AA,
1890,1.55612 s,8.7 ¦Ìs,RX data,41,
1891,1.55613 s,8.7 ¦Ìs,RX data,15,
1892,1.556141 s,8.7 ¦Ìs,RX data,54,
1893,1.556152 s,8.7 ¦Ìs,RX data,00,
1894,1.556163 s,8.7 ¦Ìs,RX data,6C,
1895,1.556174 s,8.7 ¦Ìs,RX data,26,
1896,1.556185 s,8.7 ¦Ìs,RX data,70,
1897,1.556195 s,8.7 ¦Ìs,RX data,FC,
1898,1.556206 s,8.7 ¦Ìs,RX data,E4,
1899,1.556217 s,8.7 ¦Ìs,RX data,0A,
1900,1.556228 s,8.7 ¦Ìs,RX data,91,
1901,1.556239 s,8.7 ¦Ìs,RX data,1C,
1902,1.55625 s,8.7 ¦Ìs,RX data,99,
1903,1.55626 s,8.7 ¦Ìs,RX data,FB,
1904,1.556271 s,8.7 ¦Ìs,RX data,34,
1905,1.556282 s,8.7 ¦Ìs,RX data,17,
1906,1.556293 s,8.7 ¦Ìs,RX data,11,
1907,1.556304 s,8.7 ¦Ìs,RX data,00,
1908,1.556315 s,8.7 ¦Ìs,RX data,29,
1909,1.556325 s,8.7 ¦Ìs,RX data,00,
1910,1.556336 s,8.7 ¦Ìs,RX data,34,
1911,1.556347 s,8.7 ¦Ìs,RX data,57,
1912,1.556358 s,8.7 ¦Ìs,RX data,01,
1913,1.556369 s,8.7 ¦Ìs,RX data,00,
1914,1.55638 s,8.7 ¦Ìs,RX data,47,
1915,1.55639 s,8.7 ¦Ìs,RX data,9E,
1916,1.556401 s,8.7 ¦Ìs,RX data,CC,
1917,1.556412 s,8.7 ¦Ìs,RX data,7F,
1918,1.556423 s,8.7 ¦Ìs,RX data,63,
1919,1.556434 s,8.7 ¦Ìs,RX data,FF,
1920,1.558608 s,8.7 ¦Ìs,RX data,DF,
1921,1.558619 s,8.7 ¦Ìs,RX data,0A,
1922,1.55863 s,8.7 ¦Ìs,RX data,F7,
1923,1.558641 s,8.7 ¦Ìs,RX data,00,
1924,1.558652 s,8.7 ¦Ìs,RX data,01,
1925,1.558662 s,8.7 ¦Ìs,RX data,00,
1926,1.558673 s,8.7 ¦Ìs,RX data,41,
1927,1.558684 s,8.7 ¦Ìs,RX data,C0,
1928,1.558695 s,8.7 ¦Ìs,RX data,FF,
1929,1.558706 s,8.7 ¦Ìs,RX data,6B,
1930,1.558717 s,8.7 ¦Ìs,RX data,DB,
1931,1.558727 s,8.7 ¦Ìs,RX data,49,
1932,1.558738 s,8.7 ¦Ìs,RX data,B5,
1933,1.558749 s,8.7 ¦Ìs,RX data,62,
1934,1.55876 s,8.7 ¦Ìs,RX data,13,
1935,1.558771 s,8.7 ¦Ìs,RX data,80,
1936,1.558782 s,8.7 ¦Ìs,RX data,58,
1937,1.558792 s,8.7 ¦Ìs,RX data,00,
1938,1.558803 s,8.7 ¦Ìs,RX data,01,
1939,1.558814 s,8.7 ¦Ìs,RX data,00,
1940,1.558825 s,8.7 ¦Ìs,RX data,02,
1941,1.558836 s,8.7 ¦Ìs,RX data,05,
1942,1.558847 s,8.7 ¦Ìs,RX data,19,
1943,1.558857 s,8.7 ¦Ìs,RX data,06,
1944,1.558868 s,8.7 ¦Ìs,RX data,05,
1945,1.558879 s,8.7 ¦Ìs,RX data,05,
1946,1.55889 s,8.7 ¦Ìs,RX data,3B,
1947,1.558901 s,8.7 ¦Ìs,RX data,00,
1948,1.558912 s,8.7 ¦Ìs,RX data,06,
1949,1.558922 s,8.7 ¦Ìs,RX data,00,
1950,1.558933 s,8.7 ¦Ìs,RX data,5C,
1951,1.558944 s,8.7 ¦Ìs,RX data,40,
1952,1.558955 s,8.7 ¦Ìs,RX data,10,
1953,1.558966 s,8.7 ¦Ìs,RX data,05,
1954,1.558977 s,8.7 ¦Ìs,RX data,4B,
1955,1.558987 s,8.7 ¦Ìs,RX data,56,
1956,1.558998 s,8.7 ¦Ìs,RX data,C4,
1957,1.559009 s,8.7 ¦Ìs,RX data,04,
1958,1.55902 s,8.7 ¦Ìs,RX data,60,
1959,1.559031 s,8.7 ¦Ìs,RX data,38,
1960,1.559042 s,8.7 ¦Ìs,RX data,20,
1961,1.559052 s,8.7 ¦Ìs,RX data,18,
1962,1.559063 s,8.7 ¦Ìs,RX data,F1,
1963,1.559074 s,8.7 ¦Ìs,RX data,BD,
1964,1.559085 s,8.7 ¦Ìs,RX data,73,
1965,1.559096 s,8.7 ¦Ìs,RX data,67,
1966,1.559107 s,8.7 ¦Ìs,RX data,0E,
1967,1.559117 s,8.7 ¦Ìs,RX data,C7,
1968,1.559128 s,8.7 ¦Ìs,RX data,27,
1969,1.559139 s,8.7 ¦Ìs,RX data,00,
1970,1.55915 s,8.7 ¦Ìs,RX data,37,
1971,1.559161 s,8.7 ¦Ìs,RX data,00,
1972,1.559172 s,8.7 ¦Ìs,RX data,C3,
1973,1.559182 s,8.7 ¦Ìs,RX data,9D,
1974,1.559193 s,8.7 ¦Ìs,RX data,92,
1975,1.559204 s,8.7 ¦Ìs,RX data,B8,
1976,1.559215 s,8.7 ¦Ìs,RX data,4C,
1977,1.559226 s,8.7 ¦Ìs,RX data,27,
1978,1.559237 s,8.7 ¦Ìs,RX data,23,
1979,1.559247 s,8.7 ¦Ìs,RX data,DD,
1980,1.559258 s,8.7 ¦Ìs,RX data,69,
1981,1.559269 s,8.7 ¦Ìs,RX data,E9,
1982,1.55928 s,8.7 ¦Ìs,RX data,63,
1983,1.559291 s,8.7 ¦Ìs,RX data,E0,
1984,1.559302 s,8.7 ¦Ìs,RX data,04,
1985,1.559312 s,8.7 ¦Ìs,RX data,AA,
1986,1.559323 s,8.7 ¦Ìs,RX data,41,
1987,1.559334 s,8.7 ¦Ìs,RX data,15,
1988,1.559345 s,8.7 ¦Ìs,RX data,54,
1989,1.559356 s,8.7 ¦Ìs,RX data,00,
1990,1.559367 s,8.7 ¦Ìs,RX data,4C,
1991,1.559377 s,8.7 ¦Ìs,RX data,26,
1992,1.559388 s,8.7 ¦Ìs,RX data,51,
1993,1.559399 s,8.7 ¦Ìs,RX data,FC,
1994,1.55941 s,8.7 ¦Ìs,RX data,29,
1995,1.559421 s,8.7 ¦Ìs,RX data,0B,
1996,1.559432 s,8.7 ¦Ìs,RX data,5A,
1997,1.559442 s,8.7 ¦Ìs,RX data,1C,
1998,1.559453 s,8.7 ¦Ìs,RX data,03,
1999,1.559464 s,8.7 ¦Ìs,RX data,FB,
2000,1.559475 s,8.7 ¦Ìs,RX data,34,
2001,1.559486 s,8.7 ¦Ìs,RX data,17,
2002,1.559497 s,8.7 ¦Ìs,RX data,D4,
2003,1.559507 s,8.7 ¦Ìs,RX data,FF,
2004,1.559518 s,8.7 ¦Ìs,RX data,0F,
2005,1.559529 s,8.7 ¦Ìs,RX data,00,
2006,1.55954 s,8.7 ¦Ìs,RX data,34,
2007,1.559551 s,8.7 ¦Ìs,RX data,97,
2008,1.559562 s,8.7 ¦Ìs,RX data,01,
2009,1.559572 s,8.7 ¦Ìs,RX data,00,
2010,1.559583 s,8.7 ¦Ìs,RX data,A8,
2011,1.559594 s,8.7 ¦Ìs,RX data,6B,
2012,1.559605 s,8.7 ¦Ìs,RX data,F9,
2013,1.559616 s,8.7 ¦Ìs,RX data,04,
2014,1.559627 s,8.7 ¦Ìs,RX data,E0,
2015,1.559637 s,8.7 ¦Ìs,RX data,00,
2016,1.559648 s,8.7 ¦Ìs,RX data,C0,
2017,1.559659 s,8.7 ¦Ìs,RX data,0A,
2018,1.55967 s,8.7 ¦Ìs,RX data,58,
2019,1.559681 s,8.7 ¦Ìs,RX data,41,
2020,1.559692 s,8.7 ¦Ìs,RX data,01,
2021,1.559702 s,8.7 ¦Ìs,RX data,00,
2022,1.559713 s,8.7 ¦Ìs,RX data,EB,
2023,1.559724 s,8.7 ¦Ìs,RX data,C0,
2024,1.559735 s,8.7 ¦Ìs,RX data,FF,
2025,1.559746 s,8.7 ¦Ìs,RX data,6B,
2026,1.559757 s,8.7 ¦Ìs,RX data,D5,
2027,1.559767 s,8.7 ¦Ìs,RX data,5F,
2028,1.559778 s,8.7 ¦Ìs,RX data,B5,
2029,1.559789 s,8.7 ¦Ìs,RX data,62,
2030,1.5598 s,8.7 ¦Ìs,RX data,13,
2031,1.559811 s,8.7 ¦Ìs,RX data,80,
2032,1.559822 s,8.7 ¦Ìs,RX data,58,
2033,1.559832 s,8.7 ¦Ìs,RX data,00,
2034,1.559843 s,8.7 ¦Ìs,RX data,01,
2035,1.559854 s,8.7 ¦Ìs,RX data,00,
2036,1.559865 s,8.7 ¦Ìs,RX data,02,
2037,1.559876 s,8.7 ¦Ìs,RX data,08,
2038,1.559887 s,8.7 ¦Ìs,RX data,19,
2039,1.559897 s,8.7 ¦Ìs,RX data,06,
2040,1.559908 s,8.7 ¦Ìs,RX data,05,
2041,1.559919 s,8.7 ¦Ìs,RX data,05,
2042,1.55993 s,8.7 ¦Ìs,RX data,3B,
2043,1.559941 s,8.7 ¦Ìs,RX data,00,
2044,1.559952 s,8.7 ¦Ìs,RX data,06,
2045,1.559962 s,8.7 ¦Ìs,RX data,00,
2046,1.559973 s,8.7 ¦Ìs,RX data,5C,
2047,1.559984 s,8.7 ¦Ìs,RX data,40,
2048,1.559995 s,8.7 ¦Ìs,RX data,10,
2049,1.560006 s,8.7 ¦Ìs,RX data,05,
2050,1.560017 s,8.7 ¦Ìs,RX data,4E,
2051,1.560027 s,8.7 ¦Ìs,RX data,56,
2052,1.560038 s,8.7 ¦Ìs,RX data,C4,
2053,1.560049 s,8.7 ¦Ìs,RX data,04,
2054,1.56006 s,8.7 ¦Ìs,RX data,3F,
2055,1.560071 s,8.7 ¦Ìs,RX data,08,
2056,1.560082 s,8.7 ¦Ìs,RX data,20,
2057,1.560092 s,8.7 ¦Ìs,RX data,B2,
2058,1.560103 s,8.7 ¦Ìs,RX data,33,
2059,1.560114 s,8.7 ¦Ìs,RX data,43,
2060,1.560125 s,8.7 ¦Ìs,RX data,4F,
2061,1.560136 s,8.7 ¦Ìs,RX data,15,
2062,1.560147 s,8.7 ¦Ìs,RX data,25,
2063,1.560157 s,8.7 ¦Ìs,RX data,B8,
2064,1.560168 s,8.7 ¦Ìs,RX data,35,
2065,1.560179 s,8.7 ¦Ìs,RX data,00,
2066,1.56019 s,8.7 ¦Ìs,RX data,C2,
2067,1.560201 s,8.7 ¦Ìs,RX data,A8,
2068,1.560212 s,8.7 ¦Ìs,RX data,D2,
2069,1.560222 s,8.7 ¦Ìs,RX data,9D,
2070,1.560233 s,8.7 ¦Ìs,RX data,E2,
2071,1.560244 s,8.7 ¦Ìs,RX data,37,
2072,1.560255 s,8.7 ¦Ìs,RX data,89,
2073,1.560266 s,8.7 ¦Ìs,RX data,27,
2074,1.560277 s,8.7 ¦Ìs,RX data,C5,
2075,1.560287 s,8.7 ¦Ìs,RX data,73,
2076,1.560298 s,8.7 ¦Ìs,RX data,FC,
2077,1.560309 s,8.7 ¦Ìs,RX data,FB,
2078,1.56032 s,8.7 ¦Ìs,RX data,AE,
2079,1.560331 s,8.7 ¦Ìs,RX data,E0,
2080,1.560342 s,8.7 ¦Ìs,RX data,04,
2081,1.560352 s,8.7 ¦Ìs,RX data,AA,
2082,1.560363 s,8.7 ¦Ìs,RX data,41,
2083,1.560374 s,8.7 ¦Ìs,RX data,15,
2084,1.560385 s,8.7 ¦Ìs,RX data,54,
2085,1.560396 s,8.7 ¦Ìs,RX data,00,
2086,1.560407 s,8.7 ¦Ìs,RX data,E1,
2087,1.560417 s,8.7 ¦Ìs,RX data,25,
2088,1.560428 s,8.7 ¦Ìs,RX data,67,
2089,1.560439 s,8.7 ¦Ìs,RX data,FC,
2090,1.56045 s,8.7 ¦Ìs,RX data,A8,
2091,1.560461 s,8.7 ¦Ìs,RX data,0A,
2092,1.560472 s,8.7 ¦Ìs,RX data,E8,
2093,1.560482 s,8.7 ¦Ìs,RX data,1D,
2094,1.560493 s,8.7 ¦Ìs,RX data,B9,
2095,1.560504 s,8.7 ¦Ìs,RX data,FB,
2096,1.560515 s,8.7 ¦Ìs,RX data,34,
2097,1.560526 s,8.7 ¦Ìs,RX data,17,
2098,1.560537 s,8.7 ¦Ìs,RX data,08,
2099,1.560547 s,8.7 ¦Ìs,RX data,00,
2100,1.560558 s,8.7 ¦Ìs,RX data,FF,
2101,1.560569 s,8.7 ¦Ìs,RX data,FF,
2102,1.56058 s,8.7 ¦Ìs,RX data,34,
2103,1.560591 s,8.7 ¦Ìs,RX data,57,
2104,1.560602 s,8.7 ¦Ìs,RX data,F9,
2105,1.560612 s,8.7 ¦Ìs,RX data,00,
2106,1.560623 s,8.7 ¦Ìs,RX data,93,
2107,1.560634 s,8.7 ¦Ìs,RX data,D6,
2108,1.560645 s,8.7 ¦Ìs,RX data,82,
2109,1.560656 s,8.7 ¦Ìs,RX data,7F,
2110,1.560667 s,8.7 ¦Ìs,RX data,39,
2111,1.560677 s,8.7 ¦Ìs,RX data,FE,
2112,1.560688 s,8.7 ¦Ìs,RX data,DF,
2113,1.560699 s,8.7 ¦Ìs,RX data,0A,
2114,1.56071 s,8.7 ¦Ìs,RX data,CC,
2115,1.560721 s,8.7 ¦Ìs,RX data,40,
2116,1.560732 s,8.7 ¦Ìs,RX data,FA,
2117,1.560742 s,8.7 ¦Ìs,RX data,00,
2118,1.560753 s,8.7 ¦Ìs,RX data,07,
2119,1.560764 s,8.7 ¦Ìs,RX data,C1,
2120,1.560775 s,8.7 ¦Ìs,RX data,FF,
2121,1.560786 s,8.7 ¦Ìs,RX data,6B,
2122,1.560797 s,8.7 ¦Ìs,RX data,A4,
2123,1.560807 s,8.7 ¦Ìs,RX data,0B,
2124,1.560818 s,8.7 ¦Ìs,RX data,B5,
2125,1.560829 s,8.7 ¦Ìs,RX data,62,
2126,1.56084 s,8.7 ¦Ìs,RX data,13,
2127,1.560851 s,8.7 ¦Ìs,RX data,80,
2128,1.560862 s,8.7 ¦Ìs,RX data,58,
2129,1.560872 s,8.7 ¦Ìs,RX data,00,
2130,1.560883 s,8.7 ¦Ìs,RX data,01,
2131,1.560894 s,8.7 ¦Ìs,RX data,00,
2132,1.560905 s,8.7 ¦Ìs,RX data,02,
2133,1.560916 s,8.7 ¦Ìs,RX data,0D,
2134,1.560927 s,8.7 ¦Ìs,RX data,19,
2135,1.560937 s,8.7 ¦Ìs,RX data,06,
2136,1.560948 s,8.7 ¦Ìs,RX data,05,
2137,1.560959 s,8.7 ¦Ìs,RX data,05,
2138,1.56097 s,8.7 ¦Ìs,RX data,3B,
2139,1.560981 s,8.7 ¦Ìs,RX data,00,
2140,1.560992 s,8.7 ¦Ìs,RX data,06,
2141,1.561002 s,8.7 ¦Ìs,RX data,00,
2142,1.561013 s,8.7 ¦Ìs,RX data,5C,
2143,1.561024 s,8.7 ¦Ìs,RX data,40,
2144,1.561035 s,8.7 ¦Ìs,RX data,10,
2145,1.561046 s,8.7 ¦Ìs,RX data,05,
2146,1.561057 s,8.7 ¦Ìs,RX data,53,
2147,1.561067 s,8.7 ¦Ìs,RX data,56,
2148,1.561078 s,8.7 ¦Ìs,RX data,C4,
2149,1.561089 s,8.7 ¦Ìs,RX data,04,
2150,1.5611 s,8.7 ¦Ìs,RX data,B8,
2151,1.561111 s,8.7 ¦Ìs,RX data,FE,
2152,1.561122 s,8.7 ¦Ìs,RX data,20,
2153,1.561132 s,8.7 ¦Ìs,RX data,36,
2154,1.561143 s,8.7 ¦Ìs,RX data,84,
2155,1.561154 s,8.7 ¦Ìs,RX data,E1,
2156,1.561165 s,8.7 ¦Ìs,RX data,A9,
2157,1.561176 s,8.7 ¦Ìs,RX data,36,
2158,1.561187 s,8.7 ¦Ìs,RX data,E9,
2159,1.561197 s,8.7 ¦Ìs,RX data,3C,
2160,1.561208 s,8.7 ¦Ìs,RX data,18,
2161,1.561219 s,8.7 ¦Ìs,RX data,00,
2162,1.56123 s,8.7 ¦Ìs,RX data,23,
2163,1.561241 s,8.7 ¦Ìs,RX data,34,
2164,1.561252 s,8.7 ¦Ìs,RX data,C1,
2165,1.561262 s,8.7 ¦Ìs,RX data,48,
2166,1.561273 s,8.7 ¦Ìs,RX data,6F,
2167,1.561284 s,8.7 ¦Ìs,RX data,36,
2168,1.561295 s,8.7 ¦Ìs,RX data,B7,
2169,1.561306 s,8.7 ¦Ìs,RX data,28,
2170,1.561317 s,8.7 ¦Ìs,RX data,88,
2171,1.561327 s,8.7 ¦Ìs,RX data,6F,
2172,1.561338 s,8.7 ¦Ìs,RX data,C8,
2173,1.561349 s,8.7 ¦Ìs,RX data,0E,
2174,1.56136 s,8.7 ¦Ìs,RX data,7F,
2175,1.561371 s,8.7 ¦Ìs,RX data,E6,
2176,1.563671 s,8.7 ¦Ìs,RX data,04,
2177,1.563682 s,8.7 ¦Ìs,RX data,AA,
2178,1.563693 s,8.7 ¦Ìs,RX data,41,
2179,1.563704 s,8.7 ¦Ìs,RX data,15,
2180,1.563715 s,8.7 ¦Ìs,RX data,54,
2181,1.563725 s,8.7 ¦Ìs,RX data,00,
2182,1.563736 s,8.7 ¦Ìs,RX data,69,
2183,1.563747 s,8.7 ¦Ìs,RX data,19,
2184,1.563758 s,8.7 ¦Ìs,RX data,61,
2185,1.563769 s,8.7 ¦Ìs,RX data,F7,
2186,1.56378 s,8.7 ¦Ìs,RX data,BA,
2187,1.56379 s,8.7 ¦Ìs,RX data,11,
2188,1.563801 s,8.7 ¦Ìs,RX data,16,
2189,1.563812 s,8.7 ¦Ìs,RX data,16,
2190,1.563823 s,8.7 ¦Ìs,RX data,F5,
2191,1.563834 s,8.7 ¦Ìs,RX data,F4,
2192,1.563845 s,8.7 ¦Ìs,RX data,34,
2193,1.563855 s,8.7 ¦Ìs,RX data,17,
2194,1.563866 s,8.7 ¦Ìs,RX data,20,
2195,1.563877 s,8.7 ¦Ìs,RX data,00,
2196,1.563888 s,8.7 ¦Ìs,RX data,D5,
2197,1.563899 s,8.7 ¦Ìs,RX data,FF,
2198,1.56391 s,8.7 ¦Ìs,RX data,34,
2199,1.56392 s,8.7 ¦Ìs,RX data,17,
2200,1.563931 s,8.7 ¦Ìs,RX data,04,
2201,1.563942 s,8.7 ¦Ìs,RX data,00,
2202,1.563953 s,8.7 ¦Ìs,RX data,4E,
2203,1.563964 s,8.7 ¦Ìs,RX data,BF,
2204,1.563975 s,8.7 ¦Ìs,RX data,F6,
2205,1.563985 s,8.7 ¦Ìs,RX data,7F,
2206,1.563996 s,8.7 ¦Ìs,RX data,DC,
2207,1.564007 s,8.7 ¦Ìs,RX data,FF,
2208,1.564018 s,8.7 ¦Ìs,RX data,DF,
2209,1.564029 s,8.7 ¦Ìs,RX data,0A,
2210,1.56404 s,8.7 ¦Ìs,RX data,CF,
2211,1.56405 s,8.7 ¦Ìs,RX data,FD,
2212,1.564061 s,8.7 ¦Ìs,RX data,03,
2213,1.564072 s,8.7 ¦Ìs,RX data,00,
2214,1.564083 s,8.7 ¦Ìs,RX data,95,
2215,1.564094 s,8.7 ¦Ìs,RX data,C5,
2216,1.564105 s,8.7 ¦Ìs,RX data,FF,
2217,1.564115 s,8.7 ¦Ìs,RX data,6B,
2218,1.564126 s,8.7 ¦Ìs,RX data,A3,
2219,1.564137 s,8.7 ¦Ìs,RX data,8C,
2220,1.564148 s,8.7 ¦Ìs,RX data,B5,
2221,1.564159 s,8.7 ¦Ìs,RX data,62,
2222,1.56417 s,8.7 ¦Ìs,RX data,13,
2223,1.56418 s,8.7 ¦Ìs,RX data,80,
2224,1.564191 s,8.7 ¦Ìs,RX data,58,
2225,1.564202 s,8.7 ¦Ìs,RX data,00,
2226,1.564213 s,8.7 ¦Ìs,RX data,01,
2227,1.564224 s,8.7 ¦Ìs,RX data,00,
2228,1.564235 s,8.7 ¦Ìs,RX data,02,
2229,1.564245 s,8.7 ¦Ìs,RX data,0E,
2230,1.564256 s,8.7 ¦Ìs,RX data,19,
2231,1.564267 s,8.7 ¦Ìs,RX data,02,
2232,1.564278 s,8.7 ¦Ìs,RX data,1C,
2233,1.564289 s,8.7 ¦Ìs,RX data,07,
2234,1.5643 s,8.7 ¦Ìs,RX data,31,
2235,1.56431 s,8.7 ¦Ìs,RX data,00,
2236,1.564321 s,8.7 ¦Ìs,RX data,06,
2237,1.564332 s,8.7 ¦Ìs,RX data,00,
2238,1.564343 s,8.7 ¦Ìs,RX data,5C,
2239,1.564354 s,8.7 ¦Ìs,RX data,40,
2240,1.564365 s,8.7 ¦Ìs,RX data,10,
2241,1.564375 s,8.7 ¦Ìs,RX data,05,
2242,1.564386 s,8.7 ¦Ìs,RX data,54,
2243,1.564397 s,8.7 ¦Ìs,RX data,EC,
2244,1.564408 s,8.7 ¦Ìs,RX data,A7,
2245,1.564419 s,8.7 ¦Ìs,RX data,08,
2246,1.56443 s,8.7 ¦Ìs,RX data,FF,
2247,1.56444 s,8.7 ¦Ìs,RX data,D8,
2248,1.564451 s,8.7 ¦Ìs,RX data,20,
2249,1.564462 s,8.7 ¦Ìs,RX data,73,
2250,1.564473 s,8.7 ¦Ìs,RX data,A5,
2251,1.564484 s,8.7 ¦Ìs,RX data,86,
2252,1.564495 s,8.7 ¦Ìs,RX data,08,
2253,1.564505 s,8.7 ¦Ìs,RX data,4E,
2254,1.564516 s,8.7 ¦Ìs,RX data,C5,
2255,1.564527 s,8.7 ¦Ìs,RX data,21,
2256,1.564538 s,8.7 ¦Ìs,RX data,00,
2257,1.564549 s,8.7 ¦Ìs,RX data,53,
2258,1.56456 s,8.7 ¦Ìs,RX data,1F,
2259,1.56457 s,8.7 ¦Ìs,RX data,BF,
2260,1.564581 s,8.7 ¦Ìs,RX data,00,
2261,1.564592 s,8.7 ¦Ìs,RX data,72,
2262,1.564603 s,8.7 ¦Ìs,RX data,DA,
2263,1.564614 s,8.7 ¦Ìs,RX data,46,
2264,1.564625 s,8.7 ¦Ìs,RX data,27,
2265,1.564635 s,8.7 ¦Ìs,RX data,23,
2266,1.564646 s,8.7 ¦Ìs,RX data,F3,
2267,1.564657 s,8.7 ¦Ìs,RX data,FB,
2268,1.564668 s,8.7 ¦Ìs,RX data,91,
2269,1.564679 s,8.7 ¦Ìs,RX data,72,
2270,1.56469 s,8.7 ¦Ìs,RX data,B5,
2271,1.5647 s,8.7 ¦Ìs,RX data,2C,
2272,1.564711 s,8.7 ¦Ìs,RX data,4B,
2273,1.564722 s,8.7 ¦Ìs,RX data,A5,
2274,1.564733 s,8.7 ¦Ìs,RX data,33,
2275,1.564744 s,8.7 ¦Ìs,RX data,35,
2276,1.564755 s,8.7 ¦Ìs,RX data,53,
2277,1.564765 s,8.7 ¦Ìs,RX data,35,
2278,1.564776 s,8.7 ¦Ìs,RX data,63,
2279,1.564787 s,8.7 ¦Ìs,RX data,2D,
2280,1.564798 s,8.7 ¦Ìs,RX data,EC,
2281,1.564809 s,8.7 ¦Ìs,RX data,13,
2282,1.56482 s,8.7 ¦Ìs,RX data,90,
2283,1.56483 s,8.7 ¦Ìs,RX data,15,
2284,1.564841 s,8.7 ¦Ìs,RX data,FB,
2285,1.564852 s,8.7 ¦Ìs,RX data,09,
2286,1.564863 s,8.7 ¦Ìs,RX data,8C,
2287,1.564874 s,8.7 ¦Ìs,RX data,16,
2288,1.564885 s,8.7 ¦Ìs,RX data,42,
2289,1.564895 s,8.7 ¦Ìs,RX data,1D,
2290,1.564906 s,8.7 ¦Ìs,RX data,B8,
2291,1.564917 s,8.7 ¦Ìs,RX data,FA,
2292,1.564928 s,8.7 ¦Ìs,RX data,08,
2293,1.564939 s,8.7 ¦Ìs,RX data,04,
2294,1.56495 s,8.7 ¦Ìs,RX data,42,
2295,1.56496 s,8.7 ¦Ìs,RX data,5D,
2296,1.564971 s,8.7 ¦Ìs,RX data,FB,
2297,1.564982 s,8.7 ¦Ìs,RX data,00,
2298,1.564993 s,8.7 ¦Ìs,RX data,94,
2299,1.565004 s,8.7 ¦Ìs,RX data,7F,
2300,1.565015 s,8.7 ¦Ìs,RX data,B5,
2301,1.565025 s,8.7 ¦Ìs,RX data,00,
2302,1.565036 s,8.7 ¦Ìs,RX data,DA,
2303,1.565047 s,8.7 ¦Ìs,RX data,0E,
2304,1.565058 s,8.7 ¦Ìs,RX data,80,
2305,1.565069 s,8.7 ¦Ìs,RX data,7D,
2306,1.56508 s,8.7 ¦Ìs,RX data,06,
2307,1.56509 s,8.7 ¦Ìs,RX data,40,
2308,1.565101 s,8.7 ¦Ìs,RX data,FC,
2309,1.565112 s,8.7 ¦Ìs,RX data,00,
2310,1.565123 s,8.7 ¦Ìs,RX data,E6,
2311,1.565134 s,8.7 ¦Ìs,RX data,BF,
2312,1.565145 s,8.7 ¦Ìs,RX data,FF,
2313,1.565155 s,8.7 ¦Ìs,RX data,FF,
2314,1.565166 s,8.7 ¦Ìs,RX data,C4,
2315,1.565177 s,8.7 ¦Ìs,RX data,B5,
2316,1.565188 s,8.7 ¦Ìs,RX data,B5,
2317,1.565199 s,8.7 ¦Ìs,RX data,62,
2318,1.56521 s,8.7 ¦Ìs,RX data,13,
2319,1.56522 s,8.7 ¦Ìs,RX data,80,
2320,1.565231 s,8.7 ¦Ìs,RX data,58,
2321,1.565242 s,8.7 ¦Ìs,RX data,00,
2322,1.565253 s,8.7 ¦Ìs,RX data,01,
2323,1.565264 s,8.7 ¦Ìs,RX data,00,
2324,1.565275 s,8.7 ¦Ìs,RX data,02,
2325,1.565285 s,8.7 ¦Ìs,RX data,18,
2326,1.565296 s,8.7 ¦Ìs,RX data,19,
2327,1.565307 s,8.7 ¦Ìs,RX data,06,
2328,1.565318 s,8.7 ¦Ìs,RX data,05,
2329,1.565329 s,8.7 ¦Ìs,RX data,05,
2330,1.56534 s,8.7 ¦Ìs,RX data,3B,
2331,1.56535 s,8.7 ¦Ìs,RX data,00,
2332,1.565361 s,8.7 ¦Ìs,RX data,06,
2333,1.565372 s,8.7 ¦Ìs,RX data,00,
2334,1.565383 s,8.7 ¦Ìs,RX data,5C,
2335,1.565394 s,8.7 ¦Ìs,RX data,40,
2336,1.565405 s,8.7 ¦Ìs,RX data,10,
2337,1.565415 s,8.7 ¦Ìs,RX data,05,
2338,1.565426 s,8.7 ¦Ìs,RX data,5E,
2339,1.565437 s,8.7 ¦Ìs,RX data,56,
2340,1.565448 s,8.7 ¦Ìs,RX data,C4,
2341,1.565459 s,8.7 ¦Ìs,RX data,04,
2342,1.56547 s,8.7 ¦Ìs,RX data,D4,
2343,1.56548 s,8.7 ¦Ìs,RX data,F1,
2344,1.565491 s,8.7 ¦Ìs,RX data,20,
2345,1.565502 s,8.7 ¦Ìs,RX data,52,
2346,1.565513 s,8.7 ¦Ìs,RX data,52,
2347,1.565524 s,8.7 ¦Ìs,RX data,3A,
2348,1.565535 s,8.7 ¦Ìs,RX data,ED,
2349,1.565545 s,8.7 ¦Ìs,RX data,F4,
2350,1.565556 s,8.7 ¦Ìs,RX data,2C,
2351,1.565567 s,8.7 ¦Ìs,RX data,C6,
2352,1.565578 s,8.7 ¦Ìs,RX data,3D,
2353,1.565589 s,8.7 ¦Ìs,RX data,00,
2354,1.5656 s,8.7 ¦Ìs,RX data,D8,
2355,1.56561 s,8.7 ¦Ìs,RX data,81,
2356,1.565621 s,8.7 ¦Ìs,RX data,75,
2357,1.565632 s,8.7 ¦Ìs,RX data,F3,
2358,1.565643 s,8.7 ¦Ìs,RX data,31,
2359,1.565654 s,8.7 ¦Ìs,RX data,8D,
2360,1.565665 s,8.7 ¦Ìs,RX data,2C,
2361,1.565675 s,8.7 ¦Ìs,RX data,27,
2362,1.565686 s,8.7 ¦Ìs,RX data,1F,
2363,1.565697 s,8.7 ¦Ìs,RX data,DB,
2364,1.565708 s,8.7 ¦Ìs,RX data,3D,
2365,1.565719 s,8.7 ¦Ìs,RX data,26,
2366,1.56573 s,8.7 ¦Ìs,RX data,BE,
2367,1.56574 s,8.7 ¦Ìs,RX data,F5,
2368,1.565751 s,8.7 ¦Ìs,RX data,04,
2369,1.565762 s,8.7 ¦Ìs,RX data,AA,
2370,1.565773 s,8.7 ¦Ìs,RX data,41,
2371,1.565784 s,8.7 ¦Ìs,RX data,15,
2372,1.565795 s,8.7 ¦Ìs,RX data,54,
2373,1.565805 s,8.7 ¦Ìs,RX data,00,
2374,1.565816 s,8.7 ¦Ìs,RX data,26,
2375,1.565827 s,8.7 ¦Ìs,RX data,23,
2376,1.565838 s,8.7 ¦Ìs,RX data,7F,
2377,1.565849 s,8.7 ¦Ìs,RX data,0A,
2378,1.56586 s,8.7 ¦Ìs,RX data,6B,
2379,1.56587 s,8.7 ¦Ìs,RX data,10,
2380,1.565881 s,8.7 ¦Ìs,RX data,43,
2381,1.565892 s,8.7 ¦Ìs,RX data,15,
2382,1.565903 s,8.7 ¦Ìs,RX data,13,
2383,1.565914 s,8.7 ¦Ìs,RX data,0D,
2384,1.565925 s,8.7 ¦Ìs,RX data,34,
2385,1.565935 s,8.7 ¦Ìs,RX data,17,
2386,1.565946 s,8.7 ¦Ìs,RX data,0F,
2387,1.565957 s,8.7 ¦Ìs,RX data,00,
2388,1.565968 s,8.7 ¦Ìs,RX data,19,
2389,1.565979 s,8.7 ¦Ìs,RX data,00,
2390,1.56599 s,8.7 ¦Ìs,RX data,34,
2391,1.566 s,8.7 ¦Ìs,RX data,D7,
2392,1.566011 s,8.7 ¦Ìs,RX data,F8,
2393,1.566022 s,8.7 ¦Ìs,RX data,00,
2394,1.566033 s,8.7 ¦Ìs,RX data,23,
2395,1.566044 s,8.7 ¦Ìs,RX data,8C,
2396,1.566055 s,8.7 ¦Ìs,RX data,7D,
2397,1.566065 s,8.7 ¦Ìs,RX data,7E,
2398,1.566076 s,8.7 ¦Ìs,RX data,1C,
2399,1.566087 s,8.7 ¦Ìs,RX data,FA,
2400,1.566098 s,8.7 ¦Ìs,RX data,DF,
2401,1.566109 s,8.7 ¦Ìs,RX data,0A,
2402,1.56612 s,8.7 ¦Ìs,RX data,2C,
2403,1.56613 s,8.7 ¦Ìs,RX data,00,
2404,1.566141 s,8.7 ¦Ìs,RX data,FA,
2405,1.566152 s,8.7 ¦Ìs,RX data,00,
2406,1.566163 s,8.7 ¦Ìs,RX data,35,
2407,1.566174 s,8.7 ¦Ìs,RX data,C2,
2408,1.566185 s,8.7 ¦Ìs,RX data,FF,
2409,1.566195 s,8.7 ¦Ìs,RX data,6B,
2410,1.566206 s,8.7 ¦Ìs,RX data,15,
2411,1.566217 s,8.7 ¦Ìs,RX data,FE,
2412,1.566228 s,8.7 ¦Ìs,RX data,B5,
2413,1.566239 s,8.7 ¦Ìs,RX data,62,
2414,1.56625 s,8.7 ¦Ìs,RX data,13,
2415,1.56626 s,8.7 ¦Ìs,RX data,80,
2416,1.566271 s,8.7 ¦Ìs,RX data,58,
2417,1.566282 s,8.7 ¦Ìs,RX data,00,
2418,1.566293 s,8.7 ¦Ìs,RX data,01,
2419,1.566304 s,8.7 ¦Ìs,RX data,00,
2420,1.566315 s,8.7 ¦Ìs,RX data,02,
2421,1.566325 s,8.7 ¦Ìs,RX data,19,
2422,1.566336 s,8.7 ¦Ìs,RX data,19,
2423,1.566347 s,8.7 ¦Ìs,RX data,06,
2424,1.566358 s,8.7 ¦Ìs,RX data,05,
2425,1.566369 s,8.7 ¦Ìs,RX data,05,
2426,1.56638 s,8.7 ¦Ìs,RX data,3B,
2427,1.56639 s,8.7 ¦Ìs,RX data,00,
2428,1.566401 s,8.7 ¦Ìs,RX data,06,
2429,1.566412 s,8.7 ¦Ìs,RX data,00,
2430,1.566423 s,8.7 ¦Ìs,RX data,5C,
2431,1.566434 s,8.7 ¦Ìs,RX data,40,
2432,1.568642 s,8.7 ¦Ìs,RX data,10,
2433,1.568653 s,8.7 ¦Ìs,RX data,05,
2434,1.568664 s,8.7 ¦Ìs,RX data,5F,
2435,1.568675 s,8.7 ¦Ìs,RX data,56,
2436,1.568685 s,8.7 ¦Ìs,RX data,C4,
2437,1.568696 s,8.7 ¦Ìs,RX data,04,
2438,1.568707 s,8.7 ¦Ìs,RX data,6A,
2439,1.568718 s,8.7 ¦Ìs,RX data,98,
2440,1.568729 s,8.7 ¦Ìs,RX data,20,
2441,1.56874 s,8.7 ¦Ìs,RX data,24,
2442,1.56875 s,8.7 ¦Ìs,RX data,25,
2443,1.568761 s,8.7 ¦Ìs,RX data,4E,
2444,1.568772 s,8.7 ¦Ìs,RX data,53,
2445,1.568783 s,8.7 ¦Ìs,RX data,3A,
2446,1.568794 s,8.7 ¦Ìs,RX data,BA,
2447,1.568805 s,8.7 ¦Ìs,RX data,4B,
2448,1.568815 s,8.7 ¦Ìs,RX data,15,
2449,1.568826 s,8.7 ¦Ìs,RX data,00,
2450,1.568837 s,8.7 ¦Ìs,RX data,A6,
2451,1.568848 s,8.7 ¦Ìs,RX data,4B,
2452,1.568859 s,8.7 ¦Ìs,RX data,5C,
2453,1.56887 s,8.7 ¦Ìs,RX data,F3,
2454,1.56888 s,8.7 ¦Ìs,RX data,CE,
2455,1.568891 s,8.7 ¦Ìs,RX data,84,
2456,1.568902 s,8.7 ¦Ìs,RX data,43,
2457,1.568913 s,8.7 ¦Ìs,RX data,27,
2458,1.568924 s,8.7 ¦Ìs,RX data,2B,
2459,1.568935 s,8.7 ¦Ìs,RX data,CC,
2460,1.568945 s,8.7 ¦Ìs,RX data,65,
2461,1.568956 s,8.7 ¦Ìs,RX data,C1,
2462,1.568967 s,8.7 ¦Ìs,RX data,DF,
2463,1.568978 s,8.7 ¦Ìs,RX data,E7,
2464,1.568989 s,8.7 ¦Ìs,RX data,04,
2465,1.569 s,8.7 ¦Ìs,RX data,AA,
2466,1.56901 s,8.7 ¦Ìs,RX data,41,
2467,1.569021 s,8.7 ¦Ìs,RX data,15,
2468,1.569032 s,8.7 ¦Ìs,RX data,54,
2469,1.569043 s,8.7 ¦Ìs,RX data,00,
2470,1.569054 s,8.7 ¦Ìs,RX data,3D,
2471,1.569065 s,8.7 ¦Ìs,RX data,22,
2472,1.569075 s,8.7 ¦Ìs,RX data,E2,
2473,1.569086 s,8.7 ¦Ìs,RX data,0A,
2474,1.569097 s,8.7 ¦Ìs,RX data,B6,
2475,1.569108 s,8.7 ¦Ìs,RX data,10,
2476,1.569119 s,8.7 ¦Ìs,RX data,C6,
2477,1.56913 s,8.7 ¦Ìs,RX data,14,
2478,1.56914 s,8.7 ¦Ìs,RX data,2F,
2479,1.569151 s,8.7 ¦Ìs,RX data,0E,
2480,1.569162 s,8.7 ¦Ìs,RX data,34,
2481,1.569173 s,8.7 ¦Ìs,RX data,17,
2482,1.569184 s,8.7 ¦Ìs,RX data,14,
2483,1.569195 s,8.7 ¦Ìs,RX data,00,
2484,1.569205 s,8.7 ¦Ìs,RX data,04,
2485,1.569216 s,8.7 ¦Ìs,RX data,00,
2486,1.569227 s,8.7 ¦Ìs,RX data,34,
2487,1.569238 s,8.7 ¦Ìs,RX data,57,
2488,1.569249 s,8.7 ¦Ìs,RX data,02,
2489,1.56926 s,8.7 ¦Ìs,RX data,00,
2490,1.56927 s,8.7 ¦Ìs,RX data,E5,
2491,1.569281 s,8.7 ¦Ìs,RX data,AB,
2492,1.569292 s,8.7 ¦Ìs,RX data,04,
2493,1.569303 s,8.7 ¦Ìs,RX data,00,
2494,1.569314 s,8.7 ¦Ìs,RX data,1D,
2495,1.569325 s,8.7 ¦Ìs,RX data,00,
2496,1.569335 s,8.7 ¦Ìs,RX data,C0,
2497,1.569346 s,8.7 ¦Ìs,RX data,0A,
2498,1.569357 s,8.7 ¦Ìs,RX data,2C,
2499,1.569368 s,8.7 ¦Ìs,RX data,00,
2500,1.569379 s,8.7 ¦Ìs,RX data,02,
2501,1.56939 s,8.7 ¦Ìs,RX data,00,
2502,1.5694 s,8.7 ¦Ìs,RX data,63,
2503,1.569411 s,8.7 ¦Ìs,RX data,C2,
2504,1.569422 s,8.7 ¦Ìs,RX data,FF,
2505,1.569433 s,8.7 ¦Ìs,RX data,6B,
2506,1.569444 s,8.7 ¦Ìs,RX data,86,
2507,1.569455 s,8.7 ¦Ìs,RX data,40,
2508,1.569465 s,8.7 ¦Ìs,RX data,B5,
2509,1.569476 s,8.7 ¦Ìs,RX data,62,
2510,1.569487 s,8.7 ¦Ìs,RX data,13,
2511,1.569498 s,8.7 ¦Ìs,RX data,80,
2512,1.569509 s,8.7 ¦Ìs,RX data,58,
2513,1.56952 s,8.7 ¦Ìs,RX data,00,
2514,1.56953 s,8.7 ¦Ìs,RX data,01,
2515,1.569541 s,8.7 ¦Ìs,RX data,00,
2516,1.569552 s,8.7 ¦Ìs,RX data,02,
2517,1.569563 s,8.7 ¦Ìs,RX data,1F,
2518,1.569574 s,8.7 ¦Ìs,RX data,19,
2519,1.569585 s,8.7 ¦Ìs,RX data,06,
2520,1.569595 s,8.7 ¦Ìs,RX data,05,
2521,1.569606 s,8.7 ¦Ìs,RX data,06,
2522,1.569617 s,8.7 ¦Ìs,RX data,1D,
2523,1.569628 s,8.7 ¦Ìs,RX data,00,
2524,1.569639 s,8.7 ¦Ìs,RX data,06,
2525,1.56965 s,8.7 ¦Ìs,RX data,00,
2526,1.56966 s,8.7 ¦Ìs,RX data,5C,
2527,1.569671 s,8.7 ¦Ìs,RX data,40,
2528,1.569682 s,8.7 ¦Ìs,RX data,10,
2529,1.569693 s,8.7 ¦Ìs,RX data,05,
2530,1.569704 s,8.7 ¦Ìs,RX data,65,
2531,1.569715 s,8.7 ¦Ìs,RX data,59,
2532,1.569725 s,8.7 ¦Ìs,RX data,C4,
2533,1.569736 s,8.7 ¦Ìs,RX data,04,
2534,1.569747 s,8.7 ¦Ìs,RX data,21,
2535,1.569758 s,8.7 ¦Ìs,RX data,23,
2536,1.569769 s,8.7 ¦Ìs,RX data,20,
2537,1.56978 s,8.7 ¦Ìs,RX data,55,
2538,1.56979 s,8.7 ¦Ìs,RX data,D2,
2539,1.569801 s,8.7 ¦Ìs,RX data,E8,
2540,1.569812 s,8.7 ¦Ìs,RX data,64,
2541,1.569823 s,8.7 ¦Ìs,RX data,88,
2542,1.569834 s,8.7 ¦Ìs,RX data,73,
2543,1.569845 s,8.7 ¦Ìs,RX data,EA,
2544,1.569855 s,8.7 ¦Ìs,RX data,1B,
2545,1.569866 s,8.7 ¦Ìs,RX data,00,
2546,1.569877 s,8.7 ¦Ìs,RX data,65,
2547,1.569888 s,8.7 ¦Ìs,RX data,6E,
2548,1.569899 s,8.7 ¦Ìs,RX data,5B,
2549,1.56991 s,8.7 ¦Ìs,RX data,F3,
2550,1.56992 s,8.7 ¦Ìs,RX data,BD,
2551,1.569931 s,8.7 ¦Ìs,RX data,33,
2552,1.569942 s,8.7 ¦Ìs,RX data,43,
2553,1.569953 s,8.7 ¦Ìs,RX data,27,
2554,1.569964 s,8.7 ¦Ìs,RX data,B3,
2555,1.569975 s,8.7 ¦Ìs,RX data,05,
2556,1.569985 s,8.7 ¦Ìs,RX data,17,
2557,1.569996 s,8.7 ¦Ìs,RX data,BC,
2558,1.570007 s,8.7 ¦Ìs,RX data,C8,
2559,1.570018 s,8.7 ¦Ìs,RX data,EA,
2560,1.570029 s,8.7 ¦Ìs,RX data,04,
2561,1.57004 s,8.7 ¦Ìs,RX data,AA,
2562,1.57005 s,8.7 ¦Ìs,RX data,41,
2563,1.570061 s,8.7 ¦Ìs,RX data,15,
2564,1.570072 s,8.7 ¦Ìs,RX data,54,
2565,1.570083 s,8.7 ¦Ìs,RX data,00,
2566,1.570094 s,8.7 ¦Ìs,RX data,B9,
2567,1.570105 s,8.7 ¦Ìs,RX data,21,
2568,1.570115 s,8.7 ¦Ìs,RX data,A3,
2569,1.570126 s,8.7 ¦Ìs,RX data,09,
2570,1.570137 s,8.7 ¦Ìs,RX data,6B,
2571,1.570148 s,8.7 ¦Ìs,RX data,11,
2572,1.570159 s,8.7 ¦Ìs,RX data,82,
2573,1.57017 s,8.7 ¦Ìs,RX data,14,
2574,1.57018 s,8.7 ¦Ìs,RX data,55,
2575,1.570191 s,8.7 ¦Ìs,RX data,0C,
2576,1.570202 s,8.7 ¦Ìs,RX data,52,
2577,1.570213 s,8.7 ¦Ìs,RX data,17,
2578,1.570224 s,8.7 ¦Ìs,RX data,DD,
2579,1.570235 s,8.7 ¦Ìs,RX data,FF,
2580,1.570245 s,8.7 ¦Ìs,RX data,1C,
2581,1.570256 s,8.7 ¦Ìs,RX data,00,
2582,1.570267 s,8.7 ¦Ìs,RX data,52,
2583,1.570278 s,8.7 ¦Ìs,RX data,17,
2584,1.570289 s,8.7 ¦Ìs,RX data,03,
2585,1.5703 s,8.7 ¦Ìs,RX data,00,
2586,1.57031 s,8.7 ¦Ìs,RX data,42,
2587,1.570321 s,8.7 ¦Ìs,RX data,7A,
2588,1.570332 s,8.7 ¦Ìs,RX data,ED,
2589,1.570343 s,8.7 ¦Ìs,RX data,7F,
2590,1.570354 s,8.7 ¦Ìs,RX data,7F,
2591,1.570365 s,8.7 ¦Ìs,RX data,FF,
2592,1.570375 s,8.7 ¦Ìs,RX data,3F,
2593,1.570386 s,8.7 ¦Ìs,RX data,0B,
2594,1.570397 s,8.7 ¦Ìs,RX data,7E,
2595,1.570408 s,8.7 ¦Ìs,RX data,80,
2596,1.570419 s,8.7 ¦Ìs,RX data,02,
2597,1.57043 s,8.7 ¦Ìs,RX data,00,
2598,1.57044 s,8.7 ¦Ìs,RX data,30,
2599,1.570451 s,8.7 ¦Ìs,RX data,C3,
2600,1.570462 s,8.7 ¦Ìs,RX data,FF,
2601,1.570473 s,8.7 ¦Ìs,RX data,6B,
2602,1.570484 s,8.7 ¦Ìs,RX data,8B,
2603,1.570495 s,8.7 ¦Ìs,RX data,7B,
2604,1.570505 s,8.7 ¦Ìs,RX data,B5,
2605,1.570516 s,8.7 ¦Ìs,RX data,62,
2606,1.570527 s,8.7 ¦Ìs,RX data,13,
2607,1.570538 s,8.7 ¦Ìs,RX data,80,
2608,1.570549 s,8.7 ¦Ìs,RX data,58,
2609,1.57056 s,8.7 ¦Ìs,RX data,00,
2610,1.57057 s,8.7 ¦Ìs,RX data,01,
2611,1.570581 s,8.7 ¦Ìs,RX data,00,
2612,1.570592 s,8.7 ¦Ìs,RX data,03,
2613,1.570603 s,8.7 ¦Ìs,RX data,1B,
2614,1.570614 s,8.7 ¦Ìs,RX data,18,
2615,1.570625 s,8.7 ¦Ìs,RX data,09,
2616,1.570635 s,8.7 ¦Ìs,RX data,13,
2617,1.570646 s,8.7 ¦Ìs,RX data,0B,
2618,1.570657 s,8.7 ¦Ìs,RX data,3B,
2619,1.570668 s,8.7 ¦Ìs,RX data,00,
2620,1.570679 s,8.7 ¦Ìs,RX data,04,
2621,1.57069 s,8.7 ¦Ìs,RX data,00,
2622,1.5707 s,8.7 ¦Ìs,RX data,5C,
2623,1.570711 s,8.7 ¦Ìs,RX data,40,
2624,1.570722 s,8.7 ¦Ìs,RX data,10,
2625,1.570733 s,8.7 ¦Ìs,RX data,05,
2626,1.570744 s,8.7 ¦Ìs,RX data,85,
2627,1.570755 s,8.7 ¦Ìs,RX data,69,
2628,1.570765 s,8.7 ¦Ìs,RX data,A4,
2629,1.570776 s,8.7 ¦Ìs,RX data,08,
2630,1.570787 s,8.7 ¦Ìs,RX data,59,
2631,1.570798 s,8.7 ¦Ìs,RX data,85,
2632,1.570809 s,8.7 ¦Ìs,RX data,20,
2633,1.57082 s,8.7 ¦Ìs,RX data,C1,
2634,1.57083 s,8.7 ¦Ìs,RX data,93,
2635,1.570841 s,8.7 ¦Ìs,RX data,E1,
2636,1.570852 s,8.7 ¦Ìs,RX data,4B,
2637,1.570863 s,8.7 ¦Ìs,RX data,0F,
2638,1.570874 s,8.7 ¦Ìs,RX data,93,
2639,1.570885 s,8.7 ¦Ìs,RX data,33,
2640,1.570895 s,8.7 ¦Ìs,RX data,40,
2641,1.570906 s,8.7 ¦Ìs,RX data,8F,
2642,1.570917 s,8.7 ¦Ìs,RX data,6A,
2643,1.570928 s,8.7 ¦Ìs,RX data,40,
2644,1.570939 s,8.7 ¦Ìs,RX data,40,
2645,1.57095 s,8.7 ¦Ìs,RX data,0F,
2646,1.57096 s,8.7 ¦Ìs,RX data,71,
2647,1.570971 s,8.7 ¦Ìs,RX data,2C,
2648,1.570982 s,8.7 ¦Ìs,RX data,00,
2649,1.570993 s,8.7 ¦Ìs,RX data,78,
2650,1.571004 s,8.7 ¦Ìs,RX data,8A,
2651,1.571015 s,8.7 ¦Ìs,RX data,FF,
2652,1.571025 s,8.7 ¦Ìs,RX data,F3,
2653,1.571036 s,8.7 ¦Ìs,RX data,E9,
2654,1.571047 s,8.7 ¦Ìs,RX data,D7,
2655,1.571058 s,8.7 ¦Ìs,RX data,16,
2656,1.571069 s,8.7 ¦Ìs,RX data,40,
2657,1.57108 s,8.7 ¦Ìs,RX data,08,
2658,1.57109 s,8.7 ¦Ìs,RX data,6C,
2659,1.571101 s,8.7 ¦Ìs,RX data,FF,
2660,1.571112 s,8.7 ¦Ìs,RX data,4B,
2661,1.571123 s,8.7 ¦Ìs,RX data,5C,
2662,1.571134 s,8.7 ¦Ìs,RX data,DF,
2663,1.571145 s,8.7 ¦Ìs,RX data,CC,
2664,1.571155 s,8.7 ¦Ìs,RX data,4B,
2665,1.571166 s,8.7 ¦Ìs,RX data,5C,
2666,1.571177 s,8.7 ¦Ìs,RX data,47,
2667,1.571188 s,8.7 ¦Ìs,RX data,9E,
2668,1.571199 s,8.7 ¦Ìs,RX data,30,
2669,1.57121 s,8.7 ¦Ìs,RX data,12,
2670,1.57122 s,8.7 ¦Ìs,RX data,A8,
2671,1.571231 s,8.7 ¦Ìs,RX data,B2,
2672,1.571242 s,8.7 ¦Ìs,RX data,FF,
2673,1.571253 s,8.7 ¦Ìs,RX data,12,
2674,1.571264 s,8.7 ¦Ìs,RX data,3E,
2675,1.571275 s,8.7 ¦Ìs,RX data,F7,
2676,1.571285 s,8.7 ¦Ìs,RX data,14,
2677,1.571296 s,8.7 ¦Ìs,RX data,A5,
2678,1.571307 s,8.7 ¦Ìs,RX data,FA,
2679,1.571318 s,8.7 ¦Ìs,RX data,C7,
2680,1.571329 s,8.7 ¦Ìs,RX data,3E,
2681,1.57134 s,8.7 ¦Ìs,RX data,00,
2682,1.57135 s,8.7 ¦Ìs,RX data,85,
2683,1.571361 s,8.7 ¦Ìs,RX data,E3,
2684,1.571372 s,8.7 ¦Ìs,RX data,0D,
2685,1.571383 s,8.7 ¦Ìs,RX data,3F,
2686,1.571394 s,8.7 ¦Ìs,RX data,42,
2687,1.571405 s,8.7 ¦Ìs,RX data,10,
2688,1.57364 s,8.7 ¦Ìs,RX data,C5,
2689,1.573651 s,8.7 ¦Ìs,RX data,54,
2690,1.573661 s,8.7 ¦Ìs,RX data,F8,
2691,1.573672 s,8.7 ¦Ìs,RX data,17,
2692,1.573683 s,8.7 ¦Ìs,RX data,A5,
2693,1.573694 s,8.7 ¦Ìs,RX data,EA,
2694,1.573705 s,8.7 ¦Ìs,RX data,48,
2695,1.573716 s,8.7 ¦Ìs,RX data,42,
2696,1.573726 s,8.7 ¦Ìs,RX data,04,
2697,1.573737 s,8.7 ¦Ìs,RX data,27,
2698,1.573748 s,8.7 ¦Ìs,RX data,F2,
2699,1.573759 s,8.7 ¦Ìs,RX data,CA,
2700,1.57377 s,8.7 ¦Ìs,RX data,B5,
2701,1.573781 s,8.7 ¦Ìs,RX data,62,
2702,1.573791 s,8.7 ¦Ìs,RX data,13,
2703,1.573802 s,8.7 ¦Ìs,RX data,80,
2704,1.573813 s,8.7 ¦Ìs,RX data,58,
2705,1.573824 s,8.7 ¦Ìs,RX data,00,
2706,1.573835 s,8.7 ¦Ìs,RX data,01,
2707,1.573846 s,8.7 ¦Ìs,RX data,00,
2708,1.573856 s,8.7 ¦Ìs,RX data,03,
2709,1.573867 s,8.7 ¦Ìs,RX data,30,
2710,1.573878 s,8.7 ¦Ìs,RX data,18,
2711,1.573889 s,8.7 ¦Ìs,RX data,09,
2712,1.5739 s,8.7 ¦Ìs,RX data,10,
2713,1.573911 s,8.7 ¦Ìs,RX data,17,
2714,1.573921 s,8.7 ¦Ìs,RX data,3B,
2715,1.573932 s,8.7 ¦Ìs,RX data,00,
2716,1.573943 s,8.7 ¦Ìs,RX data,04,
2717,1.573954 s,8.7 ¦Ìs,RX data,00,
2718,1.573965 s,8.7 ¦Ìs,RX data,5C,
2719,1.573976 s,8.7 ¦Ìs,RX data,40,
2720,1.573986 s,8.7 ¦Ìs,RX data,10,
2721,1.573997 s,8.7 ¦Ìs,RX data,05,
2722,1.574008 s,8.7 ¦Ìs,RX data,9A,
2723,1.574019 s,8.7 ¦Ìs,RX data,2D,
2724,1.57403 s,8.7 ¦Ìs,RX data,A4,
2725,1.574041 s,8.7 ¦Ìs,RX data,08,
2726,1.574051 s,8.7 ¦Ìs,RX data,32,
2727,1.574062 s,8.7 ¦Ìs,RX data,7C,
2728,1.574073 s,8.7 ¦Ìs,RX data,20,
2729,1.574084 s,8.7 ¦Ìs,RX data,43,
2730,1.574095 s,8.7 ¦Ìs,RX data,51,
2731,1.574106 s,8.7 ¦Ìs,RX data,F5,
2732,1.574117 s,8.7 ¦Ìs,RX data,27,
2733,1.574127 s,8.7 ¦Ìs,RX data,00,
2734,1.574138 s,8.7 ¦Ìs,RX data,6D,
2735,1.574149 s,8.7 ¦Ìs,RX data,59,
2736,1.57416 s,8.7 ¦Ìs,RX data,40,
2737,1.574171 s,8.7 ¦Ìs,RX data,8F,
2738,1.574181 s,8.7 ¦Ìs,RX data,37,
2739,1.574192 s,8.7 ¦Ìs,RX data,01,
2740,1.574203 s,8.7 ¦Ìs,RX data,40,
2741,1.574214 s,8.7 ¦Ìs,RX data,0F,
2742,1.574225 s,8.7 ¦Ìs,RX data,AA,
2743,1.574236 s,8.7 ¦Ìs,RX data,2F,
2744,1.574246 s,8.7 ¦Ìs,RX data,00,
2745,1.574257 s,8.7 ¦Ìs,RX data,00,
2746,1.574268 s,8.7 ¦Ìs,RX data,75,
2747,1.574279 s,8.7 ¦Ìs,RX data,00,
2748,1.57429 s,8.7 ¦Ìs,RX data,9C,
2749,1.574301 s,8.7 ¦Ìs,RX data,FD,
2750,1.574312 s,8.7 ¦Ìs,RX data,D7,
2751,1.574322 s,8.7 ¦Ìs,RX data,EB,
2752,1.574333 s,8.7 ¦Ìs,RX data,FF,
2753,1.574344 s,8.7 ¦Ìs,RX data,5A,
2754,1.574355 s,8.7 ¦Ìs,RX data,70,
2755,1.574366 s,8.7 ¦Ìs,RX data,00,
2756,1.574377 s,8.7 ¦Ìs,RX data,8C,
2757,1.574387 s,8.7 ¦Ìs,RX data,27,
2758,1.574398 s,8.7 ¦Ìs,RX data,7F,
2759,1.574409 s,8.7 ¦Ìs,RX data,EE,
2760,1.57442 s,8.7 ¦Ìs,RX data,8F,
2761,1.574431 s,8.7 ¦Ìs,RX data,27,
2762,1.574441 s,8.7 ¦Ìs,RX data,E4,
2763,1.574452 s,8.7 ¦Ìs,RX data,55,
2764,1.574463 s,8.7 ¦Ìs,RX data,74,
2765,1.574474 s,8.7 ¦Ìs,RX data,12,
2766,1.574485 s,8.7 ¦Ìs,RX data,58,
2767,1.574496 s,8.7 ¦Ìs,RX data,AE,
2768,1.574507 s,8.7 ¦Ìs,RX data,FF,
2769,1.574517 s,8.7 ¦Ìs,RX data,09,
2770,1.574528 s,8.7 ¦Ìs,RX data,C0,
2771,1.574539 s,8.7 ¦Ìs,RX data,F0,
2772,1.57455 s,8.7 ¦Ìs,RX data,14,
2773,1.574561 s,8.7 ¦Ìs,RX data,A5,
2774,1.574572 s,8.7 ¦Ìs,RX data,37,
2775,1.574582 s,8.7 ¦Ìs,RX data,BF,
2776,1.574593 s,8.7 ¦Ìs,RX data,17,
2777,1.574604 s,8.7 ¦Ìs,RX data,00,
2778,1.574615 s,8.7 ¦Ìs,RX data,FE,
2779,1.574626 s,8.7 ¦Ìs,RX data,24,
2780,1.574636 s,8.7 ¦Ìs,RX data,32,
2781,1.574647 s,8.7 ¦Ìs,RX data,64,
2782,1.574658 s,8.7 ¦Ìs,RX data,54,
2783,1.574669 s,8.7 ¦Ìs,RX data,0D,
2784,1.57468 s,8.7 ¦Ìs,RX data,74,
2785,1.574691 s,8.7 ¦Ìs,RX data,02,
2786,1.574701 s,8.7 ¦Ìs,RX data,EB,
2787,1.574712 s,8.7 ¦Ìs,RX data,61,
2788,1.574723 s,8.7 ¦Ìs,RX data,A3,
2789,1.574734 s,8.7 ¦Ìs,RX data,3F,
2790,1.574745 s,8.7 ¦Ìs,RX data,64,
2791,1.574756 s,8.7 ¦Ìs,RX data,E8,
2792,1.574766 s,8.7 ¦Ìs,RX data,39,
2793,1.574777 s,8.7 ¦Ìs,RX data,27,
2794,1.574788 s,8.7 ¦Ìs,RX data,58,
2795,1.574799 s,8.7 ¦Ìs,RX data,CD,
2796,1.57481 s,8.7 ¦Ìs,RX data,B5,
2797,1.574821 s,8.7 ¦Ìs,RX data,62,
2798,1.574831 s,8.7 ¦Ìs,RX data,13,
2799,1.574842 s,8.7 ¦Ìs,RX data,80,
2800,1.574853 s,8.7 ¦Ìs,RX data,58,
2801,1.574864 s,8.7 ¦Ìs,RX data,00,
2802,1.574875 s,8.7 ¦Ìs,RX data,01,
2803,1.574886 s,8.7 ¦Ìs,RX data,00,
2804,1.574897 s,8.7 ¦Ìs,RX data,03,
2805,1.574907 s,8.7 ¦Ìs,RX data,31,
2806,1.574918 s,8.7 ¦Ìs,RX data,19,
2807,1.574929 s,8.7 ¦Ìs,RX data,03,
2808,1.57494 s,8.7 ¦Ìs,RX data,17,
2809,1.574951 s,8.7 ¦Ìs,RX data,08,
2810,1.574961 s,8.7 ¦Ìs,RX data,3B,
2811,1.574972 s,8.7 ¦Ìs,RX data,00,
2812,1.574983 s,8.7 ¦Ìs,RX data,04,
2813,1.574994 s,8.7 ¦Ìs,RX data,00,
2814,1.575005 s,8.7 ¦Ìs,RX data,5C,
2815,1.575016 s,8.7 ¦Ìs,RX data,40,
2816,1.575026 s,8.7 ¦Ìs,RX data,10,
2817,1.575037 s,8.7 ¦Ìs,RX data,05,
2818,1.575048 s,8.7 ¦Ìs,RX data,9B,
2819,1.575059 s,8.7 ¦Ìs,RX data,06,
2820,1.57507 s,8.7 ¦Ìs,RX data,A4,
2821,1.575081 s,8.7 ¦Ìs,RX data,48,
2822,1.575092 s,8.7 ¦Ìs,RX data,21,
2823,1.575102 s,8.7 ¦Ìs,RX data,21,
2824,1.575113 s,8.7 ¦Ìs,RX data,20,
2825,1.575124 s,8.7 ¦Ìs,RX data,32,
2826,1.575135 s,8.7 ¦Ìs,RX data,E6,
2827,1.575146 s,8.7 ¦Ìs,RX data,16,
2828,1.575157 s,8.7 ¦Ìs,RX data,80,
2829,1.575167 s,8.7 ¦Ìs,RX data,0F,
2830,1.575178 s,8.7 ¦Ìs,RX data,47,
2831,1.575189 s,8.7 ¦Ìs,RX data,3C,
2832,1.5752 s,8.7 ¦Ìs,RX data,AC,
2833,1.575211 s,8.7 ¦Ìs,RX data,8F,
2834,1.575222 s,8.7 ¦Ìs,RX data,5F,
2835,1.575232 s,8.7 ¦Ìs,RX data,31,
2836,1.575243 s,8.7 ¦Ìs,RX data,AC,
2837,1.575254 s,8.7 ¦Ìs,RX data,0F,
2838,1.575265 s,8.7 ¦Ìs,RX data,94,
2839,1.575276 s,8.7 ¦Ìs,RX data,27,
2840,1.575287 s,8.7 ¦Ìs,RX data,00,
2841,1.575297 s,8.7 ¦Ìs,RX data,78,
2842,1.575308 s,8.7 ¦Ìs,RX data,48,
2843,1.575319 s,8.7 ¦Ìs,RX data,00,
2844,1.57533 s,8.7 ¦Ìs,RX data,18,
2845,1.575341 s,8.7 ¦Ìs,RX data,01,
2846,1.575352 s,8.7 ¦Ìs,RX data,7C,
2847,1.575362 s,8.7 ¦Ìs,RX data,E7,
2848,1.575373 s,8.7 ¦Ìs,RX data,7F,
2849,1.575384 s,8.7 ¦Ìs,RX data,A0,
2850,1.575395 s,8.7 ¦Ìs,RX data,69,
2851,1.575406 s,8.7 ¦Ìs,RX data,00,
2852,1.575416 s,8.7 ¦Ìs,RX data,44,
2853,1.575427 s,8.7 ¦Ìs,RX data,05,
2854,1.575438 s,8.7 ¦Ìs,RX data,B1,
2855,1.575449 s,8.7 ¦Ìs,RX data,26,
2856,1.57546 s,8.7 ¦Ìs,RX data,44,
2857,1.575471 s,8.7 ¦Ìs,RX data,05,
2858,1.575482 s,8.7 ¦Ìs,RX data,C2,
2859,1.575492 s,8.7 ¦Ìs,RX data,A2,
2860,1.575503 s,8.7 ¦Ìs,RX data,FD,
2861,1.575514 s,8.7 ¦Ìs,RX data,24,
2862,1.575525 s,8.7 ¦Ìs,RX data,9A,
2863,1.575536 s,8.7 ¦Ìs,RX data,B5,
2864,1.575546 s,8.7 ¦Ìs,RX data,FF,
2865,1.575557 s,8.7 ¦Ìs,RX data,20,
2866,1.575568 s,8.7 ¦Ìs,RX data,7E,
2867,1.575579 s,8.7 ¦Ìs,RX data,26,
2868,1.57559 s,8.7 ¦Ìs,RX data,15,
2869,1.575601 s,8.7 ¦Ìs,RX data,A5,
2870,1.575611 s,8.7 ¦Ìs,RX data,DC,
2871,1.575622 s,8.7 ¦Ìs,RX data,7A,
2872,1.575633 s,8.7 ¦Ìs,RX data,34,
2873,1.575644 s,8.7 ¦Ìs,RX data,00,
2874,1.575655 s,8.7 ¦Ìs,RX data,D5,
2875,1.575666 s,8.7 ¦Ìs,RX data,4C,
2876,1.575676 s,8.7 ¦Ìs,RX data,0E,
2877,1.575687 s,8.7 ¦Ìs,RX data,20,
2878,1.575698 s,8.7 ¦Ìs,RX data,93,
2879,1.575709 s,8.7 ¦Ìs,RX data,EF,
2880,1.57572 s,8.7 ¦Ìs,RX data,99,
2881,1.575731 s,8.7 ¦Ìs,RX data,F0,
2882,1.575742 s,8.7 ¦Ìs,RX data,F5,
2883,1.575752 s,8.7 ¦Ìs,RX data,E1,
2884,1.575763 s,8.7 ¦Ìs,RX data,86,
2885,1.575774 s,8.7 ¦Ìs,RX data,61,
2886,1.575785 s,8.7 ¦Ìs,RX data,24,
2887,1.575796 s,8.7 ¦Ìs,RX data,8B,
2888,1.575806 s,8.7 ¦Ìs,RX data,02,
2889,1.575817 s,8.7 ¦Ìs,RX data,27,
2890,1.575828 s,8.7 ¦Ìs,RX data,B2,
2891,1.575839 s,8.7 ¦Ìs,RX data,58,
2892,1.57585 s,8.7 ¦Ìs,RX data,B5,
2893,1.575861 s,8.7 ¦Ìs,RX data,62,
2894,1.575871 s,8.7 ¦Ìs,RX data,13,
2895,1.575882 s,8.7 ¦Ìs,RX data,80,
2896,1.575893 s,8.7 ¦Ìs,RX data,58,
2897,1.575904 s,8.7 ¦Ìs,RX data,00,
2898,1.575915 s,8.7 ¦Ìs,RX data,01,
2899,1.575926 s,8.7 ¦Ìs,RX data,00,
2900,1.575937 s,8.7 ¦Ìs,RX data,03,
2901,1.575947 s,8.7 ¦Ìs,RX data,32,
2902,1.575958 s,8.7 ¦Ìs,RX data,18,
2903,1.575969 s,8.7 ¦Ìs,RX data,09,
2904,1.57598 s,8.7 ¦Ìs,RX data,11,
2905,1.575991 s,8.7 ¦Ìs,RX data,0B,
2906,1.576002 s,8.7 ¦Ìs,RX data,3B,
2907,1.576012 s,8.7 ¦Ìs,RX data,00,
2908,1.576023 s,8.7 ¦Ìs,RX data,04,
2909,1.576034 s,8.7 ¦Ìs,RX data,00,
2910,1.576045 s,8.7 ¦Ìs,RX data,5C,
2911,1.576056 s,8.7 ¦Ìs,RX data,40,
2912,1.576066 s,8.7 ¦Ìs,RX data,10,
2913,1.576077 s,8.7 ¦Ìs,RX data,05,
2914,1.576088 s,8.7 ¦Ìs,RX data,9C,
2915,1.576099 s,8.7 ¦Ìs,RX data,39,
2916,1.57611 s,8.7 ¦Ìs,RX data,A4,
2917,1.576121 s,8.7 ¦Ìs,RX data,08,
2918,1.576132 s,8.7 ¦Ìs,RX data,30,
2919,1.576142 s,8.7 ¦Ìs,RX data,E3,
2920,1.576153 s,8.7 ¦Ìs,RX data,20,
2921,1.576164 s,8.7 ¦Ìs,RX data,9A,
2922,1.576175 s,8.7 ¦Ìs,RX data,C3,
2923,1.576186 s,8.7 ¦Ìs,RX data,F7,
2924,1.576197 s,8.7 ¦Ìs,RX data,F7,
2925,1.576207 s,8.7 ¦Ìs,RX data,04,
2926,1.576218 s,8.7 ¦Ìs,RX data,49,
2927,1.576229 s,8.7 ¦Ìs,RX data,57,
2928,1.57624 s,8.7 ¦Ìs,RX data,40,
2929,1.576251 s,8.7 ¦Ìs,RX data,8F,
2930,1.576261 s,8.7 ¦Ìs,RX data,22,
2931,1.576272 s,8.7 ¦Ìs,RX data,05,
2932,1.576283 s,8.7 ¦Ìs,RX data,40,
2933,1.576294 s,8.7 ¦Ìs,RX data,0F,
2934,1.576305 s,8.7 ¦Ìs,RX data,2A,
2935,1.576316 s,8.7 ¦Ìs,RX data,30,
2936,1.576326 s,8.7 ¦Ìs,RX data,00,
2937,1.576337 s,8.7 ¦Ìs,RX data,20,
2938,1.576348 s,8.7 ¦Ìs,RX data,AA,
2939,1.576359 s,8.7 ¦Ìs,RX data,FF,
2940,1.57637 s,8.7 ¦Ìs,RX data,5B,
2941,1.576381 s,8.7 ¦Ìs,RX data,F4,
2942,1.576391 s,8.7 ¦Ìs,RX data,56,
2943,1.576402 s,8.7 ¦Ìs,RX data,29,
2944,1.578635 s,8.7 ¦Ìs,RX data,40,
2945,1.578645 s,8.7 ¦Ìs,RX data,4A,
2946,1.578656 s,8.7 ¦Ìs,RX data,CD,
2947,1.578667 s,8.7 ¦Ìs,RX data,FF,
2948,1.578678 s,8.7 ¦Ìs,RX data,1B,
2949,1.578689 s,8.7 ¦Ìs,RX data,32,
2950,1.5787 s,8.7 ¦Ìs,RX data,0C,
2951,1.57871 s,8.7 ¦Ìs,RX data,F1,
2952,1.578721 s,8.7 ¦Ìs,RX data,1B,
2953,1.578732 s,8.7 ¦Ìs,RX data,32,
2954,1.578743 s,8.7 ¦Ìs,RX data,B7,
2955,1.578754 s,8.7 ¦Ìs,RX data,7F,
2956,1.578765 s,8.7 ¦Ìs,RX data,96,
2957,1.578775 s,8.7 ¦Ìs,RX data,12,
2958,1.578786 s,8.7 ¦Ìs,RX data,0D,
2959,1.578797 s,8.7 ¦Ìs,RX data,AE,
2960,1.578808 s,8.7 ¦Ìs,RX data,FF,
2961,1.578819 s,8.7 ¦Ìs,RX data,3D,
2962,1.57883 s,8.7 ¦Ìs,RX data,A5,
2963,1.57884 s,8.7 ¦Ìs,RX data,E3,
2964,1.578851 s,8.7 ¦Ìs,RX data,14,
2965,1.578862 s,8.7 ¦Ìs,RX data,A5,
2966,1.578873 s,8.7 ¦Ìs,RX data,11,
2967,1.578884 s,8.7 ¦Ìs,RX data,12,
2968,1.578895 s,8.7 ¦Ìs,RX data,1C,
2969,1.578905 s,8.7 ¦Ìs,RX data,00,
2970,1.578916 s,8.7 ¦Ìs,RX data,72,
2971,1.578927 s,8.7 ¦Ìs,RX data,32,
2972,1.578938 s,8.7 ¦Ìs,RX data,CB,
2973,1.578949 s,8.7 ¦Ìs,RX data,45,
2974,1.57896 s,8.7 ¦Ìs,RX data,60,
2975,1.57897 s,8.7 ¦Ìs,RX data,F2,
2976,1.578981 s,8.7 ¦Ìs,RX data,7C,
2977,1.578992 s,8.7 ¦Ìs,RX data,AF,
2978,1.579003 s,8.7 ¦Ìs,RX data,10,
2979,1.579014 s,8.7 ¦Ìs,RX data,A7,
2980,1.579025 s,8.7 ¦Ìs,RX data,A2,
2981,1.579035 s,8.7 ¦Ìs,RX data,3F,
2982,1.579046 s,8.7 ¦Ìs,RX data,A8,
2983,1.579057 s,8.7 ¦Ìs,RX data,7C,
2984,1.579068 s,8.7 ¦Ìs,RX data,39,
2985,1.579079 s,8.7 ¦Ìs,RX data,27,
2986,1.57909 s,8.7 ¦Ìs,RX data,B6,
2987,1.5791 s,8.7 ¦Ìs,RX data,5B,
2988,1.579111 s,8.7 ¦Ìs,RX data,B5,
2989,1.579122 s,8.7 ¦Ìs,RX data,62,
2990,1.579133 s,8.7 ¦Ìs,RX data,13,
2991,1.579144 s,8.7 ¦Ìs,RX data,80,
2992,1.579155 s,8.7 ¦Ìs,RX data,58,
2993,1.579165 s,8.7 ¦Ìs,RX data,00,
2994,1.579176 s,8.7 ¦Ìs,RX data,01,
2995,1.579187 s,8.7 ¦Ìs,RX data,00,
2996,1.579198 s,8.7 ¦Ìs,RX data,03,
2997,1.579209 s,8.7 ¦Ìs,RX data,3A,
2998,1.57922 s,8.7 ¦Ìs,RX data,18,
2999,1.57923 s,8.7 ¦Ìs,RX data,09,
3000,1.579241 s,8.7 ¦Ìs,RX data,12,
3001,1.579252 s,8.7 ¦Ìs,RX data,07,
3002,1.579263 s,8.7 ¦Ìs,RX data,3B,
3003,1.579274 s,8.7 ¦Ìs,RX data,00,
3004,1.579285 s,8.7 ¦Ìs,RX data,04,
3005,1.579295 s,8.7 ¦Ìs,RX data,00,
3006,1.579306 s,8.7 ¦Ìs,RX data,5C,
3007,1.579317 s,8.7 ¦Ìs,RX data,40,
3008,1.579328 s,8.7 ¦Ìs,RX data,10,
3009,1.579339 s,8.7 ¦Ìs,RX data,05,
3010,1.57935 s,8.7 ¦Ìs,RX data,A4,
3011,1.57936 s,8.7 ¦Ìs,RX data,29,
3012,1.579371 s,8.7 ¦Ìs,RX data,A4,
3013,1.579382 s,8.7 ¦Ìs,RX data,48,
3014,1.579393 s,8.7 ¦Ìs,RX data,2B,
3015,1.579404 s,8.7 ¦Ìs,RX data,1C,
3016,1.579415 s,8.7 ¦Ìs,RX data,20,
3017,1.579425 s,8.7 ¦Ìs,RX data,C7,
3018,1.579436 s,8.7 ¦Ìs,RX data,7C,
3019,1.579447 s,8.7 ¦Ìs,RX data,F5,
3020,1.579458 s,8.7 ¦Ìs,RX data,9B,
3021,1.579469 s,8.7 ¦Ìs,RX data,0E,
3022,1.57948 s,8.7 ¦Ìs,RX data,C2,
3023,1.57949 s,8.7 ¦Ìs,RX data,29,
3024,1.579501 s,8.7 ¦Ìs,RX data,40,
3025,1.579512 s,8.7 ¦Ìs,RX data,8F,
3026,1.579523 s,8.7 ¦Ìs,RX data,4A,
3027,1.579534 s,8.7 ¦Ìs,RX data,53,
3028,1.579545 s,8.7 ¦Ìs,RX data,40,
3029,1.579555 s,8.7 ¦Ìs,RX data,0F,
3030,1.579566 s,8.7 ¦Ìs,RX data,E5,
3031,1.579577 s,8.7 ¦Ìs,RX data,22,
3032,1.579588 s,8.7 ¦Ìs,RX data,00,
3033,1.579599 s,8.7 ¦Ìs,RX data,00,
3034,1.57961 s,8.7 ¦Ìs,RX data,6E,
3035,1.57962 s,8.7 ¦Ìs,RX data,00,
3036,1.579631 s,8.7 ¦Ìs,RX data,38,
3037,1.579642 s,8.7 ¦Ìs,RX data,F7,
3038,1.579653 s,8.7 ¦Ìs,RX data,3A,
3039,1.579664 s,8.7 ¦Ìs,RX data,C5,
3040,1.579675 s,8.7 ¦Ìs,RX data,FC,
3041,1.579685 s,8.7 ¦Ìs,RX data,CF,
3042,1.579696 s,8.7 ¦Ìs,RX data,9B,
3043,1.579707 s,8.7 ¦Ìs,RX data,FF,
3044,1.579718 s,8.7 ¦Ìs,RX data,AF,
3045,1.579729 s,8.7 ¦Ìs,RX data,43,
3046,1.57974 s,8.7 ¦Ìs,RX data,E8,
3047,1.57975 s,8.7 ¦Ìs,RX data,EE,
3048,1.579761 s,8.7 ¦Ìs,RX data,AF,
3049,1.579772 s,8.7 ¦Ìs,RX data,43,
3050,1.579783 s,8.7 ¦Ìs,RX data,00,
3051,1.579794 s,8.7 ¦Ìs,RX data,00,
3052,1.579805 s,8.7 ¦Ìs,RX data,80,
3053,1.579815 s,8.7 ¦Ìs,RX data,12,
3054,1.579826 s,8.7 ¦Ìs,RX data,05,
3055,1.579837 s,8.7 ¦Ìs,RX data,B8,
3056,1.579848 s,8.7 ¦Ìs,RX data,FF,
3057,1.579859 s,8.7 ¦Ìs,RX data,00,
3058,1.57987 s,8.7 ¦Ìs,RX data,06,
3059,1.57988 s,8.7 ¦Ìs,RX data,F2,
3060,1.579891 s,8.7 ¦Ìs,RX data,14,
3061,1.579902 s,8.7 ¦Ìs,RX data,A5,
3062,1.579913 s,8.7 ¦Ìs,RX data,42,
3063,1.579924 s,8.7 ¦Ìs,RX data,90,
3064,1.579935 s,8.7 ¦Ìs,RX data,59,
3065,1.579945 s,8.7 ¦Ìs,RX data,00,
3066,1.579956 s,8.7 ¦Ìs,RX data,2C,
3067,1.579967 s,8.7 ¦Ìs,RX data,DC,
3068,1.579978 s,8.7 ¦Ìs,RX data,4A,
3069,1.579989 s,8.7 ¦Ìs,RX data,26,
3070,1.58 s,8.7 ¦Ìs,RX data,BB,
3071,1.58001 s,8.7 ¦Ìs,RX data,A2,
3072,1.580021 s,8.7 ¦Ìs,RX data,F7,
3073,1.580032 s,8.7 ¦Ìs,RX data,03,
3074,1.580043 s,8.7 ¦Ìs,RX data,47,
3075,1.580054 s,8.7 ¦Ìs,RX data,4A,
3076,1.580065 s,8.7 ¦Ìs,RX data,54,
3077,1.580075 s,8.7 ¦Ìs,RX data,50,
3078,1.580086 s,8.7 ¦Ìs,RX data,7E,
3079,1.580097 s,8.7 ¦Ìs,RX data,E5,
3080,1.580108 s,8.7 ¦Ìs,RX data,B8,
3081,1.580119 s,8.7 ¦Ìs,RX data,27,
3082,1.58013 s,8.7 ¦Ìs,RX data,2C,
3083,1.58014 s,8.7 ¦Ìs,RX data,20,
3084,1.580151 s,8.7 ¦Ìs,RX data,B5,
3085,1.580162 s,8.7 ¦Ìs,RX data,62,
3086,1.580173 s,8.7 ¦Ìs,RX data,13,
3087,1.580184 s,8.7 ¦Ìs,RX data,80,
3088,1.580195 s,8.7 ¦Ìs,RX data,34,
3089,1.580205 s,8.7 ¦Ìs,RX data,00,
3090,1.580216 s,8.7 ¦Ìs,RX data,02,
3091,1.580227 s,8.7 ¦Ìs,RX data,00,
3092,1.580238 s,8.7 ¦Ìs,RX data,00,
3093,1.580249 s,8.7 ¦Ìs,RX data,02,
3094,1.58026 s,8.7 ¦Ìs,RX data,1A,
3095,1.58027 s,8.7 ¦Ìs,RX data,05,
3096,1.580281 s,8.7 ¦Ìs,RX data,1E,
3097,1.580292 s,8.7 ¦Ìs,RX data,0A,
3098,1.580303 s,8.7 ¦Ìs,RX data,00,
3099,1.580314 s,8.7 ¦Ìs,RX data,1C,
3100,1.580325 s,8.7 ¦Ìs,RX data,00,
3101,1.580335 s,8.7 ¦Ìs,RX data,00,
3102,1.580346 s,8.7 ¦Ìs,RX data,5C,
3103,1.580357 s,8.7 ¦Ìs,RX data,40,
3104,1.580368 s,8.7 ¦Ìs,RX data,10,
3105,1.580379 s,8.7 ¦Ìs,RX data,05,
3106,1.58039 s,8.7 ¦Ìs,RX data,01,
3107,1.5804 s,8.7 ¦Ìs,RX data,00,
3108,1.580411 s,8.7 ¦Ìs,RX data,B0,
3109,1.580422 s,8.7 ¦Ìs,RX data,08,
3110,1.580433 s,8.7 ¦Ìs,RX data,35,
3111,1.580444 s,8.7 ¦Ìs,RX data,D0,
3112,1.580455 s,8.7 ¦Ìs,RX data,22,
3113,1.580465 s,8.7 ¦Ìs,RX data,77,
3114,1.580476 s,8.7 ¦Ìs,RX data,60,
3115,1.580487 s,8.7 ¦Ìs,RX data,A5,
3116,1.580498 s,8.7 ¦Ìs,RX data,96,
3117,1.580509 s,8.7 ¦Ìs,RX data,0D,
3118,1.58052 s,8.7 ¦Ìs,RX data,9B,
3119,1.58053 s,8.7 ¦Ìs,RX data,0D,
3120,1.580541 s,8.7 ¦Ìs,RX data,A1,
3121,1.580552 s,8.7 ¦Ìs,RX data,00,
3122,1.580563 s,8.7 ¦Ìs,RX data,5E,
3123,1.580574 s,8.7 ¦Ìs,RX data,FD,
3124,1.580585 s,8.7 ¦Ìs,RX data,5A,
3125,1.580595 s,8.7 ¦Ìs,RX data,87,
3126,1.580606 s,8.7 ¦Ìs,RX data,17,
3127,1.580617 s,8.7 ¦Ìs,RX data,24,
3128,1.580628 s,8.7 ¦Ìs,RX data,61,
3129,1.580639 s,8.7 ¦Ìs,RX data,00,
3130,1.58065 s,8.7 ¦Ìs,RX data,4C,
3131,1.58066 s,8.7 ¦Ìs,RX data,68,
3132,1.580671 s,8.7 ¦Ìs,RX data,C2,
3133,1.580682 s,8.7 ¦Ìs,RX data,00,
3134,1.580693 s,8.7 ¦Ìs,RX data,95,
3135,1.580704 s,8.7 ¦Ìs,RX data,D1,
3136,1.580715 s,8.7 ¦Ìs,RX data,AB,
3137,1.580725 s,8.7 ¦Ìs,RX data,00,
3138,1.580736 s,8.7 ¦Ìs,RX data,7C,
3139,1.580747 s,8.7 ¦Ìs,RX data,FD,
3140,1.580758 s,8.7 ¦Ìs,RX data,3F,
3141,1.580769 s,8.7 ¦Ìs,RX data,72,
3142,1.58078 s,8.7 ¦Ìs,RX data,B0,
3143,1.58079 s,8.7 ¦Ìs,RX data,24,
3144,1.580801 s,8.7 ¦Ìs,RX data,B5,
3145,1.580812 s,8.7 ¦Ìs,RX data,62,
3146,1.580823 s,8.7 ¦Ìs,RX data,13,
3147,1.580834 s,8.7 ¦Ìs,RX data,80,
3148,1.580845 s,8.7 ¦Ìs,RX data,34,
3149,1.580855 s,8.7 ¦Ìs,RX data,00,
3150,1.580866 s,8.7 ¦Ìs,RX data,02,
3151,1.580877 s,8.7 ¦Ìs,RX data,00,
3152,1.580888 s,8.7 ¦Ìs,RX data,00,
3153,1.580899 s,8.7 ¦Ìs,RX data,07,
3154,1.58091 s,8.7 ¦Ìs,RX data,1A,
3155,1.58092 s,8.7 ¦Ìs,RX data,05,
3156,1.580931 s,8.7 ¦Ìs,RX data,1E,
3157,1.580942 s,8.7 ¦Ìs,RX data,0A,
3158,1.580953 s,8.7 ¦Ìs,RX data,00,
3159,1.580964 s,8.7 ¦Ìs,RX data,1C,
3160,1.580975 s,8.7 ¦Ìs,RX data,00,
3161,1.580985 s,8.7 ¦Ìs,RX data,00,
3162,1.580996 s,8.7 ¦Ìs,RX data,5C,
3163,1.581007 s,8.7 ¦Ìs,RX data,40,
3164,1.581018 s,8.7 ¦Ìs,RX data,10,
3165,1.581029 s,8.7 ¦Ìs,RX data,05,
3166,1.58104 s,8.7 ¦Ìs,RX data,06,
3167,1.58105 s,8.7 ¦Ìs,RX data,00,
3168,1.581061 s,8.7 ¦Ìs,RX data,B0,
3169,1.581072 s,8.7 ¦Ìs,RX data,08,
3170,1.581083 s,8.7 ¦Ìs,RX data,B2,
3171,1.581094 s,8.7 ¦Ìs,RX data,59,
3172,1.581105 s,8.7 ¦Ìs,RX data,22,
3173,1.581115 s,8.7 ¦Ìs,RX data,4E,
3174,1.581126 s,8.7 ¦Ìs,RX data,75,
3175,1.581137 s,8.7 ¦Ìs,RX data,7B,
3176,1.581148 s,8.7 ¦Ìs,RX data,EE,
3177,1.581159 s,8.7 ¦Ìs,RX data,05,
3178,1.58117 s,8.7 ¦Ìs,RX data,14,
3179,1.58118 s,8.7 ¦Ìs,RX data,0E,
3180,1.581191 s,8.7 ¦Ìs,RX data,A1,
3181,1.581202 s,8.7 ¦Ìs,RX data,00,
3182,1.581213 s,8.7 ¦Ìs,RX data,4F,
3183,1.581224 s,8.7 ¦Ìs,RX data,FD,
3184,1.581235 s,8.7 ¦Ìs,RX data,5A,
3185,1.581245 s,8.7 ¦Ìs,RX data,87,
3186,1.581256 s,8.7 ¦Ìs,RX data,09,
3187,1.581267 s,8.7 ¦Ìs,RX data,7B,
3188,1.581278 s,8.7 ¦Ìs,RX data,E4,
3189,1.581289 s,8.7 ¦Ìs,RX data,00,
3190,1.5813 s,8.7 ¦Ìs,RX data,9E,
3191,1.58131 s,8.7 ¦Ìs,RX data,46,
3192,1.581321 s,8.7 ¦Ìs,RX data,A1,
3193,1.581332 s,8.7 ¦Ìs,RX data,00,
3194,1.581343 s,8.7 ¦Ìs,RX data,97,
3195,1.581354 s,8.7 ¦Ìs,RX data,41,
3196,1.581365 s,8.7 ¦Ìs,RX data,88,
3197,1.581375 s,8.7 ¦Ìs,RX data,00,
3198,1.581386 s,8.7 ¦Ìs,RX data,BE,
3199,1.581397 s,8.7 ¦Ìs,RX data,10,
3200,1.583646 s,8.7 ¦Ìs,RX data,00,
3201,1.583657 s,8.7 ¦Ìs,RX data,72,
3202,1.583668 s,8.7 ¦Ìs,RX data,7D,
3203,1.583679 s,8.7 ¦Ìs,RX data,34,
3204,1.583689 s,8.7 ¦Ìs,RX data,B5,
3205,1.5837 s,8.7 ¦Ìs,RX data,62,
3206,1.583711 s,8.7 ¦Ìs,RX data,13,
3207,1.583722 s,8.7 ¦Ìs,RX data,80,
3208,1.583733 s,8.7 ¦Ìs,RX data,34,
3209,1.583744 s,8.7 ¦Ìs,RX data,00,
3210,1.583754 s,8.7 ¦Ìs,RX data,02,
3211,1.583765 s,8.7 ¦Ìs,RX data,00,
3212,1.583776 s,8.7 ¦Ìs,RX data,00,
3213,1.583787 s,8.7 ¦Ìs,RX data,08,
3214,1.583798 s,8.7 ¦Ìs,RX data,19,
3215,1.583809 s,8.7 ¦Ìs,RX data,06,
3216,1.583819 s,8.7 ¦Ìs,RX data,13,
3217,1.58383 s,8.7 ¦Ìs,RX data,00,
3218,1.583841 s,8.7 ¦Ìs,RX data,2A,
3219,1.583852 s,8.7 ¦Ìs,RX data,1C,
3220,1.583863 s,8.7 ¦Ìs,RX data,00,
3221,1.583874 s,8.7 ¦Ìs,RX data,00,
3222,1.583884 s,8.7 ¦Ìs,RX data,5C,
3223,1.583895 s,8.7 ¦Ìs,RX data,40,
3224,1.583906 s,8.7 ¦Ìs,RX data,10,
3225,1.583917 s,8.7 ¦Ìs,RX data,05,
3226,1.583928 s,8.7 ¦Ìs,RX data,07,
3227,1.583939 s,8.7 ¦Ìs,RX data,55,
3228,1.583949 s,8.7 ¦Ìs,RX data,B0,
3229,1.58396 s,8.7 ¦Ìs,RX data,04,
3230,1.583971 s,8.7 ¦Ìs,RX data,29,
3231,1.583982 s,8.7 ¦Ìs,RX data,34,
3232,1.583993 s,8.7 ¦Ìs,RX data,20,
3233,1.584004 s,8.7 ¦Ìs,RX data,A3,
3234,1.584014 s,8.7 ¦Ìs,RX data,55,
3235,1.584025 s,8.7 ¦Ìs,RX data,55,
3236,1.584036 s,8.7 ¦Ìs,RX data,55,
3237,1.584047 s,8.7 ¦Ìs,RX data,55,
3238,1.584058 s,8.7 ¦Ìs,RX data,55,
3239,1.584069 s,8.7 ¦Ìs,RX data,55,
3240,1.584079 s,8.7 ¦Ìs,RX data,55,
3241,1.58409 s,8.7 ¦Ìs,RX data,55,
3242,1.584101 s,8.7 ¦Ìs,RX data,55,
3243,1.584112 s,8.7 ¦Ìs,RX data,55,
3244,1.584123 s,8.7 ¦Ìs,RX data,00,
3245,1.584134 s,8.7 ¦Ìs,RX data,55,
3246,1.584144 s,8.7 ¦Ìs,RX data,55,
3247,1.584155 s,8.7 ¦Ìs,RX data,55,
3248,1.584166 s,8.7 ¦Ìs,RX data,55,
3249,1.584177 s,8.7 ¦Ìs,RX data,00,
3250,1.584188 s,8.7 ¦Ìs,RX data,55,
3251,1.584199 s,8.7 ¦Ìs,RX data,55,
3252,1.584209 s,8.7 ¦Ìs,RX data,55,
3253,1.58422 s,8.7 ¦Ìs,RX data,00,
3254,1.584231 s,8.7 ¦Ìs,RX data,55,
3255,1.584242 s,8.7 ¦Ìs,RX data,55,
3256,1.584253 s,8.7 ¦Ìs,RX data,55,
3257,1.584264 s,8.7 ¦Ìs,RX data,00,
3258,1.584274 s,8.7 ¦Ìs,RX data,AD,
3259,1.584285 s,8.7 ¦Ìs,RX data,52,
3260,1.584296 s,8.7 ¦Ìs,RX data,95,
3261,1.584307 s,8.7 ¦Ìs,RX data,41,
3262,1.584318 s,8.7 ¦Ìs,RX data,A3,
3263,1.584329 s,8.7 ¦Ìs,RX data,AB,
3264,1.584339 s,8.7 ¦Ìs,RX data,B5,
3265,1.58435 s,8.7 ¦Ìs,RX data,62,
3266,1.584361 s,8.7 ¦Ìs,RX data,13,
3267,1.584372 s,8.7 ¦Ìs,RX data,80,
3268,1.584383 s,8.7 ¦Ìs,RX data,34,
3269,1.584394 s,8.7 ¦Ìs,RX data,00,
3270,1.584404 s,8.7 ¦Ìs,RX data,02,
3271,1.584415 s,8.7 ¦Ìs,RX data,00,
3272,1.584426 s,8.7 ¦Ìs,RX data,00,
3273,1.584437 s,8.7 ¦Ìs,RX data,09,
3274,1.584448 s,8.7 ¦Ìs,RX data,19,
3275,1.584459 s,8.7 ¦Ìs,RX data,06,
3276,1.584469 s,8.7 ¦Ìs,RX data,13,
3277,1.58448 s,8.7 ¦Ìs,RX data,00,
3278,1.584491 s,8.7 ¦Ìs,RX data,2A,
3279,1.584502 s,8.7 ¦Ìs,RX data,1C,
3280,1.584513 s,8.7 ¦Ìs,RX data,00,
3281,1.584524 s,8.7 ¦Ìs,RX data,00,
3282,1.584534 s,8.7 ¦Ìs,RX data,5C,
3283,1.584545 s,8.7 ¦Ìs,RX data,40,
3284,1.584556 s,8.7 ¦Ìs,RX data,10,
3285,1.584567 s,8.7 ¦Ìs,RX data,05,
3286,1.584578 s,8.7 ¦Ìs,RX data,08,
3287,1.584589 s,8.7 ¦Ìs,RX data,55,
3288,1.584599 s,8.7 ¦Ìs,RX data,B0,
3289,1.58461 s,8.7 ¦Ìs,RX data,04,
3290,1.584621 s,8.7 ¦Ìs,RX data,29,
3291,1.584632 s,8.7 ¦Ìs,RX data,34,
3292,1.584643 s,8.7 ¦Ìs,RX data,20,
3293,1.584654 s,8.7 ¦Ìs,RX data,4E,
3294,1.584664 s,8.7 ¦Ìs,RX data,55,
3295,1.584675 s,8.7 ¦Ìs,RX data,55,
3296,1.584686 s,8.7 ¦Ìs,RX data,55,
3297,1.584697 s,8.7 ¦Ìs,RX data,55,
3298,1.584708 s,8.7 ¦Ìs,RX data,55,
3299,1.584719 s,8.7 ¦Ìs,RX data,55,
3300,1.584729 s,8.7 ¦Ìs,RX data,55,
3301,1.58474 s,8.7 ¦Ìs,RX data,55,
3302,1.584751 s,8.7 ¦Ìs,RX data,55,
3303,1.584762 s,8.7 ¦Ìs,RX data,55,
3304,1.584773 s,8.7 ¦Ìs,RX data,00,
3305,1.584784 s,8.7 ¦Ìs,RX data,55,
3306,1.584794 s,8.7 ¦Ìs,RX data,55,
3307,1.584805 s,8.7 ¦Ìs,RX data,55,
3308,1.584816 s,8.7 ¦Ìs,RX data,55,
3309,1.584827 s,8.7 ¦Ìs,RX data,00,
3310,1.584838 s,8.7 ¦Ìs,RX data,55,
3311,1.584849 s,8.7 ¦Ìs,RX data,55,
3312,1.584859 s,8.7 ¦Ìs,RX data,55,
3313,1.58487 s,8.7 ¦Ìs,RX data,00,
3314,1.584881 s,8.7 ¦Ìs,RX data,55,
3315,1.584892 s,8.7 ¦Ìs,RX data,55,
3316,1.584903 s,8.7 ¦Ìs,RX data,55,
3317,1.584914 s,8.7 ¦Ìs,RX data,00,
3318,1.584924 s,8.7 ¦Ìs,RX data,AD,
3319,1.584935 s,8.7 ¦Ìs,RX data,52,
3320,1.584946 s,8.7 ¦Ìs,RX data,95,
3321,1.584957 s,8.7 ¦Ìs,RX data,41,
3322,1.584968 s,8.7 ¦Ìs,RX data,50,
3323,1.584979 s,8.7 ¦Ìs,RX data,5F,
3324,1.584989 s,8.7 ¦Ìs,RX data,B5,
3325,1.585 s,8.7 ¦Ìs,RX data,62,
3326,1.585011 s,8.7 ¦Ìs,RX data,13,
3327,1.585022 s,8.7 ¦Ìs,RX data,80,
3328,1.585033 s,8.7 ¦Ìs,RX data,34,
3329,1.585044 s,8.7 ¦Ìs,RX data,00,
3330,1.585054 s,8.7 ¦Ìs,RX data,02,
3331,1.585065 s,8.7 ¦Ìs,RX data,00,
3332,1.585076 s,8.7 ¦Ìs,RX data,00,
3333,1.585087 s,8.7 ¦Ìs,RX data,0A,
3334,1.585098 s,8.7 ¦Ìs,RX data,19,
3335,1.585109 s,8.7 ¦Ìs,RX data,06,
3336,1.585119 s,8.7 ¦Ìs,RX data,13,
3337,1.58513 s,8.7 ¦Ìs,RX data,00,
3338,1.585141 s,8.7 ¦Ìs,RX data,2A,
3339,1.585152 s,8.7 ¦Ìs,RX data,1C,
3340,1.585163 s,8.7 ¦Ìs,RX data,00,
3341,1.585174 s,8.7 ¦Ìs,RX data,00,
3342,1.585184 s,8.7 ¦Ìs,RX data,5C,
3343,1.585195 s,8.7 ¦Ìs,RX data,40,
3344,1.585206 s,8.7 ¦Ìs,RX data,10,
3345,1.585217 s,8.7 ¦Ìs,RX data,05,
3346,1.585228 s,8.7 ¦Ìs,RX data,09,
3347,1.585239 s,8.7 ¦Ìs,RX data,55,
3348,1.585249 s,8.7 ¦Ìs,RX data,B0,
3349,1.58526 s,8.7 ¦Ìs,RX data,04,
3350,1.585271 s,8.7 ¦Ìs,RX data,29,
3351,1.585282 s,8.7 ¦Ìs,RX data,34,
3352,1.585293 s,8.7 ¦Ìs,RX data,20,
3353,1.585304 s,8.7 ¦Ìs,RX data,04,
3354,1.585314 s,8.7 ¦Ìs,RX data,55,
3355,1.585325 s,8.7 ¦Ìs,RX data,55,
3356,1.585336 s,8.7 ¦Ìs,RX data,55,
3357,1.585347 s,8.7 ¦Ìs,RX data,55,
3358,1.585358 s,8.7 ¦Ìs,RX data,55,
3359,1.585369 s,8.7 ¦Ìs,RX data,55,
3360,1.585379 s,8.7 ¦Ìs,RX data,55,
3361,1.58539 s,8.7 ¦Ìs,RX data,55,
3362,1.585401 s,8.7 ¦Ìs,RX data,55,
3363,1.585412 s,8.7 ¦Ìs,RX data,55,
3364,1.585423 s,8.7 ¦Ìs,RX data,00,
3365,1.585434 s,8.7 ¦Ìs,RX data,55,
3366,1.585444 s,8.7 ¦Ìs,RX data,55,
3367,1.585455 s,8.7 ¦Ìs,RX data,55,
3368,1.585466 s,8.7 ¦Ìs,RX data,55,
3369,1.585477 s,8.7 ¦Ìs,RX data,00,
3370,1.585488 s,8.7 ¦Ìs,RX data,55,
3371,1.585499 s,8.7 ¦Ìs,RX data,55,
3372,1.585509 s,8.7 ¦Ìs,RX data,55,
3373,1.58552 s,8.7 ¦Ìs,RX data,00,
3374,1.585531 s,8.7 ¦Ìs,RX data,55,
3375,1.585542 s,8.7 ¦Ìs,RX data,55,
3376,1.585553 s,8.7 ¦Ìs,RX data,55,
3377,1.585564 s,8.7 ¦Ìs,RX data,00,
3378,1.585574 s,8.7 ¦Ìs,RX data,AD,
3379,1.585585 s,8.7 ¦Ìs,RX data,52,
3380,1.585596 s,8.7 ¦Ìs,RX data,95,
3381,1.585607 s,8.7 ¦Ìs,RX data,41,
3382,1.585618 s,8.7 ¦Ìs,RX data,08,
3383,1.585629 s,8.7 ¦Ìs,RX data,52,
3384,1.585639 s,8.7 ¦Ìs,RX data,B5,
3385,1.58565 s,8.7 ¦Ìs,RX data,62,
3386,1.585661 s,8.7 ¦Ìs,RX data,13,
3387,1.585672 s,8.7 ¦Ìs,RX data,80,
3388,1.585683 s,8.7 ¦Ìs,RX data,34,
3389,1.585694 s,8.7 ¦Ìs,RX data,00,
3390,1.585704 s,8.7 ¦Ìs,RX data,02,
3391,1.585715 s,8.7 ¦Ìs,RX data,00,
3392,1.585726 s,8.7 ¦Ìs,RX data,00,
3393,1.585737 s,8.7 ¦Ìs,RX data,0B,
3394,1.585748 s,8.7 ¦Ìs,RX data,19,
3395,1.585759 s,8.7 ¦Ìs,RX data,06,
3396,1.585769 s,8.7 ¦Ìs,RX data,13,
3397,1.58578 s,8.7 ¦Ìs,RX data,00,
3398,1.585791 s,8.7 ¦Ìs,RX data,2A,
3399,1.585802 s,8.7 ¦Ìs,RX data,1C,
3400,1.585813 s,8.7 ¦Ìs,RX data,00,
3401,1.585824 s,8.7 ¦Ìs,RX data,00,
3402,1.585834 s,8.7 ¦Ìs,RX data,5C,
3403,1.585845 s,8.7 ¦Ìs,RX data,40,
3404,1.585856 s,8.7 ¦Ìs,RX data,10,
3405,1.585867 s,8.7 ¦Ìs,RX data,05,
3406,1.585878 s,8.7 ¦Ìs,RX data,0A,
3407,1.585889 s,8.7 ¦Ìs,RX data,55,
3408,1.585899 s,8.7 ¦Ìs,RX data,B0,
3409,1.58591 s,8.7 ¦Ìs,RX data,04,
3410,1.585921 s,8.7 ¦Ìs,RX data,29,
3411,1.585932 s,8.7 ¦Ìs,RX data,34,
3412,1.585943 s,8.7 ¦Ìs,RX data,20,
3413,1.585954 s,8.7 ¦Ìs,RX data,C2,
3414,1.585964 s,8.7 ¦Ìs,RX data,55,
3415,1.585975 s,8.7 ¦Ìs,RX data,55,
3416,1.585986 s,8.7 ¦Ìs,RX data,55,
3417,1.585997 s,8.7 ¦Ìs,RX data,55,
3418,1.586008 s,8.7 ¦Ìs,RX data,55,
3419,1.586019 s,8.7 ¦Ìs,RX data,55,
3420,1.586029 s,8.7 ¦Ìs,RX data,55,
3421,1.58604 s,8.7 ¦Ìs,RX data,55,
3422,1.586051 s,8.7 ¦Ìs,RX data,55,
3423,1.586062 s,8.7 ¦Ìs,RX data,55,
3424,1.586073 s,8.7 ¦Ìs,RX data,00,
3425,1.586084 s,8.7 ¦Ìs,RX data,55,
3426,1.586094 s,8.7 ¦Ìs,RX data,55,
3427,1.586105 s,8.7 ¦Ìs,RX data,55,
3428,1.586116 s,8.7 ¦Ìs,RX data,55,
3429,1.586127 s,8.7 ¦Ìs,RX data,00,
3430,1.586138 s,8.7 ¦Ìs,RX data,55,
3431,1.586149 s,8.7 ¦Ìs,RX data,55,
3432,1.586159 s,8.7 ¦Ìs,RX data,55,
3433,1.58617 s,8.7 ¦Ìs,RX data,00,
3434,1.586181 s,8.7 ¦Ìs,RX data,55,
3435,1.586192 s,8.7 ¦Ìs,RX data,55,
3436,1.586203 s,8.7 ¦Ìs,RX data,55,
3437,1.586214 s,8.7 ¦Ìs,RX data,00,
3438,1.586224 s,8.7 ¦Ìs,RX data,AD,
3439,1.586235 s,8.7 ¦Ìs,RX data,52,
3440,1.586246 s,8.7 ¦Ìs,RX data,95,
3441,1.586257 s,8.7 ¦Ìs,RX data,41,
3442,1.586268 s,8.7 ¦Ìs,RX data,C8,
3443,1.586279 s,8.7 ¦Ìs,RX data,2D,
3444,1.586289 s,8.7 ¦Ìs,RX data,B5,
3445,1.5863 s,8.7 ¦Ìs,RX data,62,
3446,1.586311 s,8.7 ¦Ìs,RX data,13,
3447,1.586322 s,8.7 ¦Ìs,RX data,80,
3448,1.586333 s,8.7 ¦Ìs,RX data,34,
3449,1.586344 s,8.7 ¦Ìs,RX data,00,
3450,1.586354 s,8.7 ¦Ìs,RX data,02,
3451,1.586365 s,8.7 ¦Ìs,RX data,00,
3452,1.586376 s,8.7 ¦Ìs,RX data,00,
3453,1.586387 s,8.7 ¦Ìs,RX data,0C,
3454,1.586398 s,8.7 ¦Ìs,RX data,19,
3455,1.586409 s,8.7 ¦Ìs,RX data,06,
3456,1.588682 s,8.7 ¦Ìs,RX data,13,
3457,1.588693 s,8.7 ¦Ìs,RX data,00,
3458,1.588704 s,8.7 ¦Ìs,RX data,2A,
3459,1.588715 s,8.7 ¦Ìs,RX data,1C,
3460,1.588726 s,8.7 ¦Ìs,RX data,00,
3461,1.588737 s,8.7 ¦Ìs,RX data,00,
3462,1.588747 s,8.7 ¦Ìs,RX data,5C,
3463,1.588758 s,8.7 ¦Ìs,RX data,40,
3464,1.588769 s,8.7 ¦Ìs,RX data,10,
3465,1.58878 s,8.7 ¦Ìs,RX data,05,
3466,1.588791 s,8.7 ¦Ìs,RX data,0B,
3467,1.588802 s,8.7 ¦Ìs,RX data,55,
3468,1.588812 s,8.7 ¦Ìs,RX data,B0,
3469,1.588823 s,8.7 ¦Ìs,RX data,04,
3470,1.588834 s,8.7 ¦Ìs,RX data,29,
3471,1.588845 s,8.7 ¦Ìs,RX data,34,
3472,1.588856 s,8.7 ¦Ìs,RX data,20,
3473,1.588867 s,8.7 ¦Ìs,RX data,88,
3474,1.588877 s,8.7 ¦Ìs,RX data,55,
3475,1.588888 s,8.7 ¦Ìs,RX data,55,
3476,1.588899 s,8.7 ¦Ìs,RX data,55,
3477,1.58891 s,8.7 ¦Ìs,RX data,55,
3478,1.588921 s,8.7 ¦Ìs,RX data,55,
3479,1.588932 s,8.7 ¦Ìs,RX data,55,
3480,1.588942 s,8.7 ¦Ìs,RX data,55,
3481,1.588953 s,8.7 ¦Ìs,RX data,55,
3482,1.588964 s,8.7 ¦Ìs,RX data,55,
3483,1.588975 s,8.7 ¦Ìs,RX data,55,
3484,1.588986 s,8.7 ¦Ìs,RX data,00,
3485,1.588997 s,8.7 ¦Ìs,RX data,55,
3486,1.589007 s,8.7 ¦Ìs,RX data,55,
3487,1.589018 s,8.7 ¦Ìs,RX data,55,
3488,1.589029 s,8.7 ¦Ìs,RX data,55,
3489,1.58904 s,8.7 ¦Ìs,RX data,00,
3490,1.589051 s,8.7 ¦Ìs,RX data,55,
3491,1.589062 s,8.7 ¦Ìs,RX data,55,
3492,1.589072 s,8.7 ¦Ìs,RX data,55,
3493,1.589083 s,8.7 ¦Ìs,RX data,00,
3494,1.589094 s,8.7 ¦Ìs,RX data,55,
3495,1.589105 s,8.7 ¦Ìs,RX data,55,
3496,1.589116 s,8.7 ¦Ìs,RX data,55,
3497,1.589127 s,8.7 ¦Ìs,RX data,00,
3498,1.589137 s,8.7 ¦Ìs,RX data,AD,
3499,1.589148 s,8.7 ¦Ìs,RX data,52,
3500,1.589159 s,8.7 ¦Ìs,RX data,95,
3501,1.58917 s,8.7 ¦Ìs,RX data,41,
3502,1.589181 s,8.7 ¦Ìs,RX data,90,
3503,1.589192 s,8.7 ¦Ìs,RX data,F0,
3504,1.589202 s,8.7 ¦Ìs,RX data,B5,
3505,1.589213 s,8.7 ¦Ìs,RX data,62,
3506,1.589224 s,8.7 ¦Ìs,RX data,13,
3507,1.589235 s,8.7 ¦Ìs,RX data,80,
3508,1.589246 s,8.7 ¦Ìs,RX data,34,
3509,1.589257 s,8.7 ¦Ìs,RX data,00,
3510,1.589267 s,8.7 ¦Ìs,RX data,02,
3511,1.589278 s,8.7 ¦Ìs,RX data,00,
3512,1.589289 s,8.7 ¦Ìs,RX data,00,
3513,1.5893 s,8.7 ¦Ìs,RX data,0D,
3514,1.589311 s,8.7 ¦Ìs,RX data,19,
3515,1.589322 s,8.7 ¦Ìs,RX data,06,
3516,1.589332 s,8.7 ¦Ìs,RX data,13,
3517,1.589343 s,8.7 ¦Ìs,RX data,00,
3518,1.589354 s,8.7 ¦Ìs,RX data,2A,
3519,1.589365 s,8.7 ¦Ìs,RX data,1C,
3520,1.589376 s,8.7 ¦Ìs,RX data,00,
3521,1.589387 s,8.7 ¦Ìs,RX data,00,
3522,1.589397 s,8.7 ¦Ìs,RX data,5C,
3523,1.589408 s,8.7 ¦Ìs,RX data,40,
3524,1.589419 s,8.7 ¦Ìs,RX data,10,
3525,1.58943 s,8.7 ¦Ìs,RX data,05,
3526,1.589441 s,8.7 ¦Ìs,RX data,0C,
3527,1.589452 s,8.7 ¦Ìs,RX data,55,
3528,1.589462 s,8.7 ¦Ìs,RX data,B0,
3529,1.589473 s,8.7 ¦Ìs,RX data,04,
3530,1.589484 s,8.7 ¦Ìs,RX data,29,
3531,1.589495 s,8.7 ¦Ìs,RX data,34,
3532,1.589506 s,8.7 ¦Ìs,RX data,20,
3533,1.589517 s,8.7 ¦Ìs,RX data,57,
3534,1.589527 s,8.7 ¦Ìs,RX data,55,
3535,1.589538 s,8.7 ¦Ìs,RX data,55,
3536,1.589549 s,8.7 ¦Ìs,RX data,55,
3537,1.58956 s,8.7 ¦Ìs,RX data,55,
3538,1.589571 s,8.7 ¦Ìs,RX data,55,
3539,1.589582 s,8.7 ¦Ìs,RX data,55,
3540,1.589592 s,8.7 ¦Ìs,RX data,55,
3541,1.589603 s,8.7 ¦Ìs,RX data,55,
3542,1.589614 s,8.7 ¦Ìs,RX data,55,
3543,1.589625 s,8.7 ¦Ìs,RX data,55,
3544,1.589636 s,8.7 ¦Ìs,RX data,00,
3545,1.589647 s,8.7 ¦Ìs,RX data,55,
3546,1.589657 s,8.7 ¦Ìs,RX data,55,
3547,1.589668 s,8.7 ¦Ìs,RX data,55,
3548,1.589679 s,8.7 ¦Ìs,RX data,55,
3549,1.58969 s,8.7 ¦Ìs,RX data,00,
3550,1.589701 s,8.7 ¦Ìs,RX data,55,
3551,1.589712 s,8.7 ¦Ìs,RX data,55,
3552,1.589722 s,8.7 ¦Ìs,RX data,55,
3553,1.589733 s,8.7 ¦Ìs,RX data,00,
3554,1.589744 s,8.7 ¦Ìs,RX data,55,
3555,1.589755 s,8.7 ¦Ìs,RX data,55,
3556,1.589766 s,8.7 ¦Ìs,RX data,55,
3557,1.589777 s,8.7 ¦Ìs,RX data,00,
3558,1.589787 s,8.7 ¦Ìs,RX data,AD,
3559,1.589798 s,8.7 ¦Ìs,RX data,52,
3560,1.589809 s,8.7 ¦Ìs,RX data,95,
3561,1.58982 s,8.7 ¦Ìs,RX data,41,
3562,1.589831 s,8.7 ¦Ìs,RX data,61,
3563,1.589842 s,8.7 ¦Ìs,RX data,B8,
3564,1.589852 s,8.7 ¦Ìs,RX data,B5,
3565,1.589863 s,8.7 ¦Ìs,RX data,62,
3566,1.589874 s,8.7 ¦Ìs,RX data,13,
3567,1.589885 s,8.7 ¦Ìs,RX data,80,
3568,1.589896 s,8.7 ¦Ìs,RX data,34,
3569,1.589907 s,8.7 ¦Ìs,RX data,00,
3570,1.589917 s,8.7 ¦Ìs,RX data,02,
3571,1.589928 s,8.7 ¦Ìs,RX data,00,
3572,1.589939 s,8.7 ¦Ìs,RX data,00,
3573,1.58995 s,8.7 ¦Ìs,RX data,0E,
3574,1.589961 s,8.7 ¦Ìs,RX data,19,
3575,1.589972 s,8.7 ¦Ìs,RX data,06,
3576,1.589982 s,8.7 ¦Ìs,RX data,13,
3577,1.589993 s,8.7 ¦Ìs,RX data,00,
3578,1.590004 s,8.7 ¦Ìs,RX data,2A,
3579,1.590015 s,8.7 ¦Ìs,RX data,1C,
3580,1.590026 s,8.7 ¦Ìs,RX data,00,
3581,1.590037 s,8.7 ¦Ìs,RX data,00,
3582,1.590047 s,8.7 ¦Ìs,RX data,5C,
3583,1.590058 s,8.7 ¦Ìs,RX data,40,
3584,1.590069 s,8.7 ¦Ìs,RX data,10,
3585,1.59008 s,8.7 ¦Ìs,RX data,05,
3586,1.590091 s,8.7 ¦Ìs,RX data,0D,
3587,1.590102 s,8.7 ¦Ìs,RX data,55,
3588,1.590112 s,8.7 ¦Ìs,RX data,B0,
3589,1.590123 s,8.7 ¦Ìs,RX data,04,
3590,1.590134 s,8.7 ¦Ìs,RX data,29,
3591,1.590145 s,8.7 ¦Ìs,RX data,34,
3592,1.590156 s,8.7 ¦Ìs,RX data,20,
3593,1.590167 s,8.7 ¦Ìs,RX data,1D,
3594,1.590177 s,8.7 ¦Ìs,RX data,55,
3595,1.590188 s,8.7 ¦Ìs,RX data,55,
3596,1.590199 s,8.7 ¦Ìs,RX data,55,
3597,1.59021 s,8.7 ¦Ìs,RX data,55,
3598,1.590221 s,8.7 ¦Ìs,RX data,55,
3599,1.590232 s,8.7 ¦Ìs,RX data,55,
3600,1.590242 s,8.7 ¦Ìs,RX data,55,
3601,1.590253 s,8.7 ¦Ìs,RX data,55,
3602,1.590264 s,8.7 ¦Ìs,RX data,55,
3603,1.590275 s,8.7 ¦Ìs,RX data,55,
3604,1.590286 s,8.7 ¦Ìs,RX data,00,
3605,1.590297 s,8.7 ¦Ìs,RX data,55,
3606,1.590307 s,8.7 ¦Ìs,RX data,55,
3607,1.590318 s,8.7 ¦Ìs,RX data,55,
3608,1.590329 s,8.7 ¦Ìs,RX data,55,
3609,1.59034 s,8.7 ¦Ìs,RX data,00,
3610,1.590351 s,8.7 ¦Ìs,RX data,55,
3611,1.590362 s,8.7 ¦Ìs,RX data,55,
3612,1.590372 s,8.7 ¦Ìs,RX data,55,
3613,1.590383 s,8.7 ¦Ìs,RX data,00,
3614,1.590394 s,8.7 ¦Ìs,RX data,55,
3615,1.590405 s,8.7 ¦Ìs,RX data,55,
3616,1.590416 s,8.7 ¦Ìs,RX data,55,
3617,1.590427 s,8.7 ¦Ìs,RX data,00,
3618,1.590437 s,8.7 ¦Ìs,RX data,AD,
3619,1.590448 s,8.7 ¦Ìs,RX data,52,
3620,1.590459 s,8.7 ¦Ìs,RX data,95,
3621,1.59047 s,8.7 ¦Ìs,RX data,41,
3622,1.590481 s,8.7 ¦Ìs,RX data,29,
3623,1.590492 s,8.7 ¦Ìs,RX data,7B,
3624,1.590502 s,8.7 ¦Ìs,RX data,B5,
3625,1.590513 s,8.7 ¦Ìs,RX data,62,
3626,1.590524 s,8.7 ¦Ìs,RX data,13,
3627,1.590535 s,8.7 ¦Ìs,RX data,80,
3628,1.590546 s,8.7 ¦Ìs,RX data,34,
3629,1.590557 s,8.7 ¦Ìs,RX data,00,
3630,1.590567 s,8.7 ¦Ìs,RX data,02,
3631,1.590578 s,8.7 ¦Ìs,RX data,00,
3632,1.590589 s,8.7 ¦Ìs,RX data,00,
3633,1.5906 s,8.7 ¦Ìs,RX data,13,
3634,1.590611 s,8.7 ¦Ìs,RX data,1A,
3635,1.590622 s,8.7 ¦Ìs,RX data,05,
3636,1.590632 s,8.7 ¦Ìs,RX data,1C,
3637,1.590643 s,8.7 ¦Ìs,RX data,00,
3638,1.590654 s,8.7 ¦Ìs,RX data,2A,
3639,1.590665 s,8.7 ¦Ìs,RX data,1C,
3640,1.590676 s,8.7 ¦Ìs,RX data,00,
3641,1.590687 s,8.7 ¦Ìs,RX data,00,
3642,1.590697 s,8.7 ¦Ìs,RX data,5C,
3643,1.590708 s,8.7 ¦Ìs,RX data,40,
3644,1.590719 s,8.7 ¦Ìs,RX data,10,
3645,1.59073 s,8.7 ¦Ìs,RX data,05,
3646,1.590741 s,8.7 ¦Ìs,RX data,12,
3647,1.590752 s,8.7 ¦Ìs,RX data,55,
3648,1.590762 s,8.7 ¦Ìs,RX data,B0,
3649,1.590773 s,8.7 ¦Ìs,RX data,08,
3650,1.590784 s,8.7 ¦Ìs,RX data,31,
3651,1.590795 s,8.7 ¦Ìs,RX data,37,
3652,1.590806 s,8.7 ¦Ìs,RX data,20,
3653,1.590817 s,8.7 ¦Ìs,RX data,79,
3654,1.590827 s,8.7 ¦Ìs,RX data,55,
3655,1.590838 s,8.7 ¦Ìs,RX data,55,
3656,1.590849 s,8.7 ¦Ìs,RX data,55,
3657,1.59086 s,8.7 ¦Ìs,RX data,55,
3658,1.590871 s,8.7 ¦Ìs,RX data,55,
3659,1.590882 s,8.7 ¦Ìs,RX data,55,
3660,1.590892 s,8.7 ¦Ìs,RX data,55,
3661,1.590903 s,8.7 ¦Ìs,RX data,55,
3662,1.590914 s,8.7 ¦Ìs,RX data,55,
3663,1.590925 s,8.7 ¦Ìs,RX data,55,
3664,1.590936 s,8.7 ¦Ìs,RX data,00,
3665,1.590947 s,8.7 ¦Ìs,RX data,55,
3666,1.590957 s,8.7 ¦Ìs,RX data,55,
3667,1.590968 s,8.7 ¦Ìs,RX data,55,
3668,1.590979 s,8.7 ¦Ìs,RX data,55,
3669,1.59099 s,8.7 ¦Ìs,RX data,00,
3670,1.591001 s,8.7 ¦Ìs,RX data,55,
3671,1.591012 s,8.7 ¦Ìs,RX data,55,
3672,1.591022 s,8.7 ¦Ìs,RX data,55,
3673,1.591033 s,8.7 ¦Ìs,RX data,00,
3674,1.591044 s,8.7 ¦Ìs,RX data,55,
3675,1.591055 s,8.7 ¦Ìs,RX data,55,
3676,1.591066 s,8.7 ¦Ìs,RX data,55,
3677,1.591077 s,8.7 ¦Ìs,RX data,00,
3678,1.591087 s,8.7 ¦Ìs,RX data,AD,
3679,1.591098 s,8.7 ¦Ìs,RX data,52,
3680,1.591109 s,8.7 ¦Ìs,RX data,95,
3681,1.59112 s,8.7 ¦Ìs,RX data,72,
3682,1.591131 s,8.7 ¦Ìs,RX data,D8,
3683,1.591142 s,8.7 ¦Ìs,RX data,41,
3684,1.591152 s,8.7 ¦Ìs,RX data,B5,
3685,1.591163 s,8.7 ¦Ìs,RX data,62,
3686,1.591174 s,8.7 ¦Ìs,RX data,13,
3687,1.591185 s,8.7 ¦Ìs,RX data,80,
3688,1.591196 s,8.7 ¦Ìs,RX data,34,
3689,1.591207 s,8.7 ¦Ìs,RX data,00,
3690,1.591217 s,8.7 ¦Ìs,RX data,02,
3691,1.591228 s,8.7 ¦Ìs,RX data,00,
3692,1.591239 s,8.7 ¦Ìs,RX data,00,
3693,1.59125 s,8.7 ¦Ìs,RX data,14,
3694,1.591261 s,8.7 ¦Ìs,RX data,1A,
3695,1.591272 s,8.7 ¦Ìs,RX data,05,
3696,1.591282 s,8.7 ¦Ìs,RX data,1E,
3697,1.591293 s,8.7 ¦Ìs,RX data,0A,
3698,1.591304 s,8.7 ¦Ìs,RX data,00,
3699,1.591315 s,8.7 ¦Ìs,RX data,1C,
3700,1.591326 s,8.7 ¦Ìs,RX data,00,
3701,1.591337 s,8.7 ¦Ìs,RX data,00,
3702,1.591347 s,8.7 ¦Ìs,RX data,5C,
3703,1.591358 s,8.7 ¦Ìs,RX data,40,
3704,1.591369 s,8.7 ¦Ìs,RX data,10,
3705,1.59138 s,8.7 ¦Ìs,RX data,05,
3706,1.591391 s,8.7 ¦Ìs,RX data,13,
3707,1.591402 s,8.7 ¦Ìs,RX data,00,
3708,1.591412 s,8.7 ¦Ìs,RX data,B0,
3709,1.591423 s,8.7 ¦Ìs,RX data,08,
3710,1.591434 s,8.7 ¦Ìs,RX data,85,
3711,1.591445 s,8.7 ¦Ìs,RX data,EB,
3712,1.593683 s,8.7 ¦Ìs,RX data,22,
3713,1.593693 s,8.7 ¦Ìs,RX data,17,
3714,1.593704 s,8.7 ¦Ìs,RX data,CF,
3715,1.593715 s,8.7 ¦Ìs,RX data,31,
3716,1.593726 s,8.7 ¦Ìs,RX data,98,
3717,1.593737 s,8.7 ¦Ìs,RX data,FD,
3718,1.593748 s,8.7 ¦Ìs,RX data,E1,
3719,1.593758 s,8.7 ¦Ìs,RX data,FD,
3720,1.593769 s,8.7 ¦Ìs,RX data,A0,
3721,1.59378 s,8.7 ¦Ìs,RX data,00,
3722,1.593791 s,8.7 ¦Ìs,RX data,15,
3723,1.593802 s,8.7 ¦Ìs,RX data,FD,
3724,1.593813 s,8.7 ¦Ìs,RX data,5A,
3725,1.593823 s,8.7 ¦Ìs,RX data,87,
3726,1.593834 s,8.7 ¦Ìs,RX data,4C,
3727,1.593845 s,8.7 ¦Ìs,RX data,DA,
3728,1.593856 s,8.7 ¦Ìs,RX data,88,
3729,1.593867 s,8.7 ¦Ìs,RX data,00,
3730,1.593878 s,8.7 ¦Ìs,RX data,51,
3731,1.593888 s,8.7 ¦Ìs,RX data,CB,
3732,1.593899 s,8.7 ¦Ìs,RX data,7B,
3733,1.59391 s,8.7 ¦Ìs,RX data,00,
3734,1.593921 s,8.7 ¦Ìs,RX data,A4,
3735,1.593932 s,8.7 ¦Ìs,RX data,C8,
3736,1.593943 s,8.7 ¦Ìs,RX data,BC,
3737,1.593953 s,8.7 ¦Ìs,RX data,00,
3738,1.593964 s,8.7 ¦Ìs,RX data,22,
3739,1.593975 s,8.7 ¦Ìs,RX data,FA,
3740,1.593986 s,8.7 ¦Ìs,RX data,3F,
3741,1.593997 s,8.7 ¦Ìs,RX data,72,
3742,1.594008 s,8.7 ¦Ìs,RX data,A5,
3743,1.594018 s,8.7 ¦Ìs,RX data,66,
3744,1.594029 s,8.7 ¦Ìs,RX data,B5,
3745,1.59404 s,8.7 ¦Ìs,RX data,62,
3746,1.594051 s,8.7 ¦Ìs,RX data,13,
3747,1.594062 s,8.7 ¦Ìs,RX data,80,
3748,1.594073 s,8.7 ¦Ìs,RX data,34,
3749,1.594083 s,8.7 ¦Ìs,RX data,00,
3750,1.594094 s,8.7 ¦Ìs,RX data,02,
3751,1.594105 s,8.7 ¦Ìs,RX data,00,
3752,1.594116 s,8.7 ¦Ìs,RX data,00,
3753,1.594127 s,8.7 ¦Ìs,RX data,15,
3754,1.594138 s,8.7 ¦Ìs,RX data,1A,
3755,1.594148 s,8.7 ¦Ìs,RX data,05,
3756,1.594159 s,8.7 ¦Ìs,RX data,1C,
3757,1.59417 s,8.7 ¦Ìs,RX data,00,
3758,1.594181 s,8.7 ¦Ìs,RX data,2A,
3759,1.594192 s,8.7 ¦Ìs,RX data,1C,
3760,1.594203 s,8.7 ¦Ìs,RX data,00,
3761,1.594213 s,8.7 ¦Ìs,RX data,00,
3762,1.594224 s,8.7 ¦Ìs,RX data,5C,
3763,1.594235 s,8.7 ¦Ìs,RX data,40,
3764,1.594246 s,8.7 ¦Ìs,RX data,10,
3765,1.594257 s,8.7 ¦Ìs,RX data,05,
3766,1.594268 s,8.7 ¦Ìs,RX data,14,
3767,1.594278 s,8.7 ¦Ìs,RX data,55,
3768,1.594289 s,8.7 ¦Ìs,RX data,B0,
3769,1.5943 s,8.7 ¦Ìs,RX data,08,
3770,1.594311 s,8.7 ¦Ìs,RX data,31,
3771,1.594322 s,8.7 ¦Ìs,RX data,37,
3772,1.594333 s,8.7 ¦Ìs,RX data,20,
3773,1.594343 s,8.7 ¦Ìs,RX data,EC,
3774,1.594354 s,8.7 ¦Ìs,RX data,55,
3775,1.594365 s,8.7 ¦Ìs,RX data,55,
3776,1.594376 s,8.7 ¦Ìs,RX data,55,
3777,1.594387 s,8.7 ¦Ìs,RX data,55,
3778,1.594398 s,8.7 ¦Ìs,RX data,55,
3779,1.594408 s,8.7 ¦Ìs,RX data,55,
3780,1.594419 s,8.7 ¦Ìs,RX data,55,
3781,1.59443 s,8.7 ¦Ìs,RX data,55,
3782,1.594441 s,8.7 ¦Ìs,RX data,55,
3783,1.594452 s,8.7 ¦Ìs,RX data,55,
3784,1.594463 s,8.7 ¦Ìs,RX data,00,
3785,1.594473 s,8.7 ¦Ìs,RX data,55,
3786,1.594484 s,8.7 ¦Ìs,RX data,55,
3787,1.594495 s,8.7 ¦Ìs,RX data,55,
3788,1.594506 s,8.7 ¦Ìs,RX data,55,
3789,1.594517 s,8.7 ¦Ìs,RX data,00,
3790,1.594528 s,8.7 ¦Ìs,RX data,55,
3791,1.594538 s,8.7 ¦Ìs,RX data,55,
3792,1.594549 s,8.7 ¦Ìs,RX data,55,
3793,1.59456 s,8.7 ¦Ìs,RX data,00,
3794,1.594571 s,8.7 ¦Ìs,RX data,55,
3795,1.594582 s,8.7 ¦Ìs,RX data,55,
3796,1.594593 s,8.7 ¦Ìs,RX data,55,
3797,1.594603 s,8.7 ¦Ìs,RX data,00,
3798,1.594614 s,8.7 ¦Ìs,RX data,AD,
3799,1.594625 s,8.7 ¦Ìs,RX data,52,
3800,1.594636 s,8.7 ¦Ìs,RX data,95,
3801,1.594647 s,8.7 ¦Ìs,RX data,72,
3802,1.594658 s,8.7 ¦Ìs,RX data,4F,
3803,1.594668 s,8.7 ¦Ìs,RX data,F2,
3804,1.594679 s,8.7 ¦Ìs,RX data,B5,
3805,1.59469 s,8.7 ¦Ìs,RX data,62,
3806,1.594701 s,8.7 ¦Ìs,RX data,13,
3807,1.594712 s,8.7 ¦Ìs,RX data,80,
3808,1.594723 s,8.7 ¦Ìs,RX data,34,
3809,1.594733 s,8.7 ¦Ìs,RX data,00,
3810,1.594744 s,8.7 ¦Ìs,RX data,02,
3811,1.594755 s,8.7 ¦Ìs,RX data,00,
3812,1.594766 s,8.7 ¦Ìs,RX data,00,
3813,1.594777 s,8.7 ¦Ìs,RX data,16,
3814,1.594788 s,8.7 ¦Ìs,RX data,1A,
3815,1.594798 s,8.7 ¦Ìs,RX data,05,
3816,1.594809 s,8.7 ¦Ìs,RX data,1C,
3817,1.59482 s,8.7 ¦Ìs,RX data,00,
3818,1.594831 s,8.7 ¦Ìs,RX data,2A,
3819,1.594842 s,8.7 ¦Ìs,RX data,1C,
3820,1.594853 s,8.7 ¦Ìs,RX data,00,
3821,1.594863 s,8.7 ¦Ìs,RX data,00,
3822,1.594874 s,8.7 ¦Ìs,RX data,5C,
3823,1.594885 s,8.7 ¦Ìs,RX data,40,
3824,1.594896 s,8.7 ¦Ìs,RX data,10,
3825,1.594907 s,8.7 ¦Ìs,RX data,05,
3826,1.594918 s,8.7 ¦Ìs,RX data,15,
3827,1.594928 s,8.7 ¦Ìs,RX data,55,
3828,1.594939 s,8.7 ¦Ìs,RX data,B0,
3829,1.59495 s,8.7 ¦Ìs,RX data,08,
3830,1.594961 s,8.7 ¦Ìs,RX data,31,
3831,1.594972 s,8.7 ¦Ìs,RX data,37,
3832,1.594983 s,8.7 ¦Ìs,RX data,20,
3833,1.594993 s,8.7 ¦Ìs,RX data,A6,
3834,1.595004 s,8.7 ¦Ìs,RX data,55,
3835,1.595015 s,8.7 ¦Ìs,RX data,55,
3836,1.595026 s,8.7 ¦Ìs,RX data,55,
3837,1.595037 s,8.7 ¦Ìs,RX data,55,
3838,1.595048 s,8.7 ¦Ìs,RX data,55,
3839,1.595058 s,8.7 ¦Ìs,RX data,55,
3840,1.595069 s,8.7 ¦Ìs,RX data,55,
3841,1.59508 s,8.7 ¦Ìs,RX data,55,
3842,1.595091 s,8.7 ¦Ìs,RX data,55,
3843,1.595102 s,8.7 ¦Ìs,RX data,55,
3844,1.595113 s,8.7 ¦Ìs,RX data,00,
3845,1.595123 s,8.7 ¦Ìs,RX data,55,
3846,1.595134 s,8.7 ¦Ìs,RX data,55,
3847,1.595145 s,8.7 ¦Ìs,RX data,55,
3848,1.595156 s,8.7 ¦Ìs,RX data,55,
3849,1.595167 s,8.7 ¦Ìs,RX data,00,
3850,1.595178 s,8.7 ¦Ìs,RX data,55,
3851,1.595188 s,8.7 ¦Ìs,RX data,55,
3852,1.595199 s,8.7 ¦Ìs,RX data,55,
3853,1.59521 s,8.7 ¦Ìs,RX data,00,
3854,1.595221 s,8.7 ¦Ìs,RX data,55,
3855,1.595232 s,8.7 ¦Ìs,RX data,55,
3856,1.595243 s,8.7 ¦Ìs,RX data,55,
3857,1.595253 s,8.7 ¦Ìs,RX data,00,
3858,1.595264 s,8.7 ¦Ìs,RX data,AD,
3859,1.595275 s,8.7 ¦Ìs,RX data,52,
3860,1.595286 s,8.7 ¦Ìs,RX data,95,
3861,1.595297 s,8.7 ¦Ìs,RX data,72,
3862,1.595308 s,8.7 ¦Ìs,RX data,0B,
3863,1.595318 s,8.7 ¦Ìs,RX data,59,
3864,1.595329 s,8.7 ¦Ìs,RX data,B5,
3865,1.59534 s,8.7 ¦Ìs,RX data,62,
3866,1.595351 s,8.7 ¦Ìs,RX data,13,
3867,1.595362 s,8.7 ¦Ìs,RX data,80,
3868,1.595373 s,8.7 ¦Ìs,RX data,34,
3869,1.595383 s,8.7 ¦Ìs,RX data,00,
3870,1.595394 s,8.7 ¦Ìs,RX data,02,
3871,1.595405 s,8.7 ¦Ìs,RX data,00,
3872,1.595416 s,8.7 ¦Ìs,RX data,00,
3873,1.595427 s,8.7 ¦Ìs,RX data,1C,
3874,1.595438 s,8.7 ¦Ìs,RX data,18,
3875,1.595448 s,8.7 ¦Ìs,RX data,08,
3876,1.595459 s,8.7 ¦Ìs,RX data,0F,
3877,1.59547 s,8.7 ¦Ìs,RX data,00,
3878,1.595481 s,8.7 ¦Ìs,RX data,00,
3879,1.595492 s,8.7 ¦Ìs,RX data,1C,
3880,1.595503 s,8.7 ¦Ìs,RX data,00,
3881,1.595513 s,8.7 ¦Ìs,RX data,00,
3882,1.595524 s,8.7 ¦Ìs,RX data,5C,
3883,1.595535 s,8.7 ¦Ìs,RX data,40,
3884,1.595546 s,8.7 ¦Ìs,RX data,10,
3885,1.595557 s,8.7 ¦Ìs,RX data,05,
3886,1.595568 s,8.7 ¦Ìs,RX data,1B,
3887,1.595578 s,8.7 ¦Ìs,RX data,00,
3888,1.595589 s,8.7 ¦Ìs,RX data,B0,
3889,1.5956 s,8.7 ¦Ìs,RX data,08,
3890,1.595611 s,8.7 ¦Ìs,RX data,73,
3891,1.595622 s,8.7 ¦Ìs,RX data,0A,
3892,1.595633 s,8.7 ¦Ìs,RX data,22,
3893,1.595643 s,8.7 ¦Ìs,RX data,23,
3894,1.595654 s,8.7 ¦Ìs,RX data,FF,
3895,1.595665 s,8.7 ¦Ìs,RX data,46,
3896,1.595676 s,8.7 ¦Ìs,RX data,82,
3897,1.595687 s,8.7 ¦Ìs,RX data,0C,
3898,1.595698 s,8.7 ¦Ìs,RX data,E9,
3899,1.595708 s,8.7 ¦Ìs,RX data,0C,
3900,1.595719 s,8.7 ¦Ìs,RX data,A1,
3901,1.59573 s,8.7 ¦Ìs,RX data,00,
3902,1.595741 s,8.7 ¦Ìs,RX data,45,
3903,1.595752 s,8.7 ¦Ìs,RX data,FD,
3904,1.595763 s,8.7 ¦Ìs,RX data,60,
3905,1.595773 s,8.7 ¦Ìs,RX data,54,
3906,1.595784 s,8.7 ¦Ìs,RX data,E3,
3907,1.595795 s,8.7 ¦Ìs,RX data,DF,
3908,1.595806 s,8.7 ¦Ìs,RX data,D1,
3909,1.595817 s,8.7 ¦Ìs,RX data,00,
3910,1.595828 s,8.7 ¦Ìs,RX data,4B,
3911,1.595838 s,8.7 ¦Ìs,RX data,7B,
3912,1.595849 s,8.7 ¦Ìs,RX data,3B,
3913,1.59586 s,8.7 ¦Ìs,RX data,00,
3914,1.595871 s,8.7 ¦Ìs,RX data,99,
3915,1.595882 s,8.7 ¦Ìs,RX data,36,
3916,1.595893 s,8.7 ¦Ìs,RX data,07,
3917,1.595903 s,8.7 ¦Ìs,RX data,00,
3918,1.595914 s,8.7 ¦Ìs,RX data,D3,
3919,1.595925 s,8.7 ¦Ìs,RX data,FD,
3920,1.595936 s,8.7 ¦Ìs,RX data,3F,
3921,1.595947 s,8.7 ¦Ìs,RX data,15,
3922,1.595958 s,8.7 ¦Ìs,RX data,63,
3923,1.595968 s,8.7 ¦Ìs,RX data,AB,
3924,1.595979 s,8.7 ¦Ìs,RX data,B5,
3925,1.59599 s,8.7 ¦Ìs,RX data,62,
3926,1.596001 s,8.7 ¦Ìs,RX data,13,
3927,1.596012 s,8.7 ¦Ìs,RX data,80,
3928,1.596023 s,8.7 ¦Ìs,RX data,34,
3929,1.596033 s,8.7 ¦Ìs,RX data,00,
3930,1.596044 s,8.7 ¦Ìs,RX data,02,
3931,1.596055 s,8.7 ¦Ìs,RX data,00,
3932,1.596066 s,8.7 ¦Ìs,RX data,00,
3933,1.596077 s,8.7 ¦Ìs,RX data,1D,
3934,1.596088 s,8.7 ¦Ìs,RX data,19,
3935,1.596098 s,8.7 ¦Ìs,RX data,06,
3936,1.596109 s,8.7 ¦Ìs,RX data,13,
3937,1.59612 s,8.7 ¦Ìs,RX data,00,
3938,1.596131 s,8.7 ¦Ìs,RX data,2A,
3939,1.596142 s,8.7 ¦Ìs,RX data,1C,
3940,1.596153 s,8.7 ¦Ìs,RX data,00,
3941,1.596163 s,8.7 ¦Ìs,RX data,00,
3942,1.596174 s,8.7 ¦Ìs,RX data,5C,
3943,1.596185 s,8.7 ¦Ìs,RX data,40,
3944,1.596196 s,8.7 ¦Ìs,RX data,10,
3945,1.596207 s,8.7 ¦Ìs,RX data,05,
3946,1.596218 s,8.7 ¦Ìs,RX data,1C,
3947,1.596228 s,8.7 ¦Ìs,RX data,55,
3948,1.596239 s,8.7 ¦Ìs,RX data,B0,
3949,1.59625 s,8.7 ¦Ìs,RX data,04,
3950,1.596261 s,8.7 ¦Ìs,RX data,29,
3951,1.596272 s,8.7 ¦Ìs,RX data,34,
3952,1.596283 s,8.7 ¦Ìs,RX data,20,
3953,1.596293 s,8.7 ¦Ìs,RX data,2B,
3954,1.596304 s,8.7 ¦Ìs,RX data,55,
3955,1.596315 s,8.7 ¦Ìs,RX data,55,
3956,1.596326 s,8.7 ¦Ìs,RX data,55,
3957,1.596337 s,8.7 ¦Ìs,RX data,55,
3958,1.596348 s,8.7 ¦Ìs,RX data,55,
3959,1.596358 s,8.7 ¦Ìs,RX data,55,
3960,1.596369 s,8.7 ¦Ìs,RX data,55,
3961,1.59638 s,8.7 ¦Ìs,RX data,55,
3962,1.596391 s,8.7 ¦Ìs,RX data,55,
3963,1.596402 s,8.7 ¦Ìs,RX data,55,
3964,1.596413 s,8.7 ¦Ìs,RX data,00,
3965,1.596423 s,8.7 ¦Ìs,RX data,55,
3966,1.596434 s,8.7 ¦Ìs,RX data,55,
3967,1.596445 s,8.7 ¦Ìs,RX data,55,
3968,1.59866 s,8.7 ¦Ìs,RX data,55,
3969,1.598671 s,8.7 ¦Ìs,RX data,00,
3970,1.598681 s,8.7 ¦Ìs,RX data,55,
3971,1.598692 s,8.7 ¦Ìs,RX data,55,
3972,1.598703 s,8.7 ¦Ìs,RX data,55,
3973,1.598714 s,8.7 ¦Ìs,RX data,00,
3974,1.598725 s,8.7 ¦Ìs,RX data,55,
3975,1.598736 s,8.7 ¦Ìs,RX data,55,
3976,1.598747 s,8.7 ¦Ìs,RX data,55,
3977,1.598757 s,8.7 ¦Ìs,RX data,00,
3978,1.598768 s,8.7 ¦Ìs,RX data,AD,
3979,1.598779 s,8.7 ¦Ìs,RX data,52,
3980,1.59879 s,8.7 ¦Ìs,RX data,95,
3981,1.598801 s,8.7 ¦Ìs,RX data,41,
3982,1.598812 s,8.7 ¦Ìs,RX data,55,
3983,1.598822 s,8.7 ¦Ìs,RX data,0C,
3984,1.598833 s,8.7 ¦Ìs,RX data,B5,
3985,1.598844 s,8.7 ¦Ìs,RX data,62,
3986,1.598855 s,8.7 ¦Ìs,RX data,13,
3987,1.598866 s,8.7 ¦Ìs,RX data,80,
3988,1.598877 s,8.7 ¦Ìs,RX data,34,
3989,1.598887 s,8.7 ¦Ìs,RX data,00,
3990,1.598898 s,8.7 ¦Ìs,RX data,02,
3991,1.598909 s,8.7 ¦Ìs,RX data,00,
3992,1.59892 s,8.7 ¦Ìs,RX data,00,
3993,1.598931 s,8.7 ¦Ìs,RX data,1E,
3994,1.598942 s,8.7 ¦Ìs,RX data,19,
3995,1.598952 s,8.7 ¦Ìs,RX data,06,
3996,1.598963 s,8.7 ¦Ìs,RX data,13,
3997,1.598974 s,8.7 ¦Ìs,RX data,00,
3998,1.598985 s,8.7 ¦Ìs,RX data,2A,
3999,1.598996 s,8.7 ¦Ìs,RX data,1C,
4000,1.599006 s,8.7 ¦Ìs,RX data,00,
4001,1.599017 s,8.7 ¦Ìs,RX data,00,
4002,1.599028 s,8.7 ¦Ìs,RX data,5C,
4003,1.599039 s,8.7 ¦Ìs,RX data,40,
4004,1.59905 s,8.7 ¦Ìs,RX data,10,
4005,1.599061 s,8.7 ¦Ìs,RX data,05,
4006,1.599071 s,8.7 ¦Ìs,RX data,1D,
4007,1.599082 s,8.7 ¦Ìs,RX data,55,
4008,1.599093 s,8.7 ¦Ìs,RX data,B0,
4009,1.599104 s,8.7 ¦Ìs,RX data,04,
4010,1.599115 s,8.7 ¦Ìs,RX data,29,
4011,1.599126 s,8.7 ¦Ìs,RX data,34,
4012,1.599136 s,8.7 ¦Ìs,RX data,20,
4013,1.599147 s,8.7 ¦Ìs,RX data,61,
4014,1.599158 s,8.7 ¦Ìs,RX data,55,
4015,1.599169 s,8.7 ¦Ìs,RX data,55,
4016,1.59918 s,8.7 ¦Ìs,RX data,55,
4017,1.599191 s,8.7 ¦Ìs,RX data,55,
4018,1.599201 s,8.7 ¦Ìs,RX data,55,
4019,1.599212 s,8.7 ¦Ìs,RX data,55,
4020,1.599223 s,8.7 ¦Ìs,RX data,55,
4021,1.599234 s,8.7 ¦Ìs,RX data,55,
4022,1.599245 s,8.7 ¦Ìs,RX data,55,
4023,1.599256 s,8.7 ¦Ìs,RX data,55,
4024,1.599266 s,8.7 ¦Ìs,RX data,00,
4025,1.599277 s,8.7 ¦Ìs,RX data,55,
4026,1.599288 s,8.7 ¦Ìs,RX data,55,
4027,1.599299 s,8.7 ¦Ìs,RX data,55,
4028,1.59931 s,8.7 ¦Ìs,RX data,55,
4029,1.599321 s,8.7 ¦Ìs,RX data,00,
4030,1.599331 s,8.7 ¦Ìs,RX data,55,
4031,1.599342 s,8.7 ¦Ìs,RX data,55,
4032,1.599353 s,8.7 ¦Ìs,RX data,55,
4033,1.599364 s,8.7 ¦Ìs,RX data,00,
4034,1.599375 s,8.7 ¦Ìs,RX data,55,
4035,1.599386 s,8.7 ¦Ìs,RX data,55,
4036,1.599397 s,8.7 ¦Ìs,RX data,55,
4037,1.599407 s,8.7 ¦Ìs,RX data,00,
4038,1.599418 s,8.7 ¦Ìs,RX data,AD,
4039,1.599429 s,8.7 ¦Ìs,RX data,52,
4040,1.59944 s,8.7 ¦Ìs,RX data,95,
4041,1.599451 s,8.7 ¦Ìs,RX data,41,
4042,1.599461 s,8.7 ¦Ìs,RX data,8D,
4043,1.599472 s,8.7 ¦Ìs,RX data,7F,
4044,1.599483 s,8.7 ¦Ìs,RX data,B5,
4045,1.599494 s,8.7 ¦Ìs,RX data,62,
4046,1.599505 s,8.7 ¦Ìs,RX data,13,
4047,1.599516 s,8.7 ¦Ìs,RX data,80,
4048,1.599526 s,8.7 ¦Ìs,RX data,34,
4049,1.599537 s,8.7 ¦Ìs,RX data,00,
4050,1.599548 s,8.7 ¦Ìs,RX data,02,
4051,1.599559 s,8.7 ¦Ìs,RX data,00,
4052,1.59957 s,8.7 ¦Ìs,RX data,00,
4053,1.599581 s,8.7 ¦Ìs,RX data,1F,
4054,1.599592 s,8.7 ¦Ìs,RX data,18,
4055,1.599602 s,8.7 ¦Ìs,RX data,08,
4056,1.599613 s,8.7 ¦Ìs,RX data,0F,
4057,1.599624 s,8.7 ¦Ìs,RX data,00,
4058,1.599635 s,8.7 ¦Ìs,RX data,00,
4059,1.599646 s,8.7 ¦Ìs,RX data,1C,
4060,1.599657 s,8.7 ¦Ìs,RX data,00,
4061,1.599667 s,8.7 ¦Ìs,RX data,00,
4062,1.599678 s,8.7 ¦Ìs,RX data,5C,
4063,1.599689 s,8.7 ¦Ìs,RX data,40,
4064,1.5997 s,8.7 ¦Ìs,RX data,10,
4065,1.599711 s,8.7 ¦Ìs,RX data,05,
4066,1.599722 s,8.7 ¦Ìs,RX data,1E,
4067,1.599732 s,8.7 ¦Ìs,RX data,00,
4068,1.599743 s,8.7 ¦Ìs,RX data,B0,
4069,1.599754 s,8.7 ¦Ìs,RX data,08,
4070,1.599765 s,8.7 ¦Ìs,RX data,19,
4071,1.599776 s,8.7 ¦Ìs,RX data,22,
4072,1.599787 s,8.7 ¦Ìs,RX data,22,
4073,1.599797 s,8.7 ¦Ìs,RX data,2F,
4074,1.599808 s,8.7 ¦Ìs,RX data,F1,
4075,1.599819 s,8.7 ¦Ìs,RX data,51,
4076,1.59983 s,8.7 ¦Ìs,RX data,4D,
4077,1.599841 s,8.7 ¦Ìs,RX data,10,
4078,1.599851 s,8.7 ¦Ìs,RX data,D0,
4079,1.599862 s,8.7 ¦Ìs,RX data,0D,
4080,1.599873 s,8.7 ¦Ìs,RX data,A1,
4081,1.599884 s,8.7 ¦Ìs,RX data,00,
4082,1.599895 s,8.7 ¦Ìs,RX data,52,
4083,1.599906 s,8.7 ¦Ìs,RX data,FD,
4084,1.599916 s,8.7 ¦Ìs,RX data,60,
4085,1.599927 s,8.7 ¦Ìs,RX data,54,
4086,1.599938 s,8.7 ¦Ìs,RX data,16,
4087,1.599949 s,8.7 ¦Ìs,RX data,FE,
4088,1.59996 s,8.7 ¦Ìs,RX data,FD,
4089,1.599971 s,8.7 ¦Ìs,RX data,00,
4090,1.599982 s,8.7 ¦Ìs,RX data,44,
4091,1.599992 s,8.7 ¦Ìs,RX data,57,
4092,1.600003 s,8.7 ¦Ìs,RX data,6A,
4093,1.600014 s,8.7 ¦Ìs,RX data,00,
4094,1.600025 s,8.7 ¦Ìs,RX data,FE,
4095,1.600036 s,8.7 ¦Ìs,RX data,A0,
4096,1.600046 s,8.7 ¦Ìs,RX data,E6,
4097,1.600057 s,8.7 ¦Ìs,RX data,00,
4098,1.600068 s,8.7 ¦Ìs,RX data,1F,
4099,1.600079 s,8.7 ¦Ìs,RX data,0A,
4100,1.60009 s,8.7 ¦Ìs,RX data,00,
4101,1.600101 s,8.7 ¦Ìs,RX data,15,
4102,1.600111 s,8.7 ¦Ìs,RX data,3E,
4103,1.600122 s,8.7 ¦Ìs,RX data,94,
4104,1.600133 s,8.7 ¦Ìs,RX data,B5,
4105,1.600144 s,8.7 ¦Ìs,RX data,62,
4106,1.600155 s,8.7 ¦Ìs,RX data,13,
4107,1.600166 s,8.7 ¦Ìs,RX data,80,
4108,1.600177 s,8.7 ¦Ìs,RX data,34,
4109,1.600187 s,8.7 ¦Ìs,RX data,00,
4110,1.600198 s,8.7 ¦Ìs,RX data,02,
4111,1.600209 s,8.7 ¦Ìs,RX data,00,
4112,1.60022 s,8.7 ¦Ìs,RX data,00,
4113,1.600231 s,8.7 ¦Ìs,RX data,20,
4114,1.600242 s,8.7 ¦Ìs,RX data,18,
4115,1.600252 s,8.7 ¦Ìs,RX data,08,
4116,1.600263 s,8.7 ¦Ìs,RX data,0F,
4117,1.600274 s,8.7 ¦Ìs,RX data,00,
4118,1.600285 s,8.7 ¦Ìs,RX data,00,
4119,1.600296 s,8.7 ¦Ìs,RX data,1C,
4120,1.600306 s,8.7 ¦Ìs,RX data,00,
4121,1.600317 s,8.7 ¦Ìs,RX data,00,
4122,1.600328 s,8.7 ¦Ìs,RX data,5C,
4123,1.600339 s,8.7 ¦Ìs,RX data,40,
4124,1.60035 s,8.7 ¦Ìs,RX data,10,
4125,1.600361 s,8.7 ¦Ìs,RX data,05,
4126,1.600372 s,8.7 ¦Ìs,RX data,1F,
4127,1.600382 s,8.7 ¦Ìs,RX data,00,
4128,1.600393 s,8.7 ¦Ìs,RX data,B0,
4129,1.600404 s,8.7 ¦Ìs,RX data,08,
4130,1.600415 s,8.7 ¦Ìs,RX data,BE,
4131,1.600426 s,8.7 ¦Ìs,RX data,D8,
4132,1.600437 s,8.7 ¦Ìs,RX data,22,
4133,1.600447 s,8.7 ¦Ìs,RX data,CD,
4134,1.600458 s,8.7 ¦Ìs,RX data,46,
4135,1.600469 s,8.7 ¦Ìs,RX data,1E,
4136,1.60048 s,8.7 ¦Ìs,RX data,D5,
4137,1.600491 s,8.7 ¦Ìs,RX data,07,
4138,1.600502 s,8.7 ¦Ìs,RX data,9D,
4139,1.600512 s,8.7 ¦Ìs,RX data,0C,
4140,1.600523 s,8.7 ¦Ìs,RX data,A1,
4141,1.600534 s,8.7 ¦Ìs,RX data,00,
4142,1.600545 s,8.7 ¦Ìs,RX data,2B,
4143,1.600556 s,8.7 ¦Ìs,RX data,FD,
4144,1.600567 s,8.7 ¦Ìs,RX data,60,
4145,1.600577 s,8.7 ¦Ìs,RX data,54,
4146,1.600588 s,8.7 ¦Ìs,RX data,33,
4147,1.600599 s,8.7 ¦Ìs,RX data,D1,
4148,1.60061 s,8.7 ¦Ìs,RX data,47,
4149,1.600621 s,8.7 ¦Ìs,RX data,00,
4150,1.600631 s,8.7 ¦Ìs,RX data,1D,
4151,1.600642 s,8.7 ¦Ìs,RX data,FF,
4152,1.600653 s,8.7 ¦Ìs,RX data,96,
4153,1.600664 s,8.7 ¦Ìs,RX data,00,
4154,1.600675 s,8.7 ¦Ìs,RX data,93,
4155,1.600686 s,8.7 ¦Ìs,RX data,54,
4156,1.600696 s,8.7 ¦Ìs,RX data,59,
4157,1.600707 s,8.7 ¦Ìs,RX data,00,
4158,1.600718 s,8.7 ¦Ìs,RX data,80,
4159,1.600729 s,8.7 ¦Ìs,RX data,F9,
4160,1.60074 s,8.7 ¦Ìs,RX data,3F,
4161,1.600751 s,8.7 ¦Ìs,RX data,15,
4162,1.600762 s,8.7 ¦Ìs,RX data,B1,
4163,1.600772 s,8.7 ¦Ìs,RX data,D2,
4164,1.600783 s,8.7 ¦Ìs,RX data,B5,
4165,1.600794 s,8.7 ¦Ìs,RX data,62,
4166,1.600805 s,8.7 ¦Ìs,RX data,13,
4167,1.600816 s,8.7 ¦Ìs,RX data,80,
4168,1.600826 s,8.7 ¦Ìs,RX data,2C,
4169,1.600837 s,8.7 ¦Ìs,RX data,00,
4170,1.600848 s,8.7 ¦Ìs,RX data,02,
4171,1.600859 s,8.7 ¦Ìs,RX data,00,
4172,1.60087 s,8.7 ¦Ìs,RX data,02,
4173,1.600881 s,8.7 ¦Ìs,RX data,02,
4174,1.600891 s,8.7 ¦Ìs,RX data,12,
4175,1.600902 s,8.7 ¦Ìs,RX data,03,
4176,1.600913 s,8.7 ¦Ìs,RX data,07,
4177,1.600924 s,8.7 ¦Ìs,RX data,15,
4178,1.600935 s,8.7 ¦Ìs,RX data,1D,
4179,1.600946 s,8.7 ¦Ìs,RX data,1C,
4180,1.600957 s,8.7 ¦Ìs,RX data,00,
4181,1.600967 s,8.7 ¦Ìs,RX data,00,
4182,1.600978 s,8.7 ¦Ìs,RX data,5C,
4183,1.600989 s,8.7 ¦Ìs,RX data,40,
4184,1.601 s,8.7 ¦Ìs,RX data,10,
4185,1.601011 s,8.7 ¦Ìs,RX data,05,
4186,1.601022 s,8.7 ¦Ìs,RX data,48,
4187,1.601032 s,8.7 ¦Ìs,RX data,00,
4188,1.601043 s,8.7 ¦Ìs,RX data,B0,
4189,1.601054 s,8.7 ¦Ìs,RX data,08,
4190,1.601065 s,8.7 ¦Ìs,RX data,7A,
4191,1.601076 s,8.7 ¦Ìs,RX data,57,
4192,1.601086 s,8.7 ¦Ìs,RX data,20,
4193,1.601097 s,8.7 ¦Ìs,RX data,07,
4194,1.601108 s,8.7 ¦Ìs,RX data,BC,
4195,1.601119 s,8.7 ¦Ìs,RX data,CA,
4196,1.60113 s,8.7 ¦Ìs,RX data,62,
4197,1.601141 s,8.7 ¦Ìs,RX data,8C,
4198,1.601151 s,8.7 ¦Ìs,RX data,C5,
4199,1.601162 s,8.7 ¦Ìs,RX data,53,
4200,1.601173 s,8.7 ¦Ìs,RX data,00,
4201,1.601184 s,8.7 ¦Ìs,RX data,00,
4202,1.601195 s,8.7 ¦Ìs,RX data,02,
4203,1.601206 s,8.7 ¦Ìs,RX data,83,
4204,1.601217 s,8.7 ¦Ìs,RX data,FA,
4205,1.601227 s,8.7 ¦Ìs,RX data,FF,
4206,1.601238 s,8.7 ¦Ìs,RX data,8C,
4207,1.601249 s,8.7 ¦Ìs,RX data,4B,
4208,1.60126 s,8.7 ¦Ìs,RX data,27,
4209,1.601271 s,8.7 ¦Ìs,RX data,00,
4210,1.601282 s,8.7 ¦Ìs,RX data,DA,
4211,1.601292 s,8.7 ¦Ìs,RX data,04,
4212,1.601303 s,8.7 ¦Ìs,RX data,AA,
4213,1.601314 s,8.7 ¦Ìs,RX data,00,
4214,1.601325 s,8.7 ¦Ìs,RX data,68,
4215,1.601336 s,8.7 ¦Ìs,RX data,A1,
4216,1.601347 s,8.7 ¦Ìs,RX data,B5,
4217,1.601357 s,8.7 ¦Ìs,RX data,62,
4218,1.601368 s,8.7 ¦Ìs,RX data,13,
4219,1.601379 s,8.7 ¦Ìs,RX data,80,
4220,1.60139 s,8.7 ¦Ìs,RX data,2C,
4221,1.601401 s,8.7 ¦Ìs,RX data,00,
4222,1.601412 s,8.7 ¦Ìs,RX data,02,
4223,1.601422 s,8.7 ¦Ìs,RX data,00,
4224,1.603691 s,8.7 ¦Ìs,RX data,02,
4225,1.603702 s,8.7 ¦Ìs,RX data,03,
4226,1.603713 s,8.7 ¦Ìs,RX data,19,
4227,1.603724 s,8.7 ¦Ìs,RX data,05,
4228,1.603735 s,8.7 ¦Ìs,RX data,10,
4229,1.603746 s,8.7 ¦Ìs,RX data,09,
4230,1.603756 s,8.7 ¦Ìs,RX data,31,
4231,1.603767 s,8.7 ¦Ìs,RX data,1C,
4232,1.603778 s,8.7 ¦Ìs,RX data,00,
4233,1.603789 s,8.7 ¦Ìs,RX data,00,
4234,1.6038 s,8.7 ¦Ìs,RX data,5C,
4235,1.603811 s,8.7 ¦Ìs,RX data,40,
4236,1.603821 s,8.7 ¦Ìs,RX data,10,
4237,1.603832 s,8.7 ¦Ìs,RX data,05,
4238,1.603843 s,8.7 ¦Ìs,RX data,49,
4239,1.603854 s,8.7 ¦Ìs,RX data,0B,
4240,1.603865 s,8.7 ¦Ìs,RX data,B0,
4241,1.603876 s,8.7 ¦Ìs,RX data,08,
4242,1.603886 s,8.7 ¦Ìs,RX data,06,
4243,1.603897 s,8.7 ¦Ìs,RX data,51,
4244,1.603908 s,8.7 ¦Ìs,RX data,20,
4245,1.603919 s,8.7 ¦Ìs,RX data,9F,
4246,1.60393 s,8.7 ¦Ìs,RX data,1A,
4247,1.603941 s,8.7 ¦Ìs,RX data,D0,
4248,1.603951 s,8.7 ¦Ìs,RX data,FD,
4249,1.603962 s,8.7 ¦Ìs,RX data,C2,
4250,1.603973 s,8.7 ¦Ìs,RX data,3C,
4251,1.603984 s,8.7 ¦Ìs,RX data,E5,
4252,1.603995 s,8.7 ¦Ìs,RX data,00,
4253,1.604006 s,8.7 ¦Ìs,RX data,00,
4254,1.604016 s,8.7 ¦Ìs,RX data,F5,
4255,1.604027 s,8.7 ¦Ìs,RX data,B6,
4256,1.604038 s,8.7 ¦Ìs,RX data,40,
4257,1.604049 s,8.7 ¦Ìs,RX data,FE,
4258,1.60406 s,8.7 ¦Ìs,RX data,8F,
4259,1.604071 s,8.7 ¦Ìs,RX data,B8,
4260,1.604081 s,8.7 ¦Ìs,RX data,9D,
4261,1.604092 s,8.7 ¦Ìs,RX data,FF,
4262,1.604103 s,8.7 ¦Ìs,RX data,F1,
4263,1.604114 s,8.7 ¦Ìs,RX data,FF,
4264,1.604125 s,8.7 ¦Ìs,RX data,FF,
4265,1.604136 s,8.7 ¦Ìs,RX data,00,
4266,1.604146 s,8.7 ¦Ìs,RX data,A2,
4267,1.604157 s,8.7 ¦Ìs,RX data,42,
4268,1.604168 s,8.7 ¦Ìs,RX data,B5,
4269,1.604179 s,8.7 ¦Ìs,RX data,62,
4270,1.60419 s,8.7 ¦Ìs,RX data,13,
4271,1.604201 s,8.7 ¦Ìs,RX data,80,
4272,1.604211 s,8.7 ¦Ìs,RX data,2C,
4273,1.604222 s,8.7 ¦Ìs,RX data,00,
4274,1.604233 s,8.7 ¦Ìs,RX data,02,
4275,1.604244 s,8.7 ¦Ìs,RX data,00,
4276,1.604255 s,8.7 ¦Ìs,RX data,02,
4277,1.604266 s,8.7 ¦Ìs,RX data,04,
4278,1.604276 s,8.7 ¦Ìs,RX data,12,
4279,1.604287 s,8.7 ¦Ìs,RX data,03,
4280,1.604298 s,8.7 ¦Ìs,RX data,05,
4281,1.604309 s,8.7 ¦Ìs,RX data,0C,
4282,1.60432 s,8.7 ¦Ìs,RX data,1D,
4283,1.604331 s,8.7 ¦Ìs,RX data,1C,
4284,1.604341 s,8.7 ¦Ìs,RX data,00,
4285,1.604352 s,8.7 ¦Ìs,RX data,00,
4286,1.604363 s,8.7 ¦Ìs,RX data,5C,
4287,1.604374 s,8.7 ¦Ìs,RX data,40,
4288,1.604385 s,8.7 ¦Ìs,RX data,10,
4289,1.604396 s,8.7 ¦Ìs,RX data,05,
4290,1.604406 s,8.7 ¦Ìs,RX data,4A,
4291,1.604417 s,8.7 ¦Ìs,RX data,00,
4292,1.604428 s,8.7 ¦Ìs,RX data,B0,
4293,1.604439 s,8.7 ¦Ìs,RX data,08,
4294,1.60445 s,8.7 ¦Ìs,RX data,55,
4295,1.604461 s,8.7 ¦Ìs,RX data,5B,
4296,1.604471 s,8.7 ¦Ìs,RX data,20,
4297,1.604482 s,8.7 ¦Ìs,RX data,37,
4298,1.604493 s,8.7 ¦Ìs,RX data,5E,
4299,1.604504 s,8.7 ¦Ìs,RX data,6F,
4300,1.604515 s,8.7 ¦Ìs,RX data,D4,
4301,1.604526 s,8.7 ¦Ìs,RX data,36,
4302,1.604536 s,8.7 ¦Ìs,RX data,C5,
4303,1.604547 s,8.7 ¦Ìs,RX data,53,
4304,1.604558 s,8.7 ¦Ìs,RX data,00,
4305,1.604569 s,8.7 ¦Ìs,RX data,00,
4306,1.60458 s,8.7 ¦Ìs,RX data,B5,
4307,1.604591 s,8.7 ¦Ìs,RX data,A3,
4308,1.604601 s,8.7 ¦Ìs,RX data,F6,
4309,1.604612 s,8.7 ¦Ìs,RX data,FF,
4310,1.604623 s,8.7 ¦Ìs,RX data,16,
4311,1.604634 s,8.7 ¦Ìs,RX data,46,
4312,1.604645 s,8.7 ¦Ìs,RX data,27,
4313,1.604656 s,8.7 ¦Ìs,RX data,00,
4314,1.604666 s,8.7 ¦Ìs,RX data,EE,
4315,1.604677 s,8.7 ¦Ìs,RX data,04,
4316,1.604688 s,8.7 ¦Ìs,RX data,AA,
4317,1.604699 s,8.7 ¦Ìs,RX data,00,
4318,1.60471 s,8.7 ¦Ìs,RX data,3B,
4319,1.604721 s,8.7 ¦Ìs,RX data,B4,
4320,1.604731 s,8.7 ¦Ìs,RX data,B5,
4321,1.604742 s,8.7 ¦Ìs,RX data,62,
4322,1.604753 s,8.7 ¦Ìs,RX data,13,
4323,1.604764 s,8.7 ¦Ìs,RX data,80,
4324,1.604775 s,8.7 ¦Ìs,RX data,2C,
4325,1.604786 s,8.7 ¦Ìs,RX data,00,
4326,1.604796 s,8.7 ¦Ìs,RX data,02,
4327,1.604807 s,8.7 ¦Ìs,RX data,00,
4328,1.604818 s,8.7 ¦Ìs,RX data,02,
4329,1.604829 s,8.7 ¦Ìs,RX data,05,
4330,1.60484 s,8.7 ¦Ìs,RX data,10,
4331,1.604851 s,8.7 ¦Ìs,RX data,08,
4332,1.604861 s,8.7 ¦Ìs,RX data,1B,
4333,1.604872 s,8.7 ¦Ìs,RX data,09,
4334,1.604883 s,8.7 ¦Ìs,RX data,1D,
4335,1.604894 s,8.7 ¦Ìs,RX data,1C,
4336,1.604905 s,8.7 ¦Ìs,RX data,00,
4337,1.604916 s,8.7 ¦Ìs,RX data,00,
4338,1.604926 s,8.7 ¦Ìs,RX data,5C,
4339,1.604937 s,8.7 ¦Ìs,RX data,40,
4340,1.604948 s,8.7 ¦Ìs,RX data,10,
4341,1.604959 s,8.7 ¦Ìs,RX data,05,
4342,1.60497 s,8.7 ¦Ìs,RX data,4B,
4343,1.604981 s,8.7 ¦Ìs,RX data,00,
4344,1.604991 s,8.7 ¦Ìs,RX data,B0,
4345,1.605002 s,8.7 ¦Ìs,RX data,08,
4346,1.605013 s,8.7 ¦Ìs,RX data,91,
4347,1.605024 s,8.7 ¦Ìs,RX data,A3,
4348,1.605035 s,8.7 ¦Ìs,RX data,20,
4349,1.605046 s,8.7 ¦Ìs,RX data,95,
4350,1.605056 s,8.7 ¦Ìs,RX data,C3,
4351,1.605067 s,8.7 ¦Ìs,RX data,04,
4352,1.605078 s,8.7 ¦Ìs,RX data,5C,
4353,1.605089 s,8.7 ¦Ìs,RX data,E6,
4354,1.6051 s,8.7 ¦Ìs,RX data,75,
4355,1.605111 s,8.7 ¦Ìs,RX data,53,
4356,1.605121 s,8.7 ¦Ìs,RX data,00,
4357,1.605132 s,8.7 ¦Ìs,RX data,01,
4358,1.605143 s,8.7 ¦Ìs,RX data,69,
4359,1.605154 s,8.7 ¦Ìs,RX data,6D,
4360,1.605165 s,8.7 ¦Ìs,RX data,14,
4361,1.605176 s,8.7 ¦Ìs,RX data,00,
4362,1.605186 s,8.7 ¦Ìs,RX data,46,
4363,1.605197 s,8.7 ¦Ìs,RX data,43,
4364,1.605208 s,8.7 ¦Ìs,RX data,27,
4365,1.605219 s,8.7 ¦Ìs,RX data,00,
4366,1.60523 s,8.7 ¦Ìs,RX data,E3,
4367,1.605241 s,8.7 ¦Ìs,RX data,04,
4368,1.605251 s,8.7 ¦Ìs,RX data,AA,
4369,1.605262 s,8.7 ¦Ìs,RX data,00,
4370,1.605273 s,8.7 ¦Ìs,RX data,D7,
4371,1.605284 s,8.7 ¦Ìs,RX data,E1,
4372,1.605295 s,8.7 ¦Ìs,RX data,B5,
4373,1.605306 s,8.7 ¦Ìs,RX data,62,
4374,1.605316 s,8.7 ¦Ìs,RX data,13,
4375,1.605327 s,8.7 ¦Ìs,RX data,80,
4376,1.605338 s,8.7 ¦Ìs,RX data,2C,
4377,1.605349 s,8.7 ¦Ìs,RX data,00,
4378,1.60536 s,8.7 ¦Ìs,RX data,02,
4379,1.605371 s,8.7 ¦Ìs,RX data,00,
4380,1.605381 s,8.7 ¦Ìs,RX data,02,
4381,1.605392 s,8.7 ¦Ìs,RX data,06,
4382,1.605403 s,8.7 ¦Ìs,RX data,19,
4383,1.605414 s,8.7 ¦Ìs,RX data,05,
4384,1.605425 s,8.7 ¦Ìs,RX data,10,
4385,1.605436 s,8.7 ¦Ìs,RX data,0A,
4386,1.605446 s,8.7 ¦Ìs,RX data,1D,
4387,1.605457 s,8.7 ¦Ìs,RX data,1C,
4388,1.605468 s,8.7 ¦Ìs,RX data,00,
4389,1.605479 s,8.7 ¦Ìs,RX data,00,
4390,1.60549 s,8.7 ¦Ìs,RX data,5C,
4391,1.605501 s,8.7 ¦Ìs,RX data,40,
4392,1.605511 s,8.7 ¦Ìs,RX data,10,
4393,1.605522 s,8.7 ¦Ìs,RX data,05,
4394,1.605533 s,8.7 ¦Ìs,RX data,4C,
4395,1.605544 s,8.7 ¦Ìs,RX data,0F,
4396,1.605555 s,8.7 ¦Ìs,RX data,B0,
4397,1.605566 s,8.7 ¦Ìs,RX data,08,
4398,1.605576 s,8.7 ¦Ìs,RX data,1A,
4399,1.605587 s,8.7 ¦Ìs,RX data,96,
4400,1.605598 s,8.7 ¦Ìs,RX data,22,
4401,1.605609 s,8.7 ¦Ìs,RX data,72,
4402,1.60562 s,8.7 ¦Ìs,RX data,0D,
4403,1.605631 s,8.7 ¦Ìs,RX data,B8,
4404,1.605641 s,8.7 ¦Ìs,RX data,FC,
4405,1.605652 s,8.7 ¦Ìs,RX data,C3,
4406,1.605663 s,8.7 ¦Ìs,RX data,3C,
4407,1.605674 s,8.7 ¦Ìs,RX data,F5,
4408,1.605685 s,8.7 ¦Ìs,RX data,00,
4409,1.605696 s,8.7 ¦Ìs,RX data,00,
4410,1.605706 s,8.7 ¦Ìs,RX data,09,
4411,1.605717 s,8.7 ¦Ìs,RX data,B7,
4412,1.605728 s,8.7 ¦Ìs,RX data,82,
4413,1.605739 s,8.7 ¦Ìs,RX data,32,
4414,1.60575 s,8.7 ¦Ìs,RX data,B9,
4415,1.605761 s,8.7 ¦Ìs,RX data,DF,
4416,1.605771 s,8.7 ¦Ìs,RX data,C5,
4417,1.605782 s,8.7 ¦Ìs,RX data,FF,
4418,1.605793 s,8.7 ¦Ìs,RX data,F1,
4419,1.605804 s,8.7 ¦Ìs,RX data,FF,
4420,1.605815 s,8.7 ¦Ìs,RX data,FF,
4421,1.605826 s,8.7 ¦Ìs,RX data,00,
4422,1.605836 s,8.7 ¦Ìs,RX data,B6,
4423,1.605847 s,8.7 ¦Ìs,RX data,37,
4424,1.605858 s,8.7 ¦Ìs,RX data,B5,
4425,1.605869 s,8.7 ¦Ìs,RX data,62,
4426,1.60588 s,8.7 ¦Ìs,RX data,13,
4427,1.605891 s,8.7 ¦Ìs,RX data,80,
4428,1.605901 s,8.7 ¦Ìs,RX data,2C,
4429,1.605912 s,8.7 ¦Ìs,RX data,00,
4430,1.605923 s,8.7 ¦Ìs,RX data,02,
4431,1.605934 s,8.7 ¦Ìs,RX data,00,
4432,1.605945 s,8.7 ¦Ìs,RX data,02,
4433,1.605956 s,8.7 ¦Ìs,RX data,07,
4434,1.605966 s,8.7 ¦Ìs,RX data,19,
4435,1.605977 s,8.7 ¦Ìs,RX data,05,
4436,1.605988 s,8.7 ¦Ìs,RX data,10,
4437,1.605999 s,8.7 ¦Ìs,RX data,09,
4438,1.60601 s,8.7 ¦Ìs,RX data,31,
4439,1.606021 s,8.7 ¦Ìs,RX data,1C,
4440,1.606031 s,8.7 ¦Ìs,RX data,00,
4441,1.606042 s,8.7 ¦Ìs,RX data,00,
4442,1.606053 s,8.7 ¦Ìs,RX data,5C,
4443,1.606064 s,8.7 ¦Ìs,RX data,40,
4444,1.606075 s,8.7 ¦Ìs,RX data,10,
4445,1.606086 s,8.7 ¦Ìs,RX data,05,
4446,1.606096 s,8.7 ¦Ìs,RX data,4D,
4447,1.606107 s,8.7 ¦Ìs,RX data,0B,
4448,1.606118 s,8.7 ¦Ìs,RX data,B0,
4449,1.606129 s,8.7 ¦Ìs,RX data,08,
4450,1.60614 s,8.7 ¦Ìs,RX data,55,
4451,1.606151 s,8.7 ¦Ìs,RX data,29,
4452,1.606161 s,8.7 ¦Ìs,RX data,20,
4453,1.606172 s,8.7 ¦Ìs,RX data,57,
4454,1.606183 s,8.7 ¦Ìs,RX data,1D,
4455,1.606194 s,8.7 ¦Ìs,RX data,D0,
4456,1.606205 s,8.7 ¦Ìs,RX data,FD,
4457,1.606216 s,8.7 ¦Ìs,RX data,C2,
4458,1.606226 s,8.7 ¦Ìs,RX data,3C,
4459,1.606237 s,8.7 ¦Ìs,RX data,15,
4460,1.606248 s,8.7 ¦Ìs,RX data,01,
4461,1.606259 s,8.7 ¦Ìs,RX data,00,
4462,1.60627 s,8.7 ¦Ìs,RX data,F5,
4463,1.606281 s,8.7 ¦Ìs,RX data,B6,
4464,1.606291 s,8.7 ¦Ìs,RX data,37,
4465,1.606302 s,8.7 ¦Ìs,RX data,E7,
4466,1.606313 s,8.7 ¦Ìs,RX data,D2,
4467,1.606324 s,8.7 ¦Ìs,RX data,8F,
4468,1.606335 s,8.7 ¦Ìs,RX data,A0,
4469,1.606346 s,8.7 ¦Ìs,RX data,FF,
4470,1.606356 s,8.7 ¦Ìs,RX data,F1,
4471,1.606367 s,8.7 ¦Ìs,RX data,FF,
4472,1.606378 s,8.7 ¦Ìs,RX data,FF,
4473,1.606389 s,8.7 ¦Ìs,RX data,00,
4474,1.6064 s,8.7 ¦Ìs,RX data,BA,
4475,1.606411 s,8.7 ¦Ìs,RX data,3A,
4476,1.606421 s,8.7 ¦Ìs,RX data,B5,
4477,1.606432 s,8.7 ¦Ìs,RX data,62,
4478,1.606443 s,8.7 ¦Ìs,RX data,13,
4479,1.606454 s,8.7 ¦Ìs,RX data,80,
4480,1.608683 s,8.7 ¦Ìs,RX data,2C,
4481,1.608694 s,8.7 ¦Ìs,RX data,00,
4482,1.608704 s,8.7 ¦Ìs,RX data,02,
4483,1.608715 s,8.7 ¦Ìs,RX data,00,
4484,1.608726 s,8.7 ¦Ìs,RX data,02,
4485,1.608737 s,8.7 ¦Ìs,RX data,08,
4486,1.608748 s,8.7 ¦Ìs,RX data,19,
4487,1.608759 s,8.7 ¦Ìs,RX data,05,
4488,1.608769 s,8.7 ¦Ìs,RX data,10,
4489,1.60878 s,8.7 ¦Ìs,RX data,09,
4490,1.608791 s,8.7 ¦Ìs,RX data,31,
4491,1.608802 s,8.7 ¦Ìs,RX data,1C,
4492,1.608813 s,8.7 ¦Ìs,RX data,00,
4493,1.608824 s,8.7 ¦Ìs,RX data,00,
4494,1.608834 s,8.7 ¦Ìs,RX data,5C,
4495,1.608845 s,8.7 ¦Ìs,RX data,40,
4496,1.608856 s,8.7 ¦Ìs,RX data,10,
4497,1.608867 s,8.7 ¦Ìs,RX data,05,
4498,1.608878 s,8.7 ¦Ìs,RX data,4E,
4499,1.608889 s,8.7 ¦Ìs,RX data,0B,
4500,1.608899 s,8.7 ¦Ìs,RX data,B0,
4501,1.60891 s,8.7 ¦Ìs,RX data,08,
4502,1.608921 s,8.7 ¦Ìs,RX data,F5,
4503,1.608932 s,8.7 ¦Ìs,RX data,DF,
4504,1.608943 s,8.7 ¦Ìs,RX data,20,
4505,1.608954 s,8.7 ¦Ìs,RX data,B9,
4506,1.608964 s,8.7 ¦Ìs,RX data,1A,
4507,1.608975 s,8.7 ¦Ìs,RX data,C0,
4508,1.608986 s,8.7 ¦Ìs,RX data,FE,
4509,1.608997 s,8.7 ¦Ìs,RX data,C2,
4510,1.609008 s,8.7 ¦Ìs,RX data,3C,
4511,1.609019 s,8.7 ¦Ìs,RX data,E5,
4512,1.609029 s,8.7 ¦Ìs,RX data,00,
4513,1.60904 s,8.7 ¦Ìs,RX data,00,
4514,1.609051 s,8.7 ¦Ìs,RX data,03,
4515,1.609062 s,8.7 ¦Ìs,RX data,B7,
4516,1.609073 s,8.7 ¦Ìs,RX data,F6,
4517,1.609084 s,8.7 ¦Ìs,RX data,F4,
4518,1.609094 s,8.7 ¦Ìs,RX data,23,
4519,1.609105 s,8.7 ¦Ìs,RX data,A2,
4520,1.609116 s,8.7 ¦Ìs,RX data,0F,
4521,1.609127 s,8.7 ¦Ìs,RX data,FF,
4522,1.609138 s,8.7 ¦Ìs,RX data,F2,
4523,1.609149 s,8.7 ¦Ìs,RX data,F7,
4524,1.609159 s,8.7 ¦Ìs,RX data,FF,
4525,1.60917 s,8.7 ¦Ìs,RX data,00,
4526,1.609181 s,8.7 ¦Ìs,RX data,D8,
4527,1.609192 s,8.7 ¦Ìs,RX data,DC,
4528,1.609203 s,8.7 ¦Ìs,RX data,B5,
4529,1.609214 s,8.7 ¦Ìs,RX data,62,
4530,1.609224 s,8.7 ¦Ìs,RX data,13,
4531,1.609235 s,8.7 ¦Ìs,RX data,80,
4532,1.609246 s,8.7 ¦Ìs,RX data,2C,
4533,1.609257 s,8.7 ¦Ìs,RX data,00,
4534,1.609268 s,8.7 ¦Ìs,RX data,02,
4535,1.609279 s,8.7 ¦Ìs,RX data,00,
4536,1.609289 s,8.7 ¦Ìs,RX data,02,
4537,1.6093 s,8.7 ¦Ìs,RX data,09,
4538,1.609311 s,8.7 ¦Ìs,RX data,12,
4539,1.609322 s,8.7 ¦Ìs,RX data,03,
4540,1.609333 s,8.7 ¦Ìs,RX data,09,
4541,1.609344 s,8.7 ¦Ìs,RX data,04,
4542,1.609354 s,8.7 ¦Ìs,RX data,31,
4543,1.609365 s,8.7 ¦Ìs,RX data,1C,
4544,1.609376 s,8.7 ¦Ìs,RX data,00,
4545,1.609387 s,8.7 ¦Ìs,RX data,00,
4546,1.609398 s,8.7 ¦Ìs,RX data,5C,
4547,1.609409 s,8.7 ¦Ìs,RX data,40,
4548,1.609419 s,8.7 ¦Ìs,RX data,10,
4549,1.60943 s,8.7 ¦Ìs,RX data,05,
4550,1.609441 s,8.7 ¦Ìs,RX data,4F,
4551,1.609452 s,8.7 ¦Ìs,RX data,00,
4552,1.609463 s,8.7 ¦Ìs,RX data,B0,
4553,1.609474 s,8.7 ¦Ìs,RX data,08,
4554,1.609484 s,8.7 ¦Ìs,RX data,D4,
4555,1.609495 s,8.7 ¦Ìs,RX data,B1,
4556,1.609506 s,8.7 ¦Ìs,RX data,20,
4557,1.609517 s,8.7 ¦Ìs,RX data,FF,
4558,1.609528 s,8.7 ¦Ìs,RX data,35,
4559,1.609539 s,8.7 ¦Ìs,RX data,70,
4560,1.609549 s,8.7 ¦Ìs,RX data,76,
4561,1.60956 s,8.7 ¦Ìs,RX data,BB,
4562,1.609571 s,8.7 ¦Ìs,RX data,C5,
4563,1.609582 s,8.7 ¦Ìs,RX data,53,
4564,1.609593 s,8.7 ¦Ìs,RX data,00,
4565,1.609604 s,8.7 ¦Ìs,RX data,00,
4566,1.609614 s,8.7 ¦Ìs,RX data,AE,
4567,1.609625 s,8.7 ¦Ìs,RX data,59,
4568,1.609636 s,8.7 ¦Ìs,RX data,0E,
4569,1.609647 s,8.7 ¦Ìs,RX data,00,
4570,1.609658 s,8.7 ¦Ìs,RX data,A4,
4571,1.609669 s,8.7 ¦Ìs,RX data,82,
4572,1.609679 s,8.7 ¦Ìs,RX data,27,
4573,1.60969 s,8.7 ¦Ìs,RX data,00,
4574,1.609701 s,8.7 ¦Ìs,RX data,ED,
4575,1.609712 s,8.7 ¦Ìs,RX data,04,
4576,1.609723 s,8.7 ¦Ìs,RX data,AA,
4577,1.609734 s,8.7 ¦Ìs,RX data,00,
4578,1.609744 s,8.7 ¦Ìs,RX data,82,
4579,1.609755 s,8.7 ¦Ìs,RX data,F6,
4580,1.609766 s,8.7 ¦Ìs,RX data,B5,
4581,1.609777 s,8.7 ¦Ìs,RX data,62,
4582,1.609788 s,8.7 ¦Ìs,RX data,13,
4583,1.609799 s,8.7 ¦Ìs,RX data,80,
4584,1.609809 s,8.7 ¦Ìs,RX data,2C,
4585,1.60982 s,8.7 ¦Ìs,RX data,00,
4586,1.609831 s,8.7 ¦Ìs,RX data,02,
4587,1.609842 s,8.7 ¦Ìs,RX data,00,
4588,1.609853 s,8.7 ¦Ìs,RX data,02,
4589,1.609864 s,8.7 ¦Ìs,RX data,0A,
4590,1.609874 s,8.7 ¦Ìs,RX data,19,
4591,1.609885 s,8.7 ¦Ìs,RX data,05,
4592,1.609896 s,8.7 ¦Ìs,RX data,10,
4593,1.609907 s,8.7 ¦Ìs,RX data,0A,
4594,1.609918 s,8.7 ¦Ìs,RX data,09,
4595,1.609929 s,8.7 ¦Ìs,RX data,1C,
4596,1.609939 s,8.7 ¦Ìs,RX data,00,
4597,1.60995 s,8.7 ¦Ìs,RX data,00,
4598,1.609961 s,8.7 ¦Ìs,RX data,5C,
4599,1.609972 s,8.7 ¦Ìs,RX data,40,
4600,1.609983 s,8.7 ¦Ìs,RX data,10,
4601,1.609994 s,8.7 ¦Ìs,RX data,05,
4602,1.610004 s,8.7 ¦Ìs,RX data,50,
4603,1.610015 s,8.7 ¦Ìs,RX data,0D,
4604,1.610026 s,8.7 ¦Ìs,RX data,B0,
4605,1.610037 s,8.7 ¦Ìs,RX data,08,
4606,1.610048 s,8.7 ¦Ìs,RX data,6D,
4607,1.610059 s,8.7 ¦Ìs,RX data,A5,
4608,1.610069 s,8.7 ¦Ìs,RX data,20,
4609,1.61008 s,8.7 ¦Ìs,RX data,CD,
4610,1.610091 s,8.7 ¦Ìs,RX data,0F,
4611,1.610102 s,8.7 ¦Ìs,RX data,98,
4612,1.610113 s,8.7 ¦Ìs,RX data,43,
4613,1.610124 s,8.7 ¦Ìs,RX data,C3,
4614,1.610134 s,8.7 ¦Ìs,RX data,3C,
4615,1.610145 s,8.7 ¦Ìs,RX data,C5,
4616,1.610156 s,8.7 ¦Ìs,RX data,00,
4617,1.610167 s,8.7 ¦Ìs,RX data,00,
4618,1.610178 s,8.7 ¦Ìs,RX data,DD,
4619,1.610189 s,8.7 ¦Ìs,RX data,61,
4620,1.610199 s,8.7 ¦Ìs,RX data,4B,
4621,1.61021 s,8.7 ¦Ìs,RX data,3B,
4622,1.610221 s,8.7 ¦Ìs,RX data,86,
4623,1.610232 s,8.7 ¦Ìs,RX data,26,
4624,1.610243 s,8.7 ¦Ìs,RX data,8D,
4625,1.610254 s,8.7 ¦Ìs,RX data,FE,
4626,1.610264 s,8.7 ¦Ìs,RX data,F0,
4627,1.610275 s,8.7 ¦Ìs,RX data,FF,
4628,1.610286 s,8.7 ¦Ìs,RX data,FF,
4629,1.610297 s,8.7 ¦Ìs,RX data,00,
4630,1.610308 s,8.7 ¦Ìs,RX data,86,
4631,1.610319 s,8.7 ¦Ìs,RX data,10,
4632,1.610329 s,8.7 ¦Ìs,RX data,B5,
4633,1.61034 s,8.7 ¦Ìs,RX data,62,
4634,1.610351 s,8.7 ¦Ìs,RX data,13,
4635,1.610362 s,8.7 ¦Ìs,RX data,80,
4636,1.610373 s,8.7 ¦Ìs,RX data,2C,
4637,1.610384 s,8.7 ¦Ìs,RX data,00,
4638,1.610394 s,8.7 ¦Ìs,RX data,02,
4639,1.610405 s,8.7 ¦Ìs,RX data,00,
4640,1.610416 s,8.7 ¦Ìs,RX data,02,
4641,1.610427 s,8.7 ¦Ìs,RX data,0B,
4642,1.610438 s,8.7 ¦Ìs,RX data,19,
4643,1.610449 s,8.7 ¦Ìs,RX data,05,
4644,1.610459 s,8.7 ¦Ìs,RX data,10,
4645,1.61047 s,8.7 ¦Ìs,RX data,0A,
4646,1.610481 s,8.7 ¦Ìs,RX data,09,
4647,1.610492 s,8.7 ¦Ìs,RX data,1C,
4648,1.610503 s,8.7 ¦Ìs,RX data,00,
4649,1.610514 s,8.7 ¦Ìs,RX data,00,
4650,1.610524 s,8.7 ¦Ìs,RX data,5C,
4651,1.610535 s,8.7 ¦Ìs,RX data,40,
4652,1.610546 s,8.7 ¦Ìs,RX data,10,
4653,1.610557 s,8.7 ¦Ìs,RX data,05,
4654,1.610568 s,8.7 ¦Ìs,RX data,51,
4655,1.610579 s,8.7 ¦Ìs,RX data,0D,
4656,1.610589 s,8.7 ¦Ìs,RX data,B0,
4657,1.6106 s,8.7 ¦Ìs,RX data,08,
4658,1.610611 s,8.7 ¦Ìs,RX data,9A,
4659,1.610622 s,8.7 ¦Ìs,RX data,FD,
4660,1.610633 s,8.7 ¦Ìs,RX data,22,
4661,1.610644 s,8.7 ¦Ìs,RX data,AD,
4662,1.610654 s,8.7 ¦Ìs,RX data,22,
4663,1.610665 s,8.7 ¦Ìs,RX data,20,
4664,1.610676 s,8.7 ¦Ìs,RX data,43,
4665,1.610687 s,8.7 ¦Ìs,RX data,C3,
4666,1.610698 s,8.7 ¦Ìs,RX data,3C,
4667,1.610709 s,8.7 ¦Ìs,RX data,B5,
4668,1.610719 s,8.7 ¦Ìs,RX data,00,
4669,1.61073 s,8.7 ¦Ìs,RX data,00,
4670,1.610741 s,8.7 ¦Ìs,RX data,F5,
4671,1.610752 s,8.7 ¦Ìs,RX data,61,
4672,1.610763 s,8.7 ¦Ìs,RX data,9D,
4673,1.610774 s,8.7 ¦Ìs,RX data,22,
4674,1.610784 s,8.7 ¦Ìs,RX data,EC,
4675,1.610795 s,8.7 ¦Ìs,RX data,2D,
4676,1.610806 s,8.7 ¦Ìs,RX data,38,
4677,1.610817 s,8.7 ¦Ìs,RX data,FC,
4678,1.610828 s,8.7 ¦Ìs,RX data,F0,
4679,1.610839 s,8.7 ¦Ìs,RX data,DF,
4680,1.610849 s,8.7 ¦Ìs,RX data,02,
4681,1.61086 s,8.7 ¦Ìs,RX data,00,
4682,1.610871 s,8.7 ¦Ìs,RX data,C4,
4683,1.610882 s,8.7 ¦Ìs,RX data,17,
4684,1.610893 s,8.7 ¦Ìs,RX data,B5,
4685,1.610904 s,8.7 ¦Ìs,RX data,62,
4686,1.610914 s,8.7 ¦Ìs,RX data,13,
4687,1.610925 s,8.7 ¦Ìs,RX data,80,
4688,1.610936 s,8.7 ¦Ìs,RX data,2C,
4689,1.610947 s,8.7 ¦Ìs,RX data,00,
4690,1.610958 s,8.7 ¦Ìs,RX data,02,
4691,1.610969 s,8.7 ¦Ìs,RX data,00,
4692,1.610979 s,8.7 ¦Ìs,RX data,02,
4693,1.61099 s,8.7 ¦Ìs,RX data,0C,
4694,1.611001 s,8.7 ¦Ìs,RX data,19,
4695,1.611012 s,8.7 ¦Ìs,RX data,05,
4696,1.611023 s,8.7 ¦Ìs,RX data,10,
4697,1.611034 s,8.7 ¦Ìs,RX data,09,
4698,1.611044 s,8.7 ¦Ìs,RX data,31,
4699,1.611055 s,8.7 ¦Ìs,RX data,1C,
4700,1.611066 s,8.7 ¦Ìs,RX data,00,
4701,1.611077 s,8.7 ¦Ìs,RX data,00,
4702,1.611088 s,8.7 ¦Ìs,RX data,5C,
4703,1.611099 s,8.7 ¦Ìs,RX data,40,
4704,1.611109 s,8.7 ¦Ìs,RX data,10,
4705,1.61112 s,8.7 ¦Ìs,RX data,05,
4706,1.611131 s,8.7 ¦Ìs,RX data,52,
4707,1.611142 s,8.7 ¦Ìs,RX data,0B,
4708,1.611153 s,8.7 ¦Ìs,RX data,B0,
4709,1.611164 s,8.7 ¦Ìs,RX data,08,
4710,1.611174 s,8.7 ¦Ìs,RX data,B1,
4711,1.611185 s,8.7 ¦Ìs,RX data,93,
4712,1.611196 s,8.7 ¦Ìs,RX data,20,
4713,1.611207 s,8.7 ¦Ìs,RX data,B5,
4714,1.611218 s,8.7 ¦Ìs,RX data,20,
4715,1.611229 s,8.7 ¦Ìs,RX data,20,
4716,1.611239 s,8.7 ¦Ìs,RX data,C3,
4717,1.61125 s,8.7 ¦Ìs,RX data,C2,
4718,1.611261 s,8.7 ¦Ìs,RX data,3C,
4719,1.611272 s,8.7 ¦Ìs,RX data,A5,
4720,1.611283 s,8.7 ¦Ìs,RX data,00,
4721,1.611294 s,8.7 ¦Ìs,RX data,00,
4722,1.611304 s,8.7 ¦Ìs,RX data,F5,
4723,1.611315 s,8.7 ¦Ìs,RX data,61,
4724,1.611326 s,8.7 ¦Ìs,RX data,13,
4725,1.611337 s,8.7 ¦Ìs,RX data,12,
4726,1.611348 s,8.7 ¦Ìs,RX data,A2,
4727,1.611359 s,8.7 ¦Ìs,RX data,58,
4728,1.611369 s,8.7 ¦Ìs,RX data,F0,
4729,1.61138 s,8.7 ¦Ìs,RX data,FC,
4730,1.611391 s,8.7 ¦Ìs,RX data,F0,
4731,1.611402 s,8.7 ¦Ìs,RX data,6F,
4732,1.611413 s,8.7 ¦Ìs,RX data,FE,
4733,1.611424 s,8.7 ¦Ìs,RX data,00,
4734,1.611434 s,8.7 ¦Ìs,RX data,96,
4735,1.611445 s,8.7 ¦Ìs,RX data,77,
4736,1.61385 s,8.7 ¦Ìs,RX data,B5,
4737,1.613861 s,8.7 ¦Ìs,RX data,62,
4738,1.613872 s,8.7 ¦Ìs,RX data,13,
4739,1.613883 s,8.7 ¦Ìs,RX data,80,
4740,1.613894 s,8.7 ¦Ìs,RX data,2C,
4741,1.613905 s,8.7 ¦Ìs,RX data,00,
4742,1.613915 s,8.7 ¦Ìs,RX data,02,
4743,1.613926 s,8.7 ¦Ìs,RX data,00,
4744,1.613937 s,8.7 ¦Ìs,RX data,02,
4745,1.613948 s,8.7 ¦Ìs,RX data,0D,
4746,1.613959 s,8.7 ¦Ìs,RX data,19,
4747,1.61397 s,8.7 ¦Ìs,RX data,05,
4748,1.61398 s,8.7 ¦Ìs,RX data,10,
4749,1.613991 s,8.7 ¦Ìs,RX data,0A,
4750,1.614002 s,8.7 ¦Ìs,RX data,27,
4751,1.614013 s,8.7 ¦Ìs,RX data,1C,
4752,1.614024 s,8.7 ¦Ìs,RX data,00,
4753,1.614035 s,8.7 ¦Ìs,RX data,00,
4754,1.614045 s,8.7 ¦Ìs,RX data,5C,
4755,1.614056 s,8.7 ¦Ìs,RX data,40,
4756,1.614067 s,8.7 ¦Ìs,RX data,10,
4757,1.614078 s,8.7 ¦Ìs,RX data,05,
4758,1.614089 s,8.7 ¦Ìs,RX data,53,
4759,1.6141 s,8.7 ¦Ìs,RX data,00,
4760,1.61411 s,8.7 ¦Ìs,RX data,B0,
4761,1.614121 s,8.7 ¦Ìs,RX data,08,
4762,1.614132 s,8.7 ¦Ìs,RX data,5D,
4763,1.614143 s,8.7 ¦Ìs,RX data,5D,
4764,1.614154 s,8.7 ¦Ìs,RX data,20,
4765,1.614165 s,8.7 ¦Ìs,RX data,B3,
4766,1.614175 s,8.7 ¦Ìs,RX data,11,
4767,1.614186 s,8.7 ¦Ìs,RX data,A0,
4768,1.614197 s,8.7 ¦Ìs,RX data,03,
4769,1.614208 s,8.7 ¦Ìs,RX data,C4,
4770,1.614219 s,8.7 ¦Ìs,RX data,3C,
4771,1.61423 s,8.7 ¦Ìs,RX data,A5,
4772,1.61424 s,8.7 ¦Ìs,RX data,00,
4773,1.614251 s,8.7 ¦Ìs,RX data,00,
4774,1.614262 s,8.7 ¦Ìs,RX data,F0,
4775,1.614273 s,8.7 ¦Ìs,RX data,61,
4776,1.614284 s,8.7 ¦Ìs,RX data,9E,
4777,1.614295 s,8.7 ¦Ìs,RX data,FF,
4778,1.614305 s,8.7 ¦Ìs,RX data,D2,
4779,1.614316 s,8.7 ¦Ìs,RX data,DA,
4780,1.614327 s,8.7 ¦Ìs,RX data,EE,
4781,1.614338 s,8.7 ¦Ìs,RX data,FF,
4782,1.614349 s,8.7 ¦Ìs,RX data,F1,
4783,1.61436 s,8.7 ¦Ìs,RX data,07,
4784,1.61437 s,8.7 ¦Ìs,RX data,00,
4785,1.614381 s,8.7 ¦Ìs,RX data,00,
4786,1.614392 s,8.7 ¦Ìs,RX data,6C,
4787,1.614403 s,8.7 ¦Ìs,RX data,CA,
4788,1.614414 s,8.7 ¦Ìs,RX data,B5,
4789,1.614425 s,8.7 ¦Ìs,RX data,62,
4790,1.614435 s,8.7 ¦Ìs,RX data,13,
4791,1.614446 s,8.7 ¦Ìs,RX data,80,
4792,1.614457 s,8.7 ¦Ìs,RX data,2C,
4793,1.614468 s,8.7 ¦Ìs,RX data,00,
4794,1.614479 s,8.7 ¦Ìs,RX data,02,
4795,1.61449 s,8.7 ¦Ìs,RX data,00,
4796,1.6145 s,8.7 ¦Ìs,RX data,02,
4797,1.614511 s,8.7 ¦Ìs,RX data,0E,
4798,1.614522 s,8.7 ¦Ìs,RX data,08,
4799,1.614533 s,8.7 ¦Ìs,RX data,05,
4800,1.614544 s,8.7 ¦Ìs,RX data,0E,
4801,1.614555 s,8.7 ¦Ìs,RX data,11,
4802,1.614565 s,8.7 ¦Ìs,RX data,09,
4803,1.614576 s,8.7 ¦Ìs,RX data,1C,
4804,1.614587 s,8.7 ¦Ìs,RX data,00,
4805,1.614598 s,8.7 ¦Ìs,RX data,00,
4806,1.614609 s,8.7 ¦Ìs,RX data,5C,
4807,1.61462 s,8.7 ¦Ìs,RX data,40,
4808,1.61463 s,8.7 ¦Ìs,RX data,10,
4809,1.614641 s,8.7 ¦Ìs,RX data,05,
4810,1.614652 s,8.7 ¦Ìs,RX data,54,
4811,1.614663 s,8.7 ¦Ìs,RX data,00,
4812,1.614674 s,8.7 ¦Ìs,RX data,B0,
4813,1.614685 s,8.7 ¦Ìs,RX data,08,
4814,1.614695 s,8.7 ¦Ìs,RX data,3F,
4815,1.614706 s,8.7 ¦Ìs,RX data,3C,
4816,1.614717 s,8.7 ¦Ìs,RX data,20,
4817,1.614728 s,8.7 ¦Ìs,RX data,D8,
4818,1.614739 s,8.7 ¦Ìs,RX data,4B,
4819,1.61475 s,8.7 ¦Ìs,RX data,82,
4820,1.61476 s,8.7 ¦Ìs,RX data,EE,
4821,1.614771 s,8.7 ¦Ìs,RX data,85,
4822,1.614782 s,8.7 ¦Ìs,RX data,C5,
4823,1.614793 s,8.7 ¦Ìs,RX data,51,
4824,1.614804 s,8.7 ¦Ìs,RX data,05,
4825,1.614815 s,8.7 ¦Ìs,RX data,00,
4826,1.614825 s,8.7 ¦Ìs,RX data,EA,
4827,1.614836 s,8.7 ¦Ìs,RX data,7C,
4828,1.614847 s,8.7 ¦Ìs,RX data,18,
4829,1.614858 s,8.7 ¦Ìs,RX data,04,
4830,1.614869 s,8.7 ¦Ìs,RX data,AA,
4831,1.61488 s,8.7 ¦Ìs,RX data,3D,
4832,1.61489 s,8.7 ¦Ìs,RX data,23,
4833,1.614901 s,8.7 ¦Ìs,RX data,00,
4834,1.614912 s,8.7 ¦Ìs,RX data,BD,
4835,1.614923 s,8.7 ¦Ìs,RX data,4A,
4836,1.614934 s,8.7 ¦Ìs,RX data,A5,
4837,1.614945 s,8.7 ¦Ìs,RX data,00,
4838,1.614955 s,8.7 ¦Ìs,RX data,E5,
4839,1.614966 s,8.7 ¦Ìs,RX data,84,
4840,1.614977 s,8.7 ¦Ìs,RX data,B5,
4841,1.614988 s,8.7 ¦Ìs,RX data,62,
4842,1.614999 s,8.7 ¦Ìs,RX data,13,
4843,1.61501 s,8.7 ¦Ìs,RX data,80,
4844,1.61502 s,8.7 ¦Ìs,RX data,2C,
4845,1.615031 s,8.7 ¦Ìs,RX data,00,
4846,1.615042 s,8.7 ¦Ìs,RX data,02,
4847,1.615053 s,8.7 ¦Ìs,RX data,00,
4848,1.615064 s,8.7 ¦Ìs,RX data,02,
4849,1.615075 s,8.7 ¦Ìs,RX data,0F,
4850,1.615085 s,8.7 ¦Ìs,RX data,18,
4851,1.615096 s,8.7 ¦Ìs,RX data,0A,
4852,1.615107 s,8.7 ¦Ìs,RX data,04,
4853,1.615118 s,8.7 ¦Ìs,RX data,0A,
4854,1.615129 s,8.7 ¦Ìs,RX data,1D,
4855,1.61514 s,8.7 ¦Ìs,RX data,1C,
4856,1.61515 s,8.7 ¦Ìs,RX data,00,
4857,1.615161 s,8.7 ¦Ìs,RX data,00,
4858,1.615172 s,8.7 ¦Ìs,RX data,5C,
4859,1.615183 s,8.7 ¦Ìs,RX data,40,
4860,1.615194 s,8.7 ¦Ìs,RX data,10,
4861,1.615205 s,8.7 ¦Ìs,RX data,05,
4862,1.615215 s,8.7 ¦Ìs,RX data,55,
4863,1.615226 s,8.7 ¦Ìs,RX data,0F,
4864,1.615237 s,8.7 ¦Ìs,RX data,B0,
4865,1.615248 s,8.7 ¦Ìs,RX data,08,
4866,1.615259 s,8.7 ¦Ìs,RX data,2E,
4867,1.61527 s,8.7 ¦Ìs,RX data,24,
4868,1.61528 s,8.7 ¦Ìs,RX data,20,
4869,1.615291 s,8.7 ¦Ìs,RX data,BA,
4870,1.615302 s,8.7 ¦Ìs,RX data,0E,
4871,1.615313 s,8.7 ¦Ìs,RX data,C0,
4872,1.615324 s,8.7 ¦Ìs,RX data,C3,
4873,1.615335 s,8.7 ¦Ìs,RX data,C3,
4874,1.615345 s,8.7 ¦Ìs,RX data,1C,
4875,1.615356 s,8.7 ¦Ìs,RX data,D5,
4876,1.615367 s,8.7 ¦Ìs,RX data,00,
4877,1.615378 s,8.7 ¦Ìs,RX data,00,
4878,1.615389 s,8.7 ¦Ìs,RX data,39,
4879,1.6154 s,8.7 ¦Ìs,RX data,03,
4880,1.61541 s,8.7 ¦Ìs,RX data,02,
4881,1.615421 s,8.7 ¦Ìs,RX data,B1,
4882,1.615432 s,8.7 ¦Ìs,RX data,00,
4883,1.615443 s,8.7 ¦Ìs,RX data,68,
4884,1.615454 s,8.7 ¦Ìs,RX data,BD,
4885,1.615465 s,8.7 ¦Ìs,RX data,FF,
4886,1.615475 s,8.7 ¦Ìs,RX data,F2,
4887,1.615486 s,8.7 ¦Ìs,RX data,FF,
4888,1.615497 s,8.7 ¦Ìs,RX data,FF,
4889,1.615508 s,8.7 ¦Ìs,RX data,00,
4890,1.615519 s,8.7 ¦Ìs,RX data,7C,
4891,1.61553 s,8.7 ¦Ìs,RX data,65,
4892,1.61554 s,8.7 ¦Ìs,RX data,B5,
4893,1.615551 s,8.7 ¦Ìs,RX data,62,
4894,1.615562 s,8.7 ¦Ìs,RX data,13,
4895,1.615573 s,8.7 ¦Ìs,RX data,80,
4896,1.615584 s,8.7 ¦Ìs,RX data,2C,
4897,1.615595 s,8.7 ¦Ìs,RX data,00,
4898,1.615605 s,8.7 ¦Ìs,RX data,02,
4899,1.615616 s,8.7 ¦Ìs,RX data,00,
4900,1.615627 s,8.7 ¦Ìs,RX data,02,
4901,1.615638 s,8.7 ¦Ìs,RX data,10,
4902,1.615649 s,8.7 ¦Ìs,RX data,19,
4903,1.61566 s,8.7 ¦Ìs,RX data,05,
4904,1.61567 s,8.7 ¦Ìs,RX data,10,
4905,1.615681 s,8.7 ¦Ìs,RX data,09,
4906,1.615692 s,8.7 ¦Ìs,RX data,31,
4907,1.615703 s,8.7 ¦Ìs,RX data,1C,
4908,1.615714 s,8.7 ¦Ìs,RX data,00,
4909,1.615725 s,8.7 ¦Ìs,RX data,00,
4910,1.615735 s,8.7 ¦Ìs,RX data,5C,
4911,1.615746 s,8.7 ¦Ìs,RX data,40,
4912,1.615757 s,8.7 ¦Ìs,RX data,10,
4913,1.615768 s,8.7 ¦Ìs,RX data,05,
4914,1.615779 s,8.7 ¦Ìs,RX data,56,
4915,1.61579 s,8.7 ¦Ìs,RX data,0B,
4916,1.6158 s,8.7 ¦Ìs,RX data,B0,
4917,1.615811 s,8.7 ¦Ìs,RX data,08,
4918,1.615822 s,8.7 ¦Ìs,RX data,BE,
4919,1.615833 s,8.7 ¦Ìs,RX data,F0,
4920,1.615844 s,8.7 ¦Ìs,RX data,20,
4921,1.615855 s,8.7 ¦Ìs,RX data,53,
4922,1.615865 s,8.7 ¦Ìs,RX data,16,
4923,1.615876 s,8.7 ¦Ìs,RX data,20,
4924,1.615887 s,8.7 ¦Ìs,RX data,FE,
4925,1.615898 s,8.7 ¦Ìs,RX data,C2,
4926,1.615909 s,8.7 ¦Ìs,RX data,3C,
4927,1.61592 s,8.7 ¦Ìs,RX data,A5,
4928,1.61593 s,8.7 ¦Ìs,RX data,00,
4929,1.615941 s,8.7 ¦Ìs,RX data,00,
4930,1.615952 s,8.7 ¦Ìs,RX data,62,
4931,1.615963 s,8.7 ¦Ìs,RX data,0C,
4932,1.615974 s,8.7 ¦Ìs,RX data,1C,
4933,1.615985 s,8.7 ¦Ìs,RX data,7B,
4934,1.615995 s,8.7 ¦Ìs,RX data,B1,
4935,1.616006 s,8.7 ¦Ìs,RX data,15,
4936,1.616017 s,8.7 ¦Ìs,RX data,ED,
4937,1.616028 s,8.7 ¦Ìs,RX data,FF,
4938,1.616039 s,8.7 ¦Ìs,RX data,F1,
4939,1.61605 s,8.7 ¦Ìs,RX data,FF,
4940,1.61606 s,8.7 ¦Ìs,RX data,FF,
4941,1.616071 s,8.7 ¦Ìs,RX data,00,
4942,1.616082 s,8.7 ¦Ìs,RX data,BF,
4943,1.616093 s,8.7 ¦Ìs,RX data,48,
4944,1.616104 s,8.7 ¦Ìs,RX data,B5,
4945,1.616115 s,8.7 ¦Ìs,RX data,62,
4946,1.616125 s,8.7 ¦Ìs,RX data,13,
4947,1.616136 s,8.7 ¦Ìs,RX data,80,
4948,1.616147 s,8.7 ¦Ìs,RX data,2C,
4949,1.616158 s,8.7 ¦Ìs,RX data,00,
4950,1.616169 s,8.7 ¦Ìs,RX data,02,
4951,1.61618 s,8.7 ¦Ìs,RX data,00,
4952,1.61619 s,8.7 ¦Ìs,RX data,02,
4953,1.616201 s,8.7 ¦Ìs,RX data,12,
4954,1.616212 s,8.7 ¦Ìs,RX data,08,
4955,1.616223 s,8.7 ¦Ìs,RX data,05,
4956,1.616234 s,8.7 ¦Ìs,RX data,0E,
4957,1.616245 s,8.7 ¦Ìs,RX data,0A,
4958,1.616255 s,8.7 ¦Ìs,RX data,31,
4959,1.616266 s,8.7 ¦Ìs,RX data,1C,
4960,1.616277 s,8.7 ¦Ìs,RX data,00,
4961,1.616288 s,8.7 ¦Ìs,RX data,00,
4962,1.616299 s,8.7 ¦Ìs,RX data,5C,
4963,1.61631 s,8.7 ¦Ìs,RX data,40,
4964,1.61632 s,8.7 ¦Ìs,RX data,10,
4965,1.616331 s,8.7 ¦Ìs,RX data,05,
4966,1.616342 s,8.7 ¦Ìs,RX data,58,
4967,1.616353 s,8.7 ¦Ìs,RX data,00,
4968,1.616364 s,8.7 ¦Ìs,RX data,B0,
4969,1.616375 s,8.7 ¦Ìs,RX data,08,
4970,1.616385 s,8.7 ¦Ìs,RX data,17,
4971,1.616396 s,8.7 ¦Ìs,RX data,DA,
4972,1.616407 s,8.7 ¦Ìs,RX data,20,
4973,1.616418 s,8.7 ¦Ìs,RX data,3B,
4974,1.616429 s,8.7 ¦Ìs,RX data,8E,
4975,1.61644 s,8.7 ¦Ìs,RX data,8D,
4976,1.61645 s,8.7 ¦Ìs,RX data,6D,
4977,1.616461 s,8.7 ¦Ìs,RX data,7C,
4978,1.616472 s,8.7 ¦Ìs,RX data,C5,
4979,1.616483 s,8.7 ¦Ìs,RX data,51,
4980,1.616494 s,8.7 ¦Ìs,RX data,05,
4981,1.616505 s,8.7 ¦Ìs,RX data,01,
4982,1.616515 s,8.7 ¦Ìs,RX data,F5,
4983,1.616526 s,8.7 ¦Ìs,RX data,2A,
4984,1.616537 s,8.7 ¦Ìs,RX data,00,
4985,1.616548 s,8.7 ¦Ìs,RX data,00,
4986,1.616559 s,8.7 ¦Ìs,RX data,E4,
4987,1.61657 s,8.7 ¦Ìs,RX data,3A,
4988,1.61658 s,8.7 ¦Ìs,RX data,23,
4989,1.616591 s,8.7 ¦Ìs,RX data,00,
4990,1.616602 s,8.7 ¦Ìs,RX data,FC,
4991,1.616613 s,8.7 ¦Ìs,RX data,4A,
4992,1.618656 s,8.7 ¦Ìs,RX data,A5,
4993,1.618667 s,8.7 ¦Ìs,RX data,00,
4994,1.618677 s,8.7 ¦Ìs,RX data,BF,
4995,1.618688 s,8.7 ¦Ìs,RX data,D6,
4996,1.618699 s,8.7 ¦Ìs,RX data,B5,
4997,1.61871 s,8.7 ¦Ìs,RX data,62,
4998,1.618721 s,8.7 ¦Ìs,RX data,13,
4999,1.618732 s,8.7 ¦Ìs,RX data,80,
5000,1.618742 s,8.7 ¦Ìs,RX data,2C,
5001,1.618753 s,8.7 ¦Ìs,RX data,00,
5002,1.618764 s,8.7 ¦Ìs,RX data,02,
5003,1.618775 s,8.7 ¦Ìs,RX data,00,
5004,1.618786 s,8.7 ¦Ìs,RX data,02,
5005,1.618797 s,8.7 ¦Ìs,RX data,13,
5006,1.618807 s,8.7 ¦Ìs,RX data,19,
5007,1.618818 s,8.7 ¦Ìs,RX data,05,
5008,1.618829 s,8.7 ¦Ìs,RX data,0A,
5009,1.61884 s,8.7 ¦Ìs,RX data,09,
5010,1.618851 s,8.7 ¦Ìs,RX data,09,
5011,1.618862 s,8.7 ¦Ìs,RX data,1C,
5012,1.618872 s,8.7 ¦Ìs,RX data,00,
5013,1.618883 s,8.7 ¦Ìs,RX data,00,
5014,1.618894 s,8.7 ¦Ìs,RX data,5C,
5015,1.618905 s,8.7 ¦Ìs,RX data,40,
5016,1.618916 s,8.7 ¦Ìs,RX data,10,
5017,1.618927 s,8.7 ¦Ìs,RX data,05,
5018,1.618937 s,8.7 ¦Ìs,RX data,59,
5019,1.618948 s,8.7 ¦Ìs,RX data,07,
5020,1.618959 s,8.7 ¦Ìs,RX data,B0,
5021,1.61897 s,8.7 ¦Ìs,RX data,08,
5022,1.618981 s,8.7 ¦Ìs,RX data,33,
5023,1.618992 s,8.7 ¦Ìs,RX data,4E,
5024,1.619003 s,8.7 ¦Ìs,RX data,20,
5025,1.619013 s,8.7 ¦Ìs,RX data,C5,
5026,1.619024 s,8.7 ¦Ìs,RX data,1B,
5027,1.619035 s,8.7 ¦Ìs,RX data,A8,
5028,1.619046 s,8.7 ¦Ìs,RX data,FE,
5029,1.619057 s,8.7 ¦Ìs,RX data,E5,
5030,1.619068 s,8.7 ¦Ìs,RX data,3B,
5031,1.619078 s,8.7 ¦Ìs,RX data,95,
5032,1.619089 s,8.7 ¦Ìs,RX data,00,
5033,1.6191 s,8.7 ¦Ìs,RX data,00,
5034,1.619111 s,8.7 ¦Ìs,RX data,3E,
5035,1.619122 s,8.7 ¦Ìs,RX data,BC,
5036,1.619132 s,8.7 ¦Ìs,RX data,ED,
5037,1.619143 s,8.7 ¦Ìs,RX data,CF,
5038,1.619154 s,8.7 ¦Ìs,RX data,8C,
5039,1.619165 s,8.7 ¦Ìs,RX data,22,
5040,1.619176 s,8.7 ¦Ìs,RX data,76,
5041,1.619187 s,8.7 ¦Ìs,RX data,03,
5042,1.619198 s,8.7 ¦Ìs,RX data,F0,
5043,1.619208 s,8.7 ¦Ìs,RX data,6F,
5044,1.619219 s,8.7 ¦Ìs,RX data,00,
5045,1.61923 s,8.7 ¦Ìs,RX data,00,
5046,1.619241 s,8.7 ¦Ìs,RX data,0D,
5047,1.619252 s,8.7 ¦Ìs,RX data,83,
5048,1.619263 s,8.7 ¦Ìs,RX data,B5,
5049,1.619273 s,8.7 ¦Ìs,RX data,62,
5050,1.619284 s,8.7 ¦Ìs,RX data,13,
5051,1.619295 s,8.7 ¦Ìs,RX data,80,
5052,1.619306 s,8.7 ¦Ìs,RX data,2C,
5053,1.619317 s,8.7 ¦Ìs,RX data,00,
5054,1.619328 s,8.7 ¦Ìs,RX data,02,
5055,1.619338 s,8.7 ¦Ìs,RX data,00,
5056,1.619349 s,8.7 ¦Ìs,RX data,02,
5057,1.61936 s,8.7 ¦Ìs,RX data,15,
5058,1.619371 s,8.7 ¦Ìs,RX data,19,
5059,1.619382 s,8.7 ¦Ìs,RX data,05,
5060,1.619393 s,8.7 ¦Ìs,RX data,0A,
5061,1.619403 s,8.7 ¦Ìs,RX data,09,
5062,1.619414 s,8.7 ¦Ìs,RX data,09,
5063,1.619425 s,8.7 ¦Ìs,RX data,1C,
5064,1.619436 s,8.7 ¦Ìs,RX data,00,
5065,1.619447 s,8.7 ¦Ìs,RX data,00,
5066,1.619457 s,8.7 ¦Ìs,RX data,5C,
5067,1.619468 s,8.7 ¦Ìs,RX data,40,
5068,1.619479 s,8.7 ¦Ìs,RX data,10,
5069,1.61949 s,8.7 ¦Ìs,RX data,05,
5070,1.619501 s,8.7 ¦Ìs,RX data,5B,
5071,1.619512 s,8.7 ¦Ìs,RX data,07,
5072,1.619523 s,8.7 ¦Ìs,RX data,B0,
5073,1.619533 s,8.7 ¦Ìs,RX data,08,
5074,1.619544 s,8.7 ¦Ìs,RX data,38,
5075,1.619555 s,8.7 ¦Ìs,RX data,82,
5076,1.619566 s,8.7 ¦Ìs,RX data,20,
5077,1.619577 s,8.7 ¦Ìs,RX data,AF,
5078,1.619588 s,8.7 ¦Ìs,RX data,08,
5079,1.619598 s,8.7 ¦Ìs,RX data,D8,
5080,1.619609 s,8.7 ¦Ìs,RX data,FD,
5081,1.61962 s,8.7 ¦Ìs,RX data,E5,
5082,1.619631 s,8.7 ¦Ìs,RX data,3B,
5083,1.619642 s,8.7 ¦Ìs,RX data,15,
5084,1.619653 s,8.7 ¦Ìs,RX data,01,
5085,1.619663 s,8.7 ¦Ìs,RX data,00,
5086,1.619674 s,8.7 ¦Ìs,RX data,90,
5087,1.619685 s,8.7 ¦Ìs,RX data,11,
5088,1.619696 s,8.7 ¦Ìs,RX data,F0,
5089,1.619707 s,8.7 ¦Ìs,RX data,52,
5090,1.619718 s,8.7 ¦Ìs,RX data,14,
5091,1.619728 s,8.7 ¦Ìs,RX data,67,
5092,1.619739 s,8.7 ¦Ìs,RX data,A6,
5093,1.61975 s,8.7 ¦Ìs,RX data,FE,
5094,1.619761 s,8.7 ¦Ìs,RX data,F0,
5095,1.619772 s,8.7 ¦Ìs,RX data,FF,
5096,1.619783 s,8.7 ¦Ìs,RX data,FF,
5097,1.619793 s,8.7 ¦Ìs,RX data,00,
5098,1.619804 s,8.7 ¦Ìs,RX data,85,
5099,1.619815 s,8.7 ¦Ìs,RX data,03,
5100,1.619826 s,8.7 ¦Ìs,RX data,B5,
5101,1.619837 s,8.7 ¦Ìs,RX data,62,
5102,1.619848 s,8.7 ¦Ìs,RX data,13,
5103,1.619858 s,8.7 ¦Ìs,RX data,80,
5104,1.619869 s,8.7 ¦Ìs,RX data,2C,
5105,1.61988 s,8.7 ¦Ìs,RX data,00,
5106,1.619891 s,8.7 ¦Ìs,RX data,02,
5107,1.619902 s,8.7 ¦Ìs,RX data,00,
5108,1.619913 s,8.7 ¦Ìs,RX data,02,
5109,1.619923 s,8.7 ¦Ìs,RX data,17,
5110,1.619934 s,8.7 ¦Ìs,RX data,19,
5111,1.619945 s,8.7 ¦Ìs,RX data,04,
5112,1.619956 s,8.7 ¦Ìs,RX data,06,
5113,1.619967 s,8.7 ¦Ìs,RX data,05,
5114,1.619978 s,8.7 ¦Ìs,RX data,1D,
5115,1.619988 s,8.7 ¦Ìs,RX data,1C,
5116,1.619999 s,8.7 ¦Ìs,RX data,00,
5117,1.62001 s,8.7 ¦Ìs,RX data,00,
5118,1.620021 s,8.7 ¦Ìs,RX data,5C,
5119,1.620032 s,8.7 ¦Ìs,RX data,40,
5120,1.620043 s,8.7 ¦Ìs,RX data,10,
5121,1.620053 s,8.7 ¦Ìs,RX data,05,
5122,1.620064 s,8.7 ¦Ìs,RX data,5D,
5123,1.620075 s,8.7 ¦Ìs,RX data,01,
5124,1.620086 s,8.7 ¦Ìs,RX data,B0,
5125,1.620097 s,8.7 ¦Ìs,RX data,08,
5126,1.620108 s,8.7 ¦Ìs,RX data,DB,
5127,1.620118 s,8.7 ¦Ìs,RX data,96,
5128,1.620129 s,8.7 ¦Ìs,RX data,20,
5129,1.62014 s,8.7 ¦Ìs,RX data,F8,
5130,1.620151 s,8.7 ¦Ìs,RX data,18,
5131,1.620162 s,8.7 ¦Ìs,RX data,18,
5132,1.620173 s,8.7 ¦Ìs,RX data,7E,
5133,1.620183 s,8.7 ¦Ìs,RX data,08,
5134,1.620194 s,8.7 ¦Ìs,RX data,37,
5135,1.620205 s,8.7 ¦Ìs,RX data,B5,
5136,1.620216 s,8.7 ¦Ìs,RX data,00,
5137,1.620227 s,8.7 ¦Ìs,RX data,00,
5138,1.620238 s,8.7 ¦Ìs,RX data,B4,
5139,1.620248 s,8.7 ¦Ìs,RX data,25,
5140,1.620259 s,8.7 ¦Ìs,RX data,B9,
5141,1.62027 s,8.7 ¦Ìs,RX data,4D,
5142,1.620281 s,8.7 ¦Ìs,RX data,51,
5143,1.620292 s,8.7 ¦Ìs,RX data,13,
5144,1.620303 s,8.7 ¦Ìs,RX data,02,
5145,1.620313 s,8.7 ¦Ìs,RX data,00,
5146,1.620324 s,8.7 ¦Ìs,RX data,F1,
5147,1.620335 s,8.7 ¦Ìs,RX data,07,
5148,1.620346 s,8.7 ¦Ìs,RX data,00,
5149,1.620357 s,8.7 ¦Ìs,RX data,00,
5150,1.620368 s,8.7 ¦Ìs,RX data,6A,
5151,1.620378 s,8.7 ¦Ìs,RX data,15,
5152,1.620389 s,8.7 ¦Ìs,RX data,B5,
5153,1.6204 s,8.7 ¦Ìs,RX data,62,
5154,1.620411 s,8.7 ¦Ìs,RX data,13,
5155,1.620422 s,8.7 ¦Ìs,RX data,80,
5156,1.620433 s,8.7 ¦Ìs,RX data,2C,
5157,1.620443 s,8.7 ¦Ìs,RX data,00,
5158,1.620454 s,8.7 ¦Ìs,RX data,02,
5159,1.620465 s,8.7 ¦Ìs,RX data,00,
5160,1.620476 s,8.7 ¦Ìs,RX data,02,
5161,1.620487 s,8.7 ¦Ìs,RX data,18,
5162,1.620498 s,8.7 ¦Ìs,RX data,19,
5163,1.620508 s,8.7 ¦Ìs,RX data,04,
5164,1.620519 s,8.7 ¦Ìs,RX data,11,
5165,1.62053 s,8.7 ¦Ìs,RX data,08,
5166,1.620541 s,8.7 ¦Ìs,RX data,09,
5167,1.620552 s,8.7 ¦Ìs,RX data,1C,
5168,1.620563 s,8.7 ¦Ìs,RX data,00,
5169,1.620573 s,8.7 ¦Ìs,RX data,00,
5170,1.620584 s,8.7 ¦Ìs,RX data,5C,
5171,1.620595 s,8.7 ¦Ìs,RX data,40,
5172,1.620606 s,8.7 ¦Ìs,RX data,10,
5173,1.620617 s,8.7 ¦Ìs,RX data,05,
5174,1.620628 s,8.7 ¦Ìs,RX data,5E,
5175,1.620638 s,8.7 ¦Ìs,RX data,01,
5176,1.620649 s,8.7 ¦Ìs,RX data,B0,
5177,1.62066 s,8.7 ¦Ìs,RX data,08,
5178,1.620671 s,8.7 ¦Ìs,RX data,EB,
5179,1.620682 s,8.7 ¦Ìs,RX data,09,
5180,1.620693 s,8.7 ¦Ìs,RX data,20,
5181,1.620703 s,8.7 ¦Ìs,RX data,19,
5182,1.620714 s,8.7 ¦Ìs,RX data,2D,
5183,1.620725 s,8.7 ¦Ìs,RX data,78,
5184,1.620736 s,8.7 ¦Ìs,RX data,7D,
5185,1.620747 s,8.7 ¦Ìs,RX data,9C,
5186,1.620758 s,8.7 ¦Ìs,RX data,38,
5187,1.620768 s,8.7 ¦Ìs,RX data,F5,
5188,1.620779 s,8.7 ¦Ìs,RX data,00,
5189,1.62079 s,8.7 ¦Ìs,RX data,00,
5190,1.620801 s,8.7 ¦Ìs,RX data,D6,
5191,1.620812 s,8.7 ¦Ìs,RX data,20,
5192,1.620823 s,8.7 ¦Ìs,RX data,51,
5193,1.620833 s,8.7 ¦Ìs,RX data,2B,
5194,1.620844 s,8.7 ¦Ìs,RX data,0E,
5195,1.620855 s,8.7 ¦Ìs,RX data,E7,
5196,1.620866 s,8.7 ¦Ìs,RX data,38,
5197,1.620877 s,8.7 ¦Ìs,RX data,FD,
5198,1.620888 s,8.7 ¦Ìs,RX data,F1,
5199,1.620898 s,8.7 ¦Ìs,RX data,D7,
5200,1.620909 s,8.7 ¦Ìs,RX data,FF,
5201,1.62092 s,8.7 ¦Ìs,RX data,00,
5202,1.620931 s,8.7 ¦Ìs,RX data,79,
5203,1.620942 s,8.7 ¦Ìs,RX data,F1,
5204,1.620953 s,8.7 ¦Ìs,RX data,B5,
5205,1.620963 s,8.7 ¦Ìs,RX data,62,
5206,1.620974 s,8.7 ¦Ìs,RX data,13,
5207,1.620985 s,8.7 ¦Ìs,RX data,80,
5208,1.620996 s,8.7 ¦Ìs,RX data,2C,
5209,1.621007 s,8.7 ¦Ìs,RX data,00,
5210,1.621018 s,8.7 ¦Ìs,RX data,02,
5211,1.621028 s,8.7 ¦Ìs,RX data,00,
5212,1.621039 s,8.7 ¦Ìs,RX data,02,
5213,1.62105 s,8.7 ¦Ìs,RX data,19,
5214,1.621061 s,8.7 ¦Ìs,RX data,19,
5215,1.621072 s,8.7 ¦Ìs,RX data,04,
5216,1.621083 s,8.7 ¦Ìs,RX data,11,
5217,1.621093 s,8.7 ¦Ìs,RX data,07,
5218,1.621104 s,8.7 ¦Ìs,RX data,31,
5219,1.621115 s,8.7 ¦Ìs,RX data,1C,
5220,1.621126 s,8.7 ¦Ìs,RX data,00,
5221,1.621137 s,8.7 ¦Ìs,RX data,00,
5222,1.621148 s,8.7 ¦Ìs,RX data,5C,
5223,1.621158 s,8.7 ¦Ìs,RX data,40,
5224,1.621169 s,8.7 ¦Ìs,RX data,10,
5225,1.62118 s,8.7 ¦Ìs,RX data,05,
5226,1.621191 s,8.7 ¦Ìs,RX data,5F,
5227,1.621202 s,8.7 ¦Ìs,RX data,0F,
5228,1.621213 s,8.7 ¦Ìs,RX data,B0,
5229,1.621223 s,8.7 ¦Ìs,RX data,08,
5230,1.621234 s,8.7 ¦Ìs,RX data,50,
5231,1.621245 s,8.7 ¦Ìs,RX data,F7,
5232,1.621256 s,8.7 ¦Ìs,RX data,20,
5233,1.621267 s,8.7 ¦Ìs,RX data,71,
5234,1.621278 s,8.7 ¦Ìs,RX data,06,
5235,1.621288 s,8.7 ¦Ìs,RX data,D0,
5236,1.621299 s,8.7 ¦Ìs,RX data,FD,
5237,1.62131 s,8.7 ¦Ìs,RX data,9B,
5238,1.621321 s,8.7 ¦Ìs,RX data,38,
5239,1.621332 s,8.7 ¦Ìs,RX data,D5,
5240,1.621343 s,8.7 ¦Ìs,RX data,00,
5241,1.621353 s,8.7 ¦Ìs,RX data,00,
5242,1.621364 s,8.7 ¦Ìs,RX data,BC,
5243,1.621375 s,8.7 ¦Ìs,RX data,20,
5244,1.621386 s,8.7 ¦Ìs,RX data,BA,
5245,1.621397 s,8.7 ¦Ìs,RX data,1F,
5246,1.621408 s,8.7 ¦Ìs,RX data,03,
5247,1.621418 s,8.7 ¦Ìs,RX data,CD,
5248,1.623686 s,8.7 ¦Ìs,RX data,08,
5249,1.623697 s,8.7 ¦Ìs,RX data,00,
5250,1.623708 s,8.7 ¦Ìs,RX data,F1,
5251,1.623719 s,8.7 ¦Ìs,RX data,07,
5252,1.62373 s,8.7 ¦Ìs,RX data,00,
5253,1.62374 s,8.7 ¦Ìs,RX data,00,
5254,1.623751 s,8.7 ¦Ìs,RX data,0D,
5255,1.623762 s,8.7 ¦Ìs,RX data,B1,
5256,1.623773 s,8.7 ¦Ìs,RX data,B5,
5257,1.623784 s,8.7 ¦Ìs,RX data,62,
5258,1.623795 s,8.7 ¦Ìs,RX data,13,
5259,1.623805 s,8.7 ¦Ìs,RX data,80,
5260,1.623816 s,8.7 ¦Ìs,RX data,2C,
5261,1.623827 s,8.7 ¦Ìs,RX data,00,
5262,1.623838 s,8.7 ¦Ìs,RX data,02,
5263,1.623849 s,8.7 ¦Ìs,RX data,00,
5264,1.62386 s,8.7 ¦Ìs,RX data,02,
5265,1.62387 s,8.7 ¦Ìs,RX data,1A,
5266,1.623881 s,8.7 ¦Ìs,RX data,19,
5267,1.623892 s,8.7 ¦Ìs,RX data,04,
5268,1.623903 s,8.7 ¦Ìs,RX data,11,
5269,1.623914 s,8.7 ¦Ìs,RX data,07,
5270,1.623925 s,8.7 ¦Ìs,RX data,31,
5271,1.623935 s,8.7 ¦Ìs,RX data,1C,
5272,1.623946 s,8.7 ¦Ìs,RX data,00,
5273,1.623957 s,8.7 ¦Ìs,RX data,00,
5274,1.623968 s,8.7 ¦Ìs,RX data,5C,
5275,1.623979 s,8.7 ¦Ìs,RX data,40,
5276,1.62399 s,8.7 ¦Ìs,RX data,10,
5277,1.624 s,8.7 ¦Ìs,RX data,05,
5278,1.624011 s,8.7 ¦Ìs,RX data,60,
5279,1.624022 s,8.7 ¦Ìs,RX data,0F,
5280,1.624033 s,8.7 ¦Ìs,RX data,B0,
5281,1.624044 s,8.7 ¦Ìs,RX data,08,
5282,1.624055 s,8.7 ¦Ìs,RX data,96,
5283,1.624065 s,8.7 ¦Ìs,RX data,49,
5284,1.624076 s,8.7 ¦Ìs,RX data,20,
5285,1.624087 s,8.7 ¦Ìs,RX data,41,
5286,1.624098 s,8.7 ¦Ìs,RX data,0F,
5287,1.624109 s,8.7 ¦Ìs,RX data,98,
5288,1.62412 s,8.7 ¦Ìs,RX data,C2,
5289,1.62413 s,8.7 ¦Ìs,RX data,9B,
5290,1.624141 s,8.7 ¦Ìs,RX data,38,
5291,1.624152 s,8.7 ¦Ìs,RX data,A5,
5292,1.624163 s,8.7 ¦Ìs,RX data,00,
5293,1.624174 s,8.7 ¦Ìs,RX data,00,
5294,1.624185 s,8.7 ¦Ìs,RX data,10,
5295,1.624195 s,8.7 ¦Ìs,RX data,76,
5296,1.624206 s,8.7 ¦Ìs,RX data,32,
5297,1.624217 s,8.7 ¦Ìs,RX data,E5,
5298,1.624228 s,8.7 ¦Ìs,RX data,21,
5299,1.624239 s,8.7 ¦Ìs,RX data,31,
5300,1.62425 s,8.7 ¦Ìs,RX data,D6,
5301,1.62426 s,8.7 ¦Ìs,RX data,FF,
5302,1.624271 s,8.7 ¦Ìs,RX data,F0,
5303,1.624282 s,8.7 ¦Ìs,RX data,1F,
5304,1.624293 s,8.7 ¦Ìs,RX data,00,
5305,1.624304 s,8.7 ¦Ìs,RX data,00,
5306,1.624315 s,8.7 ¦Ìs,RX data,2B,
5307,1.624325 s,8.7 ¦Ìs,RX data,91,
5308,1.624336 s,8.7 ¦Ìs,RX data,B5,
5309,1.624347 s,8.7 ¦Ìs,RX data,62,
5310,1.624358 s,8.7 ¦Ìs,RX data,13,
5311,1.624369 s,8.7 ¦Ìs,RX data,80,
5312,1.62438 s,8.7 ¦Ìs,RX data,2C,
5313,1.62439 s,8.7 ¦Ìs,RX data,00,
5314,1.624401 s,8.7 ¦Ìs,RX data,02,
5315,1.624412 s,8.7 ¦Ìs,RX data,00,
5316,1.624423 s,8.7 ¦Ìs,RX data,02,
5317,1.624434 s,8.7 ¦Ìs,RX data,1B,
5318,1.624445 s,8.7 ¦Ìs,RX data,12,
5319,1.624455 s,8.7 ¦Ìs,RX data,03,
5320,1.624466 s,8.7 ¦Ìs,RX data,08,
5321,1.624477 s,8.7 ¦Ìs,RX data,13,
5322,1.624488 s,8.7 ¦Ìs,RX data,3B,
5323,1.624499 s,8.7 ¦Ìs,RX data,1C,
5324,1.62451 s,8.7 ¦Ìs,RX data,00,
5325,1.62452 s,8.7 ¦Ìs,RX data,00,
5326,1.624531 s,8.7 ¦Ìs,RX data,5C,
5327,1.624542 s,8.7 ¦Ìs,RX data,40,
5328,1.624553 s,8.7 ¦Ìs,RX data,10,
5329,1.624564 s,8.7 ¦Ìs,RX data,05,
5330,1.624575 s,8.7 ¦Ìs,RX data,61,
5331,1.624585 s,8.7 ¦Ìs,RX data,00,
5332,1.624596 s,8.7 ¦Ìs,RX data,B0,
5333,1.624607 s,8.7 ¦Ìs,RX data,08,
5334,1.624618 s,8.7 ¦Ìs,RX data,15,
5335,1.624629 s,8.7 ¦Ìs,RX data,F7,
5336,1.62464 s,8.7 ¦Ìs,RX data,20,
5337,1.62465 s,8.7 ¦Ìs,RX data,0A,
5338,1.624661 s,8.7 ¦Ìs,RX data,A2,
5339,1.624672 s,8.7 ¦Ìs,RX data,C8,
5340,1.624683 s,8.7 ¦Ìs,RX data,1B,
5341,1.624694 s,8.7 ¦Ìs,RX data,AE,
5342,1.624705 s,8.7 ¦Ìs,RX data,C5,
5343,1.624715 s,8.7 ¦Ìs,RX data,53,
5344,1.624726 s,8.7 ¦Ìs,RX data,00,
5345,1.624737 s,8.7 ¦Ìs,RX data,00,
5346,1.624748 s,8.7 ¦Ìs,RX data,00,
5347,1.624759 s,8.7 ¦Ìs,RX data,1B,
5348,1.62477 s,8.7 ¦Ìs,RX data,23,
5349,1.62478 s,8.7 ¦Ìs,RX data,00,
5350,1.624791 s,8.7 ¦Ìs,RX data,22,
5351,1.624802 s,8.7 ¦Ìs,RX data,47,
5352,1.624813 s,8.7 ¦Ìs,RX data,27,
5353,1.624824 s,8.7 ¦Ìs,RX data,00,
5354,1.624835 s,8.7 ¦Ìs,RX data,CD,
5355,1.624845 s,8.7 ¦Ìs,RX data,04,
5356,1.624856 s,8.7 ¦Ìs,RX data,AA,
5357,1.624867 s,8.7 ¦Ìs,RX data,00,
5358,1.624878 s,8.7 ¦Ìs,RX data,F9,
5359,1.624889 s,8.7 ¦Ìs,RX data,22,
5360,1.6249 s,8.7 ¦Ìs,RX data,B5,
5361,1.62491 s,8.7 ¦Ìs,RX data,62,
5362,1.624921 s,8.7 ¦Ìs,RX data,13,
5363,1.624932 s,8.7 ¦Ìs,RX data,80,
5364,1.624943 s,8.7 ¦Ìs,RX data,2C,
5365,1.624954 s,8.7 ¦Ìs,RX data,00,
5366,1.624965 s,8.7 ¦Ìs,RX data,02,
5367,1.624975 s,8.7 ¦Ìs,RX data,00,
5368,1.624986 s,8.7 ¦Ìs,RX data,02,
5369,1.624997 s,8.7 ¦Ìs,RX data,1D,
5370,1.625008 s,8.7 ¦Ìs,RX data,19,
5371,1.625019 s,8.7 ¦Ìs,RX data,04,
5372,1.62503 s,8.7 ¦Ìs,RX data,11,
5373,1.62504 s,8.7 ¦Ìs,RX data,07,
5374,1.625051 s,8.7 ¦Ìs,RX data,31,
5375,1.625062 s,8.7 ¦Ìs,RX data,1C,
5376,1.625073 s,8.7 ¦Ìs,RX data,00,
5377,1.625084 s,8.7 ¦Ìs,RX data,00,
5378,1.625095 s,8.7 ¦Ìs,RX data,5C,
5379,1.625105 s,8.7 ¦Ìs,RX data,40,
5380,1.625116 s,8.7 ¦Ìs,RX data,10,
5381,1.625127 s,8.7 ¦Ìs,RX data,05,
5382,1.625138 s,8.7 ¦Ìs,RX data,63,
5383,1.625149 s,8.7 ¦Ìs,RX data,0F,
5384,1.62516 s,8.7 ¦Ìs,RX data,B0,
5385,1.62517 s,8.7 ¦Ìs,RX data,08,
5386,1.625181 s,8.7 ¦Ìs,RX data,3A,
5387,1.625192 s,8.7 ¦Ìs,RX data,E1,
5388,1.625203 s,8.7 ¦Ìs,RX data,20,
5389,1.625214 s,8.7 ¦Ìs,RX data,07,
5390,1.625225 s,8.7 ¦Ìs,RX data,08,
5391,1.625235 s,8.7 ¦Ìs,RX data,A8,
5392,1.625246 s,8.7 ¦Ìs,RX data,FC,
5393,1.625257 s,8.7 ¦Ìs,RX data,9B,
5394,1.625268 s,8.7 ¦Ìs,RX data,38,
5395,1.625279 s,8.7 ¦Ìs,RX data,75,
5396,1.62529 s,8.7 ¦Ìs,RX data,00,
5397,1.6253 s,8.7 ¦Ìs,RX data,00,
5398,1.625311 s,8.7 ¦Ìs,RX data,40,
5399,1.625322 s,8.7 ¦Ìs,RX data,CB,
5400,1.625333 s,8.7 ¦Ìs,RX data,4F,
5401,1.625344 s,8.7 ¦Ìs,RX data,A3,
5402,1.625355 s,8.7 ¦Ìs,RX data,02,
5403,1.625365 s,8.7 ¦Ìs,RX data,1E,
5404,1.625376 s,8.7 ¦Ìs,RX data,D4,
5405,1.625387 s,8.7 ¦Ìs,RX data,FF,
5406,1.625398 s,8.7 ¦Ìs,RX data,F1,
5407,1.625409 s,8.7 ¦Ìs,RX data,FF,
5408,1.62542 s,8.7 ¦Ìs,RX data,FF,
5409,1.62543 s,8.7 ¦Ìs,RX data,00,
5410,1.625441 s,8.7 ¦Ìs,RX data,52,
5411,1.625452 s,8.7 ¦Ìs,RX data,5E,
5412,1.625463 s,8.7 ¦Ìs,RX data,B5,
5413,1.625474 s,8.7 ¦Ìs,RX data,62,
5414,1.625485 s,8.7 ¦Ìs,RX data,13,
5415,1.625495 s,8.7 ¦Ìs,RX data,80,
5416,1.625506 s,8.7 ¦Ìs,RX data,2C,
5417,1.625517 s,8.7 ¦Ìs,RX data,00,
5418,1.625528 s,8.7 ¦Ìs,RX data,02,
5419,1.625539 s,8.7 ¦Ìs,RX data,00,
5420,1.62555 s,8.7 ¦Ìs,RX data,02,
5421,1.62556 s,8.7 ¦Ìs,RX data,1E,
5422,1.625571 s,8.7 ¦Ìs,RX data,19,
5423,1.625582 s,8.7 ¦Ìs,RX data,05,
5424,1.625593 s,8.7 ¦Ìs,RX data,1A,
5425,1.625604 s,8.7 ¦Ìs,RX data,0A,
5426,1.625615 s,8.7 ¦Ìs,RX data,27,
5427,1.625625 s,8.7 ¦Ìs,RX data,1C,
5428,1.625636 s,8.7 ¦Ìs,RX data,00,
5429,1.625647 s,8.7 ¦Ìs,RX data,00,
5430,1.625658 s,8.7 ¦Ìs,RX data,5C,
5431,1.625669 s,8.7 ¦Ìs,RX data,40,
5432,1.62568 s,8.7 ¦Ìs,RX data,10,
5433,1.62569 s,8.7 ¦Ìs,RX data,05,
5434,1.625701 s,8.7 ¦Ìs,RX data,64,
5435,1.625712 s,8.7 ¦Ìs,RX data,00,
5436,1.625723 s,8.7 ¦Ìs,RX data,B0,
5437,1.625734 s,8.7 ¦Ìs,RX data,08,
5438,1.625745 s,8.7 ¦Ìs,RX data,C3,
5439,1.625755 s,8.7 ¦Ìs,RX data,09,
5440,1.625766 s,8.7 ¦Ìs,RX data,22,
5441,1.625777 s,8.7 ¦Ìs,RX data,19,
5442,1.625788 s,8.7 ¦Ìs,RX data,16,
5443,1.625799 s,8.7 ¦Ìs,RX data,78,
5444,1.62581 s,8.7 ¦Ìs,RX data,3D,
5445,1.62582 s,8.7 ¦Ìs,RX data,34,
5446,1.625831 s,8.7 ¦Ìs,RX data,3E,
5447,1.625842 s,8.7 ¦Ìs,RX data,55,
5448,1.625853 s,8.7 ¦Ìs,RX data,01,
5449,1.625864 s,8.7 ¦Ìs,RX data,00,
5450,1.625875 s,8.7 ¦Ìs,RX data,A1,
5451,1.625885 s,8.7 ¦Ìs,RX data,02,
5452,1.625896 s,8.7 ¦Ìs,RX data,A0,
5453,1.625907 s,8.7 ¦Ìs,RX data,2E,
5454,1.625918 s,8.7 ¦Ìs,RX data,75,
5455,1.625929 s,8.7 ¦Ìs,RX data,2D,
5456,1.62594 s,8.7 ¦Ìs,RX data,D5,
5457,1.62595 s,8.7 ¦Ìs,RX data,FC,
5458,1.625961 s,8.7 ¦Ìs,RX data,F2,
5459,1.625972 s,8.7 ¦Ìs,RX data,AF,
5460,1.625983 s,8.7 ¦Ìs,RX data,FF,
5461,1.625994 s,8.7 ¦Ìs,RX data,00,
5462,1.626005 s,8.7 ¦Ìs,RX data,51,
5463,1.626015 s,8.7 ¦Ìs,RX data,7B,
5464,1.626026 s,8.7 ¦Ìs,RX data,B5,
5465,1.626037 s,8.7 ¦Ìs,RX data,62,
5466,1.626048 s,8.7 ¦Ìs,RX data,13,
5467,1.626059 s,8.7 ¦Ìs,RX data,80,
5468,1.62607 s,8.7 ¦Ìs,RX data,2C,
5469,1.62608 s,8.7 ¦Ìs,RX data,00,
5470,1.626091 s,8.7 ¦Ìs,RX data,02,
5471,1.626102 s,8.7 ¦Ìs,RX data,00,
5472,1.626113 s,8.7 ¦Ìs,RX data,02,
5473,1.626124 s,8.7 ¦Ìs,RX data,1F,
5474,1.626135 s,8.7 ¦Ìs,RX data,19,
5475,1.626145 s,8.7 ¦Ìs,RX data,05,
5476,1.626156 s,8.7 ¦Ìs,RX data,1A,
5477,1.626167 s,8.7 ¦Ìs,RX data,0A,
5478,1.626178 s,8.7 ¦Ìs,RX data,09,
5479,1.626189 s,8.7 ¦Ìs,RX data,1C,
5480,1.6262 s,8.7 ¦Ìs,RX data,00,
5481,1.62621 s,8.7 ¦Ìs,RX data,00,
5482,1.626221 s,8.7 ¦Ìs,RX data,5C,
5483,1.626232 s,8.7 ¦Ìs,RX data,40,
5484,1.626243 s,8.7 ¦Ìs,RX data,10,
5485,1.626254 s,8.7 ¦Ìs,RX data,05,
5486,1.626265 s,8.7 ¦Ìs,RX data,65,
5487,1.626275 s,8.7 ¦Ìs,RX data,0D,
5488,1.626286 s,8.7 ¦Ìs,RX data,B0,
5489,1.626297 s,8.7 ¦Ìs,RX data,08,
5490,1.626308 s,8.7 ¦Ìs,RX data,1B,
5491,1.626319 s,8.7 ¦Ìs,RX data,18,
5492,1.62633 s,8.7 ¦Ìs,RX data,20,
5493,1.62634 s,8.7 ¦Ìs,RX data,C9,
5494,1.626351 s,8.7 ¦Ìs,RX data,09,
5495,1.626362 s,8.7 ¦Ìs,RX data,D8,
5496,1.626373 s,8.7 ¦Ìs,RX data,7D,
5497,1.626384 s,8.7 ¦Ìs,RX data,33,
5498,1.626395 s,8.7 ¦Ìs,RX data,3E,
5499,1.626405 s,8.7 ¦Ìs,RX data,15,
5500,1.626416 s,8.7 ¦Ìs,RX data,01,
5501,1.626427 s,8.7 ¦Ìs,RX data,00,
5502,1.626438 s,8.7 ¦Ìs,RX data,88,
5503,1.626449 s,8.7 ¦Ìs,RX data,02,
5504,1.628682 s,8.7 ¦Ìs,RX data,F6,
5505,1.628693 s,8.7 ¦Ìs,RX data,BD,
5506,1.628704 s,8.7 ¦Ìs,RX data,85,
5507,1.628715 s,8.7 ¦Ìs,RX data,15,
5508,1.628726 s,8.7 ¦Ìs,RX data,DD,
5509,1.628737 s,8.7 ¦Ìs,RX data,FF,
5510,1.628747 s,8.7 ¦Ìs,RX data,F2,
5511,1.628758 s,8.7 ¦Ìs,RX data,07,
5512,1.628769 s,8.7 ¦Ìs,RX data,00,
5513,1.62878 s,8.7 ¦Ìs,RX data,00,
5514,1.628791 s,8.7 ¦Ìs,RX data,D1,
5515,1.628802 s,8.7 ¦Ìs,RX data,E7,
5516,1.628812 s,8.7 ¦Ìs,RX data,B5,
5517,1.628823 s,8.7 ¦Ìs,RX data,62,
5518,1.628834 s,8.7 ¦Ìs,RX data,13,
5519,1.628845 s,8.7 ¦Ìs,RX data,80,
5520,1.628856 s,8.7 ¦Ìs,RX data,2C,
5521,1.628867 s,8.7 ¦Ìs,RX data,00,
5522,1.628877 s,8.7 ¦Ìs,RX data,02,
5523,1.628888 s,8.7 ¦Ìs,RX data,00,
5524,1.628899 s,8.7 ¦Ìs,RX data,02,
5525,1.62891 s,8.7 ¦Ìs,RX data,21,
5526,1.628921 s,8.7 ¦Ìs,RX data,19,
5527,1.628932 s,8.7 ¦Ìs,RX data,05,
5528,1.628942 s,8.7 ¦Ìs,RX data,1A,
5529,1.628953 s,8.7 ¦Ìs,RX data,0A,
5530,1.628964 s,8.7 ¦Ìs,RX data,3B,
5531,1.628975 s,8.7 ¦Ìs,RX data,1C,
5532,1.628986 s,8.7 ¦Ìs,RX data,00,
5533,1.628997 s,8.7 ¦Ìs,RX data,00,
5534,1.629007 s,8.7 ¦Ìs,RX data,5C,
5535,1.629018 s,8.7 ¦Ìs,RX data,40,
5536,1.629029 s,8.7 ¦Ìs,RX data,10,
5537,1.62904 s,8.7 ¦Ìs,RX data,05,
5538,1.629051 s,8.7 ¦Ìs,RX data,67,
5539,1.629062 s,8.7 ¦Ìs,RX data,02,
5540,1.629072 s,8.7 ¦Ìs,RX data,B0,
5541,1.629083 s,8.7 ¦Ìs,RX data,08,
5542,1.629094 s,8.7 ¦Ìs,RX data,B5,
5543,1.629105 s,8.7 ¦Ìs,RX data,63,
5544,1.629116 s,8.7 ¦Ìs,RX data,20,
5545,1.629127 s,8.7 ¦Ìs,RX data,5A,
5546,1.629137 s,8.7 ¦Ìs,RX data,03,
5547,1.629148 s,8.7 ¦Ìs,RX data,98,
5548,1.629159 s,8.7 ¦Ìs,RX data,83,
5549,1.62917 s,8.7 ¦Ìs,RX data,34,
5550,1.629181 s,8.7 ¦Ìs,RX data,3E,
5551,1.629192 s,8.7 ¦Ìs,RX data,D5,
5552,1.629202 s,8.7 ¦Ìs,RX data,00,
5553,1.629213 s,8.7 ¦Ìs,RX data,00,
5554,1.629224 s,8.7 ¦Ìs,RX data,F0,
5555,1.629235 s,8.7 ¦Ìs,RX data,57,
5556,1.629246 s,8.7 ¦Ìs,RX data,A0,
5557,1.629257 s,8.7 ¦Ìs,RX data,2B,
5558,1.629267 s,8.7 ¦Ìs,RX data,1B,
5559,1.629278 s,8.7 ¦Ìs,RX data,82,
5560,1.629289 s,8.7 ¦Ìs,RX data,08,
5561,1.6293 s,8.7 ¦Ìs,RX data,00,
5562,1.629311 s,8.7 ¦Ìs,RX data,F1,
5563,1.629322 s,8.7 ¦Ìs,RX data,07,
5564,1.629332 s,8.7 ¦Ìs,RX data,00,
5565,1.629343 s,8.7 ¦Ìs,RX data,00,
5566,1.629354 s,8.7 ¦Ìs,RX data,F5,
5567,1.629365 s,8.7 ¦Ìs,RX data,90,
5568,1.629376 s,8.7 ¦Ìs,RX data,B5,
5569,1.629387 s,8.7 ¦Ìs,RX data,62,
5570,1.629397 s,8.7 ¦Ìs,RX data,13,
5571,1.629408 s,8.7 ¦Ìs,RX data,80,
5572,1.629419 s,8.7 ¦Ìs,RX data,2C,
5573,1.62943 s,8.7 ¦Ìs,RX data,00,
5574,1.629441 s,8.7 ¦Ìs,RX data,02,
5575,1.629452 s,8.7 ¦Ìs,RX data,00,
5576,1.629462 s,8.7 ¦Ìs,RX data,02,
5577,1.629473 s,8.7 ¦Ìs,RX data,22,
5578,1.629484 s,8.7 ¦Ìs,RX data,19,
5579,1.629495 s,8.7 ¦Ìs,RX data,05,
5580,1.629506 s,8.7 ¦Ìs,RX data,10,
5581,1.629517 s,8.7 ¦Ìs,RX data,0A,
5582,1.629527 s,8.7 ¦Ìs,RX data,09,
5583,1.629538 s,8.7 ¦Ìs,RX data,1C,
5584,1.629549 s,8.7 ¦Ìs,RX data,00,
5585,1.62956 s,8.7 ¦Ìs,RX data,00,
5586,1.629571 s,8.7 ¦Ìs,RX data,5C,
5587,1.629582 s,8.7 ¦Ìs,RX data,40,
5588,1.629592 s,8.7 ¦Ìs,RX data,10,
5589,1.629603 s,8.7 ¦Ìs,RX data,05,
5590,1.629614 s,8.7 ¦Ìs,RX data,68,
5591,1.629625 s,8.7 ¦Ìs,RX data,0D,
5592,1.629636 s,8.7 ¦Ìs,RX data,B0,
5593,1.629647 s,8.7 ¦Ìs,RX data,08,
5594,1.629657 s,8.7 ¦Ìs,RX data,62,
5595,1.629668 s,8.7 ¦Ìs,RX data,02,
5596,1.629679 s,8.7 ¦Ìs,RX data,22,
5597,1.62969 s,8.7 ¦Ìs,RX data,CA,
5598,1.629701 s,8.7 ¦Ìs,RX data,0B,
5599,1.629712 s,8.7 ¦Ìs,RX data,98,
5600,1.629722 s,8.7 ¦Ìs,RX data,43,
5601,1.629733 s,8.7 ¦Ìs,RX data,C3,
5602,1.629744 s,8.7 ¦Ìs,RX data,3C,
5603,1.629755 s,8.7 ¦Ìs,RX data,C5,
5604,1.629766 s,8.7 ¦Ìs,RX data,00,
5605,1.629777 s,8.7 ¦Ìs,RX data,00,
5606,1.629787 s,8.7 ¦Ìs,RX data,DD,
5607,1.629798 s,8.7 ¦Ìs,RX data,61,
5608,1.629809 s,8.7 ¦Ìs,RX data,D1,
5609,1.62982 s,8.7 ¦Ìs,RX data,45,
5610,1.629831 s,8.7 ¦Ìs,RX data,F7,
5611,1.629842 s,8.7 ¦Ìs,RX data,CB,
5612,1.629852 s,8.7 ¦Ìs,RX data,A2,
5613,1.629863 s,8.7 ¦Ìs,RX data,FF,
5614,1.629874 s,8.7 ¦Ìs,RX data,F0,
5615,1.629885 s,8.7 ¦Ìs,RX data,FF,
5616,1.629896 s,8.7 ¦Ìs,RX data,FF,
5617,1.629907 s,8.7 ¦Ìs,RX data,00,
5618,1.629917 s,8.7 ¦Ìs,RX data,BF,
5619,1.629928 s,8.7 ¦Ìs,RX data,9C,
5620,1.629939 s,8.7 ¦Ìs,RX data,B5,
5621,1.62995 s,8.7 ¦Ìs,RX data,62,
5622,1.629961 s,8.7 ¦Ìs,RX data,13,
5623,1.629972 s,8.7 ¦Ìs,RX data,80,
5624,1.629982 s,8.7 ¦Ìs,RX data,2C,
5625,1.629993 s,8.7 ¦Ìs,RX data,00,
5626,1.630004 s,8.7 ¦Ìs,RX data,02,
5627,1.630015 s,8.7 ¦Ìs,RX data,00,
5628,1.630026 s,8.7 ¦Ìs,RX data,02,
5629,1.630037 s,8.7 ¦Ìs,RX data,24,
5630,1.630047 s,8.7 ¦Ìs,RX data,22,
5631,1.630058 s,8.7 ¦Ìs,RX data,09,
5632,1.630069 s,8.7 ¦Ìs,RX data,16,
5633,1.63008 s,8.7 ¦Ìs,RX data,0B,
5634,1.630091 s,8.7 ¦Ìs,RX data,13,
5635,1.630102 s,8.7 ¦Ìs,RX data,1C,
5636,1.630112 s,8.7 ¦Ìs,RX data,00,
5637,1.630123 s,8.7 ¦Ìs,RX data,00,
5638,1.630134 s,8.7 ¦Ìs,RX data,5C,
5639,1.630145 s,8.7 ¦Ìs,RX data,40,
5640,1.630156 s,8.7 ¦Ìs,RX data,10,
5641,1.630167 s,8.7 ¦Ìs,RX data,05,
5642,1.630177 s,8.7 ¦Ìs,RX data,6A,
5643,1.630188 s,8.7 ¦Ìs,RX data,00,
5644,1.630199 s,8.7 ¦Ìs,RX data,B0,
5645,1.63021 s,8.7 ¦Ìs,RX data,08,
5646,1.630221 s,8.7 ¦Ìs,RX data,54,
5647,1.630232 s,8.7 ¦Ìs,RX data,0A,
5648,1.630242 s,8.7 ¦Ìs,RX data,20,
5649,1.630253 s,8.7 ¦Ìs,RX data,B4,
5650,1.630264 s,8.7 ¦Ìs,RX data,8D,
5651,1.630275 s,8.7 ¦Ìs,RX data,C2,
5652,1.630286 s,8.7 ¦Ìs,RX data,20,
5653,1.630297 s,8.7 ¦Ìs,RX data,C5,
5654,1.630307 s,8.7 ¦Ìs,RX data,24,
5655,1.630318 s,8.7 ¦Ìs,RX data,47,
5656,1.630329 s,8.7 ¦Ìs,RX data,00,
5657,1.63034 s,8.7 ¦Ìs,RX data,00,
5658,1.630351 s,8.7 ¦Ìs,RX data,38,
5659,1.630362 s,8.7 ¦Ìs,RX data,4A,
5660,1.630372 s,8.7 ¦Ìs,RX data,02,
5661,1.630383 s,8.7 ¦Ìs,RX data,00,
5662,1.630394 s,8.7 ¦Ìs,RX data,F1,
5663,1.630405 s,8.7 ¦Ìs,RX data,8B,
5664,1.630416 s,8.7 ¦Ìs,RX data,28,
5665,1.630427 s,8.7 ¦Ìs,RX data,00,
5666,1.630437 s,8.7 ¦Ìs,RX data,E8,
5667,1.630448 s,8.7 ¦Ìs,RX data,04,
5668,1.630459 s,8.7 ¦Ìs,RX data,AA,
5669,1.63047 s,8.7 ¦Ìs,RX data,00,
5670,1.630481 s,8.7 ¦Ìs,RX data,C4,
5671,1.630492 s,8.7 ¦Ìs,RX data,FC,
5672,1.630502 s,8.7 ¦Ìs,RX data,B5,
5673,1.630513 s,8.7 ¦Ìs,RX data,62,
5674,1.630524 s,8.7 ¦Ìs,RX data,13,
5675,1.630535 s,8.7 ¦Ìs,RX data,80,
5676,1.630546 s,8.7 ¦Ìs,RX data,80,
5677,1.630557 s,8.7 ¦Ìs,RX data,00,
5678,1.630567 s,8.7 ¦Ìs,RX data,03,
5679,1.630578 s,8.7 ¦Ìs,RX data,00,
5680,1.630589 s,8.7 ¦Ìs,RX data,00,
5681,1.6306 s,8.7 ¦Ìs,RX data,FF,
5682,1.630611 s,8.7 ¦Ìs,RX data,00,
5683,1.630622 s,8.7 ¦Ìs,RX data,00,
5684,1.630632 s,8.7 ¦Ìs,RX data,00,
5685,1.630643 s,8.7 ¦Ìs,RX data,00,
5686,1.630654 s,8.7 ¦Ìs,RX data,00,
5687,1.630665 s,8.7 ¦Ìs,RX data,00,
5688,1.630676 s,8.7 ¦Ìs,RX data,00,
5689,1.630687 s,8.7 ¦Ìs,RX data,00,
5690,1.630697 s,8.7 ¦Ìs,RX data,5C,
5691,1.630708 s,8.7 ¦Ìs,RX data,40,
5692,1.630719 s,8.7 ¦Ìs,RX data,10,
5693,1.63073 s,8.7 ¦Ìs,RX data,05,
5694,1.630741 s,8.7 ¦Ìs,RX data,AD,
5695,1.630752 s,8.7 ¦Ìs,RX data,80,
5696,1.630762 s,8.7 ¦Ìs,RX data,09,
5697,1.630773 s,8.7 ¦Ìs,RX data,00,
5698,1.630784 s,8.7 ¦Ìs,RX data,FE,
5699,1.630795 s,8.7 ¦Ìs,RX data,FF,
5700,1.630806 s,8.7 ¦Ìs,RX data,FF,
5701,1.630817 s,8.7 ¦Ìs,RX data,FF,
5702,1.630827 s,8.7 ¦Ìs,RX data,FB,
5703,1.630838 s,8.7 ¦Ìs,RX data,FF,
5704,1.630849 s,8.7 ¦Ìs,RX data,FF,
5705,1.63086 s,8.7 ¦Ìs,RX data,FF,
5706,1.630871 s,8.7 ¦Ìs,RX data,00,
5707,1.630882 s,8.7 ¦Ìs,RX data,00,
5708,1.630892 s,8.7 ¦Ìs,RX data,00,
5709,1.630903 s,8.7 ¦Ìs,RX data,00,
5710,1.630914 s,8.7 ¦Ìs,RX data,00,
5711,1.630925 s,8.7 ¦Ìs,RX data,00,
5712,1.630936 s,8.7 ¦Ìs,RX data,00,
5713,1.630947 s,8.7 ¦Ìs,RX data,00,
5714,1.630957 s,8.7 ¦Ìs,RX data,00,
5715,1.630968 s,8.7 ¦Ìs,RX data,B0,
5716,1.630979 s,8.7 ¦Ìs,RX data,07,
5717,1.63099 s,8.7 ¦Ìs,RX data,00,
5718,1.631001 s,8.7 ¦Ìs,RX data,15,
5719,1.631012 s,8.7 ¦Ìs,RX data,09,
5720,1.631022 s,8.7 ¦Ìs,RX data,89,
5721,1.631033 s,8.7 ¦Ìs,RX data,09,
5722,1.631044 s,8.7 ¦Ìs,RX data,12,
5723,1.631055 s,8.7 ¦Ìs,RX data,07,
5724,1.631066 s,8.7 ¦Ìs,RX data,12,
5725,1.631077 s,8.7 ¦Ìs,RX data,00,
5726,1.631087 s,8.7 ¦Ìs,RX data,C1,
5727,1.631098 s,8.7 ¦Ìs,RX data,03,
5728,1.631109 s,8.7 ¦Ìs,RX data,05,
5729,1.63112 s,8.7 ¦Ìs,RX data,00,
5730,1.631131 s,8.7 ¦Ìs,RX data,21,
5731,1.631142 s,8.7 ¦Ìs,RX data,80,
5732,1.631152 s,8.7 ¦Ìs,RX data,09,
5733,1.631163 s,8.7 ¦Ìs,RX data,00,
5734,1.631174 s,8.7 ¦Ìs,RX data,00,
5735,1.631185 s,8.7 ¦Ìs,RX data,00,
5736,1.631196 s,8.7 ¦Ìs,RX data,A8,
5737,1.631207 s,8.7 ¦Ìs,RX data,32,
5738,1.631217 s,8.7 ¦Ìs,RX data,00,
5739,1.631228 s,8.7 ¦Ìs,RX data,00,
5740,1.631239 s,8.7 ¦Ìs,RX data,80,
5741,1.63125 s,8.7 ¦Ìs,RX data,32,
5742,1.631261 s,8.7 ¦Ìs,RX data,00,
5743,1.631272 s,8.7 ¦Ìs,RX data,00,
5744,1.631282 s,8.7 ¦Ìs,RX data,00,
5745,1.631293 s,8.7 ¦Ìs,RX data,B4,
5746,1.631304 s,8.7 ¦Ìs,RX data,00,
5747,1.631315 s,8.7 ¦Ìs,RX data,00,
5748,1.631326 s,8.7 ¦Ìs,RX data,80,
5749,1.631337 s,8.7 ¦Ìs,RX data,B3,
5750,1.631347 s,8.7 ¦Ìs,RX data,00,
5751,1.631358 s,8.7 ¦Ìs,RX data,00,
5752,1.631369 s,8.7 ¦Ìs,RX data,FC,
5753,1.63138 s,8.7 ¦Ìs,RX data,47,
5754,1.631391 s,8.7 ¦Ìs,RX data,00,
5755,1.631402 s,8.7 ¦Ìs,RX data,00,
5756,1.631412 s,8.7 ¦Ìs,RX data,00,
5757,1.631423 s,8.7 ¦Ìs,RX data,48,
5758,1.631434 s,8.7 ¦Ìs,RX data,00,
5759,1.631445 s,8.7 ¦Ìs,RX data,00,
5760,1.633682 s,8.7 ¦Ìs,RX data,40,
5761,1.633693 s,8.7 ¦Ìs,RX data,C8,
5762,1.633704 s,8.7 ¦Ìs,RX data,00,
5763,1.633715 s,8.7 ¦Ìs,RX data,00,
5764,1.633726 s,8.7 ¦Ìs,RX data,80,
5765,1.633737 s,8.7 ¦Ìs,RX data,C7,
5766,1.633747 s,8.7 ¦Ìs,RX data,21,
5767,1.633758 s,8.7 ¦Ìs,RX data,80,
5768,1.633769 s,8.7 ¦Ìs,RX data,09,
5769,1.63378 s,8.7 ¦Ìs,RX data,00,
5770,1.633791 s,8.7 ¦Ìs,RX data,21,
5771,1.633802 s,8.7 ¦Ìs,RX data,80,
5772,1.633812 s,8.7 ¦Ìs,RX data,0C,
5773,1.633823 s,8.7 ¦Ìs,RX data,00,
5774,1.633834 s,8.7 ¦Ìs,RX data,00,
5775,1.633845 s,8.7 ¦Ìs,RX data,00,
5776,1.633856 s,8.7 ¦Ìs,RX data,00,
5777,1.633867 s,8.7 ¦Ìs,RX data,00,
5778,1.633877 s,8.7 ¦Ìs,RX data,00,
5779,1.633888 s,8.7 ¦Ìs,RX data,00,
5780,1.633899 s,8.7 ¦Ìs,RX data,00,
5781,1.63391 s,8.7 ¦Ìs,RX data,00,
5782,1.633921 s,8.7 ¦Ìs,RX data,00,
5783,1.633932 s,8.7 ¦Ìs,RX data,00,
5784,1.633942 s,8.7 ¦Ìs,RX data,00,
5785,1.633953 s,8.7 ¦Ìs,RX data,00,
5786,1.633964 s,8.7 ¦Ìs,RX data,00,
5787,1.633975 s,8.7 ¦Ìs,RX data,00,
5788,1.633986 s,8.7 ¦Ìs,RX data,00,
5789,1.633997 s,8.7 ¦Ìs,RX data,00,
5790,1.634007 s,8.7 ¦Ìs,RX data,00,
5791,1.634018 s,8.7 ¦Ìs,RX data,00,
5792,1.634029 s,8.7 ¦Ìs,RX data,00,
5793,1.63404 s,8.7 ¦Ìs,RX data,00,
5794,1.634051 s,8.7 ¦Ìs,RX data,00,
5795,1.634062 s,8.7 ¦Ìs,RX data,00,
5796,1.634072 s,8.7 ¦Ìs,RX data,00,
5797,1.634083 s,8.7 ¦Ìs,RX data,00,
5798,1.634094 s,8.7 ¦Ìs,RX data,00,
5799,1.634105 s,8.7 ¦Ìs,RX data,00,
5800,1.634116 s,8.7 ¦Ìs,RX data,00,
5801,1.634127 s,8.7 ¦Ìs,RX data,00,
5802,1.634137 s,8.7 ¦Ìs,RX data,00,
5803,1.634148 s,8.7 ¦Ìs,RX data,00,
5804,1.634159 s,8.7 ¦Ìs,RX data,00,
5805,1.63417 s,8.7 ¦Ìs,RX data,00,
5806,1.634181 s,8.7 ¦Ìs,RX data,98,
5807,1.634192 s,8.7 ¦Ìs,RX data,7B,
5808,1.634202 s,8.7 ¦Ìs,RX data,B5,
5809,1.634213 s,8.7 ¦Ìs,RX data,62,
5810,1.634224 s,8.7 ¦Ìs,RX data,13,
5811,1.634235 s,8.7 ¦Ìs,RX data,80,
5812,1.634246 s,8.7 ¦Ìs,RX data,40,
5813,1.634257 s,8.7 ¦Ìs,RX data,00,
5814,1.634267 s,8.7 ¦Ìs,RX data,03,
5815,1.634278 s,8.7 ¦Ìs,RX data,00,
5816,1.634289 s,8.7 ¦Ìs,RX data,02,
5817,1.6343 s,8.7 ¦Ìs,RX data,FF,
5818,1.634311 s,8.7 ¦Ìs,RX data,00,
5819,1.634322 s,8.7 ¦Ìs,RX data,00,
5820,1.634332 s,8.7 ¦Ìs,RX data,00,
5821,1.634343 s,8.7 ¦Ìs,RX data,00,
5822,1.634354 s,8.7 ¦Ìs,RX data,00,
5823,1.634365 s,8.7 ¦Ìs,RX data,00,
5824,1.634376 s,8.7 ¦Ìs,RX data,00,
5825,1.634387 s,8.7 ¦Ìs,RX data,00,
5826,1.634397 s,8.7 ¦Ìs,RX data,5C,
5827,1.634408 s,8.7 ¦Ìs,RX data,40,
5828,1.634419 s,8.7 ¦Ìs,RX data,10,
5829,1.63443 s,8.7 ¦Ìs,RX data,05,
5830,1.634441 s,8.7 ¦Ìs,RX data,21,
5831,1.634452 s,8.7 ¦Ìs,RX data,01,
5832,1.634462 s,8.7 ¦Ìs,RX data,02,
5833,1.634473 s,8.7 ¦Ìs,RX data,00,
5834,1.634484 s,8.7 ¦Ìs,RX data,00,
5835,1.634495 s,8.7 ¦Ìs,RX data,00,
5836,1.634506 s,8.7 ¦Ìs,RX data,00,
5837,1.634517 s,8.7 ¦Ìs,RX data,00,
5838,1.634527 s,8.7 ¦Ìs,RX data,00,
5839,1.634538 s,8.7 ¦Ìs,RX data,00,
5840,1.634549 s,8.7 ¦Ìs,RX data,00,
5841,1.63456 s,8.7 ¦Ìs,RX data,00,
5842,1.634571 s,8.7 ¦Ìs,RX data,00,
5843,1.634582 s,8.7 ¦Ìs,RX data,00,
5844,1.634592 s,8.7 ¦Ìs,RX data,00,
5845,1.634603 s,8.7 ¦Ìs,RX data,00,
5846,1.634614 s,8.7 ¦Ìs,RX data,00,
5847,1.634625 s,8.7 ¦Ìs,RX data,00,
5848,1.634636 s,8.7 ¦Ìs,RX data,00,
5849,1.634647 s,8.7 ¦Ìs,RX data,00,
5850,1.634657 s,8.7 ¦Ìs,RX data,80,
5851,1.634668 s,8.7 ¦Ìs,RX data,51,
5852,1.634679 s,8.7 ¦Ìs,RX data,01,
5853,1.63469 s,8.7 ¦Ìs,RX data,00,
5854,1.634701 s,8.7 ¦Ìs,RX data,3E,
5855,1.634712 s,8.7 ¦Ìs,RX data,09,
5856,1.634722 s,8.7 ¦Ìs,RX data,89,
5857,1.634733 s,8.7 ¦Ìs,RX data,09,
5858,1.634744 s,8.7 ¦Ìs,RX data,12,
5859,1.634755 s,8.7 ¦Ìs,RX data,07,
5860,1.634766 s,8.7 ¦Ìs,RX data,12,
5861,1.634777 s,8.7 ¦Ìs,RX data,00,
5862,1.634787 s,8.7 ¦Ìs,RX data,C2,
5863,1.634798 s,8.7 ¦Ìs,RX data,C5,
5864,1.634809 s,8.7 ¦Ìs,RX data,03,
5865,1.63482 s,8.7 ¦Ìs,RX data,00,
5866,1.634831 s,8.7 ¦Ìs,RX data,12,
5867,1.634842 s,8.7 ¦Ìs,RX data,81,
5868,1.634852 s,8.7 ¦Ìs,RX data,0C,
5869,1.634863 s,8.7 ¦Ìs,RX data,00,
5870,1.634874 s,8.7 ¦Ìs,RX data,00,
5871,1.634885 s,8.7 ¦Ìs,RX data,00,
5872,1.634896 s,8.7 ¦Ìs,RX data,00,
5873,1.634907 s,8.7 ¦Ìs,RX data,00,
5874,1.634917 s,8.7 ¦Ìs,RX data,00,
5875,1.634928 s,8.7 ¦Ìs,RX data,00,
5876,1.634939 s,8.7 ¦Ìs,RX data,00,
5877,1.63495 s,8.7 ¦Ìs,RX data,00,
5878,1.634961 s,8.7 ¦Ìs,RX data,AB,
5879,1.634972 s,8.7 ¦Ìs,RX data,F3,
5880,1.634982 s,8.7 ¦Ìs,RX data,B5,
5881,1.634993 s,8.7 ¦Ìs,RX data,62,
5882,1.635004 s,8.7 ¦Ìs,RX data,13,
5883,1.635015 s,8.7 ¦Ìs,RX data,80,
5884,1.635026 s,8.7 ¦Ìs,RX data,B8,
5885,1.635037 s,8.7 ¦Ìs,RX data,00,
5886,1.635047 s,8.7 ¦Ìs,RX data,03,
5887,1.635058 s,8.7 ¦Ìs,RX data,00,
5888,1.635069 s,8.7 ¦Ìs,RX data,03,
5889,1.63508 s,8.7 ¦Ìs,RX data,FF,
5890,1.635091 s,8.7 ¦Ìs,RX data,00,
5891,1.635102 s,8.7 ¦Ìs,RX data,00,
5892,1.635112 s,8.7 ¦Ìs,RX data,00,
5893,1.635123 s,8.7 ¦Ìs,RX data,00,
5894,1.635134 s,8.7 ¦Ìs,RX data,00,
5895,1.635145 s,8.7 ¦Ìs,RX data,00,
5896,1.635156 s,8.7 ¦Ìs,RX data,00,
5897,1.635167 s,8.7 ¦Ìs,RX data,00,
5898,1.635177 s,8.7 ¦Ìs,RX data,5C,
5899,1.635188 s,8.7 ¦Ìs,RX data,40,
5900,1.635199 s,8.7 ¦Ìs,RX data,10,
5901,1.63521 s,8.7 ¦Ìs,RX data,05,
5902,1.635221 s,8.7 ¦Ìs,RX data,29,
5903,1.635232 s,8.7 ¦Ìs,RX data,01,
5904,1.635242 s,8.7 ¦Ìs,RX data,12,
5905,1.635253 s,8.7 ¦Ìs,RX data,00,
5906,1.635264 s,8.7 ¦Ìs,RX data,00,
5907,1.635275 s,8.7 ¦Ìs,RX data,00,
5908,1.635286 s,8.7 ¦Ìs,RX data,00,
5909,1.635297 s,8.7 ¦Ìs,RX data,00,
5910,1.635307 s,8.7 ¦Ìs,RX data,F5,
5911,1.635318 s,8.7 ¦Ìs,RX data,FF,
5912,1.635329 s,8.7 ¦Ìs,RX data,FF,
5913,1.63534 s,8.7 ¦Ìs,RX data,FF,
5914,1.635351 s,8.7 ¦Ìs,RX data,00,
5915,1.635362 s,8.7 ¦Ìs,RX data,00,
5916,1.635372 s,8.7 ¦Ìs,RX data,00,
5917,1.635383 s,8.7 ¦Ìs,RX data,00,
5918,1.635394 s,8.7 ¦Ìs,RX data,00,
5919,1.635405 s,8.7 ¦Ìs,RX data,00,
5920,1.635416 s,8.7 ¦Ìs,RX data,00,
5921,1.635427 s,8.7 ¦Ìs,RX data,00,
5922,1.635437 s,8.7 ¦Ìs,RX data,0E,
5923,1.635448 s,8.7 ¦Ìs,RX data,00,
5924,1.635459 s,8.7 ¦Ìs,RX data,00,
5925,1.63547 s,8.7 ¦Ìs,RX data,00,
5926,1.635481 s,8.7 ¦Ìs,RX data,15,
5927,1.635492 s,8.7 ¦Ìs,RX data,09,
5928,1.635502 s,8.7 ¦Ìs,RX data,89,
5929,1.635513 s,8.7 ¦Ìs,RX data,08,
5930,1.635524 s,8.7 ¦Ìs,RX data,12,
5931,1.635535 s,8.7 ¦Ìs,RX data,07,
5932,1.635546 s,8.7 ¦Ìs,RX data,12,
5933,1.635557 s,8.7 ¦Ìs,RX data,00,
5934,1.635567 s,8.7 ¦Ìs,RX data,D5,
5935,1.635578 s,8.7 ¦Ìs,RX data,47,
5936,1.635589 s,8.7 ¦Ìs,RX data,00,
5937,1.6356 s,8.7 ¦Ìs,RX data,00,
5938,1.635611 s,8.7 ¦Ìs,RX data,00,
5939,1.635622 s,8.7 ¦Ìs,RX data,00,
5940,1.635632 s,8.7 ¦Ìs,RX data,00,
5941,1.635643 s,8.7 ¦Ìs,RX data,00,
5942,1.635654 s,8.7 ¦Ìs,RX data,A1,
5943,1.635665 s,8.7 ¦Ìs,RX data,01,
5944,1.635676 s,8.7 ¦Ìs,RX data,0D,
5945,1.635687 s,8.7 ¦Ìs,RX data,20,
5946,1.635697 s,8.7 ¦Ìs,RX data,00,
5947,1.635708 s,8.7 ¦Ìs,RX data,00,
5948,1.635719 s,8.7 ¦Ìs,RX data,00,
5949,1.63573 s,8.7 ¦Ìs,RX data,00,
5950,1.635741 s,8.7 ¦Ìs,RX data,00,
5951,1.635752 s,8.7 ¦Ìs,RX data,00,
5952,1.635762 s,8.7 ¦Ìs,RX data,00,
5953,1.635773 s,8.7 ¦Ìs,RX data,00,
5954,1.635784 s,8.7 ¦Ìs,RX data,00,
5955,1.635795 s,8.7 ¦Ìs,RX data,00,
5956,1.635806 s,8.7 ¦Ìs,RX data,00,
5957,1.635817 s,8.7 ¦Ìs,RX data,00,
5958,1.635827 s,8.7 ¦Ìs,RX data,A1,
5959,1.635838 s,8.7 ¦Ìs,RX data,01,
5960,1.635849 s,8.7 ¦Ìs,RX data,16,
5961,1.63586 s,8.7 ¦Ìs,RX data,00,
5962,1.635871 s,8.7 ¦Ìs,RX data,A1,
5963,1.635882 s,8.7 ¦Ìs,RX data,01,
5964,1.635892 s,8.7 ¦Ìs,RX data,16,
5965,1.635903 s,8.7 ¦Ìs,RX data,00,
5966,1.635914 s,8.7 ¦Ìs,RX data,00,
5967,1.635925 s,8.7 ¦Ìs,RX data,00,
5968,1.635936 s,8.7 ¦Ìs,RX data,00,
5969,1.635947 s,8.7 ¦Ìs,RX data,00,
5970,1.635957 s,8.7 ¦Ìs,RX data,00,
5971,1.635968 s,8.7 ¦Ìs,RX data,00,
5972,1.635979 s,8.7 ¦Ìs,RX data,00,
5973,1.63599 s,8.7 ¦Ìs,RX data,00,
5974,1.636001 s,8.7 ¦Ìs,RX data,00,
5975,1.636012 s,8.7 ¦Ìs,RX data,00,
5976,1.636022 s,8.7 ¦Ìs,RX data,00,
5977,1.636033 s,8.7 ¦Ìs,RX data,00,
5978,1.636044 s,8.7 ¦Ìs,RX data,00,
5979,1.636055 s,8.7 ¦Ìs,RX data,00,
5980,1.636066 s,8.7 ¦Ìs,RX data,00,
5981,1.636077 s,8.7 ¦Ìs,RX data,00,
5982,1.636087 s,8.7 ¦Ìs,RX data,00,
5983,1.636098 s,8.7 ¦Ìs,RX data,00,
5984,1.636109 s,8.7 ¦Ìs,RX data,00,
5985,1.63612 s,8.7 ¦Ìs,RX data,00,
5986,1.636131 s,8.7 ¦Ìs,RX data,00,
5987,1.636142 s,8.7 ¦Ìs,RX data,00,
5988,1.636152 s,8.7 ¦Ìs,RX data,00,
5989,1.636163 s,8.7 ¦Ìs,RX data,00,
5990,1.636174 s,8.7 ¦Ìs,RX data,00,
5991,1.636185 s,8.7 ¦Ìs,RX data,00,
5992,1.636196 s,8.7 ¦Ìs,RX data,00,
5993,1.636207 s,8.7 ¦Ìs,RX data,00,
5994,1.636217 s,8.7 ¦Ìs,RX data,00,
5995,1.636228 s,8.7 ¦Ìs,RX data,01,
5996,1.636239 s,8.7 ¦Ìs,RX data,00,
5997,1.63625 s,8.7 ¦Ìs,RX data,00,
5998,1.636261 s,8.7 ¦Ìs,RX data,00,
5999,1.636272 s,8.7 ¦Ìs,RX data,01,
6000,1.636282 s,8.7 ¦Ìs,RX data,FE,
6001,1.636293 s,8.7 ¦Ìs,RX data,01,
6002,1.636304 s,8.7 ¦Ìs,RX data,58,
6003,1.636315 s,8.7 ¦Ìs,RX data,00,
6004,1.636326 s,8.7 ¦Ìs,RX data,58,
6005,1.636337 s,8.7 ¦Ìs,RX data,00,
6006,1.636347 s,8.7 ¦Ìs,RX data,58,
6007,1.636358 s,8.7 ¦Ìs,RX data,00,
6008,1.636369 s,8.7 ¦Ìs,RX data,58,
6009,1.63638 s,8.7 ¦Ìs,RX data,00,
6010,1.636391 s,8.7 ¦Ìs,RX data,58,
6011,1.636402 s,8.7 ¦Ìs,RX data,00,
6012,1.636412 s,8.7 ¦Ìs,RX data,58,
6013,1.636423 s,8.7 ¦Ìs,RX data,00,
6014,1.636434 s,8.7 ¦Ìs,RX data,58,
6015,1.636445 s,8.7 ¦Ìs,RX data,00,
6016,1.638611 s,8.7 ¦Ìs,RX data,58,
6017,1.638622 s,8.7 ¦Ìs,RX data,00,
6018,1.638633 s,8.7 ¦Ìs,RX data,58,
6019,1.638644 s,8.7 ¦Ìs,RX data,00,
6020,1.638655 s,8.7 ¦Ìs,RX data,58,
6021,1.638665 s,8.7 ¦Ìs,RX data,00,
6022,1.638676 s,8.7 ¦Ìs,RX data,58,
6023,1.638687 s,8.7 ¦Ìs,RX data,00,
6024,1.638698 s,8.7 ¦Ìs,RX data,58,
6025,1.638709 s,8.7 ¦Ìs,RX data,00,
6026,1.63872 s,8.7 ¦Ìs,RX data,00,
6027,1.63873 s,8.7 ¦Ìs,RX data,00,
6028,1.638741 s,8.7 ¦Ìs,RX data,00,
6029,1.638752 s,8.7 ¦Ìs,RX data,00,
6030,1.638763 s,8.7 ¦Ìs,RX data,00,
6031,1.638774 s,8.7 ¦Ìs,RX data,00,
6032,1.638785 s,8.7 ¦Ìs,RX data,00,
6033,1.638795 s,8.7 ¦Ìs,RX data,00,
6034,1.638806 s,8.7 ¦Ìs,RX data,00,
6035,1.638817 s,8.7 ¦Ìs,RX data,00,
6036,1.638828 s,8.7 ¦Ìs,RX data,00,
6037,1.638839 s,8.7 ¦Ìs,RX data,00,
6038,1.63885 s,8.7 ¦Ìs,RX data,00,
6039,1.63886 s,8.7 ¦Ìs,RX data,00,
6040,1.638871 s,8.7 ¦Ìs,RX data,00,
6041,1.638882 s,8.7 ¦Ìs,RX data,00,
6042,1.638893 s,8.7 ¦Ìs,RX data,00,
6043,1.638904 s,8.7 ¦Ìs,RX data,00,
6044,1.638915 s,8.7 ¦Ìs,RX data,00,
6045,1.638925 s,8.7 ¦Ìs,RX data,00,
6046,1.638936 s,8.7 ¦Ìs,RX data,00,
6047,1.638947 s,8.7 ¦Ìs,RX data,00,
6048,1.638958 s,8.7 ¦Ìs,RX data,00,
6049,1.638969 s,8.7 ¦Ìs,RX data,00,
6050,1.63898 s,8.7 ¦Ìs,RX data,00,
6051,1.63899 s,8.7 ¦Ìs,RX data,00,
6052,1.639001 s,8.7 ¦Ìs,RX data,00,
6053,1.639012 s,8.7 ¦Ìs,RX data,00,
6054,1.639023 s,8.7 ¦Ìs,RX data,00,
6055,1.639034 s,8.7 ¦Ìs,RX data,00,
6056,1.639045 s,8.7 ¦Ìs,RX data,00,
6057,1.639055 s,8.7 ¦Ìs,RX data,00,
6058,1.639066 s,8.7 ¦Ìs,RX data,00,
6059,1.639077 s,8.7 ¦Ìs,RX data,00,
6060,1.639088 s,8.7 ¦Ìs,RX data,00,
6061,1.639099 s,8.7 ¦Ìs,RX data,00,
6062,1.63911 s,8.7 ¦Ìs,RX data,00,
6063,1.63912 s,8.7 ¦Ìs,RX data,00,
6064,1.639131 s,8.7 ¦Ìs,RX data,00,
6065,1.639142 s,8.7 ¦Ìs,RX data,00,
6066,1.639153 s,8.7 ¦Ìs,RX data,00,
6067,1.639164 s,8.7 ¦Ìs,RX data,00,
6068,1.639175 s,8.7 ¦Ìs,RX data,00,
6069,1.639185 s,8.7 ¦Ìs,RX data,00,
6070,1.639196 s,8.7 ¦Ìs,RX data,93,
6071,1.639207 s,8.7 ¦Ìs,RX data,34,
6072,1.639218 s,8.7 ¦Ìs,RX data,B5,
6073,1.639229 s,8.7 ¦Ìs,RX data,62,
6074,1.63924 s,8.7 ¦Ìs,RX data,13,
6075,1.639251 s,8.7 ¦Ìs,RX data,80,
6076,1.639261 s,8.7 ¦Ìs,RX data,58,
6077,1.639272 s,8.7 ¦Ìs,RX data,00,
6078,1.639283 s,8.7 ¦Ìs,RX data,05,
6079,1.639294 s,8.7 ¦Ìs,RX data,00,
6080,1.639305 s,8.7 ¦Ìs,RX data,00,
6081,1.639315 s,8.7 ¦Ìs,RX data,02,
6082,1.639326 s,8.7 ¦Ìs,RX data,19,
6083,1.639337 s,8.7 ¦Ìs,RX data,06,
6084,1.639348 s,8.7 ¦Ìs,RX data,08,
6085,1.639359 s,8.7 ¦Ìs,RX data,0C,
6086,1.63937 s,8.7 ¦Ìs,RX data,1E,
6087,1.63938 s,8.7 ¦Ìs,RX data,03,
6088,1.639391 s,8.7 ¦Ìs,RX data,06,
6089,1.639402 s,8.7 ¦Ìs,RX data,1E,
6090,1.639413 s,8.7 ¦Ìs,RX data,5C,
6091,1.639424 s,8.7 ¦Ìs,RX data,40,
6092,1.639435 s,8.7 ¦Ìs,RX data,10,
6093,1.639446 s,8.7 ¦Ìs,RX data,05,
6094,1.639456 s,8.7 ¦Ìs,RX data,01,
6095,1.639467 s,8.7 ¦Ìs,RX data,5E,
6096,1.639478 s,8.7 ¦Ìs,RX data,AD,
6097,1.639489 s,8.7 ¦Ìs,RX data,14,
6098,1.6395 s,8.7 ¦Ìs,RX data,04,
6099,1.639511 s,8.7 ¦Ìs,RX data,52,
6100,1.639521 s,8.7 ¦Ìs,RX data,00,
6101,1.639532 s,8.7 ¦Ìs,RX data,8F,
6102,1.639543 s,8.7 ¦Ìs,RX data,41,
6103,1.639554 s,8.7 ¦Ìs,RX data,09,
6104,1.639565 s,8.7 ¦Ìs,RX data,98,
6105,1.639575 s,8.7 ¦Ìs,RX data,7D,
6106,1.639586 s,8.7 ¦Ìs,RX data,00,
6107,1.639597 s,8.7 ¦Ìs,RX data,00,
6108,1.639608 s,8.7 ¦Ìs,RX data,40,
6109,1.639619 s,8.7 ¦Ìs,RX data,C4,
6110,1.63963 s,8.7 ¦Ìs,RX data,88,
6111,1.639641 s,8.7 ¦Ìs,RX data,02,
6112,1.639651 s,8.7 ¦Ìs,RX data,A0,
6113,1.639662 s,8.7 ¦Ìs,RX data,13,
6114,1.639673 s,8.7 ¦Ìs,RX data,5B,
6115,1.639684 s,8.7 ¦Ìs,RX data,C9,
6116,1.639695 s,8.7 ¦Ìs,RX data,3F,
6117,1.639706 s,8.7 ¦Ìs,RX data,ED,
6118,1.639716 s,8.7 ¦Ìs,RX data,F8,
6119,1.639727 s,8.7 ¦Ìs,RX data,64,
6120,1.639738 s,8.7 ¦Ìs,RX data,02,
6121,1.639749 s,8.7 ¦Ìs,RX data,C2,
6122,1.63976 s,8.7 ¦Ìs,RX data,57,
6123,1.639771 s,8.7 ¦Ìs,RX data,F1,
6124,1.639781 s,8.7 ¦Ìs,RX data,86,
6125,1.639792 s,8.7 ¦Ìs,RX data,67,
6126,1.639803 s,8.7 ¦Ìs,RX data,86,
6127,1.639814 s,8.7 ¦Ìs,RX data,10,
6128,1.639825 s,8.7 ¦Ìs,RX data,06,
6129,1.639836 s,8.7 ¦Ìs,RX data,09,
6130,1.639846 s,8.7 ¦Ìs,RX data,46,
6131,1.639857 s,8.7 ¦Ìs,RX data,F7,
6132,1.639868 s,8.7 ¦Ìs,RX data,F5,
6133,1.639879 s,8.7 ¦Ìs,RX data,15,
6134,1.63989 s,8.7 ¦Ìs,RX data,7A,
6135,1.6399 s,8.7 ¦Ìs,RX data,3A,
6136,1.639911 s,8.7 ¦Ìs,RX data,00,
6137,1.639922 s,8.7 ¦Ìs,RX data,00,
6138,1.639933 s,8.7 ¦Ìs,RX data,AA,
6139,1.639944 s,8.7 ¦Ìs,RX data,6C,
6140,1.639955 s,8.7 ¦Ìs,RX data,08,
6141,1.639965 s,8.7 ¦Ìs,RX data,20,
6142,1.639976 s,8.7 ¦Ìs,RX data,00,
6143,1.639987 s,8.7 ¦Ìs,RX data,A0,
6144,1.639998 s,8.7 ¦Ìs,RX data,A8,
6145,1.640009 s,8.7 ¦Ìs,RX data,EC,
6146,1.64002 s,8.7 ¦Ìs,RX data,5D,
6147,1.640031 s,8.7 ¦Ìs,RX data,C1,
6148,1.640041 s,8.7 ¦Ìs,RX data,B0,
6149,1.640052 s,8.7 ¦Ìs,RX data,8D,
6150,1.640063 s,8.7 ¦Ìs,RX data,16,
6151,1.640074 s,8.7 ¦Ìs,RX data,0E,
6152,1.640085 s,8.7 ¦Ìs,RX data,9F,
6153,1.640095 s,8.7 ¦Ìs,RX data,BE,
6154,1.640106 s,8.7 ¦Ìs,RX data,24,
6155,1.640117 s,8.7 ¦Ìs,RX data,0A,
6156,1.640128 s,8.7 ¦Ìs,RX data,FE,
6157,1.640139 s,8.7 ¦Ìs,RX data,38,
6158,1.64015 s,8.7 ¦Ìs,RX data,B8,
6159,1.64016 s,8.7 ¦Ìs,RX data,DA,
6160,1.640171 s,8.7 ¦Ìs,RX data,70,
6161,1.640182 s,8.7 ¦Ìs,RX data,E9,
6162,1.640193 s,8.7 ¦Ìs,RX data,2D,
6163,1.640204 s,8.7 ¦Ìs,RX data,28,
6164,1.640215 s,8.7 ¦Ìs,RX data,D0,
6165,1.640226 s,8.7 ¦Ìs,RX data,FD,
6166,1.640236 s,8.7 ¦Ìs,RX data,C4,
6167,1.640247 s,8.7 ¦Ìs,RX data,23,
6168,1.640258 s,8.7 ¦Ìs,RX data,B5,
6169,1.640269 s,8.7 ¦Ìs,RX data,62,
6170,1.64028 s,8.7 ¦Ìs,RX data,13,
6171,1.640291 s,8.7 ¦Ìs,RX data,80,
6172,1.640301 s,8.7 ¦Ìs,RX data,58,
6173,1.640312 s,8.7 ¦Ìs,RX data,00,
6174,1.640323 s,8.7 ¦Ìs,RX data,05,
6175,1.640334 s,8.7 ¦Ìs,RX data,00,
6176,1.640345 s,8.7 ¦Ìs,RX data,00,
6177,1.640355 s,8.7 ¦Ìs,RX data,03,
6178,1.640366 s,8.7 ¦Ìs,RX data,19,
6179,1.640377 s,8.7 ¦Ìs,RX data,06,
6180,1.640388 s,8.7 ¦Ìs,RX data,08,
6181,1.640399 s,8.7 ¦Ìs,RX data,0C,
6182,1.64041 s,8.7 ¦Ìs,RX data,1E,
6183,1.64042 s,8.7 ¦Ìs,RX data,03,
6184,1.640431 s,8.7 ¦Ìs,RX data,06,
6185,1.640442 s,8.7 ¦Ìs,RX data,1E,
6186,1.640453 s,8.7 ¦Ìs,RX data,5C,
6187,1.640464 s,8.7 ¦Ìs,RX data,40,
6188,1.640475 s,8.7 ¦Ìs,RX data,10,
6189,1.640486 s,8.7 ¦Ìs,RX data,05,
6190,1.640496 s,8.7 ¦Ìs,RX data,02,
6191,1.640507 s,8.7 ¦Ìs,RX data,5E,
6192,1.640518 s,8.7 ¦Ìs,RX data,AD,
6193,1.640529 s,8.7 ¦Ìs,RX data,14,
6194,1.64054 s,8.7 ¦Ìs,RX data,C2,
6195,1.640551 s,8.7 ¦Ìs,RX data,A6,
6196,1.640561 s,8.7 ¦Ìs,RX data,00,
6197,1.640572 s,8.7 ¦Ìs,RX data,A5,
6198,1.640583 s,8.7 ¦Ìs,RX data,41,
6199,1.640594 s,8.7 ¦Ìs,RX data,09,
6200,1.640605 s,8.7 ¦Ìs,RX data,98,
6201,1.640616 s,8.7 ¦Ìs,RX data,01,
6202,1.640626 s,8.7 ¦Ìs,RX data,00,
6203,1.640637 s,8.7 ¦Ìs,RX data,00,
6204,1.640648 s,8.7 ¦Ìs,RX data,40,
6205,1.640659 s,8.7 ¦Ìs,RX data,C4,
6206,1.64067 s,8.7 ¦Ìs,RX data,21,
6207,1.64068 s,8.7 ¦Ìs,RX data,00,
6208,1.640691 s,8.7 ¦Ìs,RX data,A0,
6209,1.640702 s,8.7 ¦Ìs,RX data,13,
6210,1.640713 s,8.7 ¦Ìs,RX data,71,
6211,1.640724 s,8.7 ¦Ìs,RX data,C3,
6212,1.640735 s,8.7 ¦Ìs,RX data,BF,
6213,1.640745 s,8.7 ¦Ìs,RX data,01,
6214,1.640756 s,8.7 ¦Ìs,RX data,F8,
6215,1.640767 s,8.7 ¦Ìs,RX data,64,
6216,1.640778 s,8.7 ¦Ìs,RX data,02,
6217,1.640789 s,8.7 ¦Ìs,RX data,C2,
6218,1.6408 s,8.7 ¦Ìs,RX data,57,
6219,1.64081 s,8.7 ¦Ìs,RX data,F1,
6220,1.640821 s,8.7 ¦Ìs,RX data,E6,
6221,1.640832 s,8.7 ¦Ìs,RX data,5A,
6222,1.640843 s,8.7 ¦Ìs,RX data,0D,
6223,1.640854 s,8.7 ¦Ìs,RX data,AF,
6224,1.640865 s,8.7 ¦Ìs,RX data,08,
6225,1.640876 s,8.7 ¦Ìs,RX data,09,
6226,1.640886 s,8.7 ¦Ìs,RX data,E6,
6227,1.640897 s,8.7 ¦Ìs,RX data,67,
6228,1.640908 s,8.7 ¦Ìs,RX data,2D,
6229,1.640919 s,8.7 ¦Ìs,RX data,1F,
6230,1.64093 s,8.7 ¦Ìs,RX data,7A,
6231,1.64094 s,8.7 ¦Ìs,RX data,3A,
6232,1.640951 s,8.7 ¦Ìs,RX data,00,
6233,1.640962 s,8.7 ¦Ìs,RX data,00,
6234,1.640973 s,8.7 ¦Ìs,RX data,AA,
6235,1.640984 s,8.7 ¦Ìs,RX data,6C,
6236,1.640995 s,8.7 ¦Ìs,RX data,08,
6237,1.641005 s,8.7 ¦Ìs,RX data,20,
6238,1.641016 s,8.7 ¦Ìs,RX data,E3,
6239,1.641027 s,8.7 ¦Ìs,RX data,66,
6240,1.641038 s,8.7 ¦Ìs,RX data,0F,
6241,1.641049 s,8.7 ¦Ìs,RX data,7B,
6242,1.64106 s,8.7 ¦Ìs,RX data,D7,
6243,1.641071 s,8.7 ¦Ìs,RX data,9C,
6244,1.641081 s,8.7 ¦Ìs,RX data,D1,
6245,1.641092 s,8.7 ¦Ìs,RX data,9D,
6246,1.641103 s,8.7 ¦Ìs,RX data,65,
6247,1.641114 s,8.7 ¦Ìs,RX data,1A,
6248,1.641125 s,8.7 ¦Ìs,RX data,9D,
6249,1.641136 s,8.7 ¦Ìs,RX data,27,
6250,1.641146 s,8.7 ¦Ìs,RX data,00,
6251,1.641157 s,8.7 ¦Ìs,RX data,11,
6252,1.641168 s,8.7 ¦Ìs,RX data,89,
6253,1.641179 s,8.7 ¦Ìs,RX data,1A,
6254,1.64119 s,8.7 ¦Ìs,RX data,B5,
6255,1.6412 s,8.7 ¦Ìs,RX data,67,
6256,1.641211 s,8.7 ¦Ìs,RX data,FD,
6257,1.641222 s,8.7 ¦Ìs,RX data,EB,
6258,1.641233 s,8.7 ¦Ìs,RX data,DC,
6259,1.641244 s,8.7 ¦Ìs,RX data,4C,
6260,1.641255 s,8.7 ¦Ìs,RX data,9E,
6261,1.641266 s,8.7 ¦Ìs,RX data,CD,
6262,1.641276 s,8.7 ¦Ìs,RX data,3B,
6263,1.641287 s,8.7 ¦Ìs,RX data,8F,
6264,1.641298 s,8.7 ¦Ìs,RX data,B5,
6265,1.641309 s,8.7 ¦Ìs,RX data,62,
6266,1.64132 s,8.7 ¦Ìs,RX data,13,
6267,1.641331 s,8.7 ¦Ìs,RX data,80,
6268,1.641341 s,8.7 ¦Ìs,RX data,58,
6269,1.641352 s,8.7 ¦Ìs,RX data,00,
6270,1.641363 s,8.7 ¦Ìs,RX data,05,
6271,1.641374 s,8.7 ¦Ìs,RX data,00,
6272,1.643644 s,8.7 ¦Ìs,RX data,00,
6273,1.643655 s,8.7 ¦Ìs,RX data,04,
6274,1.643666 s,8.7 ¦Ìs,RX data,19,
6275,1.643676 s,8.7 ¦Ìs,RX data,06,
6276,1.643687 s,8.7 ¦Ìs,RX data,08,
6277,1.643698 s,8.7 ¦Ìs,RX data,0C,
6278,1.643709 s,8.7 ¦Ìs,RX data,1E,
6279,1.64372 s,8.7 ¦Ìs,RX data,03,
6280,1.64373 s,8.7 ¦Ìs,RX data,06,
6281,1.643741 s,8.7 ¦Ìs,RX data,1E,
6282,1.643752 s,8.7 ¦Ìs,RX data,5C,
6283,1.643763 s,8.7 ¦Ìs,RX data,40,
6284,1.643774 s,8.7 ¦Ìs,RX data,10,
6285,1.643785 s,8.7 ¦Ìs,RX data,05,
6286,1.643796 s,8.7 ¦Ìs,RX data,03,
6287,1.643806 s,8.7 ¦Ìs,RX data,5E,
6288,1.643817 s,8.7 ¦Ìs,RX data,AD,
6289,1.643828 s,8.7 ¦Ìs,RX data,14,
6290,1.643839 s,8.7 ¦Ìs,RX data,DF,
6291,1.64385 s,8.7 ¦Ìs,RX data,3E,
6292,1.643861 s,8.7 ¦Ìs,RX data,00,
6293,1.643871 s,8.7 ¦Ìs,RX data,35,
6294,1.643882 s,8.7 ¦Ìs,RX data,41,
6295,1.643893 s,8.7 ¦Ìs,RX data,09,
6296,1.643904 s,8.7 ¦Ìs,RX data,98,
6297,1.643915 s,8.7 ¦Ìs,RX data,01,
6298,1.643926 s,8.7 ¦Ìs,RX data,00,
6299,1.643936 s,8.7 ¦Ìs,RX data,00,
6300,1.643947 s,8.7 ¦Ìs,RX data,40,
6301,1.643958 s,8.7 ¦Ìs,RX data,C4,
6302,1.643969 s,8.7 ¦Ìs,RX data,41,
6303,1.64398 s,8.7 ¦Ìs,RX data,01,
6304,1.643991 s,8.7 ¦Ìs,RX data,A0,
6305,1.644001 s,8.7 ¦Ìs,RX data,13,
6306,1.644012 s,8.7 ¦Ìs,RX data,8D,
6307,1.644023 s,8.7 ¦Ìs,RX data,DB,
6308,1.644034 s,8.7 ¦Ìs,RX data,3F,
6309,1.644045 s,8.7 ¦Ìs,RX data,FB,
6310,1.644056 s,8.7 ¦Ìs,RX data,F8,
6311,1.644066 s,8.7 ¦Ìs,RX data,64,
6312,1.644077 s,8.7 ¦Ìs,RX data,02,
6313,1.644088 s,8.7 ¦Ìs,RX data,42,
6314,1.644099 s,8.7 ¦Ìs,RX data,57,
6315,1.64411 s,8.7 ¦Ìs,RX data,F1,
6316,1.644121 s,8.7 ¦Ìs,RX data,66,
6317,1.644131 s,8.7 ¦Ìs,RX data,63,
6318,1.644142 s,8.7 ¦Ìs,RX data,96,
6319,1.644153 s,8.7 ¦Ìs,RX data,72,
6320,1.644164 s,8.7 ¦Ìs,RX data,08,
6321,1.644175 s,8.7 ¦Ìs,RX data,09,
6322,1.644186 s,8.7 ¦Ìs,RX data,4C,
6323,1.644196 s,8.7 ¦Ìs,RX data,AE,
6324,1.644207 s,8.7 ¦Ìs,RX data,25,
6325,1.644218 s,8.7 ¦Ìs,RX data,09,
6326,1.644229 s,8.7 ¦Ìs,RX data,7A,
6327,1.64424 s,8.7 ¦Ìs,RX data,3A,
6328,1.644251 s,8.7 ¦Ìs,RX data,00,
6329,1.644261 s,8.7 ¦Ìs,RX data,00,
6330,1.644272 s,8.7 ¦Ìs,RX data,AA,
6331,1.644283 s,8.7 ¦Ìs,RX data,6C,
6332,1.644294 s,8.7 ¦Ìs,RX data,08,
6333,1.644305 s,8.7 ¦Ìs,RX data,20,
6334,1.644316 s,8.7 ¦Ìs,RX data,EE,
6335,1.644326 s,8.7 ¦Ìs,RX data,20,
6336,1.644337 s,8.7 ¦Ìs,RX data,A5,
6337,1.644348 s,8.7 ¦Ìs,RX data,9A,
6338,1.644359 s,8.7 ¦Ìs,RX data,76,
6339,1.64437 s,8.7 ¦Ìs,RX data,12,
6340,1.644381 s,8.7 ¦Ìs,RX data,03,
6341,1.644391 s,8.7 ¦Ìs,RX data,95,
6342,1.644402 s,8.7 ¦Ìs,RX data,56,
6343,1.644413 s,8.7 ¦Ìs,RX data,05,
6344,1.644424 s,8.7 ¦Ìs,RX data,0D,
6345,1.644435 s,8.7 ¦Ìs,RX data,43,
6346,1.644446 s,8.7 ¦Ìs,RX data,48,
6347,1.644456 s,8.7 ¦Ìs,RX data,48,
6348,1.644467 s,8.7 ¦Ìs,RX data,A5,
6349,1.644478 s,8.7 ¦Ìs,RX data,1E,
6350,1.644489 s,8.7 ¦Ìs,RX data,12,
6351,1.6445 s,8.7 ¦Ìs,RX data,CA,
6352,1.644511 s,8.7 ¦Ìs,RX data,2E,
6353,1.644521 s,8.7 ¦Ìs,RX data,D1,
6354,1.644532 s,8.7 ¦Ìs,RX data,69,
6355,1.644543 s,8.7 ¦Ìs,RX data,A8,
6356,1.644554 s,8.7 ¦Ìs,RX data,C9,
6357,1.644565 s,8.7 ¦Ìs,RX data,E8,
6358,1.644576 s,8.7 ¦Ìs,RX data,FB,
6359,1.644586 s,8.7 ¦Ìs,RX data,A1,
6360,1.644597 s,8.7 ¦Ìs,RX data,B5,
6361,1.644608 s,8.7 ¦Ìs,RX data,62,
6362,1.644619 s,8.7 ¦Ìs,RX data,13,
6363,1.64463 s,8.7 ¦Ìs,RX data,80,
6364,1.644641 s,8.7 ¦Ìs,RX data,58,
6365,1.644651 s,8.7 ¦Ìs,RX data,00,
6366,1.644662 s,8.7 ¦Ìs,RX data,05,
6367,1.644673 s,8.7 ¦Ìs,RX data,00,
6368,1.644684 s,8.7 ¦Ìs,RX data,00,
6369,1.644695 s,8.7 ¦Ìs,RX data,0A,
6370,1.644706 s,8.7 ¦Ìs,RX data,19,
6371,1.644716 s,8.7 ¦Ìs,RX data,06,
6372,1.644727 s,8.7 ¦Ìs,RX data,08,
6373,1.644738 s,8.7 ¦Ìs,RX data,0C,
6374,1.644749 s,8.7 ¦Ìs,RX data,1E,
6375,1.64476 s,8.7 ¦Ìs,RX data,03,
6376,1.644771 s,8.7 ¦Ìs,RX data,06,
6377,1.644781 s,8.7 ¦Ìs,RX data,1E,
6378,1.644792 s,8.7 ¦Ìs,RX data,5C,
6379,1.644803 s,8.7 ¦Ìs,RX data,40,
6380,1.644814 s,8.7 ¦Ìs,RX data,10,
6381,1.644825 s,8.7 ¦Ìs,RX data,05,
6382,1.644836 s,8.7 ¦Ìs,RX data,09,
6383,1.644846 s,8.7 ¦Ìs,RX data,5E,
6384,1.644857 s,8.7 ¦Ìs,RX data,AD,
6385,1.644868 s,8.7 ¦Ìs,RX data,14,
6386,1.644879 s,8.7 ¦Ìs,RX data,92,
6387,1.64489 s,8.7 ¦Ìs,RX data,B0,
6388,1.644901 s,8.7 ¦Ìs,RX data,00,
6389,1.644911 s,8.7 ¦Ìs,RX data,B1,
6390,1.644922 s,8.7 ¦Ìs,RX data,41,
6391,1.644933 s,8.7 ¦Ìs,RX data,09,
6392,1.644944 s,8.7 ¦Ìs,RX data,98,
6393,1.644955 s,8.7 ¦Ìs,RX data,FD,
6394,1.644966 s,8.7 ¦Ìs,RX data,00,
6395,1.644976 s,8.7 ¦Ìs,RX data,00,
6396,1.644987 s,8.7 ¦Ìs,RX data,40,
6397,1.644998 s,8.7 ¦Ìs,RX data,44,
6398,1.645009 s,8.7 ¦Ìs,RX data,E2,
6399,1.64502 s,8.7 ¦Ìs,RX data,FC,
6400,1.645031 s,8.7 ¦Ìs,RX data,AF,
6401,1.645041 s,8.7 ¦Ìs,RX data,13,
6402,1.645052 s,8.7 ¦Ìs,RX data,4F,
6403,1.645063 s,8.7 ¦Ìs,RX data,12,
6404,1.645074 s,8.7 ¦Ìs,RX data,80,
6405,1.645085 s,8.7 ¦Ìs,RX data,02,
6406,1.645096 s,8.7 ¦Ìs,RX data,F8,
6407,1.645106 s,8.7 ¦Ìs,RX data,64,
6408,1.645117 s,8.7 ¦Ìs,RX data,02,
6409,1.645128 s,8.7 ¦Ìs,RX data,C2,
6410,1.645139 s,8.7 ¦Ìs,RX data,57,
6411,1.64515 s,8.7 ¦Ìs,RX data,F1,
6412,1.645161 s,8.7 ¦Ìs,RX data,C6,
6413,1.645171 s,8.7 ¦Ìs,RX data,74,
6414,1.645182 s,8.7 ¦Ìs,RX data,BB,
6415,1.645193 s,8.7 ¦Ìs,RX data,85,
6416,1.645204 s,8.7 ¦Ìs,RX data,07,
6417,1.645215 s,8.7 ¦Ìs,RX data,09,
6418,1.645226 s,8.7 ¦Ìs,RX data,22,
6419,1.645236 s,8.7 ¦Ìs,RX data,DD,
6420,1.645247 s,8.7 ¦Ìs,RX data,E2,
6421,1.645258 s,8.7 ¦Ìs,RX data,15,
6422,1.645269 s,8.7 ¦Ìs,RX data,7A,
6423,1.64528 s,8.7 ¦Ìs,RX data,3A,
6424,1.645291 s,8.7 ¦Ìs,RX data,00,
6425,1.645301 s,8.7 ¦Ìs,RX data,00,
6426,1.645312 s,8.7 ¦Ìs,RX data,AA,
6427,1.645323 s,8.7 ¦Ìs,RX data,6C,
6428,1.645334 s,8.7 ¦Ìs,RX data,08,
6429,1.645345 s,8.7 ¦Ìs,RX data,20,
6430,1.645356 s,8.7 ¦Ìs,RX data,ED,
6431,1.645366 s,8.7 ¦Ìs,RX data,44,
6432,1.645377 s,8.7 ¦Ìs,RX data,FF,
6433,1.645388 s,8.7 ¦Ìs,RX data,F5,
6434,1.645399 s,8.7 ¦Ìs,RX data,48,
6435,1.64541 s,8.7 ¦Ìs,RX data,44,
6436,1.645421 s,8.7 ¦Ìs,RX data,D3,
6437,1.645431 s,8.7 ¦Ìs,RX data,87,
6438,1.645442 s,8.7 ¦Ìs,RX data,B8,
6439,1.645453 s,8.7 ¦Ìs,RX data,1A,
6440,1.645464 s,8.7 ¦Ìs,RX data,86,
6441,1.645475 s,8.7 ¦Ìs,RX data,CC,
6442,1.645486 s,8.7 ¦Ìs,RX data,97,
6443,1.645496 s,8.7 ¦Ìs,RX data,DE,
6444,1.645507 s,8.7 ¦Ìs,RX data,ED,
6445,1.645518 s,8.7 ¦Ìs,RX data,23,
6446,1.645529 s,8.7 ¦Ìs,RX data,1A,
6447,1.64554 s,8.7 ¦Ìs,RX data,98,
6448,1.645551 s,8.7 ¦Ìs,RX data,8C,
6449,1.645561 s,8.7 ¦Ìs,RX data,2F,
6450,1.645572 s,8.7 ¦Ìs,RX data,BF,
6451,1.645583 s,8.7 ¦Ìs,RX data,14,
6452,1.645594 s,8.7 ¦Ìs,RX data,5E,
6453,1.645605 s,8.7 ¦Ìs,RX data,0C,
6454,1.645616 s,8.7 ¦Ìs,RX data,5C,
6455,1.645626 s,8.7 ¦Ìs,RX data,27,
6456,1.645637 s,8.7 ¦Ìs,RX data,B5,
6457,1.645648 s,8.7 ¦Ìs,RX data,62,
6458,1.645659 s,8.7 ¦Ìs,RX data,13,
6459,1.64567 s,8.7 ¦Ìs,RX data,80,
6460,1.645681 s,8.7 ¦Ìs,RX data,58,
6461,1.645691 s,8.7 ¦Ìs,RX data,00,
6462,1.645702 s,8.7 ¦Ìs,RX data,05,
6463,1.645713 s,8.7 ¦Ìs,RX data,00,
6464,1.645724 s,8.7 ¦Ìs,RX data,00,
6465,1.645735 s,8.7 ¦Ìs,RX data,0C,
6466,1.645746 s,8.7 ¦Ìs,RX data,19,
6467,1.645756 s,8.7 ¦Ìs,RX data,06,
6468,1.645767 s,8.7 ¦Ìs,RX data,08,
6469,1.645778 s,8.7 ¦Ìs,RX data,0C,
6470,1.645789 s,8.7 ¦Ìs,RX data,1E,
6471,1.6458 s,8.7 ¦Ìs,RX data,03,
6472,1.645811 s,8.7 ¦Ìs,RX data,06,
6473,1.645821 s,8.7 ¦Ìs,RX data,1E,
6474,1.645832 s,8.7 ¦Ìs,RX data,5C,
6475,1.645843 s,8.7 ¦Ìs,RX data,40,
6476,1.645854 s,8.7 ¦Ìs,RX data,10,
6477,1.645865 s,8.7 ¦Ìs,RX data,05,
6478,1.645876 s,8.7 ¦Ìs,RX data,0B,
6479,1.645886 s,8.7 ¦Ìs,RX data,5E,
6480,1.645897 s,8.7 ¦Ìs,RX data,AD,
6481,1.645908 s,8.7 ¦Ìs,RX data,14,
6482,1.645919 s,8.7 ¦Ìs,RX data,0D,
6483,1.64593 s,8.7 ¦Ìs,RX data,62,
6484,1.645941 s,8.7 ¦Ìs,RX data,00,
6485,1.645951 s,8.7 ¦Ìs,RX data,A7,
6486,1.645962 s,8.7 ¦Ìs,RX data,41,
6487,1.645973 s,8.7 ¦Ìs,RX data,09,
6488,1.645984 s,8.7 ¦Ìs,RX data,98,
6489,1.645995 s,8.7 ¦Ìs,RX data,FD,
6490,1.646006 s,8.7 ¦Ìs,RX data,00,
6491,1.646016 s,8.7 ¦Ìs,RX data,00,
6492,1.646027 s,8.7 ¦Ìs,RX data,40,
6493,1.646038 s,8.7 ¦Ìs,RX data,44,
6494,1.646049 s,8.7 ¦Ìs,RX data,92,
6495,1.64606 s,8.7 ¦Ìs,RX data,FF,
6496,1.646071 s,8.7 ¦Ìs,RX data,AF,
6497,1.646081 s,8.7 ¦Ìs,RX data,13,
6498,1.646092 s,8.7 ¦Ìs,RX data,14,
6499,1.646103 s,8.7 ¦Ìs,RX data,EA,
6500,1.646114 s,8.7 ¦Ìs,RX data,BF,
6501,1.646125 s,8.7 ¦Ìs,RX data,F2,
6502,1.646136 s,8.7 ¦Ìs,RX data,F8,
6503,1.646146 s,8.7 ¦Ìs,RX data,64,
6504,1.646157 s,8.7 ¦Ìs,RX data,02,
6505,1.646168 s,8.7 ¦Ìs,RX data,82,
6506,1.646179 s,8.7 ¦Ìs,RX data,57,
6507,1.64619 s,8.7 ¦Ìs,RX data,F1,
6508,1.646201 s,8.7 ¦Ìs,RX data,E6,
6509,1.646211 s,8.7 ¦Ìs,RX data,24,
6510,1.646222 s,8.7 ¦Ìs,RX data,19,
6511,1.646233 s,8.7 ¦Ìs,RX data,18,
6512,1.646244 s,8.7 ¦Ìs,RX data,03,
6513,1.646255 s,8.7 ¦Ìs,RX data,09,
6514,1.646266 s,8.7 ¦Ìs,RX data,60,
6515,1.646276 s,8.7 ¦Ìs,RX data,81,
6516,1.646287 s,8.7 ¦Ìs,RX data,D9,
6517,1.646298 s,8.7 ¦Ìs,RX data,1E,
6518,1.646309 s,8.7 ¦Ìs,RX data,7A,
6519,1.64632 s,8.7 ¦Ìs,RX data,3A,
6520,1.646331 s,8.7 ¦Ìs,RX data,00,
6521,1.646341 s,8.7 ¦Ìs,RX data,00,
6522,1.646352 s,8.7 ¦Ìs,RX data,AA,
6523,1.646363 s,8.7 ¦Ìs,RX data,6C,
6524,1.646374 s,8.7 ¦Ìs,RX data,08,
6525,1.646385 s,8.7 ¦Ìs,RX data,20,
6526,1.646396 s,8.7 ¦Ìs,RX data,5E,
6527,1.646406 s,8.7 ¦Ìs,RX data,6D,
6528,1.648625 s,8.7 ¦Ìs,RX data,14,
6529,1.648636 s,8.7 ¦Ìs,RX data,BF,
6530,1.648646 s,8.7 ¦Ìs,RX data,3B,
6531,1.648657 s,8.7 ¦Ìs,RX data,BE,
6532,1.648668 s,8.7 ¦Ìs,RX data,66,
6533,1.648679 s,8.7 ¦Ìs,RX data,FA,
6534,1.64869 s,8.7 ¦Ìs,RX data,14,
6535,1.648701 s,8.7 ¦Ìs,RX data,BC,
6536,1.648711 s,8.7 ¦Ìs,RX data,C7,
6537,1.648722 s,8.7 ¦Ìs,RX data,DD,
6538,1.648733 s,8.7 ¦Ìs,RX data,63,
6539,1.648744 s,8.7 ¦Ìs,RX data,A8,
6540,1.648755 s,8.7 ¦Ìs,RX data,11,
6541,1.648766 s,8.7 ¦Ìs,RX data,E2,
6542,1.648776 s,8.7 ¦Ìs,RX data,F3,
6543,1.648787 s,8.7 ¦Ìs,RX data,48,
6544,1.648798 s,8.7 ¦Ìs,RX data,4F,
6545,1.648809 s,8.7 ¦Ìs,RX data,12,
6546,1.64882 s,8.7 ¦Ìs,RX data,86,
6547,1.648831 s,8.7 ¦Ìs,RX data,78,
6548,1.648841 s,8.7 ¦Ìs,RX data,C7,
6549,1.648852 s,8.7 ¦Ìs,RX data,CE,
6550,1.648863 s,8.7 ¦Ìs,RX data,9B,
6551,1.648874 s,8.7 ¦Ìs,RX data,75,
6552,1.648885 s,8.7 ¦Ìs,RX data,B5,
6553,1.648896 s,8.7 ¦Ìs,RX data,62,
6554,1.648906 s,8.7 ¦Ìs,RX data,13,
6555,1.648917 s,8.7 ¦Ìs,RX data,80,
6556,1.648928 s,8.7 ¦Ìs,RX data,58,
6557,1.648939 s,8.7 ¦Ìs,RX data,00,
6558,1.64895 s,8.7 ¦Ìs,RX data,05,
6559,1.648961 s,8.7 ¦Ìs,RX data,00,
6560,1.648971 s,8.7 ¦Ìs,RX data,00,
6561,1.648982 s,8.7 ¦Ìs,RX data,11,
6562,1.648993 s,8.7 ¦Ìs,RX data,19,
6563,1.649004 s,8.7 ¦Ìs,RX data,06,
6564,1.649015 s,8.7 ¦Ìs,RX data,08,
6565,1.649026 s,8.7 ¦Ìs,RX data,0C,
6566,1.649036 s,8.7 ¦Ìs,RX data,1E,
6567,1.649047 s,8.7 ¦Ìs,RX data,03,
6568,1.649058 s,8.7 ¦Ìs,RX data,06,
6569,1.649069 s,8.7 ¦Ìs,RX data,1E,
6570,1.64908 s,8.7 ¦Ìs,RX data,5C,
6571,1.649091 s,8.7 ¦Ìs,RX data,40,
6572,1.649101 s,8.7 ¦Ìs,RX data,10,
6573,1.649112 s,8.7 ¦Ìs,RX data,05,
6574,1.649123 s,8.7 ¦Ìs,RX data,10,
6575,1.649134 s,8.7 ¦Ìs,RX data,5E,
6576,1.649145 s,8.7 ¦Ìs,RX data,AD,
6577,1.649156 s,8.7 ¦Ìs,RX data,14,
6578,1.649166 s,8.7 ¦Ìs,RX data,63,
6579,1.649177 s,8.7 ¦Ìs,RX data,67,
6580,1.649188 s,8.7 ¦Ìs,RX data,00,
6581,1.649199 s,8.7 ¦Ìs,RX data,AA,
6582,1.64921 s,8.7 ¦Ìs,RX data,41,
6583,1.649221 s,8.7 ¦Ìs,RX data,09,
6584,1.649231 s,8.7 ¦Ìs,RX data,98,
6585,1.649242 s,8.7 ¦Ìs,RX data,81,
6586,1.649253 s,8.7 ¦Ìs,RX data,00,
6587,1.649264 s,8.7 ¦Ìs,RX data,00,
6588,1.649275 s,8.7 ¦Ìs,RX data,40,
6589,1.649286 s,8.7 ¦Ìs,RX data,C4,
6590,1.649296 s,8.7 ¦Ìs,RX data,38,
6591,1.649307 s,8.7 ¦Ìs,RX data,FB,
6592,1.649318 s,8.7 ¦Ìs,RX data,AF,
6593,1.649329 s,8.7 ¦Ìs,RX data,13,
6594,1.64934 s,8.7 ¦Ìs,RX data,96,
6595,1.649351 s,8.7 ¦Ìs,RX data,BD,
6596,1.649361 s,8.7 ¦Ìs,RX data,3F,
6597,1.649372 s,8.7 ¦Ìs,RX data,F4,
6598,1.649383 s,8.7 ¦Ìs,RX data,F8,
6599,1.649394 s,8.7 ¦Ìs,RX data,64,
6600,1.649405 s,8.7 ¦Ìs,RX data,02,
6601,1.649416 s,8.7 ¦Ìs,RX data,82,
6602,1.649426 s,8.7 ¦Ìs,RX data,57,
6603,1.649437 s,8.7 ¦Ìs,RX data,F1,
6604,1.649448 s,8.7 ¦Ìs,RX data,06,
6605,1.649459 s,8.7 ¦Ìs,RX data,17,
6606,1.64947 s,8.7 ¦Ìs,RX data,A8,
6607,1.649481 s,8.7 ¦Ìs,RX data,A9,
6608,1.649491 s,8.7 ¦Ìs,RX data,02,
6609,1.649502 s,8.7 ¦Ìs,RX data,09,
6610,1.649513 s,8.7 ¦Ìs,RX data,80,
6611,1.649524 s,8.7 ¦Ìs,RX data,50,
6612,1.649535 s,8.7 ¦Ìs,RX data,10,
6613,1.649546 s,8.7 ¦Ìs,RX data,17,
6614,1.649556 s,8.7 ¦Ìs,RX data,7A,
6615,1.649567 s,8.7 ¦Ìs,RX data,3A,
6616,1.649578 s,8.7 ¦Ìs,RX data,00,
6617,1.649589 s,8.7 ¦Ìs,RX data,00,
6618,1.6496 s,8.7 ¦Ìs,RX data,AA,
6619,1.649611 s,8.7 ¦Ìs,RX data,6C,
6620,1.649621 s,8.7 ¦Ìs,RX data,08,
6621,1.649632 s,8.7 ¦Ìs,RX data,20,
6622,1.649643 s,8.7 ¦Ìs,RX data,AE,
6623,1.649654 s,8.7 ¦Ìs,RX data,81,
6624,1.649665 s,8.7 ¦Ìs,RX data,03,
6625,1.649676 s,8.7 ¦Ìs,RX data,36,
6626,1.649686 s,8.7 ¦Ìs,RX data,A0,
6627,1.649697 s,8.7 ¦Ìs,RX data,BF,
6628,1.649708 s,8.7 ¦Ìs,RX data,28,
6629,1.649719 s,8.7 ¦Ìs,RX data,AA,
6630,1.64973 s,8.7 ¦Ìs,RX data,4D,
6631,1.649741 s,8.7 ¦Ìs,RX data,43,
6632,1.649751 s,8.7 ¦Ìs,RX data,06,
6633,1.649762 s,8.7 ¦Ìs,RX data,E9,
6634,1.649773 s,8.7 ¦Ìs,RX data,34,
6635,1.649784 s,8.7 ¦Ìs,RX data,87,
6636,1.649795 s,8.7 ¦Ìs,RX data,A8,
6637,1.649806 s,8.7 ¦Ìs,RX data,FA,
6638,1.649816 s,8.7 ¦Ìs,RX data,CC,
6639,1.649827 s,8.7 ¦Ìs,RX data,B1,
6640,1.649838 s,8.7 ¦Ìs,RX data,87,
6641,1.649849 s,8.7 ¦Ìs,RX data,CB,
6642,1.64986 s,8.7 ¦Ìs,RX data,76,
6643,1.649871 s,8.7 ¦Ìs,RX data,63,
6644,1.649881 s,8.7 ¦Ìs,RX data,74,
6645,1.649892 s,8.7 ¦Ìs,RX data,E1,
6646,1.649903 s,8.7 ¦Ìs,RX data,AB,
6647,1.649914 s,8.7 ¦Ìs,RX data,5F,
6648,1.649925 s,8.7 ¦Ìs,RX data,B5,
6649,1.649936 s,8.7 ¦Ìs,RX data,62,
6650,1.649946 s,8.7 ¦Ìs,RX data,13,
6651,1.649957 s,8.7 ¦Ìs,RX data,80,
6652,1.649968 s,8.7 ¦Ìs,RX data,58,
6653,1.649979 s,8.7 ¦Ìs,RX data,00,
6654,1.64999 s,8.7 ¦Ìs,RX data,05,
6655,1.650001 s,8.7 ¦Ìs,RX data,00,
6656,1.650011 s,8.7 ¦Ìs,RX data,00,
6657,1.650022 s,8.7 ¦Ìs,RX data,13,
6658,1.650033 s,8.7 ¦Ìs,RX data,19,
6659,1.650044 s,8.7 ¦Ìs,RX data,06,
6660,1.650055 s,8.7 ¦Ìs,RX data,08,
6661,1.650066 s,8.7 ¦Ìs,RX data,0C,
6662,1.650076 s,8.7 ¦Ìs,RX data,1E,
6663,1.650087 s,8.7 ¦Ìs,RX data,03,
6664,1.650098 s,8.7 ¦Ìs,RX data,06,
6665,1.650109 s,8.7 ¦Ìs,RX data,1E,
6666,1.65012 s,8.7 ¦Ìs,RX data,5C,
6667,1.650131 s,8.7 ¦Ìs,RX data,40,
6668,1.650141 s,8.7 ¦Ìs,RX data,10,
6669,1.650152 s,8.7 ¦Ìs,RX data,05,
6670,1.650163 s,8.7 ¦Ìs,RX data,12,
6671,1.650174 s,8.7 ¦Ìs,RX data,5E,
6672,1.650185 s,8.7 ¦Ìs,RX data,AD,
6673,1.650196 s,8.7 ¦Ìs,RX data,14,
6674,1.650206 s,8.7 ¦Ìs,RX data,2D,
6675,1.650217 s,8.7 ¦Ìs,RX data,B4,
6676,1.650228 s,8.7 ¦Ìs,RX data,00,
6677,1.650239 s,8.7 ¦Ìs,RX data,7B,
6678,1.65025 s,8.7 ¦Ìs,RX data,41,
6679,1.650261 s,8.7 ¦Ìs,RX data,09,
6680,1.650271 s,8.7 ¦Ìs,RX data,98,
6681,1.650282 s,8.7 ¦Ìs,RX data,01,
6682,1.650293 s,8.7 ¦Ìs,RX data,00,
6683,1.650304 s,8.7 ¦Ìs,RX data,00,
6684,1.650315 s,8.7 ¦Ìs,RX data,40,
6685,1.650326 s,8.7 ¦Ìs,RX data,C4,
6686,1.650336 s,8.7 ¦Ìs,RX data,F2,
6687,1.650347 s,8.7 ¦Ìs,RX data,00,
6688,1.650358 s,8.7 ¦Ìs,RX data,A0,
6689,1.650369 s,8.7 ¦Ìs,RX data,13,
6690,1.65038 s,8.7 ¦Ìs,RX data,B6,
6691,1.650391 s,8.7 ¦Ìs,RX data,FA,
6692,1.650401 s,8.7 ¦Ìs,RX data,BF,
6693,1.650412 s,8.7 ¦Ìs,RX data,EF,
6694,1.650423 s,8.7 ¦Ìs,RX data,F8,
6695,1.650434 s,8.7 ¦Ìs,RX data,64,
6696,1.650445 s,8.7 ¦Ìs,RX data,02,
6697,1.650456 s,8.7 ¦Ìs,RX data,82,
6698,1.650466 s,8.7 ¦Ìs,RX data,57,
6699,1.650477 s,8.7 ¦Ìs,RX data,F1,
6700,1.650488 s,8.7 ¦Ìs,RX data,06,
6701,1.650499 s,8.7 ¦Ìs,RX data,27,
6702,1.65051 s,8.7 ¦Ìs,RX data,A3,
6703,1.650521 s,8.7 ¦Ìs,RX data,DF,
6704,1.650531 s,8.7 ¦Ìs,RX data,01,
6705,1.650542 s,8.7 ¦Ìs,RX data,09,
6706,1.650553 s,8.7 ¦Ìs,RX data,B4,
6707,1.650564 s,8.7 ¦Ìs,RX data,9C,
6708,1.650575 s,8.7 ¦Ìs,RX data,29,
6709,1.650586 s,8.7 ¦Ìs,RX data,1A,
6710,1.650596 s,8.7 ¦Ìs,RX data,7A,
6711,1.650607 s,8.7 ¦Ìs,RX data,3A,
6712,1.650618 s,8.7 ¦Ìs,RX data,00,
6713,1.650629 s,8.7 ¦Ìs,RX data,00,
6714,1.65064 s,8.7 ¦Ìs,RX data,AA,
6715,1.650651 s,8.7 ¦Ìs,RX data,6C,
6716,1.650661 s,8.7 ¦Ìs,RX data,08,
6717,1.650672 s,8.7 ¦Ìs,RX data,20,
6718,1.650683 s,8.7 ¦Ìs,RX data,64,
6719,1.650694 s,8.7 ¦Ìs,RX data,DC,
6720,1.650705 s,8.7 ¦Ìs,RX data,3D,
6721,1.650716 s,8.7 ¦Ìs,RX data,DB,
6722,1.650726 s,8.7 ¦Ìs,RX data,B8,
6723,1.650737 s,8.7 ¦Ìs,RX data,D9,
6724,1.650748 s,8.7 ¦Ìs,RX data,42,
6725,1.650759 s,8.7 ¦Ìs,RX data,0F,
6726,1.65077 s,8.7 ¦Ìs,RX data,87,
6727,1.650781 s,8.7 ¦Ìs,RX data,21,
6728,1.650791 s,8.7 ¦Ìs,RX data,1A,
6729,1.650802 s,8.7 ¦Ìs,RX data,FE,
6730,1.650813 s,8.7 ¦Ìs,RX data,F0,
6731,1.650824 s,8.7 ¦Ìs,RX data,16,
6732,1.650835 s,8.7 ¦Ìs,RX data,8B,
6733,1.650846 s,8.7 ¦Ìs,RX data,ED,
6734,1.650856 s,8.7 ¦Ìs,RX data,78,
6735,1.650867 s,8.7 ¦Ìs,RX data,4D,
6736,1.650878 s,8.7 ¦Ìs,RX data,E4,
6737,1.650889 s,8.7 ¦Ìs,RX data,D9,
6738,1.6509 s,8.7 ¦Ìs,RX data,C4,
6739,1.650911 s,8.7 ¦Ìs,RX data,DE,
6740,1.650921 s,8.7 ¦Ìs,RX data,27,
6741,1.650932 s,8.7 ¦Ìs,RX data,D4,
6742,1.650943 s,8.7 ¦Ìs,RX data,A0,
6743,1.650954 s,8.7 ¦Ìs,RX data,E5,
6744,1.650965 s,8.7 ¦Ìs,RX data,B5,
6745,1.650976 s,8.7 ¦Ìs,RX data,62,
6746,1.650986 s,8.7 ¦Ìs,RX data,13,
6747,1.650997 s,8.7 ¦Ìs,RX data,80,
6748,1.651008 s,8.7 ¦Ìs,RX data,58,
6749,1.651019 s,8.7 ¦Ìs,RX data,00,
6750,1.65103 s,8.7 ¦Ìs,RX data,05,
6751,1.651041 s,8.7 ¦Ìs,RX data,00,
6752,1.651051 s,8.7 ¦Ìs,RX data,00,
6753,1.651062 s,8.7 ¦Ìs,RX data,19,
6754,1.651073 s,8.7 ¦Ìs,RX data,19,
6755,1.651084 s,8.7 ¦Ìs,RX data,06,
6756,1.651095 s,8.7 ¦Ìs,RX data,08,
6757,1.651106 s,8.7 ¦Ìs,RX data,0C,
6758,1.651116 s,8.7 ¦Ìs,RX data,1E,
6759,1.651127 s,8.7 ¦Ìs,RX data,03,
6760,1.651138 s,8.7 ¦Ìs,RX data,06,
6761,1.651149 s,8.7 ¦Ìs,RX data,1E,
6762,1.65116 s,8.7 ¦Ìs,RX data,5C,
6763,1.651171 s,8.7 ¦Ìs,RX data,40,
6764,1.651181 s,8.7 ¦Ìs,RX data,10,
6765,1.651192 s,8.7 ¦Ìs,RX data,05,
6766,1.651203 s,8.7 ¦Ìs,RX data,18,
6767,1.651214 s,8.7 ¦Ìs,RX data,5E,
6768,1.651225 s,8.7 ¦Ìs,RX data,AD,
6769,1.651236 s,8.7 ¦Ìs,RX data,14,
6770,1.651246 s,8.7 ¦Ìs,RX data,08,
6771,1.651257 s,8.7 ¦Ìs,RX data,91,
6772,1.651268 s,8.7 ¦Ìs,RX data,00,
6773,1.651279 s,8.7 ¦Ìs,RX data,AF,
6774,1.65129 s,8.7 ¦Ìs,RX data,41,
6775,1.651301 s,8.7 ¦Ìs,RX data,09,
6776,1.651311 s,8.7 ¦Ìs,RX data,98,
6777,1.651322 s,8.7 ¦Ìs,RX data,81,
6778,1.651333 s,8.7 ¦Ìs,RX data,00,
6779,1.651344 s,8.7 ¦Ìs,RX data,00,
6780,1.651355 s,8.7 ¦Ìs,RX data,40,
6781,1.651366 s,8.7 ¦Ìs,RX data,44,
6782,1.651376 s,8.7 ¦Ìs,RX data,AB,
6783,1.651387 s,8.7 ¦Ìs,RX data,FF,
6784,1.653664 s,8.7 ¦Ìs,RX data,AF,
6785,1.653675 s,8.7 ¦Ìs,RX data,13,
6786,1.653686 s,8.7 ¦Ìs,RX data,72,
6787,1.653696 s,8.7 ¦Ìs,RX data,CB,
6788,1.653707 s,8.7 ¦Ìs,RX data,3F,
6789,1.653718 s,8.7 ¦Ìs,RX data,06,
6790,1.653729 s,8.7 ¦Ìs,RX data,F8,
6791,1.65374 s,8.7 ¦Ìs,RX data,64,
6792,1.653751 s,8.7 ¦Ìs,RX data,02,
6793,1.653761 s,8.7 ¦Ìs,RX data,02,
6794,1.653772 s,8.7 ¦Ìs,RX data,57,
6795,1.653783 s,8.7 ¦Ìs,RX data,F1,
6796,1.653794 s,8.7 ¦Ìs,RX data,46,
6797,1.653805 s,8.7 ¦Ìs,RX data,19,
6798,1.653816 s,8.7 ¦Ìs,RX data,C2,
6799,1.653826 s,8.7 ¦Ìs,RX data,AB,
6800,1.653837 s,8.7 ¦Ìs,RX data,04,
6801,1.653848 s,8.7 ¦Ìs,RX data,09,
6802,1.653859 s,8.7 ¦Ìs,RX data,76,
6803,1.65387 s,8.7 ¦Ìs,RX data,CD,
6804,1.653881 s,8.7 ¦Ìs,RX data,1F,
6805,1.653891 s,8.7 ¦Ìs,RX data,03,
6806,1.653902 s,8.7 ¦Ìs,RX data,7A,
6807,1.653913 s,8.7 ¦Ìs,RX data,3A,
6808,1.653924 s,8.7 ¦Ìs,RX data,00,
6809,1.653935 s,8.7 ¦Ìs,RX data,00,
6810,1.653946 s,8.7 ¦Ìs,RX data,AA,
6811,1.653956 s,8.7 ¦Ìs,RX data,6C,
6812,1.653967 s,8.7 ¦Ìs,RX data,08,
6813,1.653978 s,8.7 ¦Ìs,RX data,20,
6814,1.653989 s,8.7 ¦Ìs,RX data,36,
6815,1.654 s,8.7 ¦Ìs,RX data,89,
6816,1.654011 s,8.7 ¦Ìs,RX data,3C,
6817,1.654021 s,8.7 ¦Ìs,RX data,63,
6818,1.654032 s,8.7 ¦Ìs,RX data,35,
6819,1.654043 s,8.7 ¦Ìs,RX data,58,
6820,1.654054 s,8.7 ¦Ìs,RX data,2B,
6821,1.654065 s,8.7 ¦Ìs,RX data,68,
6822,1.654076 s,8.7 ¦Ìs,RX data,7E,
6823,1.654086 s,8.7 ¦Ìs,RX data,91,
6824,1.654097 s,8.7 ¦Ìs,RX data,83,
6825,1.654108 s,8.7 ¦Ìs,RX data,6F,
6826,1.654119 s,8.7 ¦Ìs,RX data,55,
6827,1.65413 s,8.7 ¦Ìs,RX data,83,
6828,1.654141 s,8.7 ¦Ìs,RX data,6D,
6829,1.654151 s,8.7 ¦Ìs,RX data,F8,
6830,1.654162 s,8.7 ¦Ìs,RX data,9C,
6831,1.654173 s,8.7 ¦Ìs,RX data,EE,
6832,1.654184 s,8.7 ¦Ìs,RX data,6F,
6833,1.654195 s,8.7 ¦Ìs,RX data,26,
6834,1.654206 s,8.7 ¦Ìs,RX data,05,
6835,1.654216 s,8.7 ¦Ìs,RX data,88,
6836,1.654227 s,8.7 ¦Ìs,RX data,F1,
6837,1.654238 s,8.7 ¦Ìs,RX data,D1,
6838,1.654249 s,8.7 ¦Ìs,RX data,88,
6839,1.65426 s,8.7 ¦Ìs,RX data,02,
6840,1.654271 s,8.7 ¦Ìs,RX data,B5,
6841,1.654281 s,8.7 ¦Ìs,RX data,62,
6842,1.654292 s,8.7 ¦Ìs,RX data,13,
6843,1.654303 s,8.7 ¦Ìs,RX data,80,
6844,1.654314 s,8.7 ¦Ìs,RX data,58,
6845,1.654325 s,8.7 ¦Ìs,RX data,00,
6846,1.654336 s,8.7 ¦Ìs,RX data,05,
6847,1.654346 s,8.7 ¦Ìs,RX data,00,
6848,1.654357 s,8.7 ¦Ìs,RX data,00,
6849,1.654368 s,8.7 ¦Ìs,RX data,1A,
6850,1.654379 s,8.7 ¦Ìs,RX data,19,
6851,1.65439 s,8.7 ¦Ìs,RX data,06,
6852,1.654401 s,8.7 ¦Ìs,RX data,08,
6853,1.654411 s,8.7 ¦Ìs,RX data,0C,
6854,1.654422 s,8.7 ¦Ìs,RX data,0F,
6855,1.654433 s,8.7 ¦Ìs,RX data,03,
6856,1.654444 s,8.7 ¦Ìs,RX data,06,
6857,1.654455 s,8.7 ¦Ìs,RX data,1E,
6858,1.654466 s,8.7 ¦Ìs,RX data,5C,
6859,1.654476 s,8.7 ¦Ìs,RX data,40,
6860,1.654487 s,8.7 ¦Ìs,RX data,10,
6861,1.654498 s,8.7 ¦Ìs,RX data,05,
6862,1.654509 s,8.7 ¦Ìs,RX data,19,
6863,1.65452 s,8.7 ¦Ìs,RX data,5E,
6864,1.654531 s,8.7 ¦Ìs,RX data,AD,
6865,1.654541 s,8.7 ¦Ìs,RX data,14,
6866,1.654552 s,8.7 ¦Ìs,RX data,29,
6867,1.654563 s,8.7 ¦Ìs,RX data,0F,
6868,1.654574 s,8.7 ¦Ìs,RX data,00,
6869,1.654585 s,8.7 ¦Ìs,RX data,95,
6870,1.654596 s,8.7 ¦Ìs,RX data,41,
6871,1.654606 s,8.7 ¦Ìs,RX data,09,
6872,1.654617 s,8.7 ¦Ìs,RX data,97,
6873,1.654628 s,8.7 ¦Ìs,RX data,FD,
6874,1.654639 s,8.7 ¦Ìs,RX data,00,
6875,1.65465 s,8.7 ¦Ìs,RX data,00,
6876,1.654661 s,8.7 ¦Ìs,RX data,00,
6877,1.654671 s,8.7 ¦Ìs,RX data,44,
6878,1.654682 s,8.7 ¦Ìs,RX data,0A,
6879,1.654693 s,8.7 ¦Ìs,RX data,FC,
6880,1.654704 s,8.7 ¦Ìs,RX data,AF,
6881,1.654715 s,8.7 ¦Ìs,RX data,13,
6882,1.654726 s,8.7 ¦Ìs,RX data,4D,
6883,1.654736 s,8.7 ¦Ìs,RX data,FB,
6884,1.654747 s,8.7 ¦Ìs,RX data,3F,
6885,1.654758 s,8.7 ¦Ìs,RX data,07,
6886,1.654769 s,8.7 ¦Ìs,RX data,E9,
6887,1.65478 s,8.7 ¦Ìs,RX data,64,
6888,1.654791 s,8.7 ¦Ìs,RX data,E2,
6889,1.654801 s,8.7 ¦Ìs,RX data,41,
6890,1.654812 s,8.7 ¦Ìs,RX data,56,
6891,1.654823 s,8.7 ¦Ìs,RX data,F1,
6892,1.654834 s,8.7 ¦Ìs,RX data,46,
6893,1.654845 s,8.7 ¦Ìs,RX data,60,
6894,1.654856 s,8.7 ¦Ìs,RX data,8A,
6895,1.654866 s,8.7 ¦Ìs,RX data,02,
6896,1.654877 s,8.7 ¦Ìs,RX data,0D,
6897,1.654888 s,8.7 ¦Ìs,RX data,09,
6898,1.654899 s,8.7 ¦Ìs,RX data,DA,
6899,1.65491 s,8.7 ¦Ìs,RX data,5D,
6900,1.654921 s,8.7 ¦Ìs,RX data,EE,
6901,1.654931 s,8.7 ¦Ìs,RX data,09,
6902,1.654942 s,8.7 ¦Ìs,RX data,7A,
6903,1.654953 s,8.7 ¦Ìs,RX data,3A,
6904,1.654964 s,8.7 ¦Ìs,RX data,00,
6905,1.654975 s,8.7 ¦Ìs,RX data,00,
6906,1.654986 s,8.7 ¦Ìs,RX data,AA,
6907,1.654996 s,8.7 ¦Ìs,RX data,6C,
6908,1.655007 s,8.7 ¦Ìs,RX data,07,
6909,1.655018 s,8.7 ¦Ìs,RX data,20,
6910,1.655029 s,8.7 ¦Ìs,RX data,45,
6911,1.65504 s,8.7 ¦Ìs,RX data,23,
6912,1.655051 s,8.7 ¦Ìs,RX data,F8,
6913,1.655061 s,8.7 ¦Ìs,RX data,12,
6914,1.655072 s,8.7 ¦Ìs,RX data,4C,
6915,1.655083 s,8.7 ¦Ìs,RX data,C7,
6916,1.655094 s,8.7 ¦Ìs,RX data,83,
6917,1.655105 s,8.7 ¦Ìs,RX data,4B,
6918,1.655116 s,8.7 ¦Ìs,RX data,CE,
6919,1.655126 s,8.7 ¦Ìs,RX data,47,
6920,1.655137 s,8.7 ¦Ìs,RX data,B2,
6921,1.655148 s,8.7 ¦Ìs,RX data,B4,
6922,1.655159 s,8.7 ¦Ìs,RX data,ED,
6923,1.65517 s,8.7 ¦Ìs,RX data,47,
6924,1.655181 s,8.7 ¦Ìs,RX data,A6,
6925,1.655191 s,8.7 ¦Ìs,RX data,33,
6926,1.655202 s,8.7 ¦Ìs,RX data,98,
6927,1.655213 s,8.7 ¦Ìs,RX data,42,
6928,1.655224 s,8.7 ¦Ìs,RX data,BB,
6929,1.655235 s,8.7 ¦Ìs,RX data,1D,
6930,1.655246 s,8.7 ¦Ìs,RX data,24,
6931,1.655256 s,8.7 ¦Ìs,RX data,A3,
6932,1.655267 s,8.7 ¦Ìs,RX data,0D,
6933,1.655278 s,8.7 ¦Ìs,RX data,0D,
6934,1.655289 s,8.7 ¦Ìs,RX data,2D,
6935,1.6553 s,8.7 ¦Ìs,RX data,63,
6936,1.655311 s,8.7 ¦Ìs,RX data,B5,
6937,1.655321 s,8.7 ¦Ìs,RX data,62,
6938,1.655332 s,8.7 ¦Ìs,RX data,13,
6939,1.655343 s,8.7 ¦Ìs,RX data,80,
6940,1.655354 s,8.7 ¦Ìs,RX data,58,
6941,1.655365 s,8.7 ¦Ìs,RX data,00,
6942,1.655376 s,8.7 ¦Ìs,RX data,05,
6943,1.655386 s,8.7 ¦Ìs,RX data,00,
6944,1.655397 s,8.7 ¦Ìs,RX data,00,
6945,1.655408 s,8.7 ¦Ìs,RX data,1C,
6946,1.655419 s,8.7 ¦Ìs,RX data,19,
6947,1.65543 s,8.7 ¦Ìs,RX data,06,
6948,1.655441 s,8.7 ¦Ìs,RX data,08,
6949,1.655451 s,8.7 ¦Ìs,RX data,0C,
6950,1.655462 s,8.7 ¦Ìs,RX data,1E,
6951,1.655473 s,8.7 ¦Ìs,RX data,03,
6952,1.655484 s,8.7 ¦Ìs,RX data,06,
6953,1.655495 s,8.7 ¦Ìs,RX data,1E,
6954,1.655506 s,8.7 ¦Ìs,RX data,5C,
6955,1.655516 s,8.7 ¦Ìs,RX data,40,
6956,1.655527 s,8.7 ¦Ìs,RX data,10,
6957,1.655538 s,8.7 ¦Ìs,RX data,05,
6958,1.655549 s,8.7 ¦Ìs,RX data,1B,
6959,1.65556 s,8.7 ¦Ìs,RX data,5E,
6960,1.655571 s,8.7 ¦Ìs,RX data,AD,
6961,1.655581 s,8.7 ¦Ìs,RX data,14,
6962,1.655592 s,8.7 ¦Ìs,RX data,8A,
6963,1.655603 s,8.7 ¦Ìs,RX data,4E,
6964,1.655614 s,8.7 ¦Ìs,RX data,00,
6965,1.655625 s,8.7 ¦Ìs,RX data,AB,
6966,1.655636 s,8.7 ¦Ìs,RX data,41,
6967,1.655646 s,8.7 ¦Ìs,RX data,09,
6968,1.655657 s,8.7 ¦Ìs,RX data,98,
6969,1.655668 s,8.7 ¦Ìs,RX data,FD,
6970,1.655679 s,8.7 ¦Ìs,RX data,00,
6971,1.65569 s,8.7 ¦Ìs,RX data,00,
6972,1.655701 s,8.7 ¦Ìs,RX data,40,
6973,1.655711 s,8.7 ¦Ìs,RX data,44,
6974,1.655722 s,8.7 ¦Ìs,RX data,D9,
6975,1.655733 s,8.7 ¦Ìs,RX data,FE,
6976,1.655744 s,8.7 ¦Ìs,RX data,AF,
6977,1.655755 s,8.7 ¦Ìs,RX data,13,
6978,1.655766 s,8.7 ¦Ìs,RX data,70,
6979,1.655776 s,8.7 ¦Ìs,RX data,0B,
6980,1.655787 s,8.7 ¦Ìs,RX data,00,
6981,1.655798 s,8.7 ¦Ìs,RX data,F6,
6982,1.655809 s,8.7 ¦Ìs,RX data,F8,
6983,1.65582 s,8.7 ¦Ìs,RX data,64,
6984,1.655831 s,8.7 ¦Ìs,RX data,02,
6985,1.655841 s,8.7 ¦Ìs,RX data,42,
6986,1.655852 s,8.7 ¦Ìs,RX data,57,
6987,1.655863 s,8.7 ¦Ìs,RX data,F1,
6988,1.655874 s,8.7 ¦Ìs,RX data,46,
6989,1.655885 s,8.7 ¦Ìs,RX data,69,
6990,1.655896 s,8.7 ¦Ìs,RX data,BE,
6991,1.655906 s,8.7 ¦Ìs,RX data,1D,
6992,1.655917 s,8.7 ¦Ìs,RX data,06,
6993,1.655928 s,8.7 ¦Ìs,RX data,09,
6994,1.655939 s,8.7 ¦Ìs,RX data,02,
6995,1.65595 s,8.7 ¦Ìs,RX data,5F,
6996,1.655961 s,8.7 ¦Ìs,RX data,D7,
6997,1.655971 s,8.7 ¦Ìs,RX data,03,
6998,1.655982 s,8.7 ¦Ìs,RX data,7A,
6999,1.655993 s,8.7 ¦Ìs,RX data,3A,
7000,1.656004 s,8.7 ¦Ìs,RX data,00,
7001,1.656015 s,8.7 ¦Ìs,RX data,00,
7002,1.656026 s,8.7 ¦Ìs,RX data,AA,
7003,1.656036 s,8.7 ¦Ìs,RX data,6C,
7004,1.656047 s,8.7 ¦Ìs,RX data,08,
7005,1.656058 s,8.7 ¦Ìs,RX data,20,
7006,1.656069 s,8.7 ¦Ìs,RX data,DC,
7007,1.65608 s,8.7 ¦Ìs,RX data,CD,
7008,1.656091 s,8.7 ¦Ìs,RX data,8C,
7009,1.656101 s,8.7 ¦Ìs,RX data,A5,
7010,1.656112 s,8.7 ¦Ìs,RX data,4F,
7011,1.656123 s,8.7 ¦Ìs,RX data,3E,
7012,1.656134 s,8.7 ¦Ìs,RX data,04,
7013,1.656145 s,8.7 ¦Ìs,RX data,21,
7014,1.656156 s,8.7 ¦Ìs,RX data,F9,
7015,1.656166 s,8.7 ¦Ìs,RX data,F4,
7016,1.656177 s,8.7 ¦Ìs,RX data,D6,
7017,1.656188 s,8.7 ¦Ìs,RX data,8E,
7018,1.656199 s,8.7 ¦Ìs,RX data,60,
7019,1.65621 s,8.7 ¦Ìs,RX data,BE,
7020,1.656221 s,8.7 ¦Ìs,RX data,5F,
7021,1.656231 s,8.7 ¦Ìs,RX data,1D,
7022,1.656242 s,8.7 ¦Ìs,RX data,65,
7023,1.656253 s,8.7 ¦Ìs,RX data,47,
7024,1.656264 s,8.7 ¦Ìs,RX data,FC,
7025,1.656275 s,8.7 ¦Ìs,RX data,18,
7026,1.656286 s,8.7 ¦Ìs,RX data,A8,
7027,1.656296 s,8.7 ¦Ìs,RX data,A5,
7028,1.656307 s,8.7 ¦Ìs,RX data,5C,
7029,1.656318 s,8.7 ¦Ìs,RX data,D1,
7030,1.656329 s,8.7 ¦Ìs,RX data,BE,
7031,1.65634 s,8.7 ¦Ìs,RX data,DE,
7032,1.656351 s,8.7 ¦Ìs,RX data,B5,
7033,1.656361 s,8.7 ¦Ìs,RX data,62,
7034,1.656372 s,8.7 ¦Ìs,RX data,13,
7035,1.656383 s,8.7 ¦Ìs,RX data,80,
7036,1.656394 s,8.7 ¦Ìs,RX data,58,
7037,1.656405 s,8.7 ¦Ìs,RX data,00,
7038,1.656416 s,8.7 ¦Ìs,RX data,05,
7039,1.656426 s,8.7 ¦Ìs,RX data,00,
7040,1.658633 s,8.7 ¦Ìs,RX data,00,
7041,1.658644 s,8.7 ¦Ìs,RX data,1F,
7042,1.658655 s,8.7 ¦Ìs,RX data,19,
7043,1.658666 s,8.7 ¦Ìs,RX data,06,
7044,1.658677 s,8.7 ¦Ìs,RX data,08,
7045,1.658687 s,8.7 ¦Ìs,RX data,0C,
7046,1.658698 s,8.7 ¦Ìs,RX data,1E,
7047,1.658709 s,8.7 ¦Ìs,RX data,03,
7048,1.65872 s,8.7 ¦Ìs,RX data,06,
7049,1.658731 s,8.7 ¦Ìs,RX data,1E,
7050,1.658742 s,8.7 ¦Ìs,RX data,5C,
7051,1.658752 s,8.7 ¦Ìs,RX data,40,
7052,1.658763 s,8.7 ¦Ìs,RX data,10,
7053,1.658774 s,8.7 ¦Ìs,RX data,05,
7054,1.658785 s,8.7 ¦Ìs,RX data,1E,
7055,1.658796 s,8.7 ¦Ìs,RX data,5E,
7056,1.658807 s,8.7 ¦Ìs,RX data,AD,
7057,1.658817 s,8.7 ¦Ìs,RX data,14,
7058,1.658828 s,8.7 ¦Ìs,RX data,7D,
7059,1.658839 s,8.7 ¦Ìs,RX data,A5,
7060,1.65885 s,8.7 ¦Ìs,RX data,00,
7061,1.658861 s,8.7 ¦Ìs,RX data,F5,
7062,1.658872 s,8.7 ¦Ìs,RX data,41,
7063,1.658882 s,8.7 ¦Ìs,RX data,09,
7064,1.658893 s,8.7 ¦Ìs,RX data,98,
7065,1.658904 s,8.7 ¦Ìs,RX data,7D,
7066,1.658915 s,8.7 ¦Ìs,RX data,00,
7067,1.658926 s,8.7 ¦Ìs,RX data,00,
7068,1.658937 s,8.7 ¦Ìs,RX data,40,
7069,1.658947 s,8.7 ¦Ìs,RX data,44,
7070,1.658958 s,8.7 ¦Ìs,RX data,5B,
7071,1.658969 s,8.7 ¦Ìs,RX data,00,
7072,1.65898 s,8.7 ¦Ìs,RX data,A0,
7073,1.658991 s,8.7 ¦Ìs,RX data,13,
7074,1.659002 s,8.7 ¦Ìs,RX data,4B,
7075,1.659012 s,8.7 ¦Ìs,RX data,0B,
7076,1.659023 s,8.7 ¦Ìs,RX data,80,
7077,1.659034 s,8.7 ¦Ìs,RX data,F1,
7078,1.659045 s,8.7 ¦Ìs,RX data,F8,
7079,1.659056 s,8.7 ¦Ìs,RX data,64,
7080,1.659067 s,8.7 ¦Ìs,RX data,02,
7081,1.659077 s,8.7 ¦Ìs,RX data,42,
7082,1.659088 s,8.7 ¦Ìs,RX data,57,
7083,1.659099 s,8.7 ¦Ìs,RX data,F1,
7084,1.65911 s,8.7 ¦Ìs,RX data,E6,
7085,1.659121 s,8.7 ¦Ìs,RX data,60,
7086,1.659132 s,8.7 ¦Ìs,RX data,A3,
7087,1.659142 s,8.7 ¦Ìs,RX data,17,
7088,1.659153 s,8.7 ¦Ìs,RX data,09,
7089,1.659164 s,8.7 ¦Ìs,RX data,09,
7090,1.659175 s,8.7 ¦Ìs,RX data,84,
7091,1.659186 s,8.7 ¦Ìs,RX data,92,
7092,1.659197 s,8.7 ¦Ìs,RX data,F2,
7093,1.659207 s,8.7 ¦Ìs,RX data,07,
7094,1.659218 s,8.7 ¦Ìs,RX data,7A,
7095,1.659229 s,8.7 ¦Ìs,RX data,3A,
7096,1.65924 s,8.7 ¦Ìs,RX data,00,
7097,1.659251 s,8.7 ¦Ìs,RX data,00,
7098,1.659262 s,8.7 ¦Ìs,RX data,AA,
7099,1.659272 s,8.7 ¦Ìs,RX data,6C,
7100,1.659283 s,8.7 ¦Ìs,RX data,08,
7101,1.659294 s,8.7 ¦Ìs,RX data,20,
7102,1.659305 s,8.7 ¦Ìs,RX data,10,
7103,1.659316 s,8.7 ¦Ìs,RX data,01,
7104,1.659327 s,8.7 ¦Ìs,RX data,44,
7105,1.659337 s,8.7 ¦Ìs,RX data,79,
7106,1.659348 s,8.7 ¦Ìs,RX data,01,
7107,1.659359 s,8.7 ¦Ìs,RX data,02,
7108,1.65937 s,8.7 ¦Ìs,RX data,80,
7109,1.659381 s,8.7 ¦Ìs,RX data,D0,
7110,1.659392 s,8.7 ¦Ìs,RX data,05,
7111,1.659402 s,8.7 ¦Ìs,RX data,FA,
7112,1.659413 s,8.7 ¦Ìs,RX data,74,
7113,1.659424 s,8.7 ¦Ìs,RX data,43,
7114,1.659435 s,8.7 ¦Ìs,RX data,D2,
7115,1.659446 s,8.7 ¦Ìs,RX data,C1,
7116,1.659457 s,8.7 ¦Ìs,RX data,BD,
7117,1.659467 s,8.7 ¦Ìs,RX data,2F,
7118,1.659478 s,8.7 ¦Ìs,RX data,B0,
7119,1.659489 s,8.7 ¦Ìs,RX data,00,
7120,1.6595 s,8.7 ¦Ìs,RX data,60,
7121,1.659511 s,8.7 ¦Ìs,RX data,0D,
7122,1.659522 s,8.7 ¦Ìs,RX data,B5,
7123,1.659532 s,8.7 ¦Ìs,RX data,84,
7124,1.659543 s,8.7 ¦Ìs,RX data,39,
7125,1.659554 s,8.7 ¦Ìs,RX data,DD,
7126,1.659565 s,8.7 ¦Ìs,RX data,01,
7127,1.659576 s,8.7 ¦Ìs,RX data,65,
7128,1.659587 s,8.7 ¦Ìs,RX data,B5,
7129,1.659597 s,8.7 ¦Ìs,RX data,62,
7130,1.659608 s,8.7 ¦Ìs,RX data,13,
7131,1.659619 s,8.7 ¦Ìs,RX data,80,
7132,1.65963 s,8.7 ¦Ìs,RX data,58,
7133,1.659641 s,8.7 ¦Ìs,RX data,00,
7134,1.659652 s,8.7 ¦Ìs,RX data,05,
7135,1.659662 s,8.7 ¦Ìs,RX data,00,
7136,1.659673 s,8.7 ¦Ìs,RX data,00,
7137,1.659684 s,8.7 ¦Ìs,RX data,20,
7138,1.659695 s,8.7 ¦Ìs,RX data,19,
7139,1.659706 s,8.7 ¦Ìs,RX data,06,
7140,1.659717 s,8.7 ¦Ìs,RX data,08,
7141,1.659727 s,8.7 ¦Ìs,RX data,0C,
7142,1.659738 s,8.7 ¦Ìs,RX data,1E,
7143,1.659749 s,8.7 ¦Ìs,RX data,03,
7144,1.65976 s,8.7 ¦Ìs,RX data,06,
7145,1.659771 s,8.7 ¦Ìs,RX data,1E,
7146,1.659782 s,8.7 ¦Ìs,RX data,5C,
7147,1.659792 s,8.7 ¦Ìs,RX data,40,
7148,1.659803 s,8.7 ¦Ìs,RX data,10,
7149,1.659814 s,8.7 ¦Ìs,RX data,05,
7150,1.659825 s,8.7 ¦Ìs,RX data,1F,
7151,1.659836 s,8.7 ¦Ìs,RX data,5E,
7152,1.659847 s,8.7 ¦Ìs,RX data,AD,
7153,1.659857 s,8.7 ¦Ìs,RX data,14,
7154,1.659868 s,8.7 ¦Ìs,RX data,9F,
7155,1.659879 s,8.7 ¦Ìs,RX data,48,
7156,1.65989 s,8.7 ¦Ìs,RX data,00,
7157,1.659901 s,8.7 ¦Ìs,RX data,A2,
7158,1.659912 s,8.7 ¦Ìs,RX data,41,
7159,1.659922 s,8.7 ¦Ìs,RX data,09,
7160,1.659933 s,8.7 ¦Ìs,RX data,98,
7161,1.659944 s,8.7 ¦Ìs,RX data,7D,
7162,1.659955 s,8.7 ¦Ìs,RX data,00,
7163,1.659966 s,8.7 ¦Ìs,RX data,00,
7164,1.659977 s,8.7 ¦Ìs,RX data,40,
7165,1.659987 s,8.7 ¦Ìs,RX data,44,
7166,1.659998 s,8.7 ¦Ìs,RX data,FF,
7167,1.660009 s,8.7 ¦Ìs,RX data,02,
7168,1.66002 s,8.7 ¦Ìs,RX data,A0,
7169,1.660031 s,8.7 ¦Ìs,RX data,13,
7170,1.660042 s,8.7 ¦Ìs,RX data,F2,
7171,1.660052 s,8.7 ¦Ìs,RX data,1D,
7172,1.660063 s,8.7 ¦Ìs,RX data,00,
7173,1.660074 s,8.7 ¦Ìs,RX data,01,
7174,1.660085 s,8.7 ¦Ìs,RX data,F8,
7175,1.660096 s,8.7 ¦Ìs,RX data,64,
7176,1.660107 s,8.7 ¦Ìs,RX data,02,
7177,1.660117 s,8.7 ¦Ìs,RX data,C2,
7178,1.660128 s,8.7 ¦Ìs,RX data,57,
7179,1.660139 s,8.7 ¦Ìs,RX data,F1,
7180,1.66015 s,8.7 ¦Ìs,RX data,C6,
7181,1.660161 s,8.7 ¦Ìs,RX data,60,
7182,1.660172 s,8.7 ¦Ìs,RX data,EC,
7183,1.660182 s,8.7 ¦Ìs,RX data,DE,
7184,1.660193 s,8.7 ¦Ìs,RX data,06,
7185,1.660204 s,8.7 ¦Ìs,RX data,09,
7186,1.660215 s,8.7 ¦Ìs,RX data,7E,
7187,1.660226 s,8.7 ¦Ìs,RX data,AA,
7188,1.660237 s,8.7 ¦Ìs,RX data,E3,
7189,1.660247 s,8.7 ¦Ìs,RX data,18,
7190,1.660258 s,8.7 ¦Ìs,RX data,7A,
7191,1.660269 s,8.7 ¦Ìs,RX data,3A,
7192,1.66028 s,8.7 ¦Ìs,RX data,00,
7193,1.660291 s,8.7 ¦Ìs,RX data,00,
7194,1.660302 s,8.7 ¦Ìs,RX data,AA,
7195,1.660312 s,8.7 ¦Ìs,RX data,6C,
7196,1.660323 s,8.7 ¦Ìs,RX data,08,
7197,1.660334 s,8.7 ¦Ìs,RX data,20,
7198,1.660345 s,8.7 ¦Ìs,RX data,20,
7199,1.660356 s,8.7 ¦Ìs,RX data,D6,
7200,1.660367 s,8.7 ¦Ìs,RX data,9B,
7201,1.660377 s,8.7 ¦Ìs,RX data,FA,
7202,1.660388 s,8.7 ¦Ìs,RX data,65,
7203,1.660399 s,8.7 ¦Ìs,RX data,C0,
7204,1.66041 s,8.7 ¦Ìs,RX data,FC,
7205,1.660421 s,8.7 ¦Ìs,RX data,5F,
7206,1.660432 s,8.7 ¦Ìs,RX data,18,
7207,1.660442 s,8.7 ¦Ìs,RX data,B9,
7208,1.660453 s,8.7 ¦Ìs,RX data,B2,
7209,1.660464 s,8.7 ¦Ìs,RX data,DC,
7210,1.660475 s,8.7 ¦Ìs,RX data,8E,
7211,1.660486 s,8.7 ¦Ìs,RX data,2E,
7212,1.660497 s,8.7 ¦Ìs,RX data,FC,
7213,1.660507 s,8.7 ¦Ìs,RX data,0D,
7214,1.660518 s,8.7 ¦Ìs,RX data,4D,
7215,1.660529 s,8.7 ¦Ìs,RX data,0D,
7216,1.66054 s,8.7 ¦Ìs,RX data,09,
7217,1.660551 s,8.7 ¦Ìs,RX data,2F,
7218,1.660562 s,8.7 ¦Ìs,RX data,5C,
7219,1.660572 s,8.7 ¦Ìs,RX data,98,
7220,1.660583 s,8.7 ¦Ìs,RX data,B8,
7221,1.660594 s,8.7 ¦Ìs,RX data,DB,
7222,1.660605 s,8.7 ¦Ìs,RX data,6B,
7223,1.660616 s,8.7 ¦Ìs,RX data,81,
7224,1.660627 s,8.7 ¦Ìs,RX data,B5,
7225,1.660637 s,8.7 ¦Ìs,RX data,62,
7226,1.660648 s,8.7 ¦Ìs,RX data,13,
7227,1.660659 s,8.7 ¦Ìs,RX data,80,
7228,1.66067 s,8.7 ¦Ìs,RX data,58,
7229,1.660681 s,8.7 ¦Ìs,RX data,00,
7230,1.660692 s,8.7 ¦Ìs,RX data,05,
7231,1.660702 s,8.7 ¦Ìs,RX data,00,
7232,1.660713 s,8.7 ¦Ìs,RX data,02,
7233,1.660724 s,8.7 ¦Ìs,RX data,03,
7234,1.660735 s,8.7 ¦Ìs,RX data,05,
7235,1.660746 s,8.7 ¦Ìs,RX data,0A,
7236,1.660757 s,8.7 ¦Ìs,RX data,17,
7237,1.660767 s,8.7 ¦Ìs,RX data,0C,
7238,1.660778 s,8.7 ¦Ìs,RX data,1E,
7239,1.660789 s,8.7 ¦Ìs,RX data,03,
7240,1.6608 s,8.7 ¦Ìs,RX data,06,
7241,1.660811 s,8.7 ¦Ìs,RX data,1E,
7242,1.660822 s,8.7 ¦Ìs,RX data,5C,
7243,1.660832 s,8.7 ¦Ìs,RX data,40,
7244,1.660843 s,8.7 ¦Ìs,RX data,10,
7245,1.660854 s,8.7 ¦Ìs,RX data,05,
7246,1.660865 s,8.7 ¦Ìs,RX data,49,
7247,1.660876 s,8.7 ¦Ìs,RX data,5E,
7248,1.660887 s,8.7 ¦Ìs,RX data,AD,
7249,1.660897 s,8.7 ¦Ìs,RX data,14,
7250,1.660908 s,8.7 ¦Ìs,RX data,A4,
7251,1.660919 s,8.7 ¦Ìs,RX data,D3,
7252,1.66093 s,8.7 ¦Ìs,RX data,00,
7253,1.660941 s,8.7 ¦Ìs,RX data,25,
7254,1.660952 s,8.7 ¦Ìs,RX data,41,
7255,1.660962 s,8.7 ¦Ìs,RX data,05,
7256,1.660973 s,8.7 ¦Ìs,RX data,98,
7257,1.660984 s,8.7 ¦Ìs,RX data,FD,
7258,1.660995 s,8.7 ¦Ìs,RX data,00,
7259,1.661006 s,8.7 ¦Ìs,RX data,00,
7260,1.661017 s,8.7 ¦Ìs,RX data,40,
7261,1.661027 s,8.7 ¦Ìs,RX data,44,
7262,1.661038 s,8.7 ¦Ìs,RX data,64,
7263,1.661049 s,8.7 ¦Ìs,RX data,FF,
7264,1.66106 s,8.7 ¦Ìs,RX data,AF,
7265,1.661071 s,8.7 ¦Ìs,RX data,13,
7266,1.661082 s,8.7 ¦Ìs,RX data,98,
7267,1.661092 s,8.7 ¦Ìs,RX data,07,
7268,1.661103 s,8.7 ¦Ìs,RX data,40,
7269,1.661114 s,8.7 ¦Ìs,RX data,01,
7270,1.661125 s,8.7 ¦Ìs,RX data,F8,
7271,1.661136 s,8.7 ¦Ìs,RX data,64,
7272,1.661147 s,8.7 ¦Ìs,RX data,02,
7273,1.661157 s,8.7 ¦Ìs,RX data,42,
7274,1.661168 s,8.7 ¦Ìs,RX data,57,
7275,1.661179 s,8.7 ¦Ìs,RX data,F1,
7276,1.66119 s,8.7 ¦Ìs,RX data,06,
7277,1.661201 s,8.7 ¦Ìs,RX data,4C,
7278,1.661212 s,8.7 ¦Ìs,RX data,7D,
7279,1.661222 s,8.7 ¦Ìs,RX data,14,
7280,1.661233 s,8.7 ¦Ìs,RX data,0A,
7281,1.661244 s,8.7 ¦Ìs,RX data,09,
7282,1.661255 s,8.7 ¦Ìs,RX data,92,
7283,1.661266 s,8.7 ¦Ìs,RX data,27,
7284,1.661277 s,8.7 ¦Ìs,RX data,F3,
7285,1.661287 s,8.7 ¦Ìs,RX data,06,
7286,1.661298 s,8.7 ¦Ìs,RX data,7A,
7287,1.661309 s,8.7 ¦Ìs,RX data,3A,
7288,1.66132 s,8.7 ¦Ìs,RX data,00,
7289,1.661331 s,8.7 ¦Ìs,RX data,00,
7290,1.661342 s,8.7 ¦Ìs,RX data,AA,
7291,1.661352 s,8.7 ¦Ìs,RX data,6C,
7292,1.661363 s,8.7 ¦Ìs,RX data,0C,
7293,1.661374 s,8.7 ¦Ìs,RX data,20,
7294,1.661385 s,8.7 ¦Ìs,RX data,8F,
7295,1.661396 s,8.7 ¦Ìs,RX data,32,
7296,1.663651 s,8.7 ¦Ìs,RX data,36,
7297,1.663662 s,8.7 ¦Ìs,RX data,01,
7298,1.663673 s,8.7 ¦Ìs,RX data,BE,
7299,1.663684 s,8.7 ¦Ìs,RX data,54,
7300,1.663695 s,8.7 ¦Ìs,RX data,4D,
7301,1.663706 s,8.7 ¦Ìs,RX data,7C,
7302,1.663716 s,8.7 ¦Ìs,RX data,13,
7303,1.663727 s,8.7 ¦Ìs,RX data,BF,
7304,1.663738 s,8.7 ¦Ìs,RX data,80,
7305,1.663749 s,8.7 ¦Ìs,RX data,89,
7306,1.66376 s,8.7 ¦Ìs,RX data,87,
7307,1.663771 s,8.7 ¦Ìs,RX data,1A,
7308,1.663781 s,8.7 ¦Ìs,RX data,BB,
7309,1.663792 s,8.7 ¦Ìs,RX data,24,
7310,1.663803 s,8.7 ¦Ìs,RX data,21,
7311,1.663814 s,8.7 ¦Ìs,RX data,26,
7312,1.663825 s,8.7 ¦Ìs,RX data,9F,
7313,1.663836 s,8.7 ¦Ìs,RX data,EB,
7314,1.663846 s,8.7 ¦Ìs,RX data,86,
7315,1.663857 s,8.7 ¦Ìs,RX data,6F,
7316,1.663868 s,8.7 ¦Ìs,RX data,FF,
7317,1.663879 s,8.7 ¦Ìs,RX data,D8,
7318,1.66389 s,8.7 ¦Ìs,RX data,D6,
7319,1.663901 s,8.7 ¦Ìs,RX data,BB,
7320,1.663911 s,8.7 ¦Ìs,RX data,B5,
7321,1.663922 s,8.7 ¦Ìs,RX data,62,
7322,1.663933 s,8.7 ¦Ìs,RX data,13,
7323,1.663944 s,8.7 ¦Ìs,RX data,80,
7324,1.663955 s,8.7 ¦Ìs,RX data,58,
7325,1.663966 s,8.7 ¦Ìs,RX data,00,
7326,1.663976 s,8.7 ¦Ìs,RX data,05,
7327,1.663987 s,8.7 ¦Ìs,RX data,00,
7328,1.663998 s,8.7 ¦Ìs,RX data,02,
7329,1.664009 s,8.7 ¦Ìs,RX data,05,
7330,1.66402 s,8.7 ¦Ìs,RX data,05,
7331,1.664031 s,8.7 ¦Ìs,RX data,0A,
7332,1.664041 s,8.7 ¦Ìs,RX data,17,
7333,1.664052 s,8.7 ¦Ìs,RX data,0C,
7334,1.664063 s,8.7 ¦Ìs,RX data,1E,
7335,1.664074 s,8.7 ¦Ìs,RX data,03,
7336,1.664085 s,8.7 ¦Ìs,RX data,06,
7337,1.664096 s,8.7 ¦Ìs,RX data,1E,
7338,1.664106 s,8.7 ¦Ìs,RX data,5C,
7339,1.664117 s,8.7 ¦Ìs,RX data,40,
7340,1.664128 s,8.7 ¦Ìs,RX data,10,
7341,1.664139 s,8.7 ¦Ìs,RX data,05,
7342,1.66415 s,8.7 ¦Ìs,RX data,4B,
7343,1.664161 s,8.7 ¦Ìs,RX data,5E,
7344,1.664171 s,8.7 ¦Ìs,RX data,AD,
7345,1.664182 s,8.7 ¦Ìs,RX data,14,
7346,1.664193 s,8.7 ¦Ìs,RX data,6D,
7347,1.664204 s,8.7 ¦Ìs,RX data,B5,
7348,1.664215 s,8.7 ¦Ìs,RX data,00,
7349,1.664226 s,8.7 ¦Ìs,RX data,0F,
7350,1.664236 s,8.7 ¦Ìs,RX data,41,
7351,1.664247 s,8.7 ¦Ìs,RX data,05,
7352,1.664258 s,8.7 ¦Ìs,RX data,98,
7353,1.664269 s,8.7 ¦Ìs,RX data,05,
7354,1.66428 s,8.7 ¦Ìs,RX data,00,
7355,1.664291 s,8.7 ¦Ìs,RX data,00,
7356,1.664301 s,8.7 ¦Ìs,RX data,40,
7357,1.664312 s,8.7 ¦Ìs,RX data,44,
7358,1.664323 s,8.7 ¦Ìs,RX data,E0,
7359,1.664334 s,8.7 ¦Ìs,RX data,00,
7360,1.664345 s,8.7 ¦Ìs,RX data,A0,
7361,1.664356 s,8.7 ¦Ìs,RX data,13,
7362,1.664366 s,8.7 ¦Ìs,RX data,D0,
7363,1.664377 s,8.7 ¦Ìs,RX data,26,
7364,1.664388 s,8.7 ¦Ìs,RX data,80,
7365,1.664399 s,8.7 ¦Ìs,RX data,01,
7366,1.66441 s,8.7 ¦Ìs,RX data,F8,
7367,1.664421 s,8.7 ¦Ìs,RX data,64,
7368,1.664431 s,8.7 ¦Ìs,RX data,02,
7369,1.664442 s,8.7 ¦Ìs,RX data,C2,
7370,1.664453 s,8.7 ¦Ìs,RX data,57,
7371,1.664464 s,8.7 ¦Ìs,RX data,F1,
7372,1.664475 s,8.7 ¦Ìs,RX data,C6,
7373,1.664486 s,8.7 ¦Ìs,RX data,4C,
7374,1.664496 s,8.7 ¦Ìs,RX data,C9,
7375,1.664507 s,8.7 ¦Ìs,RX data,FA,
7376,1.664518 s,8.7 ¦Ìs,RX data,06,
7377,1.664529 s,8.7 ¦Ìs,RX data,09,
7378,1.66454 s,8.7 ¦Ìs,RX data,EA,
7379,1.664551 s,8.7 ¦Ìs,RX data,5A,
7380,1.664561 s,8.7 ¦Ìs,RX data,3E,
7381,1.664572 s,8.7 ¦Ìs,RX data,1D,
7382,1.664583 s,8.7 ¦Ìs,RX data,7A,
7383,1.664594 s,8.7 ¦Ìs,RX data,3A,
7384,1.664605 s,8.7 ¦Ìs,RX data,00,
7385,1.664616 s,8.7 ¦Ìs,RX data,00,
7386,1.664626 s,8.7 ¦Ìs,RX data,AA,
7387,1.664637 s,8.7 ¦Ìs,RX data,6C,
7388,1.664648 s,8.7 ¦Ìs,RX data,0C,
7389,1.664659 s,8.7 ¦Ìs,RX data,20,
7390,1.66467 s,8.7 ¦Ìs,RX data,A9,
7391,1.664681 s,8.7 ¦Ìs,RX data,EE,
7392,1.664691 s,8.7 ¦Ìs,RX data,ED,
7393,1.664702 s,8.7 ¦Ìs,RX data,5D,
7394,1.664713 s,8.7 ¦Ìs,RX data,92,
7395,1.664724 s,8.7 ¦Ìs,RX data,44,
7396,1.664735 s,8.7 ¦Ìs,RX data,E1,
7397,1.664746 s,8.7 ¦Ìs,RX data,93,
7398,1.664756 s,8.7 ¦Ìs,RX data,5B,
7399,1.664767 s,8.7 ¦Ìs,RX data,1E,
7400,1.664778 s,8.7 ¦Ìs,RX data,6D,
7401,1.664789 s,8.7 ¦Ìs,RX data,E3,
7402,1.6648 s,8.7 ¦Ìs,RX data,79,
7403,1.664811 s,8.7 ¦Ìs,RX data,54,
7404,1.664821 s,8.7 ¦Ìs,RX data,17,
7405,1.664832 s,8.7 ¦Ìs,RX data,1A,
7406,1.664843 s,8.7 ¦Ìs,RX data,7E,
7407,1.664854 s,8.7 ¦Ìs,RX data,16,
7408,1.664865 s,8.7 ¦Ìs,RX data,46,
7409,1.664876 s,8.7 ¦Ìs,RX data,15,
7410,1.664886 s,8.7 ¦Ìs,RX data,BD,
7411,1.664897 s,8.7 ¦Ìs,RX data,9C,
7412,1.664908 s,8.7 ¦Ìs,RX data,99,
7413,1.664919 s,8.7 ¦Ìs,RX data,D1,
7414,1.66493 s,8.7 ¦Ìs,RX data,B0,
7415,1.664941 s,8.7 ¦Ìs,RX data,FD,
7416,1.664951 s,8.7 ¦Ìs,RX data,B5,
7417,1.664962 s,8.7 ¦Ìs,RX data,62,
7418,1.664973 s,8.7 ¦Ìs,RX data,13,
7419,1.664984 s,8.7 ¦Ìs,RX data,80,
7420,1.664995 s,8.7 ¦Ìs,RX data,58,
7421,1.665006 s,8.7 ¦Ìs,RX data,00,
7422,1.665016 s,8.7 ¦Ìs,RX data,05,
7423,1.665027 s,8.7 ¦Ìs,RX data,00,
7424,1.665038 s,8.7 ¦Ìs,RX data,02,
7425,1.665049 s,8.7 ¦Ìs,RX data,08,
7426,1.66506 s,8.7 ¦Ìs,RX data,05,
7427,1.665071 s,8.7 ¦Ìs,RX data,0A,
7428,1.665081 s,8.7 ¦Ìs,RX data,17,
7429,1.665092 s,8.7 ¦Ìs,RX data,0C,
7430,1.665103 s,8.7 ¦Ìs,RX data,1E,
7431,1.665114 s,8.7 ¦Ìs,RX data,03,
7432,1.665125 s,8.7 ¦Ìs,RX data,06,
7433,1.665136 s,8.7 ¦Ìs,RX data,1E,
7434,1.665146 s,8.7 ¦Ìs,RX data,5C,
7435,1.665157 s,8.7 ¦Ìs,RX data,40,
7436,1.665168 s,8.7 ¦Ìs,RX data,10,
7437,1.665179 s,8.7 ¦Ìs,RX data,05,
7438,1.66519 s,8.7 ¦Ìs,RX data,4E,
7439,1.665201 s,8.7 ¦Ìs,RX data,5E,
7440,1.665211 s,8.7 ¦Ìs,RX data,AD,
7441,1.665222 s,8.7 ¦Ìs,RX data,14,
7442,1.665233 s,8.7 ¦Ìs,RX data,29,
7443,1.665244 s,8.7 ¦Ìs,RX data,D8,
7444,1.665255 s,8.7 ¦Ìs,RX data,00,
7445,1.665266 s,8.7 ¦Ìs,RX data,D6,
7446,1.665276 s,8.7 ¦Ìs,RX data,41,
7447,1.665287 s,8.7 ¦Ìs,RX data,05,
7448,1.665298 s,8.7 ¦Ìs,RX data,98,
7449,1.665309 s,8.7 ¦Ìs,RX data,FD,
7450,1.66532 s,8.7 ¦Ìs,RX data,00,
7451,1.665331 s,8.7 ¦Ìs,RX data,00,
7452,1.665341 s,8.7 ¦Ìs,RX data,40,
7453,1.665352 s,8.7 ¦Ìs,RX data,C4,
7454,1.665363 s,8.7 ¦Ìs,RX data,39,
7455,1.665374 s,8.7 ¦Ìs,RX data,FE,
7456,1.665385 s,8.7 ¦Ìs,RX data,AF,
7457,1.665396 s,8.7 ¦Ìs,RX data,13,
7458,1.665406 s,8.7 ¦Ìs,RX data,A0,
7459,1.665417 s,8.7 ¦Ìs,RX data,0A,
7460,1.665428 s,8.7 ¦Ìs,RX data,40,
7461,1.665439 s,8.7 ¦Ìs,RX data,F9,
7462,1.66545 s,8.7 ¦Ìs,RX data,F8,
7463,1.665461 s,8.7 ¦Ìs,RX data,64,
7464,1.665471 s,8.7 ¦Ìs,RX data,02,
7465,1.665482 s,8.7 ¦Ìs,RX data,42,
7466,1.665493 s,8.7 ¦Ìs,RX data,57,
7467,1.665504 s,8.7 ¦Ìs,RX data,F1,
7468,1.665515 s,8.7 ¦Ìs,RX data,26,
7469,1.665526 s,8.7 ¦Ìs,RX data,6B,
7470,1.665536 s,8.7 ¦Ìs,RX data,30,
7471,1.665547 s,8.7 ¦Ìs,RX data,C3,
7472,1.665558 s,8.7 ¦Ìs,RX data,0C,
7473,1.665569 s,8.7 ¦Ìs,RX data,09,
7474,1.66558 s,8.7 ¦Ìs,RX data,A5,
7475,1.665591 s,8.7 ¦Ìs,RX data,B5,
7476,1.665601 s,8.7 ¦Ìs,RX data,E0,
7477,1.665612 s,8.7 ¦Ìs,RX data,0B,
7478,1.665623 s,8.7 ¦Ìs,RX data,7A,
7479,1.665634 s,8.7 ¦Ìs,RX data,3A,
7480,1.665645 s,8.7 ¦Ìs,RX data,00,
7481,1.665656 s,8.7 ¦Ìs,RX data,00,
7482,1.665666 s,8.7 ¦Ìs,RX data,AA,
7483,1.665677 s,8.7 ¦Ìs,RX data,6C,
7484,1.665688 s,8.7 ¦Ìs,RX data,0C,
7485,1.665699 s,8.7 ¦Ìs,RX data,20,
7486,1.66571 s,8.7 ¦Ìs,RX data,FB,
7487,1.665721 s,8.7 ¦Ìs,RX data,C9,
7488,1.665731 s,8.7 ¦Ìs,RX data,F6,
7489,1.665742 s,8.7 ¦Ìs,RX data,B7,
7490,1.665753 s,8.7 ¦Ìs,RX data,8C,
7491,1.665764 s,8.7 ¦Ìs,RX data,B7,
7492,1.665775 s,8.7 ¦Ìs,RX data,02,
7493,1.665786 s,8.7 ¦Ìs,RX data,A2,
7494,1.665796 s,8.7 ¦Ìs,RX data,6C,
7495,1.665807 s,8.7 ¦Ìs,RX data,4F,
7496,1.665818 s,8.7 ¦Ìs,RX data,10,
7497,1.665829 s,8.7 ¦Ìs,RX data,72,
7498,1.66584 s,8.7 ¦Ìs,RX data,4B,
7499,1.665851 s,8.7 ¦Ìs,RX data,F0,
7500,1.665861 s,8.7 ¦Ìs,RX data,2C,
7501,1.665872 s,8.7 ¦Ìs,RX data,1A,
7502,1.665883 s,8.7 ¦Ìs,RX data,B0,
7503,1.665894 s,8.7 ¦Ìs,RX data,C3,
7504,1.665905 s,8.7 ¦Ìs,RX data,D1,
7505,1.665916 s,8.7 ¦Ìs,RX data,CD,
7506,1.665926 s,8.7 ¦Ìs,RX data,B4,
7507,1.665937 s,8.7 ¦Ìs,RX data,CE,
7508,1.665948 s,8.7 ¦Ìs,RX data,DC,
7509,1.665959 s,8.7 ¦Ìs,RX data,F6,
7510,1.66597 s,8.7 ¦Ìs,RX data,58,
7511,1.665981 s,8.7 ¦Ìs,RX data,48,
7512,1.665991 s,8.7 ¦Ìs,RX data,B5,
7513,1.666002 s,8.7 ¦Ìs,RX data,62,
7514,1.666013 s,8.7 ¦Ìs,RX data,13,
7515,1.666024 s,8.7 ¦Ìs,RX data,80,
7516,1.666035 s,8.7 ¦Ìs,RX data,58,
7517,1.666046 s,8.7 ¦Ìs,RX data,00,
7518,1.666056 s,8.7 ¦Ìs,RX data,05,
7519,1.666067 s,8.7 ¦Ìs,RX data,00,
7520,1.666078 s,8.7 ¦Ìs,RX data,02,
7521,1.666089 s,8.7 ¦Ìs,RX data,0D,
7522,1.6661 s,8.7 ¦Ìs,RX data,05,
7523,1.666111 s,8.7 ¦Ìs,RX data,0A,
7524,1.666121 s,8.7 ¦Ìs,RX data,17,
7525,1.666132 s,8.7 ¦Ìs,RX data,0C,
7526,1.666143 s,8.7 ¦Ìs,RX data,1E,
7527,1.666154 s,8.7 ¦Ìs,RX data,03,
7528,1.666165 s,8.7 ¦Ìs,RX data,06,
7529,1.666176 s,8.7 ¦Ìs,RX data,1E,
7530,1.666186 s,8.7 ¦Ìs,RX data,5C,
7531,1.666197 s,8.7 ¦Ìs,RX data,40,
7532,1.666208 s,8.7 ¦Ìs,RX data,10,
7533,1.666219 s,8.7 ¦Ìs,RX data,05,
7534,1.66623 s,8.7 ¦Ìs,RX data,53,
7535,1.666241 s,8.7 ¦Ìs,RX data,5E,
7536,1.666251 s,8.7 ¦Ìs,RX data,AD,
7537,1.666262 s,8.7 ¦Ìs,RX data,14,
7538,1.666273 s,8.7 ¦Ìs,RX data,03,
7539,1.666284 s,8.7 ¦Ìs,RX data,B7,
7540,1.666295 s,8.7 ¦Ìs,RX data,00,
7541,1.666306 s,8.7 ¦Ìs,RX data,81,
7542,1.666316 s,8.7 ¦Ìs,RX data,41,
7543,1.666327 s,8.7 ¦Ìs,RX data,05,
7544,1.666338 s,8.7 ¦Ìs,RX data,98,
7545,1.666349 s,8.7 ¦Ìs,RX data,FD,
7546,1.66636 s,8.7 ¦Ìs,RX data,00,
7547,1.666371 s,8.7 ¦Ìs,RX data,00,
7548,1.666381 s,8.7 ¦Ìs,RX data,40,
7549,1.666392 s,8.7 ¦Ìs,RX data,C4,
7550,1.666403 s,8.7 ¦Ìs,RX data,DC,
7551,1.666414 s,8.7 ¦Ìs,RX data,FF,
7552,1.668644 s,8.7 ¦Ìs,RX data,AF,
7553,1.668655 s,8.7 ¦Ìs,RX data,13,
7554,1.668665 s,8.7 ¦Ìs,RX data,F0,
7555,1.668676 s,8.7 ¦Ìs,RX data,09,
7556,1.668687 s,8.7 ¦Ìs,RX data,00,
7557,1.668698 s,8.7 ¦Ìs,RX data,04,
7558,1.668709 s,8.7 ¦Ìs,RX data,F8,
7559,1.66872 s,8.7 ¦Ìs,RX data,64,
7560,1.66873 s,8.7 ¦Ìs,RX data,02,
7561,1.668741 s,8.7 ¦Ìs,RX data,02,
7562,1.668752 s,8.7 ¦Ìs,RX data,57,
7563,1.668763 s,8.7 ¦Ìs,RX data,F1,
7564,1.668774 s,8.7 ¦Ìs,RX data,46,
7565,1.668785 s,8.7 ¦Ìs,RX data,0A,
7566,1.668795 s,8.7 ¦Ìs,RX data,3D,
7567,1.668806 s,8.7 ¦Ìs,RX data,1C,
7568,1.668817 s,8.7 ¦Ìs,RX data,04,
7569,1.668828 s,8.7 ¦Ìs,RX data,09,
7570,1.668839 s,8.7 ¦Ìs,RX data,D4,
7571,1.66885 s,8.7 ¦Ìs,RX data,AF,
7572,1.66886 s,8.7 ¦Ìs,RX data,FD,
7573,1.668871 s,8.7 ¦Ìs,RX data,01,
7574,1.668882 s,8.7 ¦Ìs,RX data,7A,
7575,1.668893 s,8.7 ¦Ìs,RX data,3A,
7576,1.668904 s,8.7 ¦Ìs,RX data,00,
7577,1.668915 s,8.7 ¦Ìs,RX data,00,
7578,1.668925 s,8.7 ¦Ìs,RX data,AA,
7579,1.668936 s,8.7 ¦Ìs,RX data,6C,
7580,1.668947 s,8.7 ¦Ìs,RX data,0C,
7581,1.668958 s,8.7 ¦Ìs,RX data,20,
7582,1.668969 s,8.7 ¦Ìs,RX data,8A,
7583,1.66898 s,8.7 ¦Ìs,RX data,9C,
7584,1.66899 s,8.7 ¦Ìs,RX data,33,
7585,1.669001 s,8.7 ¦Ìs,RX data,36,
7586,1.669012 s,8.7 ¦Ìs,RX data,2D,
7587,1.669023 s,8.7 ¦Ìs,RX data,CE,
7588,1.669034 s,8.7 ¦Ìs,RX data,3D,
7589,1.669045 s,8.7 ¦Ìs,RX data,C8,
7590,1.669055 s,8.7 ¦Ìs,RX data,B4,
7591,1.669066 s,8.7 ¦Ìs,RX data,6E,
7592,1.669077 s,8.7 ¦Ìs,RX data,35,
7593,1.669088 s,8.7 ¦Ìs,RX data,32,
7594,1.669099 s,8.7 ¦Ìs,RX data,BE,
7595,1.66911 s,8.7 ¦Ìs,RX data,B9,
7596,1.66912 s,8.7 ¦Ìs,RX data,D6,
7597,1.669131 s,8.7 ¦Ìs,RX data,F5,
7598,1.669142 s,8.7 ¦Ìs,RX data,9E,
7599,1.669153 s,8.7 ¦Ìs,RX data,FE,
7600,1.669164 s,8.7 ¦Ìs,RX data,48,
7601,1.669175 s,8.7 ¦Ìs,RX data,E2,
7602,1.669185 s,8.7 ¦Ìs,RX data,6D,
7603,1.669196 s,8.7 ¦Ìs,RX data,86,
7604,1.669207 s,8.7 ¦Ìs,RX data,09,
7605,1.669218 s,8.7 ¦Ìs,RX data,D0,
7606,1.669229 s,8.7 ¦Ìs,RX data,0E,
7607,1.66924 s,8.7 ¦Ìs,RX data,B8,
7608,1.66925 s,8.7 ¦Ìs,RX data,B5,
7609,1.669261 s,8.7 ¦Ìs,RX data,62,
7610,1.669272 s,8.7 ¦Ìs,RX data,13,
7611,1.669283 s,8.7 ¦Ìs,RX data,80,
7612,1.669294 s,8.7 ¦Ìs,RX data,58,
7613,1.669305 s,8.7 ¦Ìs,RX data,00,
7614,1.669315 s,8.7 ¦Ìs,RX data,05,
7615,1.669326 s,8.7 ¦Ìs,RX data,00,
7616,1.669337 s,8.7 ¦Ìs,RX data,02,
7617,1.669348 s,8.7 ¦Ìs,RX data,18,
7618,1.669359 s,8.7 ¦Ìs,RX data,05,
7619,1.66937 s,8.7 ¦Ìs,RX data,0A,
7620,1.66938 s,8.7 ¦Ìs,RX data,17,
7621,1.669391 s,8.7 ¦Ìs,RX data,0C,
7622,1.669402 s,8.7 ¦Ìs,RX data,1E,
7623,1.669413 s,8.7 ¦Ìs,RX data,03,
7624,1.669424 s,8.7 ¦Ìs,RX data,06,
7625,1.669435 s,8.7 ¦Ìs,RX data,1E,
7626,1.669445 s,8.7 ¦Ìs,RX data,5C,
7627,1.669456 s,8.7 ¦Ìs,RX data,40,
7628,1.669467 s,8.7 ¦Ìs,RX data,10,
7629,1.669478 s,8.7 ¦Ìs,RX data,05,
7630,1.669489 s,8.7 ¦Ìs,RX data,5E,
7631,1.6695 s,8.7 ¦Ìs,RX data,5E,
7632,1.66951 s,8.7 ¦Ìs,RX data,AD,
7633,1.669521 s,8.7 ¦Ìs,RX data,14,
7634,1.669532 s,8.7 ¦Ìs,RX data,F5,
7635,1.669543 s,8.7 ¦Ìs,RX data,D8,
7636,1.669554 s,8.7 ¦Ìs,RX data,00,
7637,1.669565 s,8.7 ¦Ìs,RX data,2C,
7638,1.669575 s,8.7 ¦Ìs,RX data,41,
7639,1.669586 s,8.7 ¦Ìs,RX data,05,
7640,1.669597 s,8.7 ¦Ìs,RX data,98,
7641,1.669608 s,8.7 ¦Ìs,RX data,FD,
7642,1.669619 s,8.7 ¦Ìs,RX data,00,
7643,1.66963 s,8.7 ¦Ìs,RX data,00,
7644,1.66964 s,8.7 ¦Ìs,RX data,40,
7645,1.669651 s,8.7 ¦Ìs,RX data,44,
7646,1.669662 s,8.7 ¦Ìs,RX data,1C,
7647,1.669673 s,8.7 ¦Ìs,RX data,FA,
7648,1.669684 s,8.7 ¦Ìs,RX data,AF,
7649,1.669695 s,8.7 ¦Ìs,RX data,13,
7650,1.669705 s,8.7 ¦Ìs,RX data,C9,
7651,1.669716 s,8.7 ¦Ìs,RX data,D6,
7652,1.669727 s,8.7 ¦Ìs,RX data,FF,
7653,1.669738 s,8.7 ¦Ìs,RX data,F8,
7654,1.669749 s,8.7 ¦Ìs,RX data,F8,
7655,1.66976 s,8.7 ¦Ìs,RX data,64,
7656,1.66977 s,8.7 ¦Ìs,RX data,02,
7657,1.669781 s,8.7 ¦Ìs,RX data,02,
7658,1.669792 s,8.7 ¦Ìs,RX data,57,
7659,1.669803 s,8.7 ¦Ìs,RX data,F1,
7660,1.669814 s,8.7 ¦Ìs,RX data,26,
7661,1.669825 s,8.7 ¦Ìs,RX data,01,
7662,1.669835 s,8.7 ¦Ìs,RX data,FA,
7663,1.669846 s,8.7 ¦Ìs,RX data,C0,
7664,1.669857 s,8.7 ¦Ìs,RX data,08,
7665,1.669868 s,8.7 ¦Ìs,RX data,09,
7666,1.669879 s,8.7 ¦Ìs,RX data,09,
7667,1.66989 s,8.7 ¦Ìs,RX data,63,
7668,1.6699 s,8.7 ¦Ìs,RX data,9F,
7669,1.669911 s,8.7 ¦Ìs,RX data,0A,
7670,1.669922 s,8.7 ¦Ìs,RX data,7A,
7671,1.669933 s,8.7 ¦Ìs,RX data,3A,
7672,1.669944 s,8.7 ¦Ìs,RX data,00,
7673,1.669955 s,8.7 ¦Ìs,RX data,00,
7674,1.669965 s,8.7 ¦Ìs,RX data,AA,
7675,1.669976 s,8.7 ¦Ìs,RX data,6C,
7676,1.669987 s,8.7 ¦Ìs,RX data,0C,
7677,1.669998 s,8.7 ¦Ìs,RX data,20,
7678,1.670009 s,8.7 ¦Ìs,RX data,C8,
7679,1.67002 s,8.7 ¦Ìs,RX data,DA,
7680,1.67003 s,8.7 ¦Ìs,RX data,91,
7681,1.670041 s,8.7 ¦Ìs,RX data,76,
7682,1.670052 s,8.7 ¦Ìs,RX data,54,
7683,1.670063 s,8.7 ¦Ìs,RX data,FD,
7684,1.670074 s,8.7 ¦Ìs,RX data,CD,
7685,1.670085 s,8.7 ¦Ìs,RX data,22,
7686,1.670095 s,8.7 ¦Ìs,RX data,C5,
7687,1.670106 s,8.7 ¦Ìs,RX data,EB,
7688,1.670117 s,8.7 ¦Ìs,RX data,8A,
7689,1.670128 s,8.7 ¦Ìs,RX data,77,
7690,1.670139 s,8.7 ¦Ìs,RX data,BF,
7691,1.67015 s,8.7 ¦Ìs,RX data,08,
7692,1.67016 s,8.7 ¦Ìs,RX data,53,
7693,1.670171 s,8.7 ¦Ìs,RX data,15,
7694,1.670182 s,8.7 ¦Ìs,RX data,27,
7695,1.670193 s,8.7 ¦Ìs,RX data,45,
7696,1.670204 s,8.7 ¦Ìs,RX data,62,
7697,1.670215 s,8.7 ¦Ìs,RX data,31,
7698,1.670225 s,8.7 ¦Ìs,RX data,52,
7699,1.670236 s,8.7 ¦Ìs,RX data,8A,
7700,1.670247 s,8.7 ¦Ìs,RX data,1C,
7701,1.670258 s,8.7 ¦Ìs,RX data,EC,
7702,1.670269 s,8.7 ¦Ìs,RX data,C6,
7703,1.67028 s,8.7 ¦Ìs,RX data,67,
7704,1.67029 s,8.7 ¦Ìs,RX data,B5,
7705,1.670301 s,8.7 ¦Ìs,RX data,62,
7706,1.670312 s,8.7 ¦Ìs,RX data,13,
7707,1.670323 s,8.7 ¦Ìs,RX data,80,
7708,1.670334 s,8.7 ¦Ìs,RX data,58,
7709,1.670345 s,8.7 ¦Ìs,RX data,00,
7710,1.670355 s,8.7 ¦Ìs,RX data,05,
7711,1.670366 s,8.7 ¦Ìs,RX data,00,
7712,1.670377 s,8.7 ¦Ìs,RX data,02,
7713,1.670388 s,8.7 ¦Ìs,RX data,19,
7714,1.670399 s,8.7 ¦Ìs,RX data,05,
7715,1.67041 s,8.7 ¦Ìs,RX data,0A,
7716,1.67042 s,8.7 ¦Ìs,RX data,17,
7717,1.670431 s,8.7 ¦Ìs,RX data,0C,
7718,1.670442 s,8.7 ¦Ìs,RX data,1E,
7719,1.670453 s,8.7 ¦Ìs,RX data,03,
7720,1.670464 s,8.7 ¦Ìs,RX data,06,
7721,1.670475 s,8.7 ¦Ìs,RX data,1E,
7722,1.670485 s,8.7 ¦Ìs,RX data,5C,
7723,1.670496 s,8.7 ¦Ìs,RX data,40,
7724,1.670507 s,8.7 ¦Ìs,RX data,10,
7725,1.670518 s,8.7 ¦Ìs,RX data,05,
7726,1.670529 s,8.7 ¦Ìs,RX data,5F,
7727,1.67054 s,8.7 ¦Ìs,RX data,5E,
7728,1.67055 s,8.7 ¦Ìs,RX data,AD,
7729,1.670561 s,8.7 ¦Ìs,RX data,14,
7730,1.670572 s,8.7 ¦Ìs,RX data,98,
7731,1.670583 s,8.7 ¦Ìs,RX data,82,
7732,1.670594 s,8.7 ¦Ìs,RX data,00,
7733,1.670605 s,8.7 ¦Ìs,RX data,07,
7734,1.670615 s,8.7 ¦Ìs,RX data,41,
7735,1.670626 s,8.7 ¦Ìs,RX data,05,
7736,1.670637 s,8.7 ¦Ìs,RX data,98,
7737,1.670648 s,8.7 ¦Ìs,RX data,01,
7738,1.670659 s,8.7 ¦Ìs,RX data,00,
7739,1.67067 s,8.7 ¦Ìs,RX data,00,
7740,1.67068 s,8.7 ¦Ìs,RX data,40,
7741,1.670691 s,8.7 ¦Ìs,RX data,44,
7742,1.670702 s,8.7 ¦Ìs,RX data,1D,
7743,1.670713 s,8.7 ¦Ìs,RX data,00,
7744,1.670724 s,8.7 ¦Ìs,RX data,A0,
7745,1.670735 s,8.7 ¦Ìs,RX data,13,
7746,1.670745 s,8.7 ¦Ìs,RX data,5E,
7747,1.670756 s,8.7 ¦Ìs,RX data,AD,
7748,1.670767 s,8.7 ¦Ìs,RX data,7F,
7749,1.670778 s,8.7 ¦Ìs,RX data,02,
7750,1.670789 s,8.7 ¦Ìs,RX data,F8,
7751,1.6708 s,8.7 ¦Ìs,RX data,64,
7752,1.67081 s,8.7 ¦Ìs,RX data,02,
7753,1.670821 s,8.7 ¦Ìs,RX data,42,
7754,1.670832 s,8.7 ¦Ìs,RX data,57,
7755,1.670843 s,8.7 ¦Ìs,RX data,F1,
7756,1.670854 s,8.7 ¦Ìs,RX data,66,
7757,1.670865 s,8.7 ¦Ìs,RX data,5C,
7758,1.670875 s,8.7 ¦Ìs,RX data,9B,
7759,1.670886 s,8.7 ¦Ìs,RX data,60,
7760,1.670897 s,8.7 ¦Ìs,RX data,0C,
7761,1.670908 s,8.7 ¦Ìs,RX data,09,
7762,1.670919 s,8.7 ¦Ìs,RX data,F9,
7763,1.67093 s,8.7 ¦Ìs,RX data,2A,
7764,1.67094 s,8.7 ¦Ìs,RX data,01,
7765,1.670951 s,8.7 ¦Ìs,RX data,0A,
7766,1.670962 s,8.7 ¦Ìs,RX data,7A,
7767,1.670973 s,8.7 ¦Ìs,RX data,3A,
7768,1.670984 s,8.7 ¦Ìs,RX data,00,
7769,1.670995 s,8.7 ¦Ìs,RX data,00,
7770,1.671005 s,8.7 ¦Ìs,RX data,AA,
7771,1.671016 s,8.7 ¦Ìs,RX data,6C,
7772,1.671027 s,8.7 ¦Ìs,RX data,0C,
7773,1.671038 s,8.7 ¦Ìs,RX data,20,
7774,1.671049 s,8.7 ¦Ìs,RX data,56,
7775,1.67106 s,8.7 ¦Ìs,RX data,34,
7776,1.67107 s,8.7 ¦Ìs,RX data,96,
7777,1.671081 s,8.7 ¦Ìs,RX data,14,
7778,1.671092 s,8.7 ¦Ìs,RX data,C0,
7779,1.671103 s,8.7 ¦Ìs,RX data,A3,
7780,1.671114 s,8.7 ¦Ìs,RX data,0C,
7781,1.671125 s,8.7 ¦Ìs,RX data,9F,
7782,1.671135 s,8.7 ¦Ìs,RX data,0D,
7783,1.671146 s,8.7 ¦Ìs,RX data,C7,
7784,1.671157 s,8.7 ¦Ìs,RX data,82,
7785,1.671168 s,8.7 ¦Ìs,RX data,EF,
7786,1.671179 s,8.7 ¦Ìs,RX data,0E,
7787,1.67119 s,8.7 ¦Ìs,RX data,1A,
7788,1.6712 s,8.7 ¦Ìs,RX data,25,
7789,1.671211 s,8.7 ¦Ìs,RX data,2A,
7790,1.671222 s,8.7 ¦Ìs,RX data,44,
7791,1.671233 s,8.7 ¦Ìs,RX data,7E,
7792,1.671244 s,8.7 ¦Ìs,RX data,A8,
7793,1.671255 s,8.7 ¦Ìs,RX data,23,
7794,1.671265 s,8.7 ¦Ìs,RX data,AB,
7795,1.671276 s,8.7 ¦Ìs,RX data,DA,
7796,1.671287 s,8.7 ¦Ìs,RX data,73,
7797,1.671298 s,8.7 ¦Ìs,RX data,0F,
7798,1.671309 s,8.7 ¦Ìs,RX data,01,
7799,1.67132 s,8.7 ¦Ìs,RX data,DC,
7800,1.67133 s,8.7 ¦Ìs,RX data,B5,
7801,1.671341 s,8.7 ¦Ìs,RX data,62,
7802,1.671352 s,8.7 ¦Ìs,RX data,13,
7803,1.671363 s,8.7 ¦Ìs,RX data,80,
7804,1.671374 s,8.7 ¦Ìs,RX data,58,
7805,1.671385 s,8.7 ¦Ìs,RX data,00,
7806,1.671395 s,8.7 ¦Ìs,RX data,05,
7807,1.671406 s,8.7 ¦Ìs,RX data,00,
7808,1.673662 s,8.7 ¦Ìs,RX data,02,
7809,1.673673 s,8.7 ¦Ìs,RX data,1F,
7810,1.673684 s,8.7 ¦Ìs,RX data,05,
7811,1.673694 s,8.7 ¦Ìs,RX data,0A,
7812,1.673705 s,8.7 ¦Ìs,RX data,17,
7813,1.673716 s,8.7 ¦Ìs,RX data,0D,
7814,1.673727 s,8.7 ¦Ìs,RX data,00,
7815,1.673738 s,8.7 ¦Ìs,RX data,03,
7816,1.673749 s,8.7 ¦Ìs,RX data,06,
7817,1.673759 s,8.7 ¦Ìs,RX data,1E,
7818,1.67377 s,8.7 ¦Ìs,RX data,5C,
7819,1.673781 s,8.7 ¦Ìs,RX data,40,
7820,1.673792 s,8.7 ¦Ìs,RX data,10,
7821,1.673803 s,8.7 ¦Ìs,RX data,05,
7822,1.673814 s,8.7 ¦Ìs,RX data,65,
7823,1.673824 s,8.7 ¦Ìs,RX data,5E,
7824,1.673835 s,8.7 ¦Ìs,RX data,AD,
7825,1.673846 s,8.7 ¦Ìs,RX data,14,
7826,1.673857 s,8.7 ¦Ìs,RX data,24,
7827,1.673868 s,8.7 ¦Ìs,RX data,2C,
7828,1.673879 s,8.7 ¦Ìs,RX data,00,
7829,1.673889 s,8.7 ¦Ìs,RX data,31,
7830,1.6739 s,8.7 ¦Ìs,RX data,41,
7831,1.673911 s,8.7 ¦Ìs,RX data,05,
7832,1.673922 s,8.7 ¦Ìs,RX data,9A,
7833,1.673933 s,8.7 ¦Ìs,RX data,FD,
7834,1.673944 s,8.7 ¦Ìs,RX data,00,
7835,1.673954 s,8.7 ¦Ìs,RX data,00,
7836,1.673965 s,8.7 ¦Ìs,RX data,40,
7837,1.673976 s,8.7 ¦Ìs,RX data,44,
7838,1.673987 s,8.7 ¦Ìs,RX data,80,
7839,1.673998 s,8.7 ¦Ìs,RX data,FF,
7840,1.674009 s,8.7 ¦Ìs,RX data,AF,
7841,1.674019 s,8.7 ¦Ìs,RX data,13,
7842,1.67403 s,8.7 ¦Ìs,RX data,A2,
7843,1.674041 s,8.7 ¦Ìs,RX data,CA,
7844,1.674052 s,8.7 ¦Ìs,RX data,3F,
7845,1.674063 s,8.7 ¦Ìs,RX data,03,
7846,1.674074 s,8.7 ¦Ìs,RX data,15,
7847,1.674084 s,8.7 ¦Ìs,RX data,65,
7848,1.674095 s,8.7 ¦Ìs,RX data,02,
7849,1.674106 s,8.7 ¦Ìs,RX data,02,
7850,1.674117 s,8.7 ¦Ìs,RX data,5A,
7851,1.674128 s,8.7 ¦Ìs,RX data,F1,
7852,1.674139 s,8.7 ¦Ìs,RX data,26,
7853,1.674149 s,8.7 ¦Ìs,RX data,29,
7854,1.67416 s,8.7 ¦Ìs,RX data,AB,
7855,1.674171 s,8.7 ¦Ìs,RX data,77,
7856,1.674182 s,8.7 ¦Ìs,RX data,05,
7857,1.674193 s,8.7 ¦Ìs,RX data,09,
7858,1.674204 s,8.7 ¦Ìs,RX data,90,
7859,1.674214 s,8.7 ¦Ìs,RX data,5E,
7860,1.674225 s,8.7 ¦Ìs,RX data,FB,
7861,1.674236 s,8.7 ¦Ìs,RX data,01,
7862,1.674247 s,8.7 ¦Ìs,RX data,7A,
7863,1.674258 s,8.7 ¦Ìs,RX data,3A,
7864,1.674269 s,8.7 ¦Ìs,RX data,00,
7865,1.674279 s,8.7 ¦Ìs,RX data,00,
7866,1.67429 s,8.7 ¦Ìs,RX data,AA,
7867,1.674301 s,8.7 ¦Ìs,RX data,6C,
7868,1.674312 s,8.7 ¦Ìs,RX data,0C,
7869,1.674323 s,8.7 ¦Ìs,RX data,20,
7870,1.674334 s,8.7 ¦Ìs,RX data,8C,
7871,1.674344 s,8.7 ¦Ìs,RX data,B5,
7872,1.674355 s,8.7 ¦Ìs,RX data,E8,
7873,1.674366 s,8.7 ¦Ìs,RX data,7B,
7874,1.674377 s,8.7 ¦Ìs,RX data,E8,
7875,1.674388 s,8.7 ¦Ìs,RX data,98,
7876,1.674399 s,8.7 ¦Ìs,RX data,5D,
7877,1.674409 s,8.7 ¦Ìs,RX data,5C,
7878,1.67442 s,8.7 ¦Ìs,RX data,99,
7879,1.674431 s,8.7 ¦Ìs,RX data,28,
7880,1.674442 s,8.7 ¦Ìs,RX data,B7,
7881,1.674453 s,8.7 ¦Ìs,RX data,63,
7882,1.674464 s,8.7 ¦Ìs,RX data,CB,
7883,1.674474 s,8.7 ¦Ìs,RX data,15,
7884,1.674485 s,8.7 ¦Ìs,RX data,CC,
7885,1.674496 s,8.7 ¦Ìs,RX data,EA,
7886,1.674507 s,8.7 ¦Ìs,RX data,29,
7887,1.674518 s,8.7 ¦Ìs,RX data,86,
7888,1.674529 s,8.7 ¦Ìs,RX data,A7,
7889,1.674539 s,8.7 ¦Ìs,RX data,19,
7890,1.67455 s,8.7 ¦Ìs,RX data,BB,
7891,1.674561 s,8.7 ¦Ìs,RX data,2E,
7892,1.674572 s,8.7 ¦Ìs,RX data,4F,
7893,1.674583 s,8.7 ¦Ìs,RX data,D1,
7894,1.674594 s,8.7 ¦Ìs,RX data,5F,
7895,1.674604 s,8.7 ¦Ìs,RX data,86,
7896,56.430188 s,8.7 ¦Ìs,RX data,00,
7897,56.430494 s,8.7 ¦Ìs,RX data,00,
7898,56.430594 s,8.7 ¦Ìs,RX data,00,
7899,56.430629 s,8.7 ¦Ìs,RX data,00,
7900,56.43064 s,8.7 ¦Ìs,RX data,00,
7901,56.430651 s,8.7 ¦Ìs,RX data,00,
7902,56.430661 s,8.7 ¦Ìs,RX data,00,
7903,56.430682 s,8.7 ¦Ìs,RX data,00,
7904,56.430693 s,8.7 ¦Ìs,RX data,00,
7905,56.430704 s,8.7 ¦Ìs,RX data,00,
7906,56.430723 s,8.7 ¦Ìs,RX data,00,
7907,56.430733 s,8.7 ¦Ìs,RX data,00,
7908,56.430788 s,8.7 ¦Ìs,RX data,00,
7909,56.430888 s,8.7 ¦Ìs,RX data,00,
7910,56.430899 s,8.7 ¦Ìs,RX data,00,
7911,56.43091 s,8.7 ¦Ìs,RX data,00,
7912,56.430921 s,8.7 ¦Ìs,RX data,00,
7913,56.430931 s,8.7 ¦Ìs,RX data,00,
7914,56.430942 s,8.7 ¦Ìs,RX data,00,
7915,56.430972 s,8.7 ¦Ìs,RX data,00,
7916,56.430983 s,8.7 ¦Ìs,RX data,00,
7917,56.430994 s,8.7 ¦Ìs,RX data,00,
7918,56.431005 s,8.7 ¦Ìs,RX data,00,
7919,56.431026 s,8.7 ¦Ìs,RX data,00,
7920,56.431036 s,8.7 ¦Ìs,RX data,00,
7921,56.431047 s,8.7 ¦Ìs,RX data,00,
7922,56.431057 s,8.7 ¦Ìs,RX data,00,
7923,56.431068 s,8.7 ¦Ìs,RX data,00,
7924,56.431098 s,8.7 ¦Ìs,RX data,00,
7925,56.431108 s,8.7 ¦Ìs,RX data,00,
7926,56.431119 s,8.7 ¦Ìs,RX data,80,
7927,56.431139 s,8.7 ¦Ìs,RX data,00,
7928,56.431195 s,8.7 ¦Ìs,RX data,00,
7929,56.431216 s,8.7 ¦Ìs,RX data,00,
7930,56.431273 s,8.7 ¦Ìs,RX data,00,
7931,56.431303 s,8.7 ¦Ìs,RX data,00,
7932,56.431314 s,8.7 ¦Ìs,RX data,00,
7933,56.431347 s,8.7 ¦Ìs,RX data,00,
7934,56.431359 s,8.7 ¦Ìs,RX data,00,
7935,56.43137 s,8.7 ¦Ìs,RX data,00,
7936,56.43138 s,8.7 ¦Ìs,RX data,00,
7937,56.431391 s,8.7 ¦Ìs,RX data,00,
7938,56.431401 s,8.7 ¦Ìs,RX data,00,
7939,56.431412 s,8.7 ¦Ìs,RX data,00,
7940,56.431432 s,8.7 ¦Ìs,RX data,00,
7941,56.431442 s,8.7 ¦Ìs,RX data,00,
7942,56.431453 s,8.7 ¦Ìs,RX data,00,
7943,56.431471 s,8.7 ¦Ìs,RX data,00,
7944,56.431482 s,8.7 ¦Ìs,RX data,00,
7945,56.431493 s,8.7 ¦Ìs,RX data,00,
7946,56.431504 s,8.7 ¦Ìs,RX data,00,
7947,56.431514 s,8.7 ¦Ìs,RX data,80,
7948,56.431594 s,8.7 ¦Ìs,RX data,00,
7949,56.431641 s,8.7 ¦Ìs,RX data,00,
7950,56.431656 s,8.7 ¦Ìs,RX data,00,
7951,56.431667 s,8.7 ¦Ìs,RX data,00,
7952,56.431735 s,8.7 ¦Ìs,RX data,00,
7953,56.431745 s,8.7 ¦Ìs,RX data,00,
7954,56.431756 s,8.7 ¦Ìs,RX data,00,
7955,56.431766 s,8.7 ¦Ìs,RX data,00,
7956,56.431777 s,8.7 ¦Ìs,RX data,00,
7957,56.431789 s,8.7 ¦Ìs,RX data,00,
7958,56.4318 s,8.7 ¦Ìs,RX data,00,
7959,56.43181 s,8.7 ¦Ìs,RX data,00,
7960,56.431821 s,8.7 ¦Ìs,RX data,00,
7961,56.431842 s,8.7 ¦Ìs,RX data,00,
7962,56.431853 s,8.7 ¦Ìs,RX data,00,
7963,56.431864 s,8.7 ¦Ìs,RX data,00,
7964,56.431874 s,8.7 ¦Ìs,RX data,00,
7965,56.431885 s,8.7 ¦Ìs,RX data,00,
7966,56.431896 s,8.7 ¦Ìs,RX data,00,
7967,56.431906 s,8.7 ¦Ìs,RX data,00,
7968,56.431917 s,8.7 ¦Ìs,RX data,00,
7969,56.431927 s,8.7 ¦Ìs,RX data,00,
7970,56.431938 s,8.7 ¦Ìs,RX data,00,
7971,56.431949 s,8.7 ¦Ìs,RX data,00,
7972,56.43201 s,8.7 ¦Ìs,RX data,00,
7973,56.432042 s,8.7 ¦Ìs,RX data,00,
7974,56.432061 s,8.7 ¦Ìs,RX data,00,
7975,56.432075 s,8.7 ¦Ìs,RX data,00,
7976,56.432094 s,8.7 ¦Ìs,RX data,00,
7977,56.432105 s,8.7 ¦Ìs,RX data,00,
7978,56.432122 s,8.7 ¦Ìs,RX data,00,
7979,56.432133 s,8.7 ¦Ìs,RX data,00,
7980,56.432144 s,8.7 ¦Ìs,RX data,00,
7981,56.432154 s,8.7 ¦Ìs,RX data,00,
7982,56.432165 s,8.7 ¦Ìs,RX data,00,
7983,56.432176 s,8.7 ¦Ìs,RX data,00,
7984,56.432186 s,8.7 ¦Ìs,RX data,00,
7985,56.432197 s,8.7 ¦Ìs,RX data,00,
7986,56.432215 s,8.7 ¦Ìs,RX data,00,
7987,56.432232 s,8.7 ¦Ìs,RX data,00,
7988,56.432242 s,8.7 ¦Ìs,RX data,00,
7989,56.432253 s,8.7 ¦Ìs,RX data,00,
7990,56.432264 s,8.7 ¦Ìs,RX data,00,
7991,56.432274 s,8.7 ¦Ìs,RX data,00,
7992,56.432286 s,8.7 ¦Ìs,RX data,00,
7993,56.432296 s,8.7 ¦Ìs,RX data,00,
7994,56.432306 s,8.7 ¦Ìs,RX data,00,
7995,56.432318 s,8.7 ¦Ìs,RX data,00,
7996,56.432329 s,8.7 ¦Ìs,RX data,00,
7997,56.432347 s,8.7 ¦Ìs,RX data,00,
7998,56.432358 s,8.7 ¦Ìs,RX data,00,
7999,56.432407 s,8.7 ¦Ìs,RX data,00,
8000,56.432475 s,8.7 ¦Ìs,RX data,00,
8001,56.432512 s,8.7 ¦Ìs,RX data,00,
8002,56.432524 s,8.7 ¦Ìs,RX data,00,
8003,56.432556 s,8.7 ¦Ìs,RX data,00,
8004,56.432575 s,8.7 ¦Ìs,RX data,00,
8005,56.432593 s,8.7 ¦Ìs,RX data,00,
8006,56.432604 s,8.7 ¦Ìs,RX data,00,
8007,56.432615 s,8.7 ¦Ìs,RX data,00,
8008,56.432625 s,8.7 ¦Ìs,RX data,00,
8009,56.432636 s,8.7 ¦Ìs,RX data,00,
8010,56.432647 s,8.7 ¦Ìs,RX data,00,
8011,56.432657 s,8.7 ¦Ìs,RX data,00,
8012,56.432677 s,8.7 ¦Ìs,RX data,00,
8013,56.432687 s,8.7 ¦Ìs,RX data,00,
8014,56.432698 s,8.7 ¦Ìs,RX data,00,
8015,56.432713 s,8.7 ¦Ìs,RX data,00,
8016,56.432732 s,8.7 ¦Ìs,RX data,00,
8017,56.432743 s,8.7 ¦Ìs,RX data,00,
8018,56.432753 s,8.7 ¦Ìs,RX data,00,
8019,56.432764 s,8.7 ¦Ìs,RX data,00,
8020,56.4328 s,8.7 ¦Ìs,RX data,00,
8021,56.432819 s,8.7 ¦Ìs,RX data,00,
8022,56.432833 s,8.7 ¦Ìs,RX data,00,
8023,56.432871 s,8.7 ¦Ìs,RX data,00,
8024,56.432883 s,8.7 ¦Ìs,RX data,00,
8025,56.432909 s,8.7 ¦Ìs,RX data,00,
8026,56.432935 s,8.7 ¦Ìs,RX data,00,
8027,56.432946 s,8.7 ¦Ìs,RX data,00,
8028,56.432967 s,8.7 ¦Ìs,RX data,00,
8029,56.432979 s,8.7 ¦Ìs,RX data,00,
8030,56.432989 s,8.7 ¦Ìs,RX data,00,
8031,56.433 s,8.7 ¦Ìs,RX data,00,
8032,56.43301 s,8.7 ¦Ìs,RX data,00,
8033,56.433021 s,8.7 ¦Ìs,RX data,00,
8034,56.433031 s,8.7 ¦Ìs,RX data,00,
8035,56.433042 s,8.7 ¦Ìs,RX data,00,
8036,56.433052 s,8.7 ¦Ìs,RX data,00,
8037,56.433063 s,8.7 ¦Ìs,RX data,00,
8038,56.433074 s,8.7 ¦Ìs,RX data,00,
8039,56.433097 s,8.7 ¦Ìs,RX data,00,
8040,56.433107 s,8.7 ¦Ìs,RX data,00,
8041,56.433118 s,8.7 ¦Ìs,RX data,00,
8042,56.433129 s,8.7 ¦Ìs,RX data,00,
8043,56.433139 s,8.7 ¦Ìs,RX data,00,
8044,56.43315 s,8.7 ¦Ìs,RX data,00,
8045,56.43316 s,8.7 ¦Ìs,RX data,00,
8046,56.433171 s,8.7 ¦Ìs,RX data,00,
8047,56.433215 s,8.7 ¦Ìs,RX data,00,
8048,56.433262 s,8.7 ¦Ìs,RX data,00,
8049,56.433274 s,8.7 ¦Ìs,RX data,00,
8050,56.4333 s,8.7 ¦Ìs,RX data,00,
8051,56.433326 s,8.7 ¦Ìs,RX data,00,
8052,56.433338 s,8.7 ¦Ìs,RX data,00,
8053,56.433349 s,8.7 ¦Ìs,RX data,00,
8054,56.433359 s,8.7 ¦Ìs,RX data,00,
8055,56.433369 s,8.7 ¦Ìs,RX data,80,
8056,56.43338 s,8.7 ¦Ìs,RX data,00,
8057,56.433391 s,8.7 ¦Ìs,RX data,00,
8058,56.433401 s,8.7 ¦Ìs,RX data,00,
8059,56.433412 s,8.7 ¦Ìs,RX data,00,
8060,56.433422 s,8.7 ¦Ìs,RX data,00,
8061,56.433433 s,8.7 ¦Ìs,RX data,00,
8062,56.433444 s,8.7 ¦Ìs,RX data,00,
8063,56.433467 s,8.7 ¦Ìs,RX data,00,
8064,56.433477 s,8.7 ¦Ìs,RX data,00,
8065,56.433488 s,8.7 ¦Ìs,RX data,00,
8066,56.433499 s,8.7 ¦Ìs,RX data,00,
8067,56.43351 s,8.7 ¦Ìs,RX data,00,
8068,56.43352 s,8.7 ¦Ìs,RX data,00,
8069,56.433539 s,8.7 ¦Ìs,RX data,00,
8070,56.433549 s,8.7 ¦Ìs,RX data,00,
8071,56.433567 s,8.7 ¦Ìs,RX data,00,
8072,56.433592 s,8.7 ¦Ìs,RX data,00,
8073,56.433615 s,8.7 ¦Ìs,RX data,00,
8074,56.433636 s,8.7 ¦Ìs,RX data,00,
8075,56.43365 s,8.7 ¦Ìs,RX data,00,
8076,56.433663 s,8.7 ¦Ìs,RX data,00,
8077,56.43368 s,8.7 ¦Ìs,RX data,00,
8078,56.433691 s,8.7 ¦Ìs,RX data,00,
8079,56.433727 s,8.7 ¦Ìs,RX data,00,
8080,56.433745 s,8.7 ¦Ìs,RX data,00,
8081,56.433765 s,8.7 ¦Ìs,RX data,00,
8082,56.433777 s,8.7 ¦Ìs,RX data,00,
8083,56.433789 s,8.7 ¦Ìs,RX data,00,
8084,56.433799 s,8.7 ¦Ìs,RX data,00,
8085,56.43381 s,8.7 ¦Ìs,RX data,00,
8086,56.43382 s,8.7 ¦Ìs,RX data,00,
8087,56.433842 s,8.7 ¦Ìs,RX data,00,
8088,56.433854 s,8.7 ¦Ìs,RX data,00,
8089,56.433864 s,8.7 ¦Ìs,RX data,00,
8090,56.433875 s,8.7 ¦Ìs,RX data,00,
8091,56.433885 s,8.7 ¦Ìs,RX data,00,
8092,56.433896 s,8.7 ¦Ìs,RX data,00,
8093,56.433906 s,8.7 ¦Ìs,RX data,00,
8094,56.433917 s,8.7 ¦Ìs,RX data,00,
8095,56.433928 s,8.7 ¦Ìs,RX data,20,
8096,56.433938 s,8.7 ¦Ìs,RX data,00,
8097,56.433949 s,8.7 ¦Ìs,RX data,00,
8098,56.433963 s,8.7 ¦Ìs,RX data,40,
8099,56.433981 s,8.7 ¦Ìs,RX data,00,
8100,56.433992 s,8.7 ¦Ìs,RX data,00,
8101,56.43401 s,8.7 ¦Ìs,RX data,00,
8102,56.434025 s,8.7 ¦Ìs,RX data,00,
8103,56.434036 s,8.7 ¦Ìs,RX data,00,
8104,56.434049 s,8.7 ¦Ìs,RX data,00,
8105,56.434063 s,8.7 ¦Ìs,RX data,00,
8106,56.434082 s,8.7 ¦Ìs,RX data,00,
8107,56.434102 s,8.7 ¦Ìs,RX data,00,
8108,56.434121 s,8.7 ¦Ìs,RX data,00,
8109,56.434139 s,8.7 ¦Ìs,RX data,20,
8110,56.434157 s,8.7 ¦Ìs,RX data,00,
8111,56.434168 s,8.7 ¦Ìs,RX data,08,
8112,56.434179 s,8.7 ¦Ìs,RX data,00,
8113,56.43419 s,8.7 ¦Ìs,RX data,00,
8114,56.4342 s,8.7 ¦Ìs,RX data,00,
8115,56.434215 s,8.7 ¦Ìs,RX data,10,
8116,56.434232 s,8.7 ¦Ìs,RX data,00,
8117,56.434243 s,8.7 ¦Ìs,RX data,01,
8118,56.434253 s,8.7 ¦Ìs,RX data,00,
8119,56.434264 s,8.7 ¦Ìs,RX data,00,
8120,56.434274 s,8.7 ¦Ìs,RX data,00,
8121,56.434285 s,8.7 ¦Ìs,RX data,00,
8122,56.434296 s,8.7 ¦Ìs,RX data,00,
8123,56.434306 s,8.7 ¦Ìs,RX data,00,
8124,56.434317 s,8.7 ¦Ìs,RX data,00,
8125,56.434327 s,8.7 ¦Ìs,RX data,80,
8126,56.434338 s,8.7 ¦Ìs,RX data,01,
8127,56.434349 s,8.7 ¦Ìs,RX data,00,
8128,56.434359 s,8.7 ¦Ìs,RX data,00,
8129,56.434369 s,8.7 ¦Ìs,RX data,00,
8130,56.43438 s,8.7 ¦Ìs,RX data,00,
8131,56.434391 s,8.7 ¦Ìs,RX data,00,
8132,56.434407 s,8.7 ¦Ìs,RX data,00,
8133,56.434421 s,8.7 ¦Ìs,RX data,00,
8134,56.434433 s,8.7 ¦Ìs,RX data,00,
8135,56.434444 s,8.7 ¦Ìs,RX data,00,
8136,56.434466 s,8.7 ¦Ìs,RX data,00,
8137,56.434484 s,8.7 ¦Ìs,RX data,FF,
8138,56.434497 s,8.7 ¦Ìs,RX data,FF,
8139,56.434522 s,8.7 ¦Ìs,RX data,FF,
8140,56.434568 s,8.7 ¦Ìs,RX data,FF,
8141,56.434592 s,8.7 ¦Ìs,RX data,FF,
8142,56.434603 s,8.7 ¦Ìs,RX data,3F,
8143,56.434655 s,8.7 ¦Ìs,RX data,F7,
8144,56.434683 s,8.7 ¦Ìs,RX data,DF,
8145,56.434721 s,8.7 ¦Ìs,RX data,FF,
8146,56.434733 s,8.7 ¦Ìs,RX data,7F,
8147,56.434743 s,8.7 ¦Ìs,RX data,FF,
8148,56.434754 s,8.7 ¦Ìs,RX data,FF,
8149,56.434764 s,8.7 ¦Ìs,RX data,FD,
8150,56.434784 s,8.7 ¦Ìs,RX data,BE,
8151,56.434801 s,8.7 ¦Ìs,RX data,FE,
8152,56.434816 s,8.7 ¦Ìs,RX data,FF,
8153,56.434827 s,8.7 ¦Ìs,RX data,FF,
8154,56.434857 s,8.7 ¦Ìs,RX data,EF,
8155,56.434871 s,8.7 ¦Ìs,RX data,FF,
8156,56.434895 s,8.7 ¦Ìs,RX data,FF,
8157,56.434909 s,8.7 ¦Ìs,RX data,FF,
8158,56.434948 s,8.7 ¦Ìs,RX data,EF,
8159,56.434965 s,8.7 ¦Ìs,RX data,EF,
8160,56.43498 s,8.7 ¦Ìs,RX data,FF,
8161,56.435001 s,8.7 ¦Ìs,RX data,3F,
8162,56.435011 s,8.7 ¦Ìs,RX data,01,
8163,56.435022 s,8.7 ¦Ìs,RX data,04,
8164,56.435035 s,8.7 ¦Ìs,RX data,00,
8165,56.435048 s,8.7 ¦Ìs,RX data,00,
8166,56.435058 s,8.7 ¦Ìs,RX data,00,
8167,56.435069 s,8.7 ¦Ìs,RX data,00,
