
--- Session 2026-02-16 12:58:55 ---
< 31.974s FF FD FF FF FD DE F7 EF 73 E6 4F C6 07 04 10 8A 04 88 8E 00 18 14 04 00 04 00 00 04 10 00 00 00 00 00 01 40 00 00 00 00 00 00 00 10 00 00 00 00 00 00 00 00 00 00 00 00 00 00 00 00 00 00 00 00 00 00 00 00 00 00 00 00 00 00 00 00 00 00 00 80 20 00 10 00 00 55 48 08 B2 17 84 FC 5E EB EF 7B FF FB FF FF FF FF FD EE 3E 39 4C 08 14 00 20 00 00 00 00 80 00 00 00 00 00 00 00 00 00 00 00 00 00 00 00 00 00 00 00 00 00 00 00 00 F9 [0xFF-0xFF]
< 31.974s B5 62 0A 38 04 00 00 00 00 00 46 F0 [MON-0x38]
< 31.974s B5 62 01 07 5C 00 00 00 00 00 E5 07 03 07 00 00 00 F0 FF FF FF FF 00 00 00 00 00 00 24 00 00 00 00 00 00 00 00 00 00 00 00 00 98 BD FF FF FF FF FF FF 00 76 84 DF 00 00 00 00 00 00 00 00 00 00 00 00 00 00 00 00 00 00 00 00 58 3E 0F 00 80 A8 12 01 0F 27 00 00 5C 40 56 2F 00 00 00 00 00 00 00 00 C9 2D [NAV-0x07]
< 31.974s B5 62 01 01 14 00 00 00 00 00 C4 43 04 26 00 00 00 00 00 00 00 00 C0 DF B6 26 C2 69 [NAV-0x01]
< 31.974s B5 62 01 02 1C 00 00 00 00 00 00 00 00 00 00 00 00 00 00 00 00 00 98 BD FF FF FF FF FF FF 00 76 84 DF 47 01 [NAV-0x02]
< 31.974s B5 62 01 12 24 00 00 00 00 00 00 00 00 00 00 00 00 00 00 00 00 00 00 00 00 00 00 00 00 00 00 00 00 00 3C 86 01 00 80 A8 12 01 35 EB [NAV-0x12]
< 31.974s B5 62 01 35 08 00 00 00 00 00 01 00 00 00 3F A7 [NAV-0x35]
< 31.974s B5 62 01 03 10 00 00 00 00 00 00 40 00 08 00 00 00 00 14 00 00 00 70 C5 [NAV-0x03]
< 31.974s B5 62 01 04 12 00 00 00 00 00 0F 27 0F 27 0F 27 0F 27 0F 27 0F 27 0F 27 91 91 [NAV-0x04]
< 31.974s B5 62 01 21 14 00 00 00 00 00 FF FF FF FF 00 00 00 00 E5 07 03 07 00 00 00 F0 18 0B [NAV-0x21]
< 31.974s B5 62 01 22 14 00 00 00 00 00 00 00 00 00 00 00 00 00 FF FF FF FF 7C 36 39 00 1E C8 [NAV-0x22]
< 32.124s B5 62 01 60 10 00 00 00 00 00 01 00 00 00 00 00 00 00 00 00 00 00 72 60 [NAV-0x60]
< 32.141s B5 62 02 15 10 00 00 00 00 00 00 00 00 00 00 00 12 00 00 01 E8 00 22 16 [RXM-0x15]
< 32.141s B5 62 01 07 5C 00 C8 00 00 00 E5 07 03 07 00 00 00 F0 FF FF FF FF 00 C2 EB 0B 00 00 24 00 00 00 00 00 00 00 00 00 00 00 00 00 98 BD FF FF FF FF FF FF 00 76 84 DF 00 00 00 00 00 00 00 00 00 00 00 00 00 00 00 00 00 00 00 00 58 3E 0F 00 80 A8 12 01 0F 27 00 00 5C 40 56 2F 00 00 00 00 00 00 00 00 49 F4 [NAV-0x07]
< 32.141s B5 62 01 01 14 00 C8 00 00 00 C4 43 04 26 00 00 00 00 00 00 00 00 C0 DF B6 26 8A 09 [NAV-0x01]
< 32.141s B5 62 01 02 1C 00 C8 00 00 00 00 00 00 00 00 00 00 00 00 00 00 00 98 BD FF FF FF FF FF FF 00 76 84 DF 0F E1 [NAV-0x02]
< 32.141s B5 62 01 12 24 00 C8 00 00 00 00 00 00 00 00 00 00 00 00 00 00 00 00 00 00 00 00 00 00 00 00 00 00 00 3C 86 01 00 80 A8 12 01 FD 0B [NAV-0x12]
< 32.141s B5 62 01 35 08 00 C8 00 00 00 01 00 00 00 07 E7 [NAV-0x35]
< 32.141s B5 62 01 03 10 00 C8 00 00 00 00 40 00 08 00 00 00 00 DC 00 00 00 00 65 [NAV-0x03]
< 32.141s B5 62 01 04 12 00 C8 00 00 00 0F 27 0F 27 0F 27 0F 27 0F 27 0F 27 0F 27 59 A1 [NAV-0x04]
< 32.141s B5 62 01 21 14 00 C8 00 00 00 FF FF FF FF 00 C2 EB 0B E5 07 03 07 00 00 00 F0 98 92 [NAV-0x21]
< 32.141s B5 62 01 22 14 00 C8 00 00 00 00 00 00 00 00 00 00 00 FF FF FF FF 7C 36 39 00 E6 68 [NAV-0x22]
< 32.324s B5 62 01 60 10 00 C8 00 00 00 01 00 00 00 00 00 00 00 00 00 00 00 3A E0 [NAV-0x60]
< 32.339s B5 62 02 15 10 00 9A 99 99 99 99 99 C9 3F 00 00 12 00 00 01 B0 01 8A 31 [RXM-0x15]
< 32.339s B5 62 01 07 5C 00 90 01 00 00 E5 07 03 07 00 00 00 F0 FF FF FF FF 00 84 D7 17 00 00 24 00 00 00 00 00 00 00 00 00 00 00 00 00 98 BD FF FF FF FF FF FF 00 76 84 DF 00 00 00 00 00 00 00 00 00 00 00 00 00 00 00 00 00 00 00 00 58 3E 0F 00 80 A8 12 01 0F 27 00 00 5C 40 56 2F 00 00 00 00 00 00 00 00 CC A9 [NAV-0x07]
< 32.339s B5 62 01 01 14 00 90 01 00 00 C4 43 04 26 00 00 00 00 00 00 00 00 C0 DF B6 26 53 BC [NAV-0x01]
< 32.339s B5 62 01 02 1C 00 90 01 00 00 00 00 00 00 00 00 00 00 00 00 00 00 98 BD FF FF FF FF FF FF 00 76 84 DF D8 DC [NAV-0x02]
< 32.339s B5 62 01 12 24 00 90 01 00 00 00 00 00 00 00 00 00 00 00 00 00 00 00 00 00 00 00 00 00 00 00 00 00 00 3C 86 01 00 80 A8 12 01 C6 4E [NAV-0x12]
< 32.339s B5 62 01 35 14 00 90 01 00 00 01 01 00 00 00 1C 00 A5 00 00 00 00 11 18 00 00 C7 92 [NAV-0x35]
< 32.339s B5 62 01 03 10 00 90 01 00 00 00 40 00 08 00 00 00 00 A4 01 00 00 92 17 [NAV-0x03]
< 32.339s B5 62 01 04 12 00 90 01 00 00 0F 27 0F 27 0F 27 0F 27 0F 27 0F 27 0F 27 22 C2 [NAV-0x04]
< 32.339s B5 62 01 21 14 00 90 01 00 00 FF FF FF FF 00 84 D7 17 E5 07 03 07 00 00 00 F0 1B 3F [NAV-0x21]
< 32.339s B5 62 01 22 14 00 90 01 00 00 00 00 00 00 00 00 00 00 FF FF FF FF 7C 36 39 00 AF 1B [NAV-0x22]
< 32.524s B5 62 01 60 10 00 90 01 00 00 01 00 00 00 00 00 00 00 00 00 00 00 03 6F [NAV-0x60]
< 32.539s B5 62 02 15 10 00 9A 99 99 99 99 99 D9 3F 00 00 12 00 00 01 78 02 63 62 [RXM-0x15]
< 32.539s B5 62 01 07 5C 00 58 02 00 00 E5 07 03 07 00 00 00 F0 FF FF FF FF 00 46 C3 23 00 00 24 00 00 00 00 00 00 00 00 00 00 00 00 00 98 BD FF FF FF FF FF FF 00 76 84 DF 00 00 00 00 00 00 00 00 00 00 00 00 00 00 00 00 00 00 00 00 58 3E 0F 00 80 A8 12 01 0F 27 00 00 5C 40 56 2F 00 00 00 00 00 00 00 00 4F 5E [NAV-0x07]
< 32.539s B5 62 01 01 14 00 58 02 00 00 C4 43 04 26 00 00 00 00 00 00 00 00 C0 DF B6 26 1C 6F [NAV-0x01]
< 32.539s B5 62 01 02 1C 00 58 02 00 00 00 00 00 00 00 00 00 00 00 00 00 00 98 BD FF FF FF FF FF FF 00 76 84 DF A1 D7 [NAV-0x02]
< 32.539s B5 62 01 12 24 00 58 02 00 00 00 00 00 00 00 00 00 00 00 00 00 00 00 00 00 00 00 00 00 00 00 00 00 00 3C 86 01 00 80 A8 12 01 8F 91 [NAV-0x12]
< 32.539s B5 62 01 35 14 00 58 02 00 00 01 01 00 00 00 1C 00 A5 00 00 00 00 11 18 00 00 90 45 [NAV-0x35]
< 32.539s B5 62 01 03 10 00 58 02 00 00 00 40 00 08 00 00 00 00 6C 02 00 00 24 C9 [NAV-0x03]
< 32.539s B5 62 01 04 12 00 58 02 00 00 0F 27 0F 27 0F 27 0F 27 0F 27 0F 27 0F 27 EB E3 [NAV-0x04]
< 32.539s B5 62 01 21 14 00 58 02 00 00 FF FF FF FF 00 46 C3 23 E5 07 03 07 00 00 00 F0 9E EC [NAV-0x21]
< 32.539s B5 62 01 22 14 00 58 02 00 00 00 00 00 00 00 00 00 00 FF FF FF FF 7C 36 39 00 78 CE [NAV-0x22]
< 32.724s B5 62 01 60 10 00 58 02 00 00 01 00 00 00 00 00 00 00 00 00 00 00 CC FE [NAV-0x60]
< 32.724s B5 62 02 15 10 00 33 33 33 33 33 33 E3 3F 00 00 12 00 00 01 40 03 D1 01 [RXM-0x15]
< 32.724s B5 62 0A 04 A0 00 52 4F 4D 20 53 50 47 20 35 2E 31 30 20 28 37 62 32 30 32 65 29 00 00 00 00 00 00 00 00 00 30 30 30 41 30 30 30 30 00 00 46 57 56 45 52 3D 53 50 47 20 35 2E 31 30 00 00 00 00 00 00 00 00 00 00 00 00 00 00 00 00 50 52 4F 54 56 45 52 3D 33 34 2E 31 30 00 00 00 00 00 00 00 00 00 00 00 00 00 00 00 00 00 47 50 53 3B 47 4C 4F 3B 47 41 4C 3B 42 44 53 00 00 00 00 00 00 00 00 00 00 00 00 00 00 00 53 42 41 53 3B 51 5A 53 53 00 00 00 00 00 00 00 00 00 00 00 00 00 00 00 00 00 00 00 00 00 F7 14 [MON-0x04]
< 32.742s B5 62 05 01 02 00 06 8A 98 C1 [ACK-0x01]
< 32.742s B5 62 01 07 5C 00 20 03 00 00 E5 07 03 07 00 00 00 F0 FF FF FF FF 00 08 AF 2F 00 00 24 00 00 00 00 00 00 00 00 00 00 00 00 00 98 BD FF FF FF FF FF FF 00 76 84 DF 00 00 00 00 00 00 00 00 00 00 00 00 00 00 00 00 00 00 00 00 58 3E 0F 00 80 A8 12 01 0F 27 00 00 5C 40 56 2F 00 00 00 00 00 00 00 00 D2 13 [NAV-0x07]
< 32.742s B5 62 01 01 14 00 20 03 00 00 C4 43 04 26 00 00 00 00 00 00 00 00 C0 DF B6 26 E5 22 [NAV-0x01]
< 32.742s B5 62 01 02 1C 00 20 03 00 00 00 00 00 00 00 00 00 00 00 00 00 00 98 BD FF FF FF FF FF FF 00 76 84 DF 6A D2 [NAV-0x02]
< 32.742s B5 62 01 12 24 00 20 03 00 00 00 00 00 00 00 00 00 00 00 00 00 00 00 00 00 00 00 00 00 00 00 00 00 00 3C 86 01 00 80 A8 12 01 58 D4 [NAV-0x12]
< 32.742s B5 62 01 35 14 00 20 03 00 00 01 01 00 00 00 1C 00 A5 00 00 00 00 11 18 00 00 59 F8 [NAV-0x35]
< 32.742s B5 62 01 03 10 00 20 03 00 00 00 40 00 08 00 00 00 00 34 03 00 00 B6 7B [NAV-0x03]
< 32.742s B5 62 01 04 12 00 20 03 00 00 0F 27 0F 27 0F 27 0F 27 0F 27 0F 27 0F 27 B4 04 [NAV-0x04]
< 32.742s B5 62 01 21 14 00 20 03 00 00 FF FF FF FF 00 08 AF 2F E5 07 03 07 00 00 00 F0 21 99 [NAV-0x21]
< 32.742s B5 62 01 22 14 00 20 03 00 00 00 00 00 00 00 00 00 00 FF FF FF FF 7C 36 39 00 41 81 [NAV-0x22]
< 32.742s B5 62 01 60 10 00 20 03 00 00 01 00 00 00 00 00 00 00 00 00 00 00 95 8D [NAV-0x60]
< 32.774s B5 62 05 01 02 00 06 8A 98 C1 [ACK-0x01]
< 32.774s B5 62 05 01 02 00 06 8A 98 C1 [ACK-0x01]
< 32.774s B5 62 0A 04 A0 00 52 4F 4D 20 53 50 47 20 35 2E 31 30 20 28 37 62 32 30 32 65 29 00 00 00 00 00 00 00 00 00 30 30 30 41 30 30 30 30 00 00 46 57 56 45 52 3D 53 50 47 20 35 2E 31 30 00 00 00 00 00 00 00 00 00 00 00 00 00 00 00 00 50 52 4F 54 56 45 52 3D 33 34 2E 31 30 00 00 00 00 00 00 00 00 00 00 00 00 00 00 00 00 00 47 50 53 3B 47 4C 4F 3B 47 41 4C 3B 42 44 53 00 00 00 00 00 00 00 00 00 00 00 00 00 00 00 53 42 41 53 3B 51 5A 53 53 00 00 00 00 00 00 00 00 00 00 00 00 00 00 00 00 00 00 00 00 00 F7 14 [MON-0x04]
< 32.907s B5 62 05 01 02 00 06 8A 98 C1 [ACK-0x01]
< 32.924s B5 62 0A 38 1C 00 00 01 00 00 00 00 01 02 00 00 00 00 00 00 00 00 58 00 CE 0D 35 08 8B 09 8F 00 00 00 F5 D7 [MON-0x38]
< 32.924s B5 62 02 15 10 00 9A 99 99 99 99 99 E9 3F 00 00 12 00 00 01 08 04 05 24 [RXM-0x15]
< 32.940s B5 62 05 01 02 00 06 8A 98 C1 [ACK-0x01]
< 32.940s B5 62 01 07 5C 00 E8 03 00 00 E5 07 03 07 00 00 01 F0 FF FF FF FF 00 00 00 00 00 00 24 00 00 00 00 00 00 00 00 00 00 00 00 00 98 BD FF FF FF FF FF FF 00 76 84 DF 00 00 00 00 00 00 00 00 00 00 00 00 00 00 00 00 00 00 00 00 58 3E 0F 00 80 A8 12 01 0F 27 00 00 5C 40 56 2F 00 00 00 00 00 00 00 00 B5 F0 [NAV-0x07]
< 32.940s B5 62 01 01 14 00 E8 03 00 00 C4 43 04 26 00 00 00 00 00 00 00 00 C0 DF B6 26 AD C2 [NAV-0x01]
< 32.940s B5 62 01 02 1C 00 E8 03 00 00 00 00 00 00 00 00 00 00 00 00 00 00 98 BD FF FF FF FF FF FF 00 76 84 DF 32 B2 [NAV-0x02]
< 32.940s B5 62 01 12 24 00 E8 03 00 00 00 00 00 00 00 00 00 00 00 00 00 00 00 00 00 00 00 00 00 00 00 00 00 00 3C 86 01 00 80 A8 12 01 20 F4 [NAV-0x12]
< 32.940s B5 62 01 35 14 00 E8 03 00 00 01 01 00 00 00 1C 00 A5 00 00 00 00 11 18 00 00 21 98 [NAV-0x35]
< 32.940s B5 62 01 03 10 00 E8 03 00 00 00 40 00 08 00 00 00 00 FC 03 00 00 46 1B [NAV-0x03]
< 32.940s B5 62 01 04 12 00 E8 03 00 00 0F 27 0F 27 0F 27 0F 27 0F 27 0F 27 0F 27 7C 14 [NAV-0x04]
< 32.940s B5 62 01 21 14 00 E8 03 00 00 FF FF FF FF 00 00 00 00 E5 07 03 07 00 00 01 F0 04 66 [NAV-0x21]
< 32.940s B5 62 01 22 14 00 E8 03 00 00 00 00 00 00 00 00 00 00 FF FF FF FF 7C 36 39 00 09 21 [NAV-0x22]
< 32.940s B5 62 01 60 10 00 E8 03 00 00 01 00 00 00 00 00 00 00 00 00 00 00 5D 0D [NAV-0x60]
< 32.955s B5 62 05 01 02 00 06 8A 98 C1 [ACK-0x01]
< 32.955s B5 62 05 01 02 00 06 8A 98 C1 [ACK-0x01]
< 32.990s B5 62 05 01 02 00 06 8A 98 C1 [ACK-0x01]
< 32.990s B5 62 27 04 6C 00 01 00 4D 00 60 19 A4 76 9F 6A 59 20 FA 90 68 81 BD EF 1C F8 AC 5B 19 96 6D DD D0 35 C1 D7 5D CB 93 C1 E8 A9 00 00 00 00 00 00 00 00 00 00 00 00 00 00 00 00 00 00 00 00 00 00 00 00 25 F3 FF 28 1D 4B CA E4 65 27 29 C7 F0 54 29 77 04 6B 76 BE A1 E7 23 91 DF 00 4E F6 BE 67 BF 06 1D 96 87 1D EB 93 CF 08 49 D2 4F A9 75 93 B3 E1 D3 7E [SEC-0x04]
< 32.990s B5 62 05 01 02 00 06 8A 98 C1 [ACK-0x01]
< 32.990s B5 62 05 01 02 00 06 8A 98 C1 [ACK-0x01]
< 33.007s B5 62 05 01 02 00 06 8A 98 C1 [ACK-0x01]
< 33.007s B5 62 05 01 02 00 06 8A 98 C1 [ACK-0x01]
< 33.024s B5 62 05 01 02 00 06 8A 98 C1 [ACK-0x01]
< 33.024s B5 62 05 01 02 00 06 8A 98 C1 [ACK-0x01]
< 33.040s B5 62 05 01 02 00 06 8A 98 C1 [ACK-0x01]
< 33.056s B5 62 05 01 02 00 06 8A 98 C1 [ACK-0x01]
< 33.056s B5 62 05 01 02 00 06 8A 98 C1 [ACK-0x01]
< 33.074s B5 62 05 01 02 00 06 8A 98 C1 [ACK-0x01]
< 33.074s B5 62 05 01 02 00 06 8A 98 C1 [ACK-0x01]
< 33.090s B5 62 05 01 02 00 06 8A 98 C1 [ACK-0x01]
< 33.108s B5 62 05 01 02 00 06 8A 98 C1 [ACK-0x01]
< 33.108s B5 62 05 01 02 00 06 8A 98 C1 [ACK-0x01]
< 33.124s B5 62 05 01 02 00 06 8A 98 C1 [ACK-0x01]
< 33.124s B5 62 05 01 02 00 06 8A 98 C1 [ACK-0x01]
< 33.124s B5 62 02 15 10 00 00 00 00 00 00 00 F0 3F 00 00 12 00 00 01 D0 04 3D 81 [RXM-0x15]
< 33.140s B5 62 05 01 02 00 06 8A 98 C1 [ACK-0x01]
< 33.140s B5 62 01 07 5C 00 B0 04 00 00 E5 07 03 07 00 00 01 F0 FF FF FF FF FF C1 EB 0B 00 00 24 00 00 00 00 00 00 00 00 00 00 00 00 00 98 BD FF FF FF FF FF FF 00 76 84 DF 00 00 00 00 00 00 00 00 00 00 00 00 00 00 00 00 00 00 00 00 58 3E 0F 00 80 A8 12 01 0F 27 00 00 5C 40 56 2F 00 00 00 00 00 00 00 00 34 7B [NAV-0x07]
< 33.140s B5 62 01 01 14 00 B0 04 00 00 C4 43 04 26 00 00 00 00 00 00 00 00 C0 DF B6 26 76 75 [NAV-0x01]
< 33.140s B5 62 01 02 1C 00 B0 04 00 00 00 00 00 00 00 00 00 00 00 00 00 00 98 BD FF FF FF FF FF FF 00 76 84 DF FB AD [NAV-0x02]
< 33.140s B5 62 01 12 24 00 B0 04 00 00 00 00 00 00 00 00 00 00 00 00 00 00 00 00 00 00 00 00 00 00 00 00 00 00 3C 86 01 00 80 A8 12 01 E9 37 [NAV-0x12]
< 33.140s B5 62 01 35 14 00 B0 04 00 00 01 01 00 00 00 1C 00 A5 00 00 00 00 11 18 00 00 EA 4B [NAV-0x35]
< 33.140s B5 62 01 03 10 00 B0 04 00 00 00 40 00 08 00 00 00 00 C4 04 00 00 D8 CD [NAV-0x03]
< 33.140s B5 62 01 04 12 00 B0 04 00 00 0F 27 0F 27 0F 27 0F 27 0F 27 0F 27 0F 27 45 35 [NAV-0x04]
< 33.140s B5 62 01 21 14 00 B0 04 00 00 FF FF FF FF FF C1 EB 0B E5 07 03 07 00 00 01 F0 83 E9 [NAV-0x21]
< 33.140s B5 62 01 22 14 00 B0 04 00 00 00 00 00 00 00 00 00 00 FF FF FF FF 7C 36 39 00 D2 D4 [NAV-0x22]
< 33.140s B5 62 01 60 10 00 B0 04 00 00 01 00 00 00 00 00 00 00 00 00 00 00 26 9C [NAV-0x60]
< 33.156s B5 62 05 01 02 00 06 8A 98 C1 [ACK-0x01]
< 33.156s B5 62 05 01 02 00 06 8A 98 C1 [ACK-0x01]
< 33.174s B5 62 05 01 02 00 06 8A 98 C1 [ACK-0x01]
< 33.174s B5 62 05 01 02 00 06 09 17 40 [ACK-0x01]
< 33.374s B5 62 05 01 02 00 06 8A 98 C1 [ACK-0x01]
< 33.374s B5 62 0A 38 04 00 00 00 00 00 46 F0 [MON-0x38]
< 33.374s B5 62 01 07 5C 00 00 00 00 00 E5 07 03 07 00 00 00 F0 FF FF FF FF 00 00 00 00 00 00 24 00 00 00 00 00 00 00 00 00 00 00 00 00 98 BD FF FF FF FF FF FF 00 76 84 DF 00 00 00 00 00 00 00 00 00 00 00 00 00 00 00 00 00 00 00 00 58 3E 0F 00 80 A8 12 01 0F 27 00 00 5C 40 56 2F 00 00 00 00 00 00 00 00 C9 2D [NAV-0x07]
< 33.374s B5 62 01 01 14 00 00 00 00 00 C4 43 04 26 00 00 00 00 00 00 00 00 C0 DF B6 26 C2 69 [NAV-0x01]
< 33.374s B5 62 01 02 1C 00 00 00 00 00 00 00 00 00 00 00 00 00 00 00 00 00 98 BD FF FF FF FF FF FF 00 76 84 DF 47 01 [NAV-0x02]
< 33.374s B5 62 01 12 24 00 00 00 00 00 00 00 00 00 00 00 00 00 00 00 00 00 00 00 00 00 00 00 00 00 00 00 00 00 3C 86 01 00 80 A8 12 01 35 EB [NAV-0x12]
< 33.374s B5 62 01 35 08 00 00 00 00 00 01 00 00 00 3F A7 [NAV-0x35]
< 33.374s B5 62 01 03 10 00 00 00 00 00 00 40 00 08 00 00 00 00 14 00 00 00 70 C5 [NAV-0x03]
< 33.374s B5 62 01 04 12 00 00 00 00 00 0F 27 0F 27 0F 27 0F 27 0F 27 0F 27 0F 27 91 91 [NAV-0x04]
< 33.374s B5 62 01 21 14 00 00 00 00 00 FF FF FF FF 00 00 00 00 E5 07 03 07 00 00 00 F0 18 0B [NAV-0x21]
< 33.374s B5 62 01 22 14 00 00 00 00 00 00 00 00 00 00 00 00 00 FF FF FF FF 7C 36 39 00 1E C8 [NAV-0x22]
< 33.524s B5 62 01 60 10 00 00 00 00 00 01 00 00 00 00 00 00 00 00 00 00 00 72 60 [NAV-0x60]
< 33.540s B5 62 02 15 10 00 00 00 00 00 00 00 00 00 00 00 12 00 00 01 E8 00 22 16 [RXM-0x15]
< 33.540s B5 62 01 07 5C 00 C8 00 00 00 E5 07 03 07 00 00 00 F0 FF FF FF FF 00 C2 EB 0B 00 00 24 00 00 00 00 00 00 00 00 00 00 00 00 00 98 BD FF FF FF FF FF FF 00 76 84 DF 00 00 00 00 00 00 00 00 00 00 00 00 00 00 00 00 00 00 00 00 58 3E 0F 00 80 A8 12 01 0F 27 00 00 5C 40 56 2F 00 00 00 00 00 00 00 00 49 F4 [NAV-0x07]
< 33.540s B5 62 01 01 14 00 C8 00 00 00 C4 43 04 26 00 00 00 00 00 00 00 00 C0 DF B6 26 8A 09 [NAV-0x01]
< 33.540s B5 62 01 02 1C 00 C8 00 00 00 00 00 00 00 00 00 00 00 00 00 00 00 98 BD FF FF FF FF FF FF 00 76 84 DF 0F E1 [NAV-0x02]
< 33.540s B5 62 01 12 24 00 C8 00 00 00 00 00 00 00 00 00 00 00 00 00 00 00 00 00 00 00 00 00 00 00 00 00 00 00 3C 86 01 00 80 A8 12 01 FD 0B [NAV-0x12]
< 33.540s B5 62 01 35 08 00 C8 00 00 00 01 00 00 00 07 E7 [NAV-0x35]
< 33.540s B5 62 01 03 10 00 C8 00 00 00 00 40 00 08 00 00 00 00 DC 00 00 00 00 65 [NAV-0x03]
< 33.540s B5 62 01 04 12 00 C8 00 00 00 0F 27 0F 27 0F 27 0F 27 0F 27 0F 27 0F 27 59 A1 [NAV-0x04]
< 33.540s B5 62 01 21 14 00 C8 00 00 00 FF FF FF FF 00 C2 EB 0B E5 07 03 07 00 00 00 F0 98 92 [NAV-0x21]
< 33.540s B5 62 01 22 14 00 C8 00 00 00 00 00 00 00 00 00 00 00 FF FF FF FF 7C 36 39 00 E6 68 [NAV-0x22]
< 33.724s B5 62 01 60 10 00 C8 00 00 00 01 00 00 00 00 00 00 00 00 00 00 00 3A E0 [NAV-0x60]
< 33.740s B5 62 02 15 10 00 9A 99 99 99 99 99 C9 3F 00 00 12 00 00 01 B0 01 8A 31 [RXM-0x15]
< 33.740s B5 62 01 07 5C 00 90 01 00 00 E5 07 03 07 00 00 00 F0 FF FF FF FF 00 84 D7 17 00 00 24 00 00 00 00 00 00 00 00 00 00 00 00 00 98 BD FF FF FF FF FF FF 00 76 84 DF 00 00 00 00 00 00 00 00 00 00 00 00 00 00 00 00 00 00 00 00 58 3E 0F 00 80 A8 12 01 0F 27 00 00 5C 40 56 2F 00 00 00 00 00 00 00 00 CC A9 [NAV-0x07]
< 33.740s B5 62 01 01 14 00 90 01 00 00 C4 43 04 26 00 00 00 00 00 00 00 00 C0 DF B6 26 53 BC [NAV-0x01]
< 33.740s B5 62 01 02 1C 00 90 01 00 00 00 00 00 00 00 00 00 00 00 00 00 00 98 BD FF FF FF FF FF FF 00 76 84 DF D8 DC [NAV-0x02]
< 33.740s B5 62 01 12 24 00 90 01 00 00 00 00 00 00 00 00 00 00 00 00 00 00 00 00 00 00 00 00 00 00 00 00 00 00 3C 86 01 00 80 A8 12 01 C6 4E [NAV-0x12]
< 33.740s B5 62 01 35 8C 00 90 01 00 00 01 0B 00 00 00 02 00 A5 00 00 00 00 11 10 00 00 00 04 00 A5 00 00 00 00 11 18 00 00 00 05 00 A5 00 00 00 00 11 18 00 00 00 06 00 A5 00 00 00 00 11 18 00 00 00 0B 00 A5 00 00 00 00 11 10 00 00 00 0E 00 A5 00 00 00 00 11 18 00 00 00 10 00 A5 00 00 00 00 11 18 00 00 00 11 00 A5 00 00 00 00 11 18 00 00 00 16 00 A5 00 00 00 00 11 18 00 00 00 17 00 A5 00 00 00 00 11 10 00 00 00 1E 00 A5 00 00 00 00 11 18 00 00 B7 88 [NAV-0x35]
< 33.740s B5 62 01 03 10 00 90 01 00 00 00 40 00 08 00 00 00 00 A4 01 00 00 92 17 [NAV-0x03]
< 33.740s B5 62 01 04 12 00 90 01 00 00 0F 27 0F 27 0F 27 0F 27 0F 27 0F 27 0F 27 22 C2 [NAV-0x04]
< 33.740s B5 62 01 21 14 00 90 01 00 00 FF FF FF FF 00 84 D7 17 E5 07 03 07 00 00 00 F0 1B 3F [NAV-0x21]
< 33.740s B5 62 01 22 14 00 90 01 00 00 00 00 00 00 00 00 00 00 FF FF FF FF 7C 36 39 00 AF 1B [NAV-0x22]
< 33.924s B5 62 01 60 10 00 90 01 00 00 01 00 00 00 00 00 00 00 00 00 00 00 03 6F [NAV-0x60]
< 33.941s B5 62 02 15 10 00 9A 99 99 99 99 99 D9 3F 00 00 12 00 00 01 78 02 63 62 [RXM-0x15]
< 33.941s B5 62 01 07 5C 00 58 02 00 00 E5 07 03 07 00 00 00 F0 FF FF FF FF 00 46 C3 23 00 00 24 00 00 00 00 00 00 00 00 00 00 00 00 00 98 BD FF FF FF FF FF FF 00 76 84 DF 00 00 00 00 00 00 00 00 00 00 00 00 00 00 00 00 00 00 00 00 58 3E 0F 00 80 A8 12 01 0F 27 00 00 5C 40 56 2F 00 00 00 00 00 00 00 00 4F 5E [NAV-0x07]
< 33.941s B5 62 01 01 14 00 58 02 00 00 C4 43 04 26 00 00 00 00 00 00 00 00 C0 DF B6 26 1C 6F [NAV-0x01]
< 33.941s B5 62 01 02 1C 00 58 02 00 00 00 00 00 00 00 00 00 00 00 00 00 00 98 BD FF FF FF FF FF FF 00 76 84 DF A1 D7 [NAV-0x02]
< 33.941s B5 62 01 12 24 00 58 02 00 00 00 00 00 00 00 00 00 00 00 00 00 00 00 00 00 00 00 00 00 00 00 00 00 00 3C 86 01 00 80 A8 12 01 8F 91 [NAV-0x12]
< 33.941s B5 62 01 35 8C 00 58 02 00 00 01 0B 00 00 00 02 00 A5 00 00 00 00 11 10 00 00 00 04 00 A5 00 00 00 00 11 18 00 00 00 05 00 A5 00 00 00 00 11 18 00 00 00 06 00 A5 00 00 00 00 11 18 00 00 00 0B 00 A5 00 00 00 00 13 10 00 00 00 0E 00 A5 00 00 00 00 13 18 00 00 00 10 00 A5 00 00 00 00 11 18 00 00 00 11 00 A5 00 00 00 00 11 18 00 00 00 16 00 A5 00 00 00 00 11 18 00 00 00 17 00 A5 00 00 00 00 11 10 00 00 00 1E 1B A5 00 00 00 00 13 18 00 00 A1 A1 [NAV-0x35]
< 33.941s B5 62 01 03 10 00 58 02 00 00 00 40 00 08 00 00 00 00 6C 02 00 00 24 C9 [NAV-0x03]
< 33.941s B5 62 01 04 12 00 58 02 00 00 0F 27 0F 27 0F 27 0F 27 0F 27 0F 27 0F 27 EB E3 [NAV-0x04]
< 33.941s B5 62 01 21 14 00 58 02 00 00 FF FF FF FF 00 46 C3 23 E5 07 03 07 00 00 00 F0 9E EC [NAV-0x21]
< 33.941s B5 62 01 22 14 00 58 02 00 00 00 00 00 00 00 00 00 00 FF FF FF FF 7C 36 39 00 78 CE [NAV-0x22]
< 34.124s B5 62 01 60 10 00 58 02 00 00 01 00 00 00 00 00 00 00 00 00 00 00 CC FE [NAV-0x60]
< 34.141s B5 62 02 15 10 00 33 33 33 33 33 33 E3 3F 00 00 12 00 00 01 40 03 D1 01 [RXM-0x15]
< 34.141s B5 62 01 07 5C 00 20 03 00 00 E5 07 03 07 00 00 00 F0 FF FF FF FF 00 08 AF 2F 00 00 24 00 00 00 00 00 00 00 00 00 00 00 00 00 98 BD FF FF FF FF FF FF 00 76 84 DF 00 00 00 00 00 00 00 00 00 00 00 00 00 00 00 00 00 00 00 00 58 3E 0F 00 80 A8 12 01 0F 27 00 00 5C 40 56 2F 00 00 00 00 00 00 00 00 D2 13 [NAV-0x07]
< 34.141s B5 62 01 01 14 00 20 03 00 00 C4 43 04 26 00 00 00 00 00 00 00 00 C0 DF B6 26 E5 22 [NAV-0x01]
< 34.141s B5 62 01 02 1C 00 20 03 00 00 00 00 00 00 00 00 00 00 00 00 00 00 98 BD FF FF FF FF FF FF 00 76 84 DF 6A D2 [NAV-0x02]
< 34.141s B5 62 01 12 24 00 20 03 00 00 00 00 00 00 00 00 00 00 00 00 00 00 00 00 00 00 00 00 00 00 00 00 00 00 3C 86 01 00 80 A8 12 01 58 D4 [NAV-0x12]
< 34.141s B5 62 01 35 8C 00 20 03 00 00 01 0B 00 00 00 02 00 A5 00 00 00 00 11 10 00 00 00 04 00 A5 00 00 00 00 11 18 00 00 00 05 00 A5 00 00 00 00 11 18 00 00 00 06 00 A5 00 00 00 00 11 18 00 00 00 0B 1A A5 00 00 00 00 13 10 00 00 00 0E 19 A5 00 00 00 00 13 18 00 00 00 10 00 A5 00 00 00 00 11 18 00 00 00 11 18 A5 00 00 00 00 13 18 00 00 00 16 00 A5 00 00 00 00 13 18 00 00 00 17 1A A5 00 00 00 00 13 10 00 00 00 1E 1B A5 00 00 00 00 13 18 00 00 D5 EA [NAV-0x35]
< 34.141s B5 62 01 03 10 00 20 03 00 00 00 40 00 08 00 00 00 00 34 03 00 00 B6 7B [NAV-0x03]
< 34.141s B5 62 01 04 12 00 20 03 00 00 0F 27 0F 27 0F 27 0F 27 0F 27 0F 27 0F 27 B4 04 [NAV-0x04]
< 34.141s B5 62 01 21 14 00 20 03 00 00 FF FF FF FF 00 08 AF 2F E5 07 03 07 00 00 00 F0 21 99 [NAV-0x21]
< 34.141s B5 62 01 22 14 00 20 03 00 00 00 00 00 00 00 00 00 00 FF FF FF FF 7C 36 39 00 41 81 [NAV-0x22]
< 34.307s B5 62 01 60 10 00 20 03 00 00 01 00 00 00 00 00 00 00 00 00 00 00 95 8D [NAV-0x60]
< 34.324s B5 62 0A 38 1C 00 00 01 00 00 00 00 01 02 00 00 00 00 00 00 00 00 53 00 CE 0D 2F 06 98 07 9B 00 00 00 FF D1 [MON-0x38]
< 34.340s B5 62 02 15 10 00 9A 99 99 99 99 99 E9 3F 00 00 12 00 00 01 08 04 05 24 [RXM-0x15]
< 34.340s B5 62 01 07 5C 00 E8 03 00 00 E5 07 03 07 00 00 01 F0 FF FF FF FF 00 00 00 00 00 00 24 00 00 00 00 00 00 00 00 00 00 00 00 00 98 BD FF FF FF FF FF FF 00 76 84 DF 00 00 00 00 00 00 00 00 00 00 00 00 00 00 00 00 00 00 00 00 58 3E 0F 00 80 A8 12 01 0F 27 00 00 5C 40 56 2F 00 00 00 00 00 00 00 00 B5 F0 [NAV-0x07]
< 34.340s B5 62 01 01 14 00 E8 03 00 00 C4 43 04 26 00 00 00 00 00 00 00 00 C0 DF B6 26 AD C2 [NAV-0x01]
< 34.340s B5 62 01 02 1C 00 E8 03 00 00 00 00 00 00 00 00 00 00 00 00 00 00 98 BD FF FF FF FF FF FF 00 76 84 DF 32 B2 [NAV-0x02]
< 34.340s B5 62 01 12 24 00 E8 03 00 00 00 00 00 00 00 00 00 00 00 00 00 00 00 00 00 00 00 00 00 00 00 00 00 00 3C 86 01 00 80 A8 12 01 20 F4 [NAV-0x12]
< 34.340s B5 62 01 35 68 00 E8 03 00 00 01 08 00 00 00 02 00 A5 00 00 00 00 11 10 00 00 00 04 00 A5 00 00 00 00 11 18 00 00 00 05 15 A5 00 00 00 00 13 18 00 00 00 06 00 A5 00 00 00 00 11 18 00 00 00 0E 18 A5 00 00 00 00 13 18 00 00 00 10 00 A5 00 00 00 00 11 18 00 00 00 16 17 A5 00 00 00 00 13 18 00 00 00 1E 1B A5 00 00 00 00 13 18 00 00 C4 E7 [NAV-0x35]
< 34.340s B5 62 01 03 10 00 E8 03 00 00 00 40 00 08 00 00 00 00 FC 03 00 00 46 1B [NAV-0x03]
< 34.340s B5 62 01 04 12 00 E8 03 00 00 0F 27 0F 27 0F 27 0F 27 0F 27 0F 27 0F 27 7C 14 [NAV-0x04]
< 34.340s B5 62 01 21 14 00 E8 03 00 00 FF FF FF FF 00 00 00 00 E5 07 03 07 00 00 01 F0 04 66 [NAV-0x21]
< 34.340s B5 62 01 22 14 00 E8 03 00 00 00 00 00 00 00 00 00 00 FF FF FF FF 7C 36 39 00 09 21 [NAV-0x22]
< 34.407s B5 62 01 60 10 00 E8 03 00 00 01 00 00 00 00 00 00 00 00 00 00 00 5D 0D [NAV-0x60]
< 34.524s B5 62 27 04 6C 00 01 00 43 00 1C AE D1 E6 D2 35 13 F0 7A 7E 3C 6A 6F A2 CD AF 05 58 BA BF DB 06 76 E0 AD 8C 89 69 93 D1 44 56 00 00 00 00 00 00 00 00 00 00 00 00 00 00 00 00 00 00 00 00 00 00 00 00 F0 09 AE 52 84 C1 C3 4C 70 68 EE 1C 6E 7E C8 96 88 78 C8 E1 98 F1 D8 3F 9A 8C DB 8B 47 F2 93 8B AA FD F6 67 B7 98 62 E6 1F C0 45 F0 C2 FA CA 73 14 11 [SEC-0x04]
< 34.540s B5 62 02 15 10 00 00 00 00 00 00 00 F0 3F 00 00 12 00 00 01 D0 04 3D 81 [RXM-0x15]
< 34.540s B5 62 01 07 5C 00 B0 04 00 00 E5 07 03 07 00 00 01 F0 FF FF FF FF FF C1 EB 0B 00 00 24 00 00 00 00 00 00 00 00 00 00 00 00 00 98 BD FF FF FF FF FF FF 00 76 84 DF 00 00 00 00 00 00 00 00 00 00 00 00 00 00 00 00 00 00 00 00 58 3E 0F 00 80 A8 12 01 0F 27 00 00 5C 40 56 2F 00 00 00 00 00 00 00 00 34 7B [NAV-0x07]
< 34.540s B5 62 01 01 14 00 B0 04 00 00 C4 43 04 26 00 00 00 00 00 00 00 00 C0 DF B6 26 76 75 [NAV-0x01]
< 34.540s B5 62 01 02 1C 00 B0 04 00 00 00 00 00 00 00 00 00 00 00 00 00 00 98 BD FF FF FF FF FF FF 00 76 84 DF FB AD [NAV-0x02]
< 34.540s B5 62 01 12 24 00 B0 04 00 00 00 00 00 00 00 00 00 00 00 00 00 00 00 00 00 00 00 00 00 00 00 00 00 00 3C 86 01 00 80 A8 12 01 E9 37 [NAV-0x12]
< 34.540s B5 62 01 35 68 00 B0 04 00 00 01 08 00 00 00 02 00 A5 00 00 00 00 11 10 00 00 00 04 00 A5 00 00 00 00 11 18 00 00 00 05 14 A5 00 00 00 00 13 18 00 00 00 06 00 A5 00 00 00 00 11 18 00 00 00 10 00 A5 00 00 00 00 11 18 00 00 00 16 16 A5 00 00 00 00 13 18 00 00 00 17 00 A5 00 00 00 00 11 10 00 00 00 1E 0D A5 00 00 00 00 13 18 00 00 64 F5 [NAV-0x35]
< 34.540s B5 62 01 03 10 00 B0 04 00 00 00 40 00 08 00 00 00 00 C4 04 00 00 D8 CD [NAV-0x03]
< 34.540s B5 62 01 04 12 00 B0 04 00 00 0F 27 0F 27 0F 27 0F 27 0F 27 0F 27 0F 27 45 35 [NAV-0x04]
< 34.540s B5 62 01 21 14 00 B0 04 00 00 FF FF FF FF FF C1 EB 0B E5 07 03 07 00 00 01 F0 83 E9 [NAV-0x21]
< 34.540s B5 62 01 22 14 00 B0 04 00 00 00 00 00 00 00 00 00 00 FF FF FF FF 7C 36 39 00 D2 D4 [NAV-0x22]
< 34.724s B5 62 01 60 10 00 B0 04 00 00 01 00 00 00 00 00 00 00 00 00 00 00 26 9C [NAV-0x60]
< 34.741s B5 62 02 15 10 00 33 33 33 33 33 33 F3 3F 00 00 12 00 00 01 98 05 3B 53 [RXM-0x15]
< 34.741s B5 62 01 07 5C 00 78 05 00 00 E5 07 03 07 00 00 01 F0 FF FF FF FF 00 84 D7 17 00 00 24 00 00 00 00 00 00 00 00 00 00 00 00 00 98 BD FF FF FF FF FF FF 00 76 84 DF 00 00 00 00 00 00 00 00 00 00 00 00 00 00 00 00 00 00 00 00 58 3E 0F 00 80 A8 12 01 0F 27 00 00 5C 40 56 2F 00 00 00 00 00 00 00 00 B9 C7 [NAV-0x07]
< 34.741s B5 62 01 01 14 00 78 05 00 00 C4 43 04 26 00 00 00 00 00 00 00 00 00 E0 B6 26 80 2B [NAV-0x01]
< 34.741s B5 62 01 02 1C 00 78 05 00 00 00 00 00 00 00 00 00 00 00 00 00 00 98 BD FF FF FF FF FF FF 00 76 84 DF C4 A8 [NAV-0x02]
< 34.741s B5 62 01 12 24 00 78 05 00 00 00 00 00 00 00 00 00 00 00 00 00 00 00 00 00 00 00 00 00 00 00 00 00 00 3C 86 01 00 80 A8 12 01 B2 7A [NAV-0x12]
< 34.741s B5 62 01 35 68 00 78 05 00 00 01 08 00 00 00 02 00 A5 00 00 00 00 11 10 00 00 00 04 00 A5 00 00 00 00 11 18 00 00 00 05 14 A5 00 00 00 00 13 18 00 00 00 06 00 A5 00 00 00 00 11 18 00 00 00 10 00 A5 00 00 00 00 11 18 00 00 00 16 15 A5 00 00 00 00 13 18 00 00 00 17 00 A5 00 00 00 00 11 10 00 00 00 1E 0C A5 00 00 00 00 13 18 00 00 2B 70 [NAV-0x35]
< 34.741s B5 62 01 03 10 00 78 05 00 00 00 40 00 08 00 00 00 00 8C 05 00 00 6A 7F [NAV-0x03]
< 34.741s B5 62 01 04 12 00 78 05 00 00 0F 27 0F 27 0F 27 0F 27 0F 27 0F 27 0F 27 0E 56 [NAV-0x04]
< 34.741s B5 62 01 21 14 00 78 05 00 00 FF FF FF FF 00 84 D7 17 E5 07 03 07 00 00 01 F0 08 AD [NAV-0x21]
< 34.741s B5 62 01 22 14 00 78 05 00 00 00 00 00 00 00 00 00 00 FF FF FF FF 7C 36 39 00 9B 87 [NAV-0x22]
< 34.924s B5 62 01 60 10 00 78 05 00 00 01 00 00 00 00 00 00 00 00 00 00 00 EF 2B [NAV-0x60]
< 34.941s B5 62 02 15 10 00 67 66 66 66 66 66 F6 3F 00 00 12 00 00 01 60 06 3A 35 [RXM-0x15]
< 34.941s B5 62 01 07 5C 00 40 06 00 00 E5 07 03 07 00 00 01 F0 FF FF FF FF 00 46 C3 23 00 00 24 00 00 00 00 00 00 00 00 00 00 00 00 00 98 BD FF FF FF FF FF FF 00 76 84 DF 00 00 00 00 00 00 00 00 00 00 00 00 00 00 00 00 00 00 00 00 58 3E 0F 00 80 A8 12 01 0F 27 00 00 5C 40 56 2F 00 00 00 00 00 00 00 00 3C 7C [NAV-0x07]
< 34.941s B5 62 01 01 14 00 40 06 00 00 C4 43 04 26 00 00 00 00 00 00 00 00 00 E0 B6 26 49 DE [NAV-0x01]
< 34.941s B5 62 01 02 1C 00 40 06 00 00 00 00 00 00 00 00 00 00 00 00 00 00 98 BD FF FF FF FF FF FF 00 76 84 DF 8D A3 [NAV-0x02]
< 34.941s B5 62 01 12 24 00 40 06 00 00 00 00 00 00 00 00 00 00 00 00 00 00 00 00 00 00 00 00 00 00 00 00 00 00 3C 86 01 00 80 A8 12 01 7B BD [NAV-0x12]
< 34.941s B5 62 01 35 74 00 40 06 00 00 01 09 00 00 00 02 00 A5 00 00 00 00 11 10 00 00 00 04 00 A5 00 00 00 00 11 18 00 00 00 05 13 A5 00 00 00 00 13 18 00 00 00 06 00 A5 00 00 00 00 11 18 00 00 00 10 00 A5 00 00 00 00 11 18 00 00 00 16 15 A5 00 00 00 00 13 18 00 00 00 17 00 A5 00 00 00 00 11 10 00 00 00 1E 0A A5 00 00 00 00 13 18 00 00 05 0A 00 A5 00 00 00 00 01 00 00 00 B3 7B [NAV-0x35]
< 34.941s B5 62 01 03 10 00 40 06 00 00 00 40 00 08 00 00 00 00 54 06 00 00 FC 31 [NAV-0x03]
< 34.941s B5 62 01 04 12 00 40 06 00 00 0F 27 0F 27 0F 27 0F 27 0F 27 0F 27 0F 27 D7 77 [NAV-0x04]
< 34.941s B5 62 01 21 14 00 40 06 00 00 FF FF FF FF 00 46 C3 23 E5 07 03 07 00 00 01 F0 8B 5A [NAV-0x21]
< 34.941s B5 62 01 22 14 00 40 06 00 00 00 00 00 00 00 00 00 00 FF FF FF FF 7C 36 39 00 64 3A [NAV-0x22]
< 35.124s B5 62 01 60 10 00 40 06 00 00 01 00 00 00 00 00 00 00 00 00 00 00 B8 BA [NAV-0x60]
< 35.140s B5 62 02 15 10 00 9A 99 99 99 99 99 F9 3F 00 00 12 00 00 01 28 07 38 07 [RXM-0x15]
< 35.140s B5 62 01 07 5C 00 08 07 00 00 E5 07 03 07 00 00 01 F0 FF FF FF FF 00 08 AF 2F 00 00 24 00 00 00 00 00 00 00 00 00 00 00 00 00 98 BD FF FF FF FF FF FF 00 77 84 DF 00 00 00 00 00 00 00 00 00 00 00 00 00 00 00 00 00 00 00 00 58 3E 0F 00 80 A8 12 01 0F 27 00 00 5C 40 56 2F 00 00 00 00 00 00 00 00 C0 60 [NAV-0x07]
< 35.140s B5 62 01 01 14 00 08 07 00 00 C4 43 04 26 00 00 00 00 00 00 00 00 00 E0 B6 26 12 91 [NAV-0x01]
< 35.140s B5 62 01 02 1C 00 08 07 00 00 00 00 00 00 00 00 00 00 00 00 00 00 98 BD FF FF FF FF FF FF 00 77 84 DF 57 A1 [NAV-0x02]
< 35.140s B5 62 01 12 24 00 08 07 00 00 00 00 00 00 00 00 00 00 00 00 00 00 00 00 00 00 00 00 00 00 00 00 00 00 3C 86 01 00 80 A8 12 01 44 00 [NAV-0x12]
< 35.140s B5 62 01 35 74 00 08 07 00 00 01 09 00 00 00 02 00 A5 00 00 00 00 11 10 00 00 00 04 00 A5 00 00 00 00 11 18 00 00 00 05 12 A5 00 00 00 00 13 18 00 00 00 06 00 A5 00 00 00 00 11 18 00 00 00 10 00 A5 00 00 00 00 11 18 00 00 00 16 14 A5 00 00 00 00 13 18 00 00 00 17 15 A5 00 00 00 00 13 10 00 00 00 1E 09 A5 00 00 00 00 13 18 00 00 05 0A 1A A5 00 00 00 00 03 00 00 00 AC 06 [NAV-0x35]
< 35.140s B5 62 01 03 10 00 08 07 00 00 00 40 00 08 00 00 00 00 1C 07 00 00 8E E3 [NAV-0x03]
< 35.140s B5 62 01 04 12 00 08 07 00 00 0F 27 0F 27 0F 27 0F 27 0F 27 0F 27 0F 27 A0 98 [NAV-0x04]
< 35.140s B5 62 01 21 14 00 08 07 00 00 FF FF FF FF 00 08 AF 2F E5 07 03 07 00 00 01 F0 0E 07 [NAV-0x21]
< 35.140s B5 62 01 22 14 00 08 07 00 00 00 00 00 00 00 00 00 00 FF FF FF FF 7C 36 39 00 2D ED [NAV-0x22]
< 35.308s B5 62 01 60 10 00 08 07 00 00 01 00 00 00 00 00 00 00 00 00 00 00 81 49 [NAV-0x60]
< 35.324s B5 62 0A 38 1C 00 00 01 00 00 00 00 01 02 00 00 00 00 00 00 00 00 53 00 CE 0D 31 07 97 07 9D 00 00 00 03 EA [MON-0x38]
< 35.341s B5 62 02 15 10 00 CD CC CC CC CC CC FC 3F 00 00 12 00 00 01 F0 07 35 D8 [RXM-0x15]
< 35.341s B5 62 01 07 5C 00 D0 07 00 00 E5 07 03 07 00 00 02 F0 FF FF FF FF 00 00 00 00 00 00 24 00 00 00 00 00 00 00 00 00 00 00 00 00 98 BD FF FF FF FF FF FF 00 77 84 DF 00 00 00 00 00 00 00 00 00 00 00 00 00 00 00 00 00 00 00 00 58 3E 0F 00 80 A8 12 01 0F 27 00 00 5C 40 56 2F 00 00 00 00 00 00 00 00 A3 3D [NAV-0x07]
< 35.341s B5 62 01 01 14 00 D0 07 00 00 C4 43 04 26 00 00 00 00 00 00 00 00 40 E0 B6 26 1A 31 [NAV-0x01]
< 35.341s B5 62 01 02 1C 00 D0 07 00 00 00 00 00 00 00 00 00 00 00 00 00 00 98 BD FF FF FF FF FF FF 00 77 84 DF 1F 81 [NAV-0x02]
< 35.341s B5 62 01 12 24 00 D0 07 00 00 00 00 00 00 00 00 00 00 00 00 00 00 00 00 00 00 00 00 00 00 00 00 00 00 3C 86 01 00 80 A8 12 01 0C 20 [NAV-0x12]
< 35.341s B5 62 01 35 68 00 D0 07 00 00 01 08 00 00 00 02 00 A5 00 00 00 00 11 10 00 00 00 04 00 A5 00 00 00 00 11 18 00 00 00 05 12 A5 00 00 00 00 13 18 00 00 00 06 00 A5 00 00 00 00 11 18 00 00 00 10 00 A5 00 00 00 00 11 18 00 00 00 16 13 A5 00 00 00 00 13 18 00 00 00 17 14 A5 00 00 00 00 13 10 00 00 00 1E 09 A5 00 00 00 00 13 18 00 00 94 E8 [NAV-0x35]
< 35.341s B5 62 01 03 10 00 D0 07 00 00 00 40 00 08 00 00 00 00 E4 07 00 00 1E 83 [NAV-0x03]
< 35.341s B5 62 01 04 12 00 D0 07 00 00 0F 27 0F 27 0F 27 0F 27 0F 27 0F 27 0F 27 68 A8 [NAV-0x04]
< 35.341s B5 62 01 21 14 00 D0 07 00 00 FF FF FF FF 00 00 00 00 E5 07 03 07 00 00 02 F0 F1 D4 [NAV-0x21]
< 35.341s B5 62 01 22 14 00 D0 07 00 00 00 00 00 00 00 00 00 00 FF FF FF FF 7C 36 39 00 F5 8D [NAV-0x22]
< 35.524s B5 62 01 60 10 00 D0 07 00 00 01 00 00 00 00 00 00 00 00 00 00 00 49 C9 [NAV-0x60]
< 35.540s B5 62 02 15 10 00 00 00 00 00 00 00 00 40 00 00 12 00 00 01 B8 08 3A FE [RXM-0x15]
< 35.541s B5 62 01 07 5C 00 98 08 00 00 E5 07 03 07 00 00 02 F0 FF FF FF FF 00 C2 EB 0B 00 00 24 00 00 00 00 00 00 00 00 00 00 00 00 00 98 BD FF FF FF FF FF FF 00 78 84 DF 00 00 00 00 00 00 00 00 00 00 00 00 00 00 00 00 00 00 00 00 58 3E 0F 00 80 A8 12 01 0F 27 00 00 5C 40 56 2F 00 00 00 00 00 00 00 00 25 8E [NAV-0x07]
< 35.541s B5 62 01 01 14 00 98 08 00 00 C4 43 04 26 00 00 00 00 00 00 00 00 80 E0 B6 26 23 E4 [NAV-0x01]
< 35.541s B5 62 01 02 1C 00 98 08 00 00 00 00 00 00 00 00 00 00 00 00 00 00 98 BD FF FF FF FF FF FF 00 78 84 DF E9 7F [NAV-0x02]
< 35.541s B5 62 01 12 24 00 98 08 00 00 00 00 00 00 00 00 00 00 00 00 00 00 00 00 00 00 00 00 00 00 00 00 00 00 3C 86 01 00 80 A8 12 01 D5 63 [NAV-0x12]
< 35.541s B5 62 01 35 68 00 98 08 00 00 01 08 00 00 00 02 00 A5 00 00 00 00 11 10 00 00 00 04 00 A5 00 00 00 00 11 18 00 00 00 05 11 A5 00 00 00 00 13 18 00 00 00 06 00 A5 00 00 00 00 11 18 00 00 00 10 00 A5 00 00 00 00 11 18 00 00 00 16 13 A5 00 00 00 00 13 18 00 00 00 17 14 A5 00 00 00 00 13 10 00 00 00 1E 09 A5 00 00 00 00 13 18 00 00 5C 49 [NAV-0x35]
< 35.541s B5 62 01 03 10 00 98 08 00 00 00 40 00 08 00 00 00 00 AC 08 00 00 B0 35 [NAV-0x03]
< 35.541s B5 62 01 04 12 00 98 08 00 00 0F 27 0F 27 0F 27 0F 27 0F 27 0F 27 0F 27 31 C9 [NAV-0x04]
< 35.541s B5 62 01 21 14 00 98 08 00 00 FF FF FF FF 00 C2 EB 0B E5 07 03 07 00 00 02 F0 72 6E [NAV-0x21]
< 35.541s B5 62 01 22 14 00 98 08 00 00 00 00 00 00 00 00 00 00 FF FF FF FF 7C 36 39 00 BE 40 [NAV-0x22]
< 35.724s B5 62 01 60 10 00 98 08 00 00 01 00 00 00 00 00 00 00 00 00 00 00 12 58 [NAV-0x60]
< 35.740s B5 62 02 15 10 00 9A 99 99 99 99 99 01 40 00 00 12 00 00 01 80 09 9B 12 [RXM-0x15]
< 35.740s B5 62 01 07 5C 00 60 09 00 00 E5 07 03 07 00 00 02 F0 FF FF FF FF FF 83 D7 17 00 00 24 00 00 00 00 00 00 00 00 00 00 00 00 00 98 BD FF FF FF FF FF FF 00 78 84 DF 00 00 00 00 00 00 00 00 00 00 00 00 00 00 00 00 00 00 00 00 58 3E 0F 00 80 A8 12 01 0F 27 00 00 5C 40 56 2F 00 00 00 00 00 00 00 00 A6 AC [NAV-0x07]
< 35.740s B5 62 01 01 14 00 60 09 00 00 C4 43 04 26 00 00 00 00 00 00 00 00 80 E0 B6 26 EC 97 [NAV-0x01]
< 35.740s B5 62 01 02 1C 00 60 09 00 00 00 00 00 00 00 00 00 00 00 00 00 00 98 BD FF FF FF FF FF FF 00 78 84 DF B2 7A [NAV-0x02]
< 35.740s B5 62 01 12 24 00 60 09 00 00 00 00 00 00 00 00 00 00 00 00 00 00 00 00 00 00 00 00 00 00 00 00 00 00 3C 86 01 00 80 A8 12 01 9E A6 [NAV-0x12]
< 35.740s B5 62 01 35 5C 00 60 09 00 00 01 07 00 00 00 02 00 A5 00 00 00 00 11 10 00 00 00 04 00 A5 00 00 00 00 11 18 00 00 00 05 10 A5 00 00 00 00 13 18 00 00 00 06 00 A5 00 00 00 00 11 18 00 00 00 10 00 A5 00 00 00 00 11 18 00 00 00 16 12 A5 00 00 00 00 13 18 00 00 00 1E 09 A5 00 00 00 00 13 18 00 00 23 AB [NAV-0x35]
< 35.740s B5 62 01 03 10 00 60 09 00 00 00 40 00 08 00 00 00 00 74 09 00 00 42 E7 [NAV-0x03]
< 35.740s B5 62 01 04 12 00 60 09 00 00 0F 27 0F 27 0F 27 0F 27 0F 27 0F 27 0F 27 FA EA [NAV-0x04]
< 35.740s B5 62 01 21 14 00 60 09 00 00 FF FF FF FF FF 83 D7 17 E5 07 03 07 00 00 02 F0 F3 04 [NAV-0x21]
< 35.740s B5 62 01 22 14 00 60 09 00 00 00 00 00 00 00 00 00 00 FF FF FF FF 7C 36 39 00 87 F3 [NAV-0x22]
< 35.924s B5 62 01 60 10 00 60 09 00 00 01 00 00 00 00 00 00 00 00 00 00 00 DB E7 [NAV-0x60]
< 35.941s B5 62 02 15 10 00 33 33 33 33 33 33 03 40 00 00 12 00 00 01 48 0A 01 61 [RXM-0x15]
< 35.941s B5 62 01 07 5C 00 28 0A 00 00 E5 07 03 07 00 00 02 F0 FF FF FF FF 00 46 C3 23 00 00 24 00 00 00 00 00 00 00 00 00 00 00 00 00 98 BD FF FF FF FF FF FF 00 78 84 DF 00 00 00 00 00 00 00 00 00 00 00 00 00 00 00 00 00 00 00 00 58 3E 0F 00 80 A8 12 01 0F 27 00 00 5C 40 56 2F 00 00 00 00 00 00 00 00 2B F8 [NAV-0x07]
< 35.941s B5 62 01 01 14 00 28 0A 00 00 C4 43 04 26 00 00 00 00 00 00 00 00 80 E0 B6 26 B5 4A [NAV-0x01]
< 35.941s B5 62 01 02 1C 00 28 0A 00 00 00 00 00 00 00 00 00 00 00 00 00 00 98 BD FF FF FF FF FF FF 00 78 84 DF 7B 75 [NAV-0x02]
< 35.941s B5 62 01 12 24 00 28 0A 00 00 00 00 00 00 00 00 00 00 00 00 00 00 00 00 00 00 00 00 00 00 00 00 00 00 3C 86 01 00 80 A8 12 01 67 E9 [NAV-0x12]
< 35.941s B5 62 01 35 5C 00 28 0A 00 00 01 07 00 00 00 02 00 A5 00 00 00 00 11 10 00 00 00 04 00 A5 00 00 00 00 11 18 00 00 00 05 10 A5 00 00 00 00 13 18 00 00 00 06 00 A5 00 00 00 00 11 18 00 00 00 10 00 A5 00 00 00 00 11 18 00 00 00 16 11 A5 00 00 00 00 13 18 00 00 00 1E 08 A5 00 00 00 00 13 18 00 00 EA C6 [NAV-0x35]
< 35.941s B5 62 01 03 10 00 28 0A 00 00 00 40 00 08 00 00 00 00 3C 0A 00 00 D4 99 [NAV-0x03]
< 35.941s B5 62 01 04 12 00 28 0A 00 00 0F 27 0F 27 0F 27 0F 27 0F 27 0F 27 0F 27 C3 0B [NAV-0x04]
< 35.941s B5 62 01 21 14 00 28 0A 00 00 FF FF FF FF 00 46 C3 23 E5 07 03 07 00 00 02 F0 78 C8 [NAV-0x21]
< 35.941s B5 62 01 22 14 00 28 0A 00 00 00 00 00 00 00 00 00 00 FF FF FF FF 7C 36 39 00 50 A6 [NAV-0x22]
< 36.124s B5 62 01 60 10 00 28 0A 00 00 01 00 00 00 00 00 00 00 00 00 00 00 A4 76 [NAV-0x60]
< 36.141s B5 62 02 15 10 00 CD CC CC CC CC CC 04 40 00 00 12 00 00 01 10 0B 62 75 [RXM-0x15]
< 36.141s B5 62 01 07 5C 00 F0 0A 00 00 E5 07 03 07 00 00 02 F0 FF FF FF FF 00 08 AF 2F 00 00 24 00 00 00 00 00 00 00 00 00 00 00 00 00 98 BD FF FF FF FF FF FF 00 79 84 DF 00 00 00 00 00 00 00 00 00 00 00 00 00 00 00 00 00 00 00 00 58 3E 0F 00 80 A8 12 01 0F 27 00 00 5C 40 56 2F 00 00 00 00 00 00 00 00 AE 81 [NAV-0x07]
< 36.141s B5 62 01 01 14 00 F0 0A 00 00 C4 43 04 26 00 00 00 00 00 00 00 00 80 E0 B6 26 7D EA [NAV-0x01]
< 36.141s B5 62 01 02 1C 00 F0 0A 00 00 00 00 00 00 00 00 00 00 00 00 00 00 98 BD FF FF FF FF FF FF 00 79 84 DF 44 58 [NAV-0x02]
< 36.141s B5 62 01 12 24 00 F0 0A 00 00 00 00 00 00 00 00 00 00 00 00 00 00 00 00 00 00 00 00 00 00 00 00 00 00 3C 86 01 00 80 A8 12 01 2F 09 [NAV-0x12]
< 36.141s B5 62 01 35 5C 00 F0 0A 00 00 01 07 00 00 00 02 00 A5 00 00 00 00 11 10 00 00 00 04 00 A5 00 00 00 00 11 18 00 00 00 05 10 A5 00 00 00 00 13 18 00 00 00 06 00 A5 00 00 00 00 11 18 00 00 00 10 00 A5 00 00 00 00 11 18 00 00 00 16 11 A5 00 00 00 00 13 18 00 00 00 1E 09 A5 00 00 00 00 13 18 00 00 B3 B0 [NAV-0x35]
< 36.141s B5 62 01 03 10 00 F0 0A 00 00 00 40 00 08 00 00 00 00 04 0B 00 00 65 3C [NAV-0x03]
< 36.141s B5 62 01 04 12 00 F0 0A 00 00 0F 27 0F 27 0F 27 0F 27 0F 27 0F 27 0F 27 8B 1B [NAV-0x04]
< 36.141s B5 62 01 21 14 00 F0 0A 00 00 FF FF FF FF 00 08 AF 2F E5 07 03 07 00 00 02 F0 FA 62 [NAV-0x21]
< 36.141s B5 62 01 22 14 00 F0 0A 00 00 00 00 00 00 00 00 00 00 FF FF FF FF 7C 36 39 00 18 46 [NAV-0x22]
< 36.307s B5 62 01 60 10 00 F0 0A 00 00 01 00 00 00 00 00 00 00 00 00 00 00 6C F6 [NAV-0x60]
< 36.324s B5 62 0A 38 1C 00 00 01 00 00 00 00 01 02 00 00 00 00 00 00 00 00 52 00 CE 0D 31 05 9A 07 9B 00 00 00 01 DA [MON-0x38]
< 36.340s B5 62 02 15 10 00 67 66 66 66 66 66 06 40 00 00 12 00 00 01 D8 0B C8 D3 [RXM-0x15]
< 36.340s B5 62 01 07 5C 00 B8 0B 00 00 E5 07 03 07 00 00 03 F0 FF FF FF FF 00 00 00 00 00 00 24 00 00 00 00 00 00 00 00 00 00 00 00 00 98 BD FF FF FF FF FF FF 00 7A 84 DF 00 00 00 00 00 00 00 00 00 00 00 00 00 00 00 00 00 00 00 00 58 3E 0F 00 80 A8 12 01 0F 27 00 00 5C 40 56 2F 00 00 00 00 00 00 00 00 93 E8 [NAV-0x07]
< 36.340s B5 62 01 01 14 00 B8 0B 00 00 C4 43 04 26 00 00 00 00 00 00 00 00 80 E0 B6 26 46 9D [NAV-0x01]
< 36.340s B5 62 01 02 1C 00 B8 0B 00 00 00 00 00 00 00 00 00 00 00 00 00 00 98 BD FF FF FF FF FF FF 00 7A 84 DF 0E 56 [NAV-0x02]
< 36.340s B5 62 01 12 24 00 B8 0B 00 00 00 00 00 00 00 00 00 00 00 00 00 00 00 00 00 00 00 00 00 00 00 00 00 00 3C 86 01 00 80 A8 12 01 F8 4C [NAV-0x12]
< 36.340s B5 62 01 35 5C 00 B8 0B 00 00 01 07 00 00 00 02 00 A5 00 00 00 00 11 10 00 00 00 04 00 A5 00 00 00 00 11 18 00 00 00 05 0F A5 00 00 00 00 13 18 00 00 00 06 00 A5 00 00 00 00 11 18 00 00 00 10 00 A5 00 00 00 00 11 18 00 00 00 16 10 A5 00 00 00 00 13 18 00 00 00 1E 08 A5 00 00 00 00 13 18 00 00 79 91 [NAV-0x35]
< 36.340s B5 62 01 03 10 00 B8 0B 00 00 00 40 00 08 00 00 00 00 CC 0B 00 00 F6 EB [NAV-0x03]
< 36.340s B5 62 01 04 12 00 B8 0B 00 00 0F 27 0F 27 0F 27 0F 27 0F 27 0F 27 0F 27 54 3C [NAV-0x04]
< 36.340s B5 62 01 21 14 00 B8 0B 00 00 FF FF FF FF 00 00 00 00 E5 07 03 07 00 00 03 F0 DE 42 [NAV-0x21]
< 36.340s B5 62 01 22 14 00 B8 0B 00 00 00 00 00 00 00 00 00 00 FF FF FF FF 7C 36 39 00 E1 F9 [NAV-0x22]
< 36.391s B5 62 01 60 10 00 B8 0B 00 00 01 00 00 00 00 00 00 00 00 00 00 00 35 85 [NAV-0x60]
< 36.522s B5 62 27 04 6C 00 01 00 70 00 80 10 14 A3 D7 68 AC 24 9E A3 05 36 06 CB 4F 97 C2 22 60 F6 57 36 4B 72 3F E9 D8 30 D0 D1 CB 5B 00 00 00 00 00 00 00 00 00 00 00 00 00 00 00 00 00 00 00 00 00 00 00 00 5B B3 C1 63 F8 B5 60 2A DB E1 6B 38 29 79 6C 8B 0E 7A DB 37 08 9D 2C 0F 1E 3F 6E 2B B4 FE 96 8D 1E 31 67 8A B1 C1 E5 5A CE 7F B8 DB 61 9A EE 7D E9 D2 [SEC-0x04]
< 36.539s B5 62 02 15 10 00 00 00 00 00 00 00 08 40 00 00 12 00 00 01 A0 0C 2E 22 [RXM-0x15]
< 36.539s B5 62 01 07 5C 00 80 0C 00 00 E5 07 03 07 00 00 03 F0 FF FF FF FF 00 C2 EB 0B 00 00 24 00 00 00 00 00 00 00 00 00 00 00 00 00 98 BD FF FF FF FF FF FF 00 7B 84 DF 00 00 00 00 00 00 00 00 00 00 00 00 00 00 00 00 00 00 00 00 58 3E 0F 00 80 A8 12 01 0F 27 00 00 5C 40 56 2F 00 00 00 00 00 00 00 00 15 39 [NAV-0x07]
< 36.539s B5 62 01 01 14 00 80 0C 00 00 C4 43 04 26 00 00 00 00 00 00 00 00 C0 E0 B6 26 4F 50 [NAV-0x01]
< 36.539s B5 62 01 02 1C 00 80 0C 00 00 00 00 00 00 00 00 00 00 00 00 00 00 98 BD FF FF FF FF FF FF 00 7B 84 DF D8 54 [NAV-0x02]
< 36.539s B5 62 01 12 24 00 80 0C 00 00 00 00 00 00 00 00 00 00 00 00 00 00 00 00 00 00 00 00 00 00 00 00 00 00 3C 86 01 00 80 A8 12 01 C1 8F [NAV-0x12]
< 36.539s B5 62 01 35 38 00 80 0C 00 00 01 04 00 00 00 05 0F A5 00 00 00 00 13 18 00 00 00 10 00 A5 00 00 00 00 11 18 00 00 00 16 10 A5 00 00 00 00 13 18 00 00 00 1E 09 A5 00 00 00 00 13 18 00 00 AE 4E [NAV-0x35]
< 36.539s B5 62 01 03 10 00 80 0C 00 00 00 40 00 08 00 00 00 00 94 0C 00 00 88 9D [NAV-0x03]
< 36.539s B5 62 01 04 12 00 80 0C 00 00 0F 27 0F 27 0F 27 0F 27 0F 27 0F 27 0F 27 1D 5D [NAV-0x04]
< 36.539s B5 62 01 21 14 00 80 0C 00 00 FF FF FF FF 00 C2 EB 0B E5 07 03 07 00 00 03 F0 5F DC [NAV-0x21]
< 36.539s B5 62 01 22 14 00 80 0C 00 00 00 00 00 00 00 00 00 00 FF FF FF FF 7C 36 39 00 AA AC [NAV-0x22]
< 36.724s B5 62 01 60 10 00 80 0C 00 00 01 00 00 00 00 00 00 00 00 00 00 00 FE 14 [NAV-0x60]
< 36.742s B5 62 02 15 10 00 9A 99 99 99 99 99 09 40 00 00 12 00 00 01 68 0D 8F 36 [RXM-0x15]
< 36.742s B5 62 01 07 5C 00 48 0D 00 00 E5 07 03 07 00 00 03 F0 FF FF FF FF FF 83 D7 17 00 00 24 00 00 00 00 00 00 00 00 00 00 00 00 00 98 BD FF FF FF FF FF FF 00 7B 84 DF 00 00 00 00 00 00 00 00 00 00 00 00 00 00 00 00 00 00 00 00 58 3E 0F 00 80 A8 12 01 0F 27 00 00 5C 40 56 2F 00 00 00 00 00 00 00 00 96 57 [NAV-0x07]
< 36.742s B5 62 01 01 14 00 48 0D 00 00 C4 43 04 26 00 00 00 00 00 00 00 00 C0 E0 B6 26 18 03 [NAV-0x01]
< 36.742s B5 62 01 02 1C 00 48 0D 00 00 00 00 00 00 00 00 00 00 00 00 00 00 98 BD FF FF FF FF FF FF 00 7B 84 DF A1 4F [NAV-0x02]
< 36.742s B5 62 01 12 24 00 48 0D 00 00 00 00 00 00 00 00 00 00 00 00 00 00 00 00 00 00 00 00 00 00 00 00 00 00 3C 86 01 00 80 A8 12 01 8A D2 [NAV-0x12]
< 36.742s B5 62 01 35 44 00 48 0D 00 00 01 05 00 00 00 05 0E A5 00 00 00 00 13 18 00 00 00 06 00 A5 00 00 00 00 11 18 00 00 00 10 00 A5 00 00 00 00 11 18 00 00 00 16 0F A5 00 00 00 00 13 18 00 00 00 1E 09 A5 00 00 00 00 13 18 00 00 56 F7 [NAV-0x35]
< 36.742s B5 62 01 03 10 00 48 0D 00 00 00 40 00 08 00 00 00 00 5C 0D 00 00 1A 4F [NAV-0x03]
< 36.742s B5 62 01 04 12 00 48 0D 00 00 0F 27 0F 27 0F 27 0F 27 0F 27 0F 27 0F 27 E6 7E [NAV-0x04]
< 36.742s B5 62 01 21 14 00 48 0D 00 00 FF FF FF FF FF 83 D7 17 E5 07 03 07 00 00 03 F0 E0 72 [NAV-0x21]
< 36.742s B5 62 01 22 14 00 48 0D 00 00 00 00 00 00 00 00 00 00 FF FF FF FF 7C 36 39 00 73 5F [NAV-0x22]
< 36.923s B5 62 01 60 10 00 48 0D 00 00 01 00 00 00 00 00 00 00 00 00 00 00 C7 A3 [NAV-0x60]
< 36.939s B5 62 02 15 10 00 33 33 33 33 33 33 0B 40 00 00 12 00 00 01 30 0E F5 85 [RXM-0x15]
< 36.939s B5 62 01 07 5C 00 10 0E 00 00 E5 07 03 07 00 00 03 F0 FF FF FF FF 00 46 C3 23 00 00 24 00 00 00 00 00 00 00 00 00 00 00 00 00 98 BD FF FF FF FF FF FF 00 7C 84 DF 00 00 00 00 00 00 00 00 00 00 00 00 00 00 00 00 00 00 00 00 58 3E 0F 00 80 A8 12 01 0F 27 00 00 5C 40 56 2F 00 00 00 00 00 00 00 00 1C D2 [NAV-0x07]
< 36.939s B5 62 01 01 14 00 10 0E 00 00 C4 43 04 26 00 00 00 00 00 00 00 00 00 E1 B6 26 22 B9 [NAV-0x01]
< 36.939s B5 62 01 02 1C 00 10 0E 00 00 00 00 00 00 00 00 00 00 00 00 00 00 98 BD FF FF FF FF FF FF 00 7C 84 DF 6B 4D [NAV-0x02]
< 36.939s B5 62 01 12 24 00 10 0E 00 00 00 00 00 00 00 00 00 00 00 00 00 00 00 00 00 00 00 00 00 00 00 00 00 00 3C 86 01 00 80 A8 12 01 53 15 [NAV-0x12]
< 36.939s B5 62 01 35 44 00 10 0E 00 00 01 05 00 00 00 05 0D A5 00 00 00 00 13 18 00 00 00 06 00 A5 00 00 00 00 11 18 00 00 00 10 00 A5 00 00 00 00 11 18 00 00 00 16 0F A5 00 00 00 00 13 18 00 00 00 1E 08 A5 00 00 00 00 13 18 00 00 1D 16 [NAV-0x35]
< 36.939s B5 62 01 03 10 00 10 0E 00 00 00 40 00 08 00 00 00 00 24 0E 00 00 AC 01 [NAV-0x03]
< 36.939s B5 62 01 04 12 00 10 0E 00 00 0F 27 0F 27 0F 27 0F 27 0F 27 0F 27 0F 27 AF 9F [NAV-0x04]
< 36.939s B5 62 01 21 14 00 10 0E 00 00 FF FF FF FF 00 46 C3 23 E5 07 03 07 00 00 03 F0 65 36 [NAV-0x21]
< 36.939s B5 62 01 22 14 00 10 0E 00 00 00 00 00 00 00 00 00 00 FF FF FF FF 7C 36 39 00 3C 12 [NAV-0x22]
< 37.123s B5 62 01 60 10 00 10 0E 00 00 01 00 00 00 00 00 00 00 00 00 00 00 90 32 [NAV-0x60]
< 37.140s B5 62 02 15 10 00 CD CC CC CC CC CC 0C 40 00 00 12 00 00 01 F8 0E 55 98 [RXM-0x15]
< 37.140s B5 62 01 07 5C 00 D8 0E 00 00 E5 07 03 07 00 00 03 F0 FF FF FF FF 00 08 AF 2F 00 00 24 00 00 00 00 00 00 00 00 00 00 00 00 00 98 BD FF FF FF FF FF FF 00 7D 84 DF 00 00 00 00 00 00 00 00 00 00 00 00 00 00 00 00 00 00 00 00 58 3E 0F 00 80 A8 12 01 0F 27 00 00 5C 40 56 2F 00 00 00 00 00 00 00 00 9F 5B [NAV-0x07]
< 37.140s B5 62 01 01 14 00 D8 0E 00 00 C4 43 04 26 00 00 00 00 00 00 00 00 40 E1 B6 26 2A 59 [NAV-0x01]
< 37.140s B5 62 01 02 1C 00 D8 0E 00 00 00 00 00 00 00 00 00 00 00 00 00 00 98 BD FF FF FF FF FF FF 00 7D 84 DF 34 30 [NAV-0x02]
< 37.140s B5 62 01 12 24 00 D8 0E 00 00 00 00 00 00 00 00 00 00 00 00 00 00 00 00 00 00 00 00 00 00 00 00 00 00 3C 86 01 00 80 A8 12 01 1B 35 [NAV-0x12]
< 37.140s B5 62 01 35 44 00 D8 0E 00 00 01 05 00 00 00 05 0D A5 00 00 00 00 13 18 00 00 00 06 00 A5 00 00 00 00 11 18 00 00 00 10 00 A5 00 00 00 00 11 18 00 00 00 16 0E A5 00 00 00 00 13 18 00 00 00 1E 08 A5 00 00 00 00 13 18 00 00 E4 20 [NAV-0x35]
< 37.140s B5 62 01 03 10 00 D8 0E 00 00 00 40 00 08 00 00 00 00 EC 0E 00 00 3C A1 [NAV-0x03]
< 37.140s B5 62 01 04 12 00 D8 0E 00 00 0F 27 0F 27 0F 27 0F 27 0F 27 0F 27 0F 27 77 AF [NAV-0x04]
< 37.140s B5 62 01 21 14 00 D8 0E 00 00 FF FF FF FF 00 08 AF 2F E5 07 03 07 00 00 03 F0 E7 D0 [NAV-0x21]
< 37.140s B5 62 01 22 14 00 D8 0E 00 00 00 00 00 00 00 00 00 00 FF FF FF FF 7C 36 39 00 04 B2 [NAV-0x22]
< 37.307s B5 62 01 60 10 00 D8 0E 00 00 01 00 00 00 00 00 00 00 00 00 00 00 58 B2 [NAV-0x60]
< 37.323s B5 62 0A 38 1C 00 00 01 00 00 00 00 01 02 00 00 00 00 00 00 00 00 51 00 CE 0D 2F 05 96 07 9A 00 00 00 F9 A2 [MON-0x38]
< 37.340s B5 62 02 15 10 00 67 66 66 66 66 66 0E 40 00 00 12 00 00 01 C0 0F BC F7 [RXM-0x15]
< 37.340s B5 62 01 07 5C 00 A0 0F 00 00 E5 07 03 07 00 00 04 F0 FF FF FF FF 00 00 00 00 00 00 24 00 00 00 00 00 00 00 00 00 00 00 00 00 98 BD FF FF FF FF FF FF 00 7D 84 DF 00 00 00 00 00 00 00 00 00 00 00 00 00 00 00 00 00 00 00 00 58 3E 0F 00 80 A8 12 01 0F 27 00 00 5C 40 56 2F 00 00 00 00 00 00 00 00 83 93 [NAV-0x07]
< 37.340s B5 62 01 01 14 00 A0 0F 00 00 C4 43 04 26 00 00 00 00 00 00 00 00 40 E1 B6 26 F3 0C [NAV-0x01]
< 37.340s B5 62 01 02 1C 00 A0 0F 00 00 00 00 00 00 00 00 00 00 00 00 00 00 98 BD FF FF FF FF FF FF 00 7D 84 DF FD 2B [NAV-0x02]
< 37.340s B5 62 01 12 24 00 A0 0F 00 00 00 00 00 00 00 00 00 00 00 00 00 00 00 00 00 00 00 00 00 00 00 00 00 00 3C 86 01 00 80 A8 12 01 E4 78 [NAV-0x12]
< 37.340s B5 62 01 35 44 00 A0 0F 00 00 01 05 00 00 00 05 0D A5 00 00 00 00 13 18 00 00 00 06 00 A5 00 00 00 00 11 18 00 00 00 10 00 A5 00 00 00 00 11 18 00 00 00 16 0E A5 00 00 00 00 13 18 00 00 00 1E 08 A5 00 00 00 00 13 18 00 00 AD 83 [NAV-0x35]
< 37.340s B5 62 01 03 10 00 A0 0F 00 00 00 40 00 08 00 00 00 00 B4 0F 00 00 CE 53 [NAV-0x03]
< 37.340s B5 62 01 04 12 00 A0 0F 00 00 0F 27 0F 27 0F 27 0F 27 0F 27 0F 27 0F 27 40 D0 [NAV-0x04]
< 37.340s B5 62 01 21 14 00 A0 0F 00 00 FF FF FF FF 00 00 00 00 E5 07 03 07 00 00 04 F0 CB B0 [NAV-0x21]
< 37.340s B5 62 01 22 14 00 A0 0F 00 00 00 00 00 00 00 00 00 00 FF FF FF FF 7C 36 39 00 CD 65 [NAV-0x22]
< 37.523s B5 62 01 60 10 00 A0 0F 00 00 01 00 00 00 00 00 00 00 00 00 00 00 21 41 [NAV-0x60]
< 37.538s B5 62 02 15 10 00 00 00 00 00 00 00 10 40 00 00 12 00 00 01 88 10 22 46 [RXM-0x15]
< 37.538s B5 62 01 07 5C 00 68 10 00 00 E5 07 03 07 00 00 04 F0 FF FF FF FF 00 C2 EB 0B 00 00 24 00 00 00 00 00 00 00 00 00 00 00 00 00 98 BD FF FF FF FF FF FF 00 7E 84 DF 00 00 00 00 00 00 00 00 00 00 00 00 00 00 00 00 00 00 00 00 58 3E 0F 00 80 A8 12 01 0F 27 00 00 5C 40 56 2F 00 00 00 00 00 00 00 00 05 E4 [NAV-0x07]
< 37.538s B5 62 01 01 14 00 68 10 00 00 C4 43 04 26 00 00 00 00 00 00 00 00 40 E1 B6 26 BC BF [NAV-0x01]
< 37.538s B5 62 01 02 1C 00 68 10 00 00 00 00 00 00 00 00 00 00 00 00 00 00 98 BD FF FF FF FF FF FF 00 7E 84 DF C7 29 [NAV-0x02]
< 37.538s B5 62 01 12 24 00 68 10 00 00 00 00 00 00 00 00 00 00 00 00 00 00 00 00 00 00 00 00 00 00 00 00 00 00 3C 86 01 00 80 A8 12 01 AD BB [NAV-0x12]
< 37.538s B5 62 01 35 44 00 68 10 00 00 01 05 00 00 00 05 0C A5 00 00 00 00 13 18 00 00 00 06 00 A5 00 00 00 00 11 18 00 00 00 10 00 A5 00 00 00 00 11 18 00 00 00 16 0D A5 00 00 00 00 13 18 00 00 00 1E 08 A5 00 00 00 00 13 18 00 00 74 96 [NAV-0x35]
< 37.538s B5 62 01 03 10 00 68 10 00 00 00 40 00 08 00 00 00 00 7C 10 00 00 60 05 [NAV-0x03]
< 37.538s B5 62 01 04 12 00 68 10 00 00 0F 27 0F 27 0F 27 0F 27 0F 27 0F 27 0F 27 09 F1 [NAV-0x04]
< 37.538s B5 62 01 21 14 00 68 10 00 00 FF FF FF FF 00 C2 EB 0B E5 07 03 07 00 00 04 F0 4C 4A [NAV-0x21]
< 37.538s B5 62 01 22 14 00 68 10 00 00 00 00 00 00 00 00 00 00 FF FF FF FF 7C 36 39 00 96 18 [NAV-0x22]
< 37.724s B5 62 01 60 10 00 68 10 00 00 01 00 00 00 00 00 00 00 00 00 00 00 EA D0 [NAV-0x60]
< 37.741s B5 62 02 15 10 00 CD CC CC CC CC CC 10 40 00 00 12 00 00 01 50 11 B4 73 [RXM-0x15]
< 37.741s B5 62 01 07 5C 00 30 11 00 00 E5 07 03 07 00 00 04 F0 FF FF FF FF 00 84 D7 17 00 00 24 00 00 00 00 00 00 00 00 00 00 00 00 00 98 BD FF FF FF FF FF FF 00 7F 84 DF 00 00 00 00 00 00 00 00 00 00 00 00 00 00 00 00 00 00 00 00 58 3E 0F 00 80 A8 12 01 0F 27 00 00 5C 40 56 2F 00 00 00 00 00 00 00 00 89 C8 [NAV-0x07]
< 37.741s B5 62 01 01 14 00 30 11 00 00 C4 43 04 26 00 00 00 00 00 00 00 00 80 E1 B6 26 C5 72 [NAV-0x01]
< 37.741s B5 62 01 02 1C 00 30 11 00 00 00 00 00 00 00 00 00 00 00 00 00 00 98 BD FF FF FF FF FF FF 00 7F 84 DF 91 27 [NAV-0x02]
< 37.741s B5 62 01 12 24 00 30 11 00 00 00 00 00 00 00 00 00 00 00 00 00 00 00 00 00 00 00 00 00 00 00 00 00 00 3C 86 01 00 80 A8 12 01 76 FE [NAV-0x12]
< 37.741s B5 62 01 35 44 00 30 11 00 00 01 05 00 00 00 05 0C A5 00 00 00 00 13 18 00 00 00 06 00 A5 00 00 00 00 11 18 00 00 00 10 00 A5 00 00 00 00 11 18 00 00 00 16 0C A5 00 00 00 00 13 18 00 00 00 1E 08 A5 00 00 00 00 13 18 00 00 3C E3 [NAV-0x35]
< 37.741s B5 62 01 03 10 00 30 11 00 00 00 40 00 08 00 00 00 00 44 11 00 00 F2 B7 [NAV-0x03]
< 37.741s B5 62 01 04 12 00 30 11 00 00 0F 27 0F 27 0F 27 0F 27 0F 27 0F 27 0F 27 D2 12 [NAV-0x04]
< 37.741s B5 62 01 21 14 00 30 11 00 00 FF FF FF FF 00 84 D7 17 E5 07 03 07 00 00 04 F0 CF F7 [NAV-0x21]
< 37.741s B5 62 01 22 14 00 30 11 00 00 00 00 00 00 00 00 00 00 FF FF FF FF 7C 36 39 00 5F CB [NAV-0x22]
< 37.923s B5 62 01 60 10 00 30 11 00 00 01 00 00 00 00 00 00 00 00 00 00 00 B3 5F [NAV-0x60]
< 37.940s B5 62 02 15 10 00 9A 99 99 99 99 99 11 40 00 00 12 00 00 01 18 12 4C EB [RXM-0x15]
< 37.940s B5 62 01 07 5C 00 F8 11 00 00 E5 07 03 07 00 00 04 F0 FF FF FF FF 00 46 C3 23 00 00 24 00 00 00 00 00 00 00 00 00 00 00 00 00 98 BD FF FF FF FF FF FF 00 80 84 DF 00 00 00 00 00 00 00 00 00 00 00 00 00 00 00 00 00 00 00 00 58 3E 0F 00 80 A8 12 01 0F 27 00 00 5C 40 56 2F 00 00 00 00 00 00 00 00 0C 51 [NAV-0x07]
< 37.940s B5 62 01 01 14 00 F8 11 00 00 C4 43 04 26 00 00 00 00 00 00 00 00 C0 E1 B6 26 CD 12 [NAV-0x01]
< 37.940s B5 62 01 02 1C 00 F8 11 00 00 00 00 00 00 00 00 00 00 00 00 00 00 98 BD FF FF FF FF FF FF 00 80 84 DF 5A 0A [NAV-0x02]
< 37.940s B5 62 01 12 24 00 F8 11 00 00 00 00 00 00 00 00 00 00 00 00 00 00 00 00 00 00 00 00 00 00 00 00 00 00 3C 86 01 00 80 A8 12 01 3E 1E [NAV-0x12]
< 37.940s B5 62 01 35 44 00 F8 11 00 00 01 05 00 00 00 05 0C A5 00 00 00 00 13 18 00 00 00 06 00 A5 00 00 00 00 11 18 00 00 00 10 00 A5 00 00 00 00 11 18 00 00 00 16 0B A5 00 00 00 00 13 18 00 00 00 1E 08 A5 00 00 00 00 13 18 00 00 03 ED [NAV-0x35]
< 37.940s B5 62 01 03 10 00 F8 11 00 00 00 40 00 08 00 00 00 00 0C 12 00 00 83 5A [NAV-0x03]
< 37.940s B5 62 01 04 12 00 F8 11 00 00 0F 27 0F 27 0F 27 0F 27 0F 27 0F 27 0F 27 9A 22 [NAV-0x04]
< 37.940s B5 62 01 21 14 00 F8 11 00 00 FF FF FF FF 00 46 C3 23 E5 07 03 07 00 00 04 F0 51 91 [NAV-0x21]
< 37.940s B5 62 01 22 14 00 F8 11 00 00 00 00 00 00 00 00 00 00 FF FF FF FF 7C 36 39 00 27 6B [NAV-0x22]
< 38.124s B5 62 01 60 10 00 F8 11 00 00 01 00 00 00 00 00 00 00 00 00 00 00 7B DF [NAV-0x60]
< 38.140s B5 62 02 15 10 00 67 66 66 66 66 66 12 40 00 00 12 00 00 01 E0 12 E3 62 [RXM-0x15]
< 38.140s B5 62 01 07 5C 00 C0 12 00 00 E5 07 03 07 00 00 04 F0 FF FF FF FF FF 07 AF 2F 00 00 24 00 00 00 00 00 00 00 00 00 00 00 00 00 98 BD FF FF FF FF FF FF 00 81 84 DF 00 00 00 00 00 00 00 00 00 00 00 00 00 00 00 00 00 00 00 00 58 3E 0F 00 80 A8 12 01 0F 27 00 00 5C 40 56 2F 00 00 00 00 00 00 00 00 8E 9E [NAV-0x07]
< 38.140s B5 62 01 01 14 00 C0 12 00 00 C4 43 04 26 00 00 00 00 00 00 00 00 00 E2 B6 26 D7 C8 [NAV-0x01]
< 38.140s B5 62 01 02 1C 00 C0 12 00 00 00 00 00 00 00 00 00 00 00 00 00 00 98 BD FF FF FF FF FF FF 00 81 84 DF 24 08 [NAV-0x02]
< 38.140s B5 62 01 12 24 00 C0 12 00 00 00 00 00 00 00 00 00 00 00 00 00 00 00 00 00 00 00 00 00 00 00 00 00 00 3C 86 01 00 80 A8 12 01 07 61 [NAV-0x12]
< 38.140s B5 62 01 35 44 00 C0 12 00 00 01 05 00 00 00 05 0B A5 00 00 00 00 13 18 00 00 00 06 00 A5 00 00 00 00 11 18 00 00 00 10 00 A5 00 00 00 00 11 18 00 00 00 16 0B A5 00 00 00 00 13 18 00 00 00 1E 08 A5 00 00 00 00 13 18 00 00 CB 16 [NAV-0x35]
< 38.140s B5 62 01 03 10 00 C0 12 00 00 00 40 00 08 00 00 00 00 D4 12 00 00 14 09 [NAV-0x03]
< 38.140s B5 62 01 04 12 00 C0 12 00 00 0F 27 0F 27 0F 27 0F 27 0F 27 0F 27 0F 27 63 43 [NAV-0x04]
< 38.140s B5 62 01 21 14 00 C0 12 00 00 FF FF FF FF FF 07 AF 2F E5 07 03 07 00 00 04 F0 D2 27 [NAV-0x21]
< 38.140s B5 62 01 22 14 00 C0 12 00 00 00 00 00 00 00 00 00 00 FF FF FF FF 7C 36 39 00 F0 1E [NAV-0x22]
< 38.307s B5 62 01 60 10 00 C0 12 00 00 01 00 00 00 00 00 00 00 00 00 00 00 44 6E [NAV-0x60]
< 38.323s B5 62 0A 38 1C 00 00 01 00 00 00 00 01 02 00 00 00 00 00 00 00 00 51 00 CE 0D 31 07 99 06 9C 00 00 00 01 D5 [MON-0x38]
< 38.340s B5 62 02 15 10 00 33 33 33 33 33 33 13 40 00 00 12 00 00 01 A8 13 7A CA [RXM-0x15]
< 38.340s B5 62 01 07 5C 00 88 13 00 00 E5 07 03 07 00 00 05 F0 FF FF FF FF 00 00 00 00 00 00 24 00 00 00 00 00 00 00 00 00 00 00 00 00 98 BD FF FF FF FF FF FF 00 82 84 DF 00 00 00 00 00 00 00 00 00 00 00 00 00 00 00 00 00 00 00 00 58 3E 0F 00 80 A8 12 01 0F 27 00 00 5C 40 56 2F 00 00 00 00 00 00 00 00 75 9C [NAV-0x07]
< 38.340s B5 62 01 01 14 00 88 13 00 00 C4 43 04 26 00 00 00 00 00 00 00 00 40 E2 B6 26 E0 7B [NAV-0x01]
< 38.340s B5 62 01 02 1C 00 88 13 00 00 00 00 00 00 00 00 00 00 00 00 00 00 98 BD FF FF FF FF FF FF 00 82 84 DF EE 06 [NAV-0x02]
< 38.340s B5 62 01 12 24 00 88 13 00 00 00 00 00 00 00 00 00 00 00 00 00 00 00 00 00 00 00 00 00 00 00 00 00 00 3C 86 01 00 80 A8 12 01 D0 A4 [NAV-0x12]
< 38.340s B5 62 01 35 44 00 88 13 00 00 01 05 00 00 00 05 0B A5 00 00 00 00 13 18 00 00 00 06 00 A5 00 00 00 00 11 18 00 00 00 10 00 A5 00 00 00 00 11 18 00 00 00 16 0A A5 00 00 00 00 13 18 00 00 00 1E 08 A5 00 00 00 00 13 18 00 00 93 63 [NAV-0x35]
< 38.340s B5 62 01 03 10 00 88 13 00 00 00 40 00 08 00 00 00 00 9C 13 00 00 A6 BB [NAV-0x03]
< 38.340s B5 62 01 04 12 00 88 13 00 00 0F 27 0F 27 0F 27 0F 27 0F 27 0F 27 0F 27 2C 64 [NAV-0x04]
< 38.340s B5 62 01 21 14 00 88 13 00 00 FF FF FF FF 00 00 00 00 E5 07 03 07 00 00 05 F0 B8 1E [NAV-0x21]
< 38.340s B5 62 01 22 14 00 88 13 00 00 00 00 00 00 00 00 00 00 FF FF FF FF 7C 36 39 00 B9 D1 [NAV-0x22]
< 38.407s B5 62 01 60 10 00 88 13 00 00 01 00 00 00 00 00 00 00 00 00 00 00 0D FD [NAV-0x60]
< 38.407s B5 62 27 04 6C 00 01 00 70 00 C2 65 18 5B 2B 8C 74 15 AD 24 49 44 A0 AB D5 56 6C 57 9F FD 59 A9 35 F4 81 88 D0 89 2E 57 3C 59 00 00 00 00 00 00 00 00 00 00 00 00 00 00 00 00 00 00 00 00 00 00 00 00 B0 B6 DD 2A 34 1E DF D4 6D E0 37 F2 5F DE 1B 5B CB DA CC 85 DE A0 8F 2D F1 91 36 4A 8E 70 66 59 A8 5B CE 4B F6 90 DA 99 E6 FC FA D9 BB 5B F0 80 96 16 [SEC-0x04]
< 38.407s B5 62 13 60 08 00 01 00 00 80 01 00 00 03 00 E3 [MGA-0x60]
< 38.407s B5 62 13 60 08 00 01 00 00 80 01 00 00 04 01 E4 [MGA-0x60]
< 38.422s B5 62 13 60 08 00 01 00 00 80 01 00 00 05 02 E5 [MGA-0x60]
< 38.422s B5 62 13 60 08 00 01 00 00 80 01 00 00 06 03 E6 [MGA-0x60]
< 38.422s B5 62 13 60 08 00 01 00 00 80 01 00 00 07 04 E7 [MGA-0x60]
< 38.439s B5 62 13 60 08 00 01 00 00 80 01 00 00 08 05 E8 [MGA-0x60]
< 38.439s B5 62 13 60 08 00 01 00 00 80 01 00 00 09 06 E9 [MGA-0x60]
< 38.439s B5 62 13 60 08 00 01 00 00 80 01 00 00 0C 09 EC [MGA-0x60]
< 38.456s B5 62 13 60 08 00 01 00 00 80 01 00 00 0D 0A ED [MGA-0x60]
< 38.456s B5 62 13 60 08 00 01 00 00 80 01 00 00 0E 0B EE [MGA-0x60]
< 38.456s B5 62 13 60 08 00 01 00 00 80 01 00 00 0F 0C EF [MGA-0x60]
< 38.472s B5 62 13 60 08 00 01 00 00 80 01 00 00 10 0D F0 [MGA-0x60]
< 38.472s B5 62 13 60 08 00 01 00 00 80 01 00 00 11 0E F1 [MGA-0x60]
< 38.472s B5 62 13 60 08 00 01 00 00 80 01 00 00 13 10 F3 [MGA-0x60]
< 38.472s B5 62 13 60 08 00 01 00 00 80 01 00 00 14 11 F4 [MGA-0x60]
< 38.489s B5 62 13 60 08 00 01 00 00 80 01 00 00 15 12 F5 [MGA-0x60]
< 38.489s B5 62 13 60 08 00 01 00 00 80 01 00 00 16 13 F6 [MGA-0x60]
< 38.489s B5 62 13 60 08 00 01 00 00 80 01 00 00 19 16 F9 [MGA-0x60]
< 38.507s B5 62 13 60 08 00 01 00 00 80 01 00 00 1A 17 FA [MGA-0x60]
< 38.507s B5 62 13 60 08 00 01 00 00 80 01 00 00 1B 18 FB [MGA-0x60]
< 38.507s B5 62 13 60 08 00 01 00 00 80 01 00 00 1C 19 FC [MGA-0x60]
< 38.507s B5 62 13 60 08 00 01 00 00 80 01 00 00 1E 1B FE [MGA-0x60]
< 38.524s B5 62 13 60 08 00 01 00 00 80 01 00 00 1F 1C FF [MGA-0x60]
< 38.524s B5 62 13 60 08 00 01 00 00 80 01 00 00 20 1D 00 [MGA-0x60]
< 38.524s B5 62 13 60 08 00 01 00 00 80 01 00 02 0B 0A EF [MGA-0x60]
< 38.524s B5 62 02 15 10 00 00 00 00 00 00 00 14 40 00 00 12 00 00 01 70 14 12 42 [RXM-0x15]
< 38.540s B5 62 13 60 08 00 01 00 00 80 01 00 02 15 14 F9 [MGA-0x60]
< 38.540s B5 62 13 60 08 00 01 00 00 80 01 00 02 1D 1C 01 [MGA-0x60]
< 38.540s B5 62 01 07 5C 00 50 14 00 00 E5 07 03 07 00 00 05 F0 FF FF FF FF 00 C2 EB 0B 00 00 24 00 00 00 00 00 00 00 00 00 00 00 00 00 98 BD FF FF FF FF FF FF 00 83 84 DF 00 00 00 00 00 00 00 00 00 00 00 00 00 00 00 00 00 00 00 00 58 3E 0F 00 80 A8 12 01 0F 27 00 00 5C 40 56 2F 00 00 00 00 00 00 00 00 F7 ED [NAV-0x07]
< 38.540s B5 62 01 01 14 00 50 14 00 00 C4 43 04 26 00 00 00 00 00 00 00 00 40 E2 B6 26 A9 2E [NAV-0x01]
< 38.540s B5 62 01 02 1C 00 50 14 00 00 00 00 00 00 00 00 00 00 00 00 00 00 98 BD FF FF FF FF FF FF 00 83 84 DF B8 04 [NAV-0x02]
< 38.540s B5 62 01 12 24 00 50 14 00 00 00 00 00 00 00 00 00 00 00 00 00 00 00 00 00 00 00 00 00 00 00 00 00 00 3C 86 01 00 80 A8 12 01 99 E7 [NAV-0x12]
< 38.540s B5 62 13 60 08 00 01 00 00 80 01 00 03 0B 0B F1 [MGA-0x60]
< 38.540s B5 62 01 35 44 00 50 14 00 00 01 05 00 00 00 05 0A A5 00 00 00 00 13 18 00 00 00 06 00 A5 00 00 00 00 11 18 00 00 00 10 00 A5 00 00 00 00 11 18 00 00 00 16 0A A5 00 00 00 00 13 18 00 00 00 1E 07 A5 00 00 00 00 13 18 00 00 5A 82 [NAV-0x35]
< 38.540s B5 62 01 03 10 00 50 14 00 00 00 40 00 08 00 00 00 00 64 14 00 00 38 6D [NAV-0x03]
< 38.540s B5 62 01 04 12 00 50 14 00 00 0F 27 0F 27 0F 27 0F 27 0F 27 0F 27 0F 27 F5 85 [NAV-0x04]
< 38.540s B5 62 01 21 14 00 50 14 00 00 FF FF FF FF 00 C2 EB 0B E5 07 03 07 00 00 05 F0 39 B8 [NAV-0x21]
< 38.540s B5 62 01 22 14 00 50 14 00 00 00 00 00 00 00 00 00 00 FF FF FF FF 7C 36 39 00 82 84 [NAV-0x22]
< 38.540s B5 62 01 60 10 00 50 14 00 00 01 00 00 00 00 00 00 00 00 00 00 00 D6 8C [NAV-0x60]
< 38.555s B5 62 13 60 08 00 01 00 00 80 01 00 03 14 14 FA [MGA-0x60]
< 38.555s B5 62 13 60 08 00 01 00 00 80 01 00 03 29 29 0F [MGA-0x60]
< 38.555s B5 62 13 60 08 00 01 00 00 80 01 00 03 2F 2F 15 [MGA-0x60]
< 38.572s B5 62 13 60 08 00 01 00 00 80 01 00 03 30 30 16 [MGA-0x60]
< 38.572s B5 62 13 60 08 00 01 00 00 80 01 00 03 31 31 17 [MGA-0x60]
< 38.572s B5 62 13 60 08 00 01 00 00 80 01 00 03 32 32 18 [MGA-0x60]
< 38.572s B5 62 13 60 08 00 01 00 00 80 01 00 03 38 38 1E [MGA-0x60]
< 38.590s B5 62 13 60 08 00 01 00 00 80 01 00 03 3A 3A 20 [MGA-0x60]
< 38.590s B5 62 13 60 08 00 01 00 00 80 02 00 00 01 FF E5 [MGA-0x60]
< 38.590s B5 62 13 60 08 00 01 00 00 80 02 00 00 02 00 E6 [MGA-0x60]
< 38.607s B5 62 13 60 08 00 01 00 00 80 02 00 00 03 01 E7 [MGA-0x60]
< 38.607s B5 62 13 60 08 00 01 00 00 80 02 00 00 04 02 E8 [MGA-0x60]
< 38.607s B5 62 13 60 08 00 01 00 00 80 02 00 00 05 03 E9 [MGA-0x60]
< 38.607s B5 62 13 60 08 00 01 00 00 80 02 00 00 06 04 EA [MGA-0x60]
< 38.623s B5 62 13 60 08 00 01 00 00 80 02 00 00 07 05 EB [MGA-0x60]
< 38.623s B5 62 13 60 08 00 01 00 00 80 02 00 00 08 06 EC [MGA-0x60]
< 38.623s B5 62 13 60 08 00 01 00 00 80 02 00 00 09 07 ED [MGA-0x60]
< 38.640s B5 62 13 60 08 00 01 00 00 80 02 00 00 0A 08 EE [MGA-0x60]
< 38.640s B5 62 13 60 08 00 01 00 00 80 02 00 00 0B 09 EF [MGA-0x60]
< 38.640s B5 62 13 60 08 00 01 00 00 80 02 00 00 0C 0A F0 [MGA-0x60]
< 38.656s B5 62 13 60 08 00 01 00 00 80 02 00 00 0D 0B F1 [MGA-0x60]
< 38.656s B5 62 13 60 08 00 01 00 00 80 02 00 00 0E 0C F2 [MGA-0x60]
< 38.656s B5 62 13 60 08 00 01 00 00 80 02 00 00 0F 0D F3 [MGA-0x60]
< 38.656s B5 62 13 60 08 00 01 00 00 80 02 00 00 10 0E F4 [MGA-0x60]
< 38.673s B5 62 13 60 08 00 01 00 00 80 02 00 00 11 0F F5 [MGA-0x60]
< 38.673s B5 62 13 60 08 00 01 00 00 80 02 00 00 12 10 F6 [MGA-0x60]
< 38.673s B5 62 13 60 08 00 01 00 00 80 02 00 00 13 11 F7 [MGA-0x60]
< 38.690s B5 62 13 60 08 00 01 00 00 80 02 00 00 14 12 F8 [MGA-0x60]
< 38.690s B5 62 13 60 08 00 01 00 00 80 02 00 00 15 13 F9 [MGA-0x60]
< 38.690s B5 62 13 60 08 00 01 00 00 80 02 00 00 16 14 FA [MGA-0x60]
< 38.708s B5 62 13 60 08 00 01 00 00 80 02 00 00 17 15 FB [MGA-0x60]
< 38.708s B5 62 13 60 08 00 01 00 00 80 02 00 00 18 16 FC [MGA-0x60]
< 38.708s B5 62 13 60 08 00 01 00 00 80 02 00 00 19 17 FD [MGA-0x60]
< 38.708s B5 62 13 60 08 00 01 00 00 80 02 00 00 1A 18 FE [MGA-0x60]
< 38.723s B5 62 13 60 08 00 01 00 00 80 02 00 00 1B 19 FF [MGA-0x60]
< 38.723s B5 62 13 60 08 00 01 00 00 80 02 00 00 1C 1A 00 [MGA-0x60]
< 38.723s B5 62 13 60 08 00 01 00 00 80 02 00 00 1D 1B 01 [MGA-0x60]
< 38.723s B5 62 02 15 10 00 CD CC CC CC CC CC 14 40 00 00 12 00 00 01 38 15 A4 6F [RXM-0x15]
< 38.741s B5 62 13 60 08 00 01 00 00 80 02 00 00 1E 1C 02 [MGA-0x60]
< 38.741s B5 62 13 60 08 00 01 00 00 80 02 00 00 1F 1D 03 [MGA-0x60]
< 38.741s B5 62 01 07 5C 00 18 15 00 00 E5 07 03 07 00 00 05 F0 FF FF FF FF 00 84 D7 17 00 00 24 00 00 00 00 00 00 00 00 00 00 00 00 00 98 BD FF FF FF FF FF FF 00 85 84 DF 00 00 00 00 00 00 00 00 00 00 00 00 00 00 00 00 00 00 00 00 58 3E 0F 00 80 A8 12 01 0F 27 00 00 5C 40 56 2F 00 00 00 00 00 00 00 00 7C 00 [NAV-0x07]
< 38.741s B5 62 01 01 14 00 18 15 00 00 C4 43 04 26 00 00 00 00 00 00 00 00 80 E2 B6 26 B2 E1 [NAV-0x01]
< 38.741s B5 62 01 02 1C 00 18 15 00 00 00 00 00 00 00 00 00 00 00 00 00 00 98 BD FF FF FF FF FF FF 00 85 84 DF 83 05 [NAV-0x02]
< 38.741s B5 62 01 12 24 00 18 15 00 00 00 00 00 00 00 00 00 00 00 00 00 00 00 00 00 00 00 00 00 00 00 00 00 00 3C 86 01 00 80 A8 12 01 62 2A [NAV-0x12]
< 38.741s B5 62 01 35 44 00 18 15 00 00 01 05 00 00 00 05 09 A5 00 00 00 00 13 18 00 00 00 06 00 A5 00 00 00 00 11 18 00 00 00 10 00 A5 00 00 00 00 11 18 00 00 00 16 09 A5 00 00 00 00 13 18 00 00 00 1E 07 A5 00 00 00 00 13 18 00 00 21 95 [NAV-0x35]
< 38.741s B5 62 01 03 10 00 18 15 00 00 00 40 00 08 00 00 00 00 2C 15 00 00 CA 1F [NAV-0x03]
< 38.741s B5 62 01 04 12 00 18 15 00 00 0F 27 0F 27 0F 27 0F 27 0F 27 0F 27 0F 27 BE A6 [NAV-0x04]
< 38.741s B5 62 01 21 14 00 18 15 00 00 FF FF FF FF 00 84 D7 17 E5 07 03 07 00 00 05 F0 BC 65 [NAV-0x21]
< 38.741s B5 62 01 22 14 00 18 15 00 00 00 00 00 00 00 00 00 00 FF FF FF FF 7C 36 39 00 4B 37 [NAV-0x22]
< 38.741s B5 62 01 60 10 00 18 15 00 00 01 00 00 00 00 00 00 00 00 00 00 00 9F 1B [NAV-0x60]
< 38.741s B5 62 13 60 08 00 01 00 00 80 02 00 00 20 1E 04 [MGA-0x60]
< 38.756s B5 62 13 60 08 00 01 00 00 80 02 00 01 79 78 5F [MGA-0x60]
< 38.756s B5 62 13 60 08 00 01 00 00 80 02 00 01 7B 7A 61 [MGA-0x60]
< 38.756s B5 62 13 60 08 00 01 00 00 80 02 00 01 7F 7E 65 [MGA-0x60]
< 38.756s B5 62 13 60 08 00 01 00 00 80 02 00 01 80 7F 66 [MGA-0x60]
< 38.774s B5 62 13 60 08 00 01 00 00 80 02 00 01 84 83 6A [MGA-0x60]
< 38.774s B5 62 13 60 08 00 01 00 00 80 02 00 01 86 85 6C [MGA-0x60]
< 38.774s B5 62 13 60 08 00 01 00 00 80 02 00 01 88 87 6E [MGA-0x60]
< 38.788s B5 62 13 60 08 00 01 00 00 80 02 00 02 02 02 EA [MGA-0x60]
< 38.788s B5 62 13 60 08 00 01 00 00 80 02 00 02 03 03 EB [MGA-0x60]
< 38.788s B5 62 13 60 08 00 01 00 00 80 02 00 02 04 04 EC [MGA-0x60]
< 38.806s B5 62 13 60 08 00 01 00 00 80 02 00 02 05 05 ED [MGA-0x60]
< 38.806s B5 62 13 60 08 00 01 00 00 80 02 00 02 06 06 EE [MGA-0x60]
< 38.806s B5 62 13 60 08 00 01 00 00 80 02 00 02 07 07 EF [MGA-0x60]
< 38.823s B5 62 13 60 08 00 01 00 00 80 02 00 02 08 08 F0 [MGA-0x60]
< 38.823s B5 62 13 60 08 00 01 00 00 80 02 00 02 09 09 F1 [MGA-0x60]
< 38.823s B5 62 13 60 08 00 01 00 00 80 02 00 02 0A 0A F2 [MGA-0x60]
< 38.823s B5 62 13 60 08 00 01 00 00 80 02 00 02 0B 0B F3 [MGA-0x60]
< 38.840s B5 62 13 60 08 00 01 00 00 80 02 00 02 0C 0C F4 [MGA-0x60]
< 38.840s B5 62 13 60 08 00 01 00 00 80 02 00 02 0D 0D F5 [MGA-0x60]
< 38.840s B5 62 13 60 08 00 01 00 00 80 02 00 02 0E 0E F6 [MGA-0x60]
< 38.855s B5 62 13 60 08 00 01 00 00 80 02 00 02 0F 0F F7 [MGA-0x60]
< 38.855s B5 62 13 60 08 00 01 00 00 80 02 00 02 10 10 F8 [MGA-0x60]
< 38.855s B5 62 13 60 08 00 01 00 00 80 02 00 02 13 13 FB [MGA-0x60]
< 38.873s B5 62 13 60 08 00 01 00 00 80 02 00 02 15 15 FD [MGA-0x60]
< 38.873s B5 62 13 60 08 00 01 00 00 80 02 00 02 17 17 FF [MGA-0x60]
< 38.873s B5 62 13 60 08 00 01 00 00 80 02 00 02 18 18 00 [MGA-0x60]
< 38.873s B5 62 13 60 08 00 01 00 00 80 02 00 02 19 19 01 [MGA-0x60]
< 38.890s B5 62 13 60 08 00 01 00 00 80 02 00 02 1A 1A 02 [MGA-0x60]
< 38.890s B5 62 13 60 08 00 01 00 00 80 02 00 02 1B 1B 03 [MGA-0x60]
< 38.890s B5 62 13 60 08 00 01 00 00 80 02 00 02 1D 1D 05 [MGA-0x60]
< 38.907s B5 62 13 60 08 00 01 00 00 80 02 00 02 1E 1E 06 [MGA-0x60]
< 38.907s B5 62 13 60 08 00 01 00 00 80 02 00 02 1F 1F 07 [MGA-0x60]
< 38.907s B5 62 13 60 08 00 01 00 00 80 02 00 02 21 21 09 [MGA-0x60]
< 38.907s B5 62 13 60 08 00 01 00 00 80 02 00 02 22 22 0A [MGA-0x60]
< 38.923s B5 62 13 60 08 00 01 00 00 80 02 00 02 24 24 0C [MGA-0x60]
< 38.923s B5 62 13 60 08 00 01 00 00 80 02 00 03 05 06 EF [MGA-0x60]
< 38.923s B5 62 13 60 08 00 01 00 00 80 02 00 03 09 0A F3 [MGA-0x60]
< 38.923s B5 62 02 15 10 00 9A 99 99 99 99 99 15 40 00 00 12 00 00 01 00 16 3C E7 [RXM-0x15]
< 38.940s B5 62 13 60 08 00 01 00 00 80 02 00 03 0A 0B F4 [MGA-0x60]
< 38.940s B5 62 13 60 08 00 01 00 00 80 02 00 05 04 07 F2 [MGA-0x60]
< 38.940s B5 62 01 07 5C 00 E0 15 00 00 E5 07 03 07 00 00 05 F0 FF FF FF FF 00 46 C3 23 00 00 24 00 00 00 00 00 00 00 00 00 00 00 00 00 98 BD FF FF FF FF FF FF 00 86 84 DF 00 00 00 00 00 00 00 00 00 00 00 00 00 00 00 00 00 00 00 00 58 3E 0F 00 80 A8 12 01 0F 27 00 00 5C 40 56 2F 00 00 00 00 00 00 00 00 FF 89 [NAV-0x07]
< 38.940s B5 62 01 01 14 00 E0 15 00 00 C4 43 04 26 00 00 00 00 00 00 00 00 80 E2 B6 26 7A 81 [NAV-0x01]
< 38.940s B5 62 01 02 1C 00 E0 15 00 00 00 00 00 00 00 00 00 00 00 00 00 00 98 BD FF FF FF FF FF FF 00 86 84 DF 4C E8 [NAV-0x02]
< 38.940s B5 62 01 12 24 00 E0 15 00 00 00 00 00 00 00 00 00 00 00 00 00 00 00 00 00 00 00 00 00 00 00 00 00 00 3C 86 01 00 80 A8 12 01 2A 4A [NAV-0x12]
< 38.940s B5 62 01 35 44 00 E0 15 00 00 01 05 00 00 00 05 09 A5 00 00 00 00 13 18 00 00 00 06 00 A5 00 00 00 00 11 18 00 00 00 10 00 A5 00 00 00 00 11 18 00 00 00 16 09 A5 00 00 00 00 13 18 00 00 00 1E 07 A5 00 00 00 00 13 18 00 00 E9 B5 [NAV-0x35]
< 38.940s B5 62 01 03 10 00 E0 15 00 00 00 40 00 08 00 00 00 00 F4 15 00 00 5A BF [NAV-0x03]
< 38.940s B5 62 01 04 12 00 E0 15 00 00 0F 27 0F 27 0F 27 0F 27 0F 27 0F 27 0F 27 86 B6 [NAV-0x04]
< 38.940s B5 62 01 21 14 00 E0 15 00 00 FF FF FF FF 00 46 C3 23 E5 07 03 07 00 00 05 F0 3E FF [NAV-0x21]
< 38.940s B5 62 01 22 14 00 E0 15 00 00 00 00 00 00 00 00 00 00 FF FF FF FF 7C 36 39 00 13 D7 [NAV-0x22]
< 38.940s B5 62 13 60 08 00 01 00 00 80 02 00 05 07 0A F5 [MGA-0x60]
< 39.124s B5 62 01 60 10 00 E0 15 00 00 01 00 00 00 00 00 00 00 00 00 00 00 67 9B [NAV-0x60]
< 39.138s B5 62 02 15 10 00 67 66 66 66 66 66 16 40 00 00 12 00 00 01 C8 16 D3 5E [RXM-0x15]
< 39.138s B5 62 01 07 5C 00 A8 16 00 00 E5 07 03 07 00 00 05 F0 FF FF FF FF FF 07 AF 2F 00 00 24 00 00 00 00 00 00 00 00 00 00 00 00 00 98 BD FF FF FF FF FF FF 00 87 84 DF 00 00 00 00 00 00 00 00 00 00 00 00 00 00 00 00 00 00 00 00 58 3E 0F 00 80 A8 12 01 0F 27 00 00 5C 40 56 2F 00 00 00 00 00 00 00 00 81 D6 [NAV-0x07]
< 39.138s B5 62 01 01 14 00 A8 16 00 00 C4 43 04 26 00 00 00 00 00 00 00 00 00 E3 B6 26 C4 37 [NAV-0x01]
< 39.138s B5 62 01 02 1C 00 A8 16 00 00 00 00 00 00 00 00 00 00 00 00 00 00 98 BD FF FF FF FF FF FF 00 87 84 DF 16 E6 [NAV-0x02]
< 39.138s B5 62 01 12 24 00 A8 16 00 00 00 00 00 00 00 00 00 00 00 00 00 00 00 00 00 00 00 00 00 00 00 00 00 00 3C 86 01 00 80 A8 12 01 F3 8D [NAV-0x12]
< 39.138s B5 62 01 35 44 00 A8 16 00 00 01 05 00 00 00 05 08 A5 00 00 00 00 13 18 00 00 00 06 00 A5 00 00 00 00 11 18 00 00 00 10 00 A5 00 00 00 00 11 18 00 00 00 16 08 A5 00 00 00 00 13 18 00 00 00 1E 07 A5 00 00 00 00 13 18 00 00 B0 C8 [NAV-0x35]
< 39.138s B5 62 01 03 10 00 A8 16 00 00 00 40 00 08 00 00 00 00 BC 16 00 00 EC 71 [NAV-0x03]
< 39.138s B5 62 01 04 12 00 A8 16 00 00 0F 27 0F 27 0F 27 0F 27 0F 27 0F 27 0F 27 4F D7 [NAV-0x04]
< 39.138s B5 62 01 21 14 00 A8 16 00 00 FF FF FF FF FF 07 AF 2F E5 07 03 07 00 00 05 F0 BF 95 [NAV-0x21]
< 39.138s B5 62 01 22 14 00 A8 16 00 00 00 00 00 00 00 00 00 00 FF FF FF FF 7C 36 39 00 DC 8A [NAV-0x22]
< 39.307s B5 62 01 60 10 00 A8 16 00 00 01 00 00 00 00 00 00 00 00 00 00 00 30 2A [NAV-0x60]
< 39.322s B5 62 0A 38 1C 00 00 01 00 00 00 00 01 02 00 00 00 00 00 00 00 00 51 00 CE 0D 32 06 9A 07 9D 00 00 00 04 E5 [MON-0x38]
< 39.340s B5 62 02 15 10 00 33 33 33 33 33 33 17 40 00 00 12 00 00 01 90 17 6A C6 [RXM-0x15]
< 39.340s B5 62 01 07 5C 00 70 17 00 00 E5 07 03 07 00 00 06 F0 FF FF FF FF 00 00 00 00 00 00 24 00 00 00 00 00 00 00 00 00 00 00 00 00 98 BD FF FF FF FF FF FF 00 88 84 DF 00 00 00 00 00 00 00 00 00 00 00 00 00 00 00 00 00 00 00 00 58 3E 0F 00 80 A8 12 01 0F 27 00 00 5C 40 56 2F 00 00 00 00 00 00 00 00 68 D4 [NAV-0x07]
< 39.340s B5 62 01 01 14 00 70 17 00 00 C4 43 04 26 00 00 00 00 00 00 00 00 00 E3 B6 26 8D EA [NAV-0x01]
< 39.340s B5 62 01 02 1C 00 70 17 00 00 00 00 00 00 00 00 00 00 00 00 00 00 98 BD FF FF FF FF FF FF 00 88 84 DF E0 E4 [NAV-0x02]
< 39.340s B5 62 01 12 24 00 70 17 00 00 00 00 00 00 00 00 00 00 00 00 00 00 00 00 00 00 00 00 00 00 00 00 00 00 3C 86 01 00 80 A8 12 01 BC D0 [NAV-0x12]
< 39.340s B5 62 01 35 44 00 70 17 00 00 01 05 00 00 00 05 08 A5 00 00 00 00 13 18 00 00 00 06 00 A5 00 00 00 00 11 18 00 00 00 10 00 A5 00 00 00 00 11 18 00 00 00 16 08 A5 00 00 00 00 13 18 00 00 00 1E 07 A5 00 00 00 00 13 18 00 00 79 2B [NAV-0x35]
< 39.340s B5 62 01 03 10 00 70 17 00 00 00 40 00 08 00 00 00 00 84 17 00 00 7E 23 [NAV-0x03]
< 39.340s B5 62 01 04 12 00 70 17 00 00 0F 27 0F 27 0F 27 0F 27 0F 27 0F 27 0F 27 18 F8 [NAV-0x04]
< 39.340s B5 62 01 21 14 00 70 17 00 00 FF FF FF FF 00 00 00 00 E5 07 03 07 00 00 06 F0 A5 8C [NAV-0x21]
< 39.340s B5 62 01 22 14 00 70 17 00 00 00 00 00 00 00 00 00 00 FF FF FF FF 7C 36 39 00 A5 3D [NAV-0x22]
< 39.539s B5 62 01 60 10 00 70 17 00 00 01 00 00 00 00 00 00 00 00 00 00 00 F9 B9 [NAV-0x60]
< 39.539s B5 62 02 15 10 00 00 00 00 00 00 00 18 40 00 00 12 00 00 01 58 18 02 3E [RXM-0x15]
< 39.539s B5 62 01 07 5C 00 38 18 00 00 E5 07 03 07 00 00 06 F0 FF FF FF FF 00 C2 EB 0B 00 00 24 00 00 00 00 00 00 00 00 00 00 00 00 00 98 BD FF FF FF FF FF FF 00 8A 84 DF 00 00 00 00 00 00 00 00 00 00 00 00 00 00 00 00 00 00 00 00 58 3E 0F 00 80 A8 12 01 0F 27 00 00 5C 40 56 2F 00 00 00 00 00 00 00 00 EB 54 [NAV-0x07]
< 39.539s B5 62 01 01 14 00 38 18 00 00 C4 43 04 26 00 00 00 00 00 00 00 00 40 E3 B6 26 96 9D [NAV-0x01]
< 39.539s B5 62 01 02 1C 00 38 18 00 00 00 00 00 00 00 00 00 00 00 00 00 00 98 BD FF FF FF FF FF FF 00 8A 84 DF AB E5 [NAV-0x02]
< 39.539s B5 62 01 12 24 00 38 18 00 00 00 00 00 00 00 00 00 00 00 00 00 00 00 00 00 00 00 00 00 00 00 00 00 00 3C 86 01 00 80 A8 12 01 85 13 [NAV-0x12]
< 39.539s B5 62 01 35 44 00 38 18 00 00 01 05 00 00 00 05 08 A5 00 00 00 00 13 18 00 00 00 06 00 A5 00 00 00 00 11 18 00 00 00 10 00 A5 00 00 00 00 11 18 00 00 00 16 08 A5 00 00 00 00 13 18 00 00 00 1E 07 A5 00 00 00 00 13 18 00 00 42 8E [NAV-0x35]
< 39.539s B5 62 01 03 10 00 38 18 00 00 00 40 00 08 00 00 00 00 4C 18 00 00 10 D5 [NAV-0x03]
< 39.539s B5 62 01 04 12 00 38 18 00 00 0F 27 0F 27 0F 27 0F 27 0F 27 0F 27 0F 27 E1 19 [NAV-0x04]
< 39.539s B5 62 01 21 14 00 38 18 00 00 FF FF FF FF 00 C2 EB 0B E5 07 03 07 00 00 06 F0 26 26 [NAV-0x21]
< 39.539s B5 62 01 22 14 00 38 18 00 00 00 00 00 00 00 00 00 00 FF FF FF FF 7C 36 39 00 6E F0 [NAV-0x22]
< 39.724s B5 62 01 60 10 00 38 18 00 00 01 00 00 00 00 00 00 00 00 00 00 00 C2 48 [NAV-0x60]
< 39.740s B5 62 02 15 10 00 CD CC CC CC CC CC 18 40 00 00 12 00 00 01 20 19 94 6B [RXM-0x15]
< 39.740s B5 62 01 07 5C 00 00 19 00 00 E5 07 03 07 00 00 06 F0 FF FF FF FF 00 84 D7 17 00 00 24 00 00 00 00 00 00 00 00 00 00 00 00 00 98 BD FF FF FF FF FF FF 00 8B 84 DF 00 00 00 00 00 00 00 00 00 00 00 00 00 00 00 00 00 00 00 00 58 3E 0F 00 80 A8 12 01 0F 27 00 00 5C 40 56 2F 00 00 00 00 00 00 00 00 6F 38 [NAV-0x07]
< 39.740s B5 62 01 01 14 00 00 19 00 00 C4 43 04 26 00 00 00 00 00 00 00 00 80 E3 B6 26 9F 50 [NAV-0x01]
< 39.740s B5 62 01 02 1C 00 00 19 00 00 00 00 00 00 00 00 00 00 00 00 00 00 98 BD FF FF FF FF FF FF 00 8B 84 DF 75 E3 [NAV-0x02]
< 39.740s B5 62 01 12 24 00 00 19 00 00 00 00 00 00 00 00 00 00 00 00 00 00 00 00 00 00 00 00 00 00 00 00 00 00 3C 86 01 00 80 A8 12 01 4E 56 [NAV-0x12]
< 39.740s B5 62 01 35 44 00 00 19 00 00 01 05 00 00 00 05 08 A5 00 00 00 00 13 18 00 00 00 06 00 A5 00 00 00 00 11 18 00 00 00 10 00 A5 00 00 00 00 11 18 00 00 00 16 09 A5 00 00 00 00 13 18 00 00 00 1E 07 A5 00 00 00 00 13 18 00 00 0C 07 [NAV-0x35]
< 39.740s B5 62 01 03 10 00 00 19 00 00 00 40 00 08 00 00 00 00 14 19 00 00 A2 87 [NAV-0x03]
< 39.740s B5 62 01 04 12 00 00 19 00 00 0F 27 0F 27 0F 27 0F 27 0F 27 0F 27 0F 27 AA 3A [NAV-0x04]
< 39.740s B5 62 01 21 14 00 00 19 00 00 FF FF FF FF 00 84 D7 17 E5 07 03 07 00 00 06 F0 A9 D3 [NAV-0x21]
< 39.740s B5 62 01 22 14 00 00 19 00 00 00 00 00 00 00 00 00 00 FF FF FF FF 7C 36 39 00 37 A3 [NAV-0x22]
< 39.922s B5 62 01 60 10 00 00 19 00 00 01 00 00 00 00 00 00 00 00 00 00 00 8B D7 [NAV-0x60]
< 39.941s B5 62 02 15 10 00 9A 99 99 99 99 99 19 40 00 00 12 00 00 01 E8 19 2B E2 [RXM-0x15]
< 39.941s B5 62 01 07 5C 00 C8 19 00 00 E5 07 03 07 00 00 06 F0 FF FF FF FF 00 46 C3 23 00 00 24 00 00 00 00 00 00 00 00 00 00 00 00 00 98 BD FF FF FF FF FF FF 00 8C 84 DF 00 00 00 00 00 00 00 00 00 00 00 00 00 00 00 00 00 00 00 00 58 3E 0F 00 80 A8 12 01 0F 27 00 00 5C 40 56 2F 00 00 00 00 00 00 00 00 F2 C1 [NAV-0x07]
< 39.941s B5 62 01 01 14 00 C8 19 00 00 C4 43 04 26 00 00 00 00 00 00 00 00 C0 E3 B6 26 A7 F0 [NAV-0x01]
< 39.941s B5 62 01 02 1C 00 C8 19 00 00 00 00 00 00 00 00 00 00 00 00 00 00 98 BD FF FF FF FF FF FF 00 8C 84 DF 3E C6 [NAV-0x02]
< 39.941s B5 62 01 12 24 00 C8 19 00 00 00 00 00 00 00 00 00 00 00 00 00 00 00 00 00 00 00 00 00 00 00 00 00 00 3C 86 01 00 80 A8 12 01 16 76 [NAV-0x12]
< 39.941s B5 62 01 35 44 00 C8 19 00 00 01 05 00 00 00 05 08 A5 00 00 00 00 13 18 00 00 00 06 1E A5 00 00 00 00 13 18 00 00 00 10 00 A5 00 00 00 00 11 18 00 00 00 16 09 A5 00 00 00 00 13 18 00 00 00 1E 08 A5 00 00 00 00 13 18 00 00 F5 E5 [NAV-0x35]
< 39.941s B5 62 01 03 10 00 C8 19 00 00 00 40 00 08 00 00 00 00 DC 19 00 00 32 27 [NAV-0x03]
< 39.941s B5 62 01 04 12 00 C8 19 00 00 0F 27 0F 27 0F 27 0F 27 0F 27 0F 27 0F 27 72 4A [NAV-0x04]
< 39.941s B5 62 01 21 14 00 C8 19 00 00 FF FF FF FF 00 46 C3 23 E5 07 03 07 00 00 06 F0 2B 6D [NAV-0x21]
< 39.941s B5 62 01 22 14 00 C8 19 00 00 00 00 00 00 00 00 00 00 FF FF FF FF 7C 36 39 00 FF 43 [NAV-0x22]
< 40.122s B5 62 01 60 10 00 C8 19 00 00 01 00 00 00 00 00 00 00 00 00 00 00 53 57 [NAV-0x60]
< 40.141s B5 62 02 15 10 00 67 66 66 66 66 66 1A 40 00 00 12 00 00 01 B0 1A C3 5A [RXM-0x15]
< 40.141s B5 62 01 07 5C 00 90 1A 00 00 E5 07 03 07 00 00 06 F0 FF FF FF FF FF 07 AF 2F 00 00 24 00 00 00 00 00 00 00 00 00 00 00 00 00 98 BD FF FF FF FF FF FF 00 8E 84 DF 00 00 00 00 00 00 00 00 00 00 00 00 00 00 00 00 00 00 00 00 58 3E 0F 00 80 A8 12 01 0F 27 00 00 5C 40 56 2F 00 00 00 00 00 00 00 00 75 3D [NAV-0x07]
< 40.141s B5 62 01 01 14 00 90 1A 00 00 C4 43 04 26 00 00 00 00 00 00 00 00 00 E4 B6 26 B1 A6 [NAV-0x01]
< 40.141s B5 62 01 02 1C 00 90 1A 00 00 00 00 00 00 00 00 00 00 00 00 00 00 98 BD FF FF FF FF FF FF 00 8E 84 DF 09 C7 [NAV-0x02]
< 40.141s B5 62 01 12 24 00 90 1A 00 00 00 00 00 00 00 00 00 00 00 00 00 00 00 00 00 00 00 00 00 00 00 00 00 00 3C 86 01 00 80 A8 12 01 DF B9 [NAV-0x12]
< 40.141s B5 62 01 35 44 00 90 1A 00 00 01 05 00 00 00 05 08 A5 00 00 00 00 13 18 00 00 00 06 18 A5 00 00 00 00 13 18 00 00 00 10 00 A5 00 00 00 00 11 18 00 00 00 16 09 A5 00 00 00 00 13 18 00 00 00 1E 08 A5 00 00 00 00 13 18 00 00 B8 34 [NAV-0x35]
< 40.141s B5 62 01 03 10 00 90 1A 00 00 00 40 00 08 00 00 00 00 A4 1A 00 00 C4 D9 [NAV-0x03]
< 40.141s B5 62 01 04 12 00 90 1A 00 00 0F 27 0F 27 0F 27 0F 27 0F 27 0F 27 0F 27 3B 6B [NAV-0x04]
< 40.141s B5 62 01 21 14 00 90 1A 00 00 FF FF FF FF FF 07 AF 2F E5 07 03 07 00 00 06 F0 AC 03 [NAV-0x21]
< 40.141s B5 62 01 22 14 00 90 1A 00 00 00 00 00 00 00 00 00 00 FF FF FF FF 7C 36 39 00 C8 F6 [NAV-0x22]
< 40.291s B5 62 01 60 10 00 90 1A 00 00 01 00 00 00 00 00 00 00 00 00 00 00 1C E6 [NAV-0x60]
< 40.324s B5 62 0A 38 1C 00 00 01 00 00 00 00 01 02 00 00 00 00 00 00 00 00 51 00 CE 0D 30 06 9A 06 99 00 00 00 FD C0 [MON-0x38]
< 40.339s B5 62 02 15 10 00 33 33 33 33 33 33 1B 40 00 00 12 00 00 01 78 1B 5A C2 [RXM-0x15]
< 40.339s B5 62 01 07 5C 00 58 1B 00 00 E5 07 03 07 00 00 07 F0 FF FF FF FF 00 00 00 00 00 00 24 00 00 00 00 00 00 00 00 00 00 00 00 00 98 BD FF FF FF FF FF FF 00 8F 84 DF 00 00 00 00 00 00 00 00 00 00 00 00 00 00 00 00 00 00 00 00 58 3E 0F 00 80 A8 12 01 0F 27 00 00 5C 40 56 2F 00 00 00 00 00 00 00 00 5C 3B [NAV-0x07]
< 40.339s B5 62 01 01 14 00 58 1B 00 00 C4 43 04 26 00 00 00 00 00 00 00 00 40 E4 B6 26 BA 59 [NAV-0x01]
< 40.339s B5 62 01 02 1C 00 58 1B 00 00 00 00 00 00 00 00 00 00 00 00 00 00 98 BD FF FF FF FF FF FF 00 8F 84 DF D3 C5 [NAV-0x02]
< 40.339s B5 62 01 12 24 00 58 1B 00 00 00 00 00 00 00 00 00 00 00 00 00 00 00 00 00 00 00 00 00 00 00 00 00 00 3C 86 01 00 80 A8 12 01 A8 FC [NAV-0x12]
< 40.339s B5 62 01 35 44 00 58 1B 00 00 01 05 00 00 00 05 08 A5 00 00 00 00 13 18 00 00 00 06 18 A5 00 00 00 00 13 18 00 00 00 10 00 A5 00 00 00 00 11 18 00 00 00 16 08 A5 00 00 00 00 13 18 00 00 00 1E 08 A5 00 00 00 00 13 18 00 00 80 81 [NAV-0x35]
< 40.339s B5 62 01 03 10 00 58 1B 00 00 00 40 00 08 00 00 00 00 6C 1B 00 00 56 8B [NAV-0x03]
< 40.339s B5 62 01 04 12 00 58 1B 00 00 0F 27 0F 27 0F 27 0F 27 0F 27 0F 27 0F 27 04 8C [NAV-0x04]
< 40.339s B5 62 01 21 14 00 58 1B 00 00 FF FF FF FF 00 00 00 00 E5 07 03 07 00 00 07 F0 92 FA [NAV-0x21]
< 40.339s B5 62 01 22 14 00 58 1B 00 00 00 00 00 00 00 00 00 00 FF FF FF FF 7C 36 39 00 91 A9 [NAV-0x22]
< 40.391s B5 62 01 60 10 00 58 1B 00 00 01 00 00 00 00 00 00 00 00 00 00 00 E5 75 [NAV-0x60]
< 40.522s B5 62 27 04 6C 00 01 00 DC 00 7F CC 11 F4 1C D3 14 1E F1 35 F9 88 4A 00 42 E9 1D B1 A0 82 C7 85 10 5F 4B AE 45 09 D4 0C 65 08 00 00 00 00 00 00 00 00 00 00 00 00 00 00 00 00 00 00 00 00 00 00 00 00 8E 48 AE 5D B7 D7 29 B0 03 DE B1 E7 DD 12 BE 76 07 9A 3C A6 21 77 78 CC E4 29 A1 C9 F5 F7 45 55 D3 5C 87 97 75 11 B8 CB D1 9F 3F 92 B6 CD DA E4 58 2A [SEC-0x04]
< 40.540s B5 62 02 15 10 00 00 00 00 00 00 00 1C 40 00 00 12 00 00 01 40 1C F2 3A [RXM-0x15]
< 40.540s B5 62 01 07 5C 00 20 1C 00 00 E5 07 03 07 00 00 07 F0 FF FF FF FF 00 C2 EB 0B 00 00 24 00 00 00 00 00 00 00 00 00 00 00 00 00 98 BD FF FF FF FF FF FF 00 90 84 DF 00 00 00 00 00 00 00 00 00 00 00 00 00 00 00 00 00 00 00 00 58 3E 0F 00 80 A8 12 01 0F 27 00 00 5C 40 56 2F 00 00 00 00 00 00 00 00 DE 8C [NAV-0x07]
< 40.540s B5 62 01 01 14 00 20 1C 00 00 C4 43 04 26 00 00 00 00 00 00 00 00 40 E4 B6 26 83 0C [NAV-0x01]
< 40.540s B5 62 01 02 1C 00 20 1C 00 00 00 00 00 00 00 00 00 00 00 00 00 00 98 BD FF FF FF FF FF FF 00 90 84 DF 9D C3 [NAV-0x02]
< 40.540s B5 62 01 12 24 00 20 1C 00 00 00 00 00 00 00 00 00 00 00 00 00 00 00 00 00 00 00 00 00 00 00 00 00 00 3C 86 01 00 80 A8 12 01 71 3F [NAV-0x12]
< 40.540s B5 62 01 35 44 00 20 1C 00 00 01 05 00 00 00 05 08 A5 00 00 00 00 13 18 00 00 00 06 18 A5 00 00 00 00 13 18 00 00 00 10 00 A5 00 00 00 00 11 18 00 00 00 16 08 A5 00 00 00 00 13 18 00 00 00 1E 08 A5 00 00 00 00 13 18 00 00 49 E4 [NAV-0x35]
< 40.540s B5 62 01 03 10 00 20 1C 00 00 00 40 00 08 00 00 00 00 34 1C 00 00 E8 3D [NAV-0x03]
< 40.540s B5 62 01 04 12 00 20 1C 00 00 0F 27 0F 27 0F 27 0F 27 0F 27 0F 27 0F 27 CD AD [NAV-0x04]
< 40.540s B5 62 01 21 14 00 20 1C 00 00 FF FF FF FF 00 C2 EB 0B E5 07 03 07 00 00 07 F0 13 94 [NAV-0x21]
< 40.540s B5 62 01 22 14 00 20 1C 00 00 00 00 00 00 00 00 00 00 FF FF FF FF 7C 36 39 00 5A 5C [NAV-0x22]
< 40.722s B5 62 01 60 10 00 20 1C 00 00 01 00 00 00 00 00 00 00 00 00 00 00 AE 04 [NAV-0x60]
< 40.742s B5 62 02 15 10 00 CD CC CC CC CC CC 1C 40 00 00 12 00 00 01 08 1D 84 67 [RXM-0x15]
< 40.742s B5 62 01 07 5C 00 E8 1C 00 00 E5 07 03 07 00 00 07 F0 FF FF FF FF 00 84 D7 17 00 00 24 00 00 00 00 00 00 00 00 00 00 00 00 00 98 BD FF FF FF FF FF FF 00 92 84 DF 00 00 00 00 00 00 00 00 00 00 00 00 00 00 00 00 00 00 00 00 58 3E 0F 00 80 A8 12 01 0F 27 00 00 5C 40 56 2F 00 00 00 00 00 00 00 00 62 44 [NAV-0x07]
< 40.742s B5 62 01 01 14 00 E8 1C 00 00 C4 43 04 26 00 00 00 00 00 00 00 00 C0 E4 B6 26 CB AC [NAV-0x01]
< 40.742s B5 62 01 02 1C 00 E8 1C 00 00 00 00 00 00 00 00 00 00 00 00 00 00 98 BD FF FF FF FF FF FF 00 92 84 DF 67 A9 [NAV-0x02]
< 40.742s B5 62 01 12 24 00 E8 1C 00 00 00 00 00 00 00 00 00 00 00 00 00 00 00 00 00 00 00 00 00 00 00 00 00 00 3C 86 01 00 80 A8 12 01 39 5F [NAV-0x12]
< 40.742s B5 62 01 35 38 00 E8 1C 00 00 01 04 00 00 00 05 07 A5 00 00 00 00 13 18 00 00 00 10 00 A5 00 00 00 00 11 18 00 00 00 16 09 A5 00 00 00 00 13 18 00 00 00 1E 07 A5 00 00 00 00 13 18 00 00 15 60 [NAV-0x35]
< 40.742s B5 62 01 03 10 00 E8 1C 00 00 00 40 00 08 00 00 00 00 FC 1C 00 00 78 DD [NAV-0x03]
< 40.742s B5 62 01 04 12 00 E8 1C 00 00 0F 27 0F 27 0F 27 0F 27 0F 27 0F 27 0F 27 95 BD [NAV-0x04]
< 40.742s B5 62 01 21 14 00 E8 1C 00 00 FF FF FF FF 00 84 D7 17 E5 07 03 07 00 00 07 F0 95 2E [NAV-0x21]
< 40.742s B5 62 01 22 14 00 E8 1C 00 00 00 00 00 00 00 00 00 00 FF FF FF FF 7C 36 39 00 22 FC [NAV-0x22]
< 40.924s B5 62 01 60 10 00 E8 1C 00 00 01 00 00 00 00 00 00 00 00 00 00 00 76 84 [NAV-0x60]
< 40.938s B5 62 02 15 10 00 9A 99 99 99 99 99 1D 40 00 00 12 00 00 01 D0 1D 1B DE [RXM-0x15]
< 40.938s B5 62 01 07 5C 00 B0 1D 00 00 E5 07 03 07 00 00 07 F0 FF FF FF FF 00 46 C3 23 00 00 24 00 00 00 00 00 00 00 00 00 00 00 00 00 98 BD FF FF FF FF FF FF 00 94 84 DF 00 00 00 00 00 00 00 00 00 00 00 00 00 00 00 00 00 00 00 00 58 3E 0F 00 80 A8 12 01 0F 27 00 00 5C 40 56 2F 00 00 00 00 00 00 00 00 E7 57 [NAV-0x07]
< 40.938s B5 62 01 01 14 00 B0 1D 00 00 C4 43 04 26 00 00 00 00 00 00 00 00 00 E5 B6 26 D5 62 [NAV-0x01]
< 40.938s B5 62 01 02 1C 00 B0 1D 00 00 00 00 00 00 00 00 00 00 00 00 00 00 98 BD FF FF FF FF FF FF 00 94 84 DF 32 AA [NAV-0x02]
< 40.938s B5 62 01 12 24 00 B0 1D 00 00 00 00 00 00 00 00 00 00 00 00 00 00 00 00 00 00 00 00 00 00 00 00 00 00 3C 86 01 00 80 A8 12 01 02 A2 [NAV-0x12]
< 40.938s B5 62 01 35 38 00 B0 1D 00 00 01 04 00 00 00 05 07 A5 00 00 00 00 13 18 00 00 00 10 00 A5 00 00 00 00 11 18 00 00 00 16 09 A5 00 00 00 00 13 18 00 00 00 1E 07 A5 00 00 00 00 13 18 00 00 DE 57 [NAV-0x35]
< 40.938s B5 62 01 03 10 00 B0 1D 00 00 00 40 00 08 00 00 00 00 C4 1D 00 00 0A 8F [NAV-0x03]
< 40.938s B5 62 01 04 12 00 B0 1D 00 00 0F 27 0F 27 0F 27 0F 27 0F 27 0F 27 0F 27 5E DE [NAV-0x04]
< 40.938s B5 62 01 21 14 00 B0 1D 00 00 FF FF FF FF 00 46 C3 23 E5 07 03 07 00 00 07 F0 18 DB [NAV-0x21]
< 40.938s B5 62 01 22 14 00 B0 1D 00 00 00 00 00 00 00 00 00 00 FF FF FF FF 7C 36 39 00 EB AF [NAV-0x22]
< 41.123s B5 62 01 60 10 00 B0 1D 00 00 01 00 00 00 00 00 00 00 00 00 00 00 3F 13 [NAV-0x60]
< 41.138s B5 62 02 15 10 00 67 66 66 66 66 66 1E 40 00 00 12 00 00 01 98 1E B3 56 [RXM-0x15]
< 41.138s B5 62 01 07 5C 00 78 1E 00 00 E5 07 03 07 00 00 07 F0 FF FF FF FF FF 07 AF 2F 00 00 24 00 00 00 00 00 00 00 00 00 00 00 00 00 98 BD FF FF FF FF FF FF 00 95 84 DF 00 00 00 00 00 00 00 00 00 00 00 00 00 00 00 00 00 00 00 00 58 3E 0F 00 80 A8 12 01 0F 27 00 00 5C 40 56 2F 00 00 00 00 00 00 00 00 69 A4 [NAV-0x07]
< 41.138s B5 62 01 01 14 00 78 1E 00 00 C4 43 04 26 00 00 00 00 00 00 00 00 40 E5 B6 26 DE 15 [NAV-0x01]
< 41.138s B5 62 01 02 1C 00 78 1E 00 00 00 00 00 00 00 00 00 00 00 00 00 00 98 BD FF FF FF FF FF FF 00 95 84 DF FC A8 [NAV-0x02]
< 41.138s B5 62 01 12 24 00 78 1E 00 00 00 00 00 00 00 00 00 00 00 00 00 00 00 00 00 00 00 00 00 00 00 00 00 00 3C 86 01 00 80 A8 12 01 CB E5 [NAV-0x12]
< 41.138s B5 62 01 35 38 00 78 1E 00 00 01 04 00 00 00 05 08 A5 00 00 00 00 13 18 00 00 00 10 00 A5 00 00 00 00 11 18 00 00 00 16 0A A5 00 00 00 00 13 18 00 00 00 1E 07 A5 00 00 00 00 13 18 00 00 A9 92 [NAV-0x35]
< 41.138s B5 62 01 03 10 00 78 1E 00 00 00 40 00 08 00 00 00 00 8C 1E 00 00 9C 41 [NAV-0x03]
< 41.138s B5 62 01 04 12 00 78 1E 00 00 0F 27 0F 27 0F 27 0F 27 0F 27 0F 27 0F 27 27 FF [NAV-0x04]
< 41.139s B5 62 01 21 14 00 78 1E 00 00 FF FF FF FF FF 07 AF 2F E5 07 03 07 00 00 07 F0 99 71 [NAV-0x21]
< 41.139s B5 62 01 22 14 00 78 1E 00 00 00 00 00 00 00 00 00 00 FF FF FF FF 7C 36 39 00 B4 62 [NAV-0x22]
< 41.305s B5 62 01 60 10 00 78 1E 00 00 01 00 00 00 00 00 00 00 00 00 00 00 08 A2 [NAV-0x60]
< 41.324s B5 62 0A 38 1C 00 00 01 00 00 00 00 01 02 00 00 00 00 00 00 00 00 51 00 CE 0D 31 06 98 06 9C 00 00 00 FF C8 [MON-0x38]
< 41.338s B5 62 02 15 10 00 33 33 33 33 33 33 1F 40 00 00 12 00 00 01 60 1F 4A BE [RXM-0x15]
< 41.338s B5 62 01 07 5C 00 40 1F 00 00 E5 07 03 07 00 00 08 F0 FF FF FF FF 00 00 00 00 00 00 24 00 00 00 00 00 00 00 00 00 00 00 00 00 98 BD FF FF FF FF FF FF 00 97 84 DF 00 00 00 00 00 00 00 00 00 00 00 00 00 00 00 00 00 00 00 00 58 3E 0F 00 80 A8 12 01 0F 27 00 00 5C 40 56 2F 00 00 00 00 00 00 00 00 51 D1 [NAV-0x07]
< 41.338s B5 62 01 01 14 00 40 1F 00 00 C4 43 04 26 00 00 00 00 00 00 00 00 C0 E5 B6 26 27 C8 [NAV-0x01]
< 41.338s B5 62 01 02 1C 00 40 1F 00 00 00 00 00 00 00 00 00 00 00 00 00 00 98 BD FF FF FF FF FF FF 00 97 84 DF C7 A9 [NAV-0x02]
< 41.338s B5 62 01 12 24 00 40 1F 00 00 00 00 00 00 00 00 00 00 00 00 00 00 00 00 00 00 00 00 00 00 00 00 00 00 3C 86 01 00 80 A8 12 01 94 28 [NAV-0x12]
< 41.338s B5 62 01 35 38 00 40 1F 00 00 01 04 00 00 00 05 07 A5 00 00 00 00 13 18 00 00 00 10 00 A5 00 00 00 00 11 18 00 00 00 16 0A A5 00 00 00 00 13 18 00 00 00 1E 08 A5 00 00 00 00 13 18 00 00 72 65 [NAV-0x35]
< 41.338s B5 62 01 03 10 00 40 1F 00 00 00 40 00 08 00 00 00 00 54 1F 00 00 2E F3 [NAV-0x03]
< 41.338s B5 62 01 04 12 00 40 1F 00 00 0F 27 0F 27 0F 27 0F 27 0F 27 0F 27 0F 27 F0 20 [NAV-0x04]
< 41.338s B5 62 01 21 14 00 40 1F 00 00 FF FF FF FF 00 00 00 00 E5 07 03 07 00 00 08 F0 7F 68 [NAV-0x21]
< 41.338s B5 62 01 22 14 00 40 1F 00 00 00 00 00 00 00 00 00 00 FF FF FF FF 7C 36 39 00 7D 15 [NAV-0x22]
< 41.524s B5 62 01 60 10 00 40 1F 00 00 01 00 00 00 00 00 00 00 00 00 00 00 D1 31 [NAV-0x60]
< 41.538s B5 62 02 15 10 00 00 00 00 00 00 00 20 40 00 00 12 00 00 01 28 20 E2 36 [RXM-0x15]
< 41.538s B5 62 01 07 5C 00 08 20 00 00 E5 07 03 07 00 00 08 F0 FF FF FF FF FF C1 EB 0B 00 00 24 00 00 00 00 00 00 00 00 00 00 00 00 00 98 BD FF FF FF FF FF FF 00 99 84 DF 00 00 00 00 00 00 00 00 00 00 00 00 00 00 00 00 00 00 00 00 58 3E 0F 00 80 A8 12 01 0F 27 00 00 5C 40 56 2F 00 00 00 00 00 00 00 00 D2 BA [NAV-0x07]
< 41.538s B5 62 01 01 14 00 08 20 00 00 C4 43 04 26 00 00 00 00 00 00 00 00 C0 E5 B6 26 F0 7B [NAV-0x01]
< 41.538s B5 62 01 02 1C 00 08 20 00 00 00 00 00 00 00 00 00 00 00 00 00 00 98 BD FF FF FF FF FF FF 00 99 84 DF 92 AA [NAV-0x02]
< 41.538s B5 62 01 12 24 00 08 20 00 00 00 00 00 00 00 00 00 00 00 00 00 00 00 00 00 00 00 00 00 00 00 00 00 00 3C 86 01 00 80 A8 12 01 5D 6B [NAV-0x12]
< 41.538s B5 62 01 35 2C 00 08 20 00 00 01 03 00 00 00 05 07 A5 00 00 00 00 13 18 00 00 00 16 0B A5 00 00 00 00 13 18 00 00 00 1E 07 A5 00 00 00 00 13 18 00 00 50 AC [NAV-0x35]
< 41.538s B5 62 01 03 10 00 08 20 00 00 00 40 00 08 00 00 00 00 1C 20 00 00 C0 A5 [NAV-0x03]
< 41.538s B5 62 01 04 12 00 08 20 00 00 0F 27 0F 27 0F 27 0F 27 0F 27 0F 27 0F 27 B9 41 [NAV-0x04]
< 41.538s B5 62 01 21 14 00 08 20 00 00 FF FF FF FF FF C1 EB 0B E5 07 03 07 00 00 08 F0 FE EB [NAV-0x21]
< 41.538s B5 62 01 22 14 00 08 20 00 00 00 00 00 00 00 00 00 00 FF FF FF FF 7C 36 39 00 46 C8 [NAV-0x22]
< 41.724s B5 62 01 60 10 00 08 20 00 00 01 00 00 00 00 00 00 00 00 00 00 00 9A C0 [NAV-0x60]
< 41.739s B5 62 02 15 10 00 66 66 66 66 66 66 20 40 00 00 12 00 00 01 F0 20 0E 0C [RXM-0x15]
< 41.739s B5 62 01 07 5C 00 D0 20 00 00 E5 07 03 07 00 00 08 F0 FF FF FF FF 00 84 D7 17 00 00 24 00 00 00 00 00 00 00 00 00 00 00 00 00 98 BD FF FF FF FF FF FF 00 9A 84 DF 00 00 00 00 00 00 00 00 00 00 00 00 00 00 00 00 00 00 00 00 58 3E 0F 00 80 A8 12 01 0F 27 00 00 5C 40 56 2F 00 00 00 00 00 00 00 00 57 DA [NAV-0x07]
< 41.739s B5 62 01 01 14 00 D0 20 00 00 C4 43 04 26 00 00 00 00 00 00 00 00 00 E6 B6 26 F9 1E [NAV-0x01]
< 41.739s B5 62 01 02 1C 00 D0 20 00 00 00 00 00 00 00 00 00 00 00 00 00 00 98 BD FF FF FF FF FF FF 00 9A 84 DF 5B 8D [NAV-0x02]
< 41.739s B5 62 01 12 24 00 D0 20 00 00 00 00 00 00 00 00 00 00 00 00 00 00 00 00 00 00 00 00 00 00 00 00 00 00 3C 86 01 00 80 A8 12 01 25 8B [NAV-0x12]
< 41.739s B5 62 01 35 2C 00 D0 20 00 00 01 03 00 00 00 05 07 A5 00 00 00 00 13 18 00 00 00 16 0B A5 00 00 00 00 13 18 00 00 00 1E 07 A5 00 00 00 00 13 18 00 00 18 0C [NAV-0x35]
< 41.739s B5 62 01 03 10 00 D0 20 00 00 00 40 00 08 00 00 00 00 E4 20 00 00 50 45 [NAV-0x03]
< 41.739s B5 62 01 04 12 00 D0 20 00 00 0F 27 0F 27 0F 27 0F 27 0F 27 0F 27 0F 27 81 51 [NAV-0x04]
< 41.739s B5 62 01 21 14 00 D0 20 00 00 FF FF FF FF 00 84 D7 17 E5 07 03 07 00 00 08 F0 82 9C [NAV-0x21]
< 41.739s B5 62 01 22 14 00 D0 20 00 00 00 00 00 00 00 00 00 00 FF FF FF FF 7C 36 39 00 0E 68 [NAV-0x22]
< 41.924s B5 62 01 60 10 00 D0 20 00 00 01 00 00 00 00 00 00 00 00 00 00 00 62 40 [NAV-0x60]
< 41.939s B5 62 02 15 10 00 CD CC CC CC CC CC 20 40 00 00 12 00 00 01 B8 21 3C F3 [RXM-0x15]
< 41.939s B5 62 01 07 5C 00 98 21 00 00 E5 07 03 07 00 00 08 F0 FF FF FF FF FF 45 C3 23 00 00 24 00 00 00 00 00 00 00 00 00 00 00 00 00 98 BD FF FF FF FF FF FF 00 9D 84 DF 00 00 00 00 00 00 00 00 00 00 00 00 00 00 00 00 00 00 00 00 58 3E 0F 00 80 A8 12 01 0F 27 00 00 5C 40 56 2F 00 00 00 00 00 00 00 00 DB 85 [NAV-0x07]
< 41.939s B5 62 01 01 14 00 98 21 00 00 C4 43 04 26 00 00 00 00 00 00 00 00 80 E6 B6 26 42 D1 [NAV-0x01]
< 41.939s B5 62 01 02 1C 00 98 21 00 00 00 00 00 00 00 00 00 00 00 00 00 00 98 BD FF FF FF FF FF FF 00 9D 84 DF 27 91 [NAV-0x02]
< 41.939s B5 62 01 12 24 00 98 21 00 00 00 00 00 00 00 00 00 00 00 00 00 00 00 00 00 00 00 00 00 00 00 00 00 00 3C 86 01 00 80 A8 12 01 EE CE [NAV-0x12]
< 41.939s B5 62 01 35 2C 00 98 21 00 00 01 03 00 00 00 05 07 A5 00 00 00 00 13 18 00 00 00 16 0D A5 00 00 00 00 13 18 00 00 00 1E 07 A5 00 00 00 00 13 18 00 00 E3 C3 [NAV-0x35]
< 41.939s B5 62 01 03 10 00 98 21 00 00 00 40 00 08 00 00 00 00 AC 21 00 00 E2 F7 [NAV-0x03]
< 41.939s B5 62 01 04 12 00 98 21 00 00 0F 27 0F 27 0F 27 0F 27 0F 27 0F 27 0F 27 4A 72 [NAV-0x04]
< 41.939s B5 62 01 21 14 00 98 21 00 00 FF FF FF FF FF 45 C3 23 E5 07 03 07 00 00 08 F0 03 32 [NAV-0x21]
< 41.939s B5 62 01 22 14 00 98 21 00 00 00 00 00 00 00 00 00 00 FF FF FF FF 7C 36 39 00 D7 1B [NAV-0x22]
< 42.124s B5 62 01 60 10 00 98 21 00 00 01 00 00 00 00 00 00 00 00 00 00 00 2B CF [NAV-0x60]
< 42.140s B5 62 02 15 10 00 33 33 33 33 33 33 21 40 00 00 12 00 00 01 80 22 6F 15 [RXM-0x15]
< 42.141s B5 62 01 07 5C 00 60 22 00 00 E5 07 03 07 00 00 08 F0 FF FF FF FF 00 08 AF 2F 00 00 24 00 00 00 00 00 00 00 00 00 00 00 00 00 98 BD FF FF FF FF FF FF 00 9E 84 DF 00 00 00 00 00 00 00 00 00 00 00 00 00 00 00 00 00 00 00 00 58 3E 0F 00 80 A8 12 01 0F 27 00 00 5C 40 56 2F 00 00 00 00 00 00 00 00 61 00 [NAV-0x07]
< 42.141s B5 62 01 01 14 00 60 22 00 00 C4 43 04 26 00 00 00 00 00 00 00 00 C0 E6 B6 26 4B 84 [NAV-0x01]
< 42.141s B5 62 01 02 1C 00 60 22 00 00 00 00 00 00 00 00 00 00 00 00 00 00 98 BD FF FF FF FF FF FF 00 9E 84 DF F1 8F [NAV-0x02]
< 42.141s B5 62 01 12 24 00 60 22 00 00 00 00 00 00 00 00 00 00 00 00 00 00 00 00 00 00 00 00 00 00 00 00 00 00 3C 86 01 00 80 A8 12 01 B7 11 [NAV-0x12]
< 42.141s B5 62 01 35 2C 00 60 22 00 00 01 03 00 00 00 05 07 A5 00 00 00 00 13 18 00 00 00 16 0D A5 00 00 00 00 13 18 00 00 00 1E 07 A5 00 00 00 00 13 18 00 00 AC 4E [NAV-0x35]
< 42.141s B5 62 01 03 10 00 60 22 00 00 00 40 00 08 00 00 00 00 74 22 00 00 74 A9 [NAV-0x03]
< 42.141s B5 62 01 04 12 00 60 22 00 00 0F 27 0F 27 0F 27 0F 27 0F 27 0F 27 0F 27 13 93 [NAV-0x04]
< 42.141s B5 62 01 21 14 00 60 22 00 00 FF FF FF FF 00 08 AF 2F E5 07 03 07 00 00 08 F0 88 F6 [NAV-0x21]
< 42.141s B5 62 01 22 14 00 60 22 00 00 00 00 00 00 00 00 00 00 FF FF FF FF 7C 36 39 00 A0 CE [NAV-0x22]
< 42.307s B5 62 01 60 10 00 60 22 00 00 01 00 00 00 00 00 00 00 00 00 00 00 F4 5E [NAV-0x60]
< 42.323s B5 62 0A 38 1C 00 00 01 00 00 00 00 01 02 00 00 00 00 00 00 00 00 50 00 CE 0D 31 06 9A 06 9B 00 00 00 FF C4 [MON-0x38]
< 42.341s B5 62 02 15 10 00 9A 99 99 99 99 99 21 40 00 00 12 00 00 01 48 23 9D FC [RXM-0x15]
< 42.341s B5 62 01 07 5C 00 28 23 00 00 E5 07 03 07 00 00 09 F0 FF FF FF FF 00 00 00 00 00 00 24 00 00 00 00 00 00 00 00 00 00 00 00 00 98 BD FF FF FF FF FF FF 00 9F 84 DF 00 00 00 00 00 00 00 00 00 00 00 00 00 00 00 00 00 00 00 00 58 3E 0F 00 80 A8 12 01 0F 27 00 00 5C 40 56 2F 00 00 00 00 00 00 00 00 46 67 [NAV-0x07]
< 42.341s B5 62 01 01 14 00 28 23 00 00 C4 43 04 26 00 00 00 00 00 00 00 00 40 E7 B6 26 95 3A [NAV-0x01]
< 42.341s B5 62 01 02 1C 00 28 23 00 00 00 00 00 00 00 00 00 00 00 00 00 00 98 BD FF FF FF FF FF FF 00 9F 84 DF BB 8D [NAV-0x02]
< 42.341s B5 62 01 12 24 00 28 23 00 00 00 00 00 00 00 00 00 00 00 00 00 00 00 00 00 00 00 00 00 00 00 00 00 00 3C 86 01 00 80 A8 12 01 80 54 [NAV-0x12]
< 42.341s B5 62 01 35 2C 00 28 23 00 00 01 03 00 00 00 05 07 A5 00 00 00 00 13 18 00 00 00 16 0E A5 00 00 00 00 13 18 00 00 00 1E 08 A5 00 00 00 00 13 18 00 00 77 F9 [NAV-0x35]
< 42.341s B5 62 01 03 10 00 28 23 00 00 00 40 00 08 00 00 00 00 3C 23 00 00 06 5B [NAV-0x03]
< 42.341s B5 62 01 04 12 00 28 23 00 00 0F 27 0F 27 0F 27 0F 27 0F 27 0F 27 0F 27 DC B4 [NAV-0x04]
< 42.341s B5 62 01 21 14 00 28 23 00 00 FF FF FF FF 00 00 00 00 E5 07 03 07 00 00 09 F0 6C D6 [NAV-0x21]
< 42.341s B5 62 01 22 14 00 28 23 00 00 00 00 00 00 00 00 00 00 FF FF FF FF 7C 36 39 00 69 81 [NAV-0x22]
< 42.390s B5 62 01 60 10 00 28 23 00 00 01 00 00 00 00 00 00 00 00 00 00 00 BD ED [NAV-0x60]
< 42.524s B5 62 27 04 6C 00 01 00 70 00 36 45 77 E6 C4 6F 1B 61 24 22 60 C6 4B 02 95 C8 AA 9A 7A 64 93 CE 66 34 AD 7B 52 10 9E 1D F0 05 00 00 00 00 00 00 00 00 00 00 00 00 00 00 00 00 00 00 00 00 00 00 00 00 B9 18 0F B1 C2 B3 63 C1 68 0E 0D A7 3B 4F 3C D5 04 34 7D 39 A3 EB 63 CD F2 1E BF 5E 61 B0 60 BA A6 45 5F 00 E0 C3 6D D0 44 C9 86 7C 8B 45 DB 93 66 3A [SEC-0x04]
< 42.540s B5 62 02 15 10 00 00 00 00 00 00 00 22 40 00 00 12 00 00 01 10 24 D0 1E [RXM-0x15]
< 42.540s B5 62 01 07 5C 00 F0 23 00 00 E5 07 03 07 00 00 09 F0 FF FF FF FF 00 C2 EB 0B 00 00 24 00 00 00 00 00 00 00 00 00 00 00 00 00 98 BD FF FF FF FF FF FF 00 A1 84 DF 00 00 00 00 00 00 00 00 00 00 00 00 00 00 00 00 00 00 00 00 58 3E 0F 00 80 A8 12 01 0F 27 00 00 5C 40 56 2F 00 00 00 00 00 00 00 00 C8 8C [NAV-0x07]
< 42.540s B5 62 01 01 14 00 F0 23 00 00 C4 43 04 26 00 00 00 00 00 00 00 00 80 E7 B6 26 9D DA [NAV-0x01]
< 42.540s B5 62 01 02 1C 00 F0 23 00 00 00 00 00 00 00 00 00 00 00 00 00 00 98 BD FF FF FF FF FF FF 00 A1 84 DF 85 73 [NAV-0x02]
< 42.540s B5 62 01 12 24 00 F0 23 00 00 00 00 00 00 00 00 00 00 00 00 00 00 00 00 00 00 00 00 00 00 00 00 00 00 3C 86 01 00 80 A8 12 01 48 74 [NAV-0x12]
< 42.540s B5 62 01 35 2C 00 F0 23 00 00 01 03 00 00 00 05 07 A5 00 00 00 00 13 18 00 00 00 16 0E A5 00 00 00 00 13 18 00 00 00 1E 08 A5 00 00 00 00 13 18 00 00 3F 59 [NAV-0x35]
< 42.540s B5 62 01 03 10 00 F0 23 00 00 00 40 00 08 00 00 00 00 04 24 00 00 97 FE [NAV-0x03]
< 42.540s B5 62 01 04 12 00 F0 23 00 00 0F 27 0F 27 0F 27 0F 27 0F 27 0F 27 0F 27 A4 C4 [NAV-0x04]
< 42.540s B5 62 01 21 14 00 F0 23 00 00 FF FF FF FF 00 C2 EB 0B E5 07 03 07 00 00 09 F0 EC 5D [NAV-0x21]
< 42.540s B5 62 01 22 14 00 F0 23 00 00 00 00 00 00 00 00 00 00 FF FF FF FF 7C 36 39 00 31 21 [NAV-0x22]
< 42.723s B5 62 01 60 10 00 F0 23 00 00 01 00 00 00 00 00 00 00 00 00 00 00 85 6D [NAV-0x60]
< 42.742s B5 62 02 15 10 00 67 66 66 66 66 66 22 40 00 00 12 00 00 01 D8 24 FD 04 [RXM-0x15]
< 42.742s B5 62 01 07 5C 00 B8 24 00 00 E5 07 03 07 00 00 09 F0 FF FF FF FF 00 84 D7 17 00 00 24 00 00 00 00 00 00 00 00 00 00 00 00 00 98 BD FF FF FF FF FF FF 00 A3 84 DF 00 00 00 00 00 00 00 00 00 00 00 00 00 00 00 00 00 00 00 00 58 3E 0F 00 80 A8 12 01 0F 27 00 00 5C 40 56 2F 00 00 00 00 00 00 00 00 4D 9F [NAV-0x07]
< 42.742s B5 62 01 01 14 00 B8 24 00 00 C4 43 04 26 00 00 00 00 00 00 00 00 C0 E7 B6 26 A6 8D [NAV-0x01]
< 42.742s B5 62 01 02 1C 00 B8 24 00 00 00 00 00 00 00 00 00 00 00 00 00 00 98 BD FF FF FF FF FF FF 00 A3 84 DF 50 74 [NAV-0x02]
< 42.742s B5 62 01 12 24 00 B8 24 00 00 00 00 00 00 00 00 00 00 00 00 00 00 00 00 00 00 00 00 00 00 00 00 00 00 3C 86 01 00 80 A8 12 01 11 B7 [NAV-0x12]
< 42.742s B5 62 01 35 2C 00 B8 24 00 00 01 03 00 00 00 05 07 A5 00 00 00 00 13 18 00 00 00 16 0F A5 00 00 00 00 13 18 00 00 00 1E 07 A5 00 00 00 00 13 18 00 00 08 F0 [NAV-0x35]
< 42.742s B5 62 01 03 10 00 B8 24 00 00 00 40 00 08 00 00 00 00 CC 24 00 00 28 AD [NAV-0x03]
< 42.742s B5 62 01 04 12 00 B8 24 00 00 0F 27 0F 27 0F 27 0F 27 0F 27 0F 27 0F 27 6D E5 [NAV-0x04]
< 42.742s B5 62 01 21 14 00 B8 24 00 00 FF FF FF FF 00 84 D7 17 E5 07 03 07 00 00 09 F0 6F 0A [NAV-0x21]
< 42.742s B5 62 01 22 14 00 B8 24 00 00 00 00 00 00 00 00 00 00 FF FF FF FF 7C 36 39 00 FA D4 [NAV-0x22]
< 42.922s B5 62 01 60 10 00 B8 24 00 00 01 00 00 00 00 00 00 00 00 00 00 00 4E FC [NAV-0x60]
< 42.938s B5 62 02 15 10 00 CD CC CC CC CC CC 22 40 00 00 12 00 00 01 A0 25 2A DB [RXM-0x15]
< 42.938s B5 62 01 07 5C 00 80 25 00 00 E5 07 03 07 00 00 09 F0 FF FF FF FF FF 45 C3 23 00 00 24 00 00 00 00 00 00 00 00 00 00 00 00 00 98 BD FF FF FF FF FF FF 00 A5 84 DF 00 00 00 00 00 00 00 00 00 00 00 00 00 00 00 00 00 00 00 00 58 3E 0F 00 80 A8 12 01 0F 27 00 00 5C 40 56 2F 00 00 00 00 00 00 00 00 D0 1B [NAV-0x07]
< 42.938s B5 62 01 01 14 00 80 25 00 00 C4 43 04 26 00 00 00 00 00 00 00 00 40 E8 B6 26 F0 43 [NAV-0x01]
< 42.938s B5 62 01 02 1C 00 80 25 00 00 00 00 00 00 00 00 00 00 00 00 00 00 98 BD FF FF FF FF FF FF 00 A5 84 DF 1B 75 [NAV-0x02]
< 42.938s B5 62 01 12 24 00 80 25 00 00 00 00 00 00 00 00 00 00 00 00 00 00 00 00 00 00 00 00 00 00 00 00 00 00 3C 86 01 00 80 A8 12 01 DA FA [NAV-0x12]
< 42.938s B5 62 01 35 2C 00 80 25 00 00 01 03 00 00 00 05 07 A5 00 00 00 00 13 18 00 00 00 16 10 A5 00 00 00 00 13 18 00 00 00 1E 07 A5 00 00 00 00 13 18 00 00 D2 91 [NAV-0x35]
< 42.938s B5 62 01 03 10 00 80 25 00 00 00 40 00 08 00 00 00 00 94 25 00 00 BA 5F [NAV-0x03]
< 42.938s B5 62 01 04 12 00 80 25 00 00 0F 27 0F 27 0F 27 0F 27 0F 27 0F 27 0F 27 36 06 [NAV-0x04]
< 42.938s B5 62 01 21 14 00 80 25 00 00 FF FF FF FF FF 45 C3 23 E5 07 03 07 00 00 09 F0 F0 A0 [NAV-0x21]
< 42.938s B5 62 01 22 14 00 80 25 00 00 00 00 00 00 00 00 00 00 FF FF FF FF 7C 36 39 00 C3 87 [NAV-0x22]
< 43.123s B5 62 01 60 10 00 80 25 00 00 01 00 00 00 00 00 00 00 00 00 00 00 17 8B [NAV-0x60]
< 43.140s B5 62 02 15 10 00 33 33 33 33 33 33 23 40 00 00 12 00 00 01 68 26 5D FD [RXM-0x15]
< 43.140s B5 62 01 07 5C 00 48 26 00 00 E5 07 03 07 00 00 09 F0 FF FF FF FF 00 08 AF 2F 00 00 24 00 00 00 00 00 00 00 00 00 00 00 00 00 98 BD FF FF FF FF FF FF 00 A7 84 DF 00 00 00 00 00 00 00 00 00 00 00 00 00 00 00 00 00 00 00 00 58 3E 0F 00 80 A8 12 01 0F 27 00 00 5C 40 56 2F 00 00 00 00 00 00 00 00 57 C5 [NAV-0x07]
< 43.140s B5 62 01 01 14 00 48 26 00 00 C4 43 04 26 00 00 00 00 00 00 00 00 80 E8 B6 26 F9 F6 [NAV-0x01]
< 43.140s B5 62 01 02 1C 00 48 26 00 00 00 00 00 00 00 00 00 00 00 00 00 00 98 BD FF FF FF FF FF FF 00 A7 84 DF E6 76 [NAV-0x02]
< 43.140s B5 62 01 12 24 00 48 26 00 00 00 00 00 00 00 00 00 00 00 00 00 00 00 00 00 00 00 00 00 00 00 00 00 00 3C 86 01 00 80 A8 12 01 A3 3D [NAV-0x12]
< 43.140s B5 62 01 35 2C 00 48 26 00 00 01 03 00 00 00 05 07 A5 00 00 00 00 13 18 00 00 00 16 10 A5 00 00 00 00 13 18 00 00 00 1E 07 A5 00 00 00 00 13 18 00 00 9B 1C [NAV-0x35]
< 43.140s B5 62 01 03 10 00 48 26 00 00 00 40 00 08 00 00 00 00 5C 26 00 00 4C 11 [NAV-0x03]
< 43.140s B5 62 01 04 12 00 48 26 00 00 0F 27 0F 27 0F 27 0F 27 0F 27 0F 27 0F 27 FF 27 [NAV-0x04]
< 43.140s B5 62 01 21 14 00 48 26 00 00 FF FF FF FF 00 08 AF 2F E5 07 03 07 00 00 09 F0 75 64 [NAV-0x21]
< 43.140s B5 62 01 22 14 00 48 26 00 00 00 00 00 00 00 00 00 00 FF FF FF FF 7C 36 39 00 8C 3A [NAV-0x22]
< 43.307s B5 62 01 60 10 00 48 26 00 00 01 00 00 00 00 00 00 00 00 00 00 00 E0 1A [NAV-0x60]
< 43.323s B5 62 0A 38 1C 00 00 01 00 00 00 00 01 02 00 00 00 00 00 00 00 00 50 00 CE 0D 2F 06 9A 06 9A 00 00 00 FC B0 [MON-0x38]
< 43.338s B5 62 02 15 10 00 9A 99 99 99 99 99 23 40 00 00 12 00 00 01 30 27 8B E4 [RXM-0x15]
< 43.338s B5 62 01 07 5C 00 10 27 00 00 E5 07 03 07 00 00 0A F0 FF FF FF FF 00 00 00 00 00 00 24 00 00 00 00 00 00 00 00 00 00 00 00 00 98 BD FF FF FF FF FF FF 00 A9 84 DF 00 00 00 00 00 00 00 00 00 00 00 00 00 00 00 00 00 00 00 00 58 3E 0F 00 80 A8 12 01 0F 27 00 00 5C 40 56 2F 00 00 00 00 00 00 00 00 3D 5B [NAV-0x07]
< 43.338s B5 62 01 01 14 00 10 27 00 00 C4 43 04 26 00 00 00 00 00 00 00 00 C0 E8 B6 26 02 A9 [NAV-0x01]
< 43.338s B5 62 01 02 1C 00 10 27 00 00 00 00 00 00 00 00 00 00 00 00 00 00 98 BD FF FF FF FF FF FF 00 A9 84 DF B1 77 [NAV-0x02]
< 43.338s B5 62 01 12 24 00 10 27 00 00 00 00 00 00 00 00 00 00 00 00 00 00 00 00 00 00 00 00 00 00 00 00 00 00 3C 86 01 00 80 A8 12 01 6C 80 [NAV-0x12]
< 43.338s B5 62 01 35 20 00 10 27 00 00 01 02 00 00 00 05 08 A5 00 00 00 00 13 18 00 00 00 1E 07 A5 00 00 00 00 13 18 00 00 62 E3 [NAV-0x35]
< 43.338s B5 62 01 03 10 00 10 27 00 00 00 40 00 08 00 00 00 00 24 27 00 00 DE C3 [NAV-0x03]
< 43.338s B5 62 01 04 12 00 10 27 00 00 0F 27 0F 27 0F 27 0F 27 0F 27 0F 27 0F 27 C8 48 [NAV-0x04]
< 43.338s B5 62 01 21 14 00 10 27 00 00 FF FF FF FF 00 00 00 00 E5 07 03 07 00 00 0A F0 59 44 [NAV-0x21]
< 43.338s B5 62 01 22 14 00 10 27 00 00 00 00 00 00 00 00 00 00 FF FF FF FF 7C 36 39 00 55 ED [NAV-0x22]
< 43.521s B5 62 01 60 10 00 10 27 00 00 01 00 00 00 00 00 00 00 00 00 00 00 A9 A9 [NAV-0x60]
< 43.540s B5 62 02 15 10 00 00 00 00 00 00 00 24 40 00 00 12 00 00 01 F8 27 BD 05 [RXM-0x15]
< 43.540s B5 62 01 07 5C 00 D8 27 00 00 E5 07 03 07 00 00 0A F0 FF FF FF FF 00 C2 EB 0B 00 00 24 00 00 00 00 00 00 00 00 00 00 00 00 00 98 BD FF FF FF FF FF FF 00 AB 84 DF 00 00 00 00 00 00 00 00 00 00 00 00 00 00 00 00 00 00 00 00 58 3E 0F 00 80 A8 12 01 0F 27 00 00 5C 40 56 2F 00 00 00 00 00 00 00 00 BF 80 [NAV-0x07]
< 43.540s B5 62 01 01 14 00 D8 27 00 00 C4 43 04 26 00 00 00 00 00 00 00 00 40 E9 B6 26 4B 4C [NAV-0x01]
< 43.540s B5 62 01 02 1C 00 D8 27 00 00 00 00 00 00 00 00 00 00 00 00 00 00 98 BD FF FF FF FF FF FF 00 AB 84 DF 7B 5D [NAV-0x02]
< 43.540s B5 62 01 12 24 00 D8 27 00 00 00 00 00 00 00 00 00 00 00 00 00 00 00 00 00 00 00 00 00 00 00 00 00 00 3C 86 01 00 80 A8 12 01 34 A0 [NAV-0x12]
< 43.540s B5 62 01 35 20 00 D8 27 00 00 01 02 00 00 00 05 08 A5 00 00 00 00 13 18 00 00 00 1E 07 A5 00 00 00 00 13 18 00 00 2A E3 [NAV-0x35]
< 43.540s B5 62 01 03 10 00 D8 27 00 00 00 40 00 08 00 00 00 00 EC 27 00 00 6E 63 [NAV-0x03]
< 43.540s B5 62 01 04 12 00 D8 27 00 00 0F 27 0F 27 0F 27 0F 27 0F 27 0F 27 0F 27 90 58 [NAV-0x04]
< 43.540s B5 62 01 21 14 00 D8 27 00 00 FF FF FF FF 00 C2 EB 0B E5 07 03 07 00 00 0A F0 D9 CB [NAV-0x21]
< 43.540s B5 62 01 22 14 00 D8 27 00 00 00 00 00 00 00 00 00 00 FF FF FF FF 7C 36 39 00 1D 8D [NAV-0x22]
< 43.727s B5 62 01 60 10 00 D8 27 00 00 01 00 00 00 00 00 00 00 00 00 00 00 71 29 [NAV-0x60]
< 43.745s B5 62 02 15 10 00 67 66 66 66 66 66 24 40 00 00 12 00 00 01 C0 28 EB EC [RXM-0x15]
< 43.745s B5 62 01 07 5C 00 A0 28 00 00 E5 07 03 07 00 00 0A F0 FF FF FF FF 00 84 D7 17 00 00 24 00 00 00 00 00 00 00 00 00 00 00 00 00 98 BD FF FF FF FF FF FF 00 AE 84 DF 00 00 00 00 00 00 00 00 00 00 00 00 00 00 00 00 00 00 00 00 58 3E 0F 00 80 A8 12 01 0F 27 00 00 5C 40 56 2F 00 00 00 00 00 00 00 00 45 C2 [NAV-0x07]
< 43.745s B5 62 01 01 14 00 A0 28 00 00 C4 43 04 26 00 00 00 00 00 00 00 00 80 E9 B6 26 54 FF [NAV-0x01]
< 43.745s B5 62 01 02 1C 00 A0 28 00 00 00 00 00 00 00 00 00 00 00 00 00 00 98 BD FF FF FF FF FF FF 00 AE 84 DF 47 61 [NAV-0x02]
< 43.745s B5 62 01 12 24 00 A0 28 00 00 00 00 00 00 00 00 00 00 00 00 00 00 00 00 00 00 00 00 00 00 00 00 00 00 3C 86 01 00 80 A8 12 01 FD E3 [NAV-0x12]
< 43.745s B5 62 01 35 20 00 A0 28 00 00 01 02 00 00 00 05 08 A5 00 00 00 00 13 18 00 00 00 1E 07 A5 00 00 00 00 13 18 00 00 F3 02 [NAV-0x35]
< 43.745s B5 62 01 03 10 00 A0 28 00 00 00 40 00 08 00 00 00 00 B4 28 00 00 00 15 [NAV-0x03]
< 43.745s B5 62 01 04 12 00 A0 28 00 00 0F 27 0F 27 0F 27 0F 27 0F 27 0F 27 0F 27 59 79 [NAV-0x04]
< 43.745s B5 62 01 21 14 00 A0 28 00 00 FF FF FF FF 00 84 D7 17 E5 07 03 07 00 00 0A F0 5C 78 [NAV-0x21]
< 43.745s B5 62 01 22 14 00 A0 28 00 00 00 00 00 00 00 00 00 00 FF FF FF FF 7C 36 39 00 E6 40 [NAV-0x22]
< 43.922s B5 62 01 60 10 00 A0 28 00 00 01 00 00 00 00 00 00 00 00 00 00 00 3A B8 [NAV-0x60]
< 43.939s B5 62 02 15 10 00 CD CC CC CC CC CC 24 40 00 00 12 00 00 01 88 29 18 C3 [RXM-0x15]
< 43.939s B5 62 01 07 5C 00 68 29 00 00 E5 07 03 07 00 00 0A F0 FF FF FF FF FF 45 C3 23 00 00 24 00 00 00 00 00 00 00 00 00 00 00 00 00 98 BD FF FF FF FF FF FF 00 B0 84 DF 00 00 00 00 00 00 00 00 00 00 00 00 00 00 00 00 00 00 00 00 58 3E 0F 00 80 A8 12 01 0F 27 00 00 5C 40 56 2F 00 00 00 00 00 00 00 00 C8 3E [NAV-0x07]
< 43.939s B5 62 01 01 14 00 68 29 00 00 C4 43 04 26 00 00 00 00 00 00 00 00 00 EA B6 26 9E B5 [NAV-0x01]
< 43.939s B5 62 01 02 1C 00 68 29 00 00 00 00 00 00 00 00 00 00 00 00 00 00 98 BD FF FF FF FF FF FF 00 B0 84 DF 12 62 [NAV-0x02]
< 43.939s B5 62 01 12 24 00 68 29 00 00 00 00 00 00 00 00 00 00 00 00 00 00 00 00 00 00 00 00 00 00 00 00 00 00 3C 86 01 00 80 A8 12 01 C6 26 [NAV-0x12]
< 43.939s B5 62 01 35 20 00 68 29 00 00 01 02 00 00 00 05 08 A5 00 00 00 00 13 18 00 00 00 1E 07 A5 00 00 00 00 13 18 00 00 BC 21 [NAV-0x35]
< 43.939s B5 62 01 03 10 00 68 29 00 00 00 40 00 08 00 00 00 00 7C 29 00 00 92 C7 [NAV-0x03]
< 43.939s B5 62 01 04 12 00 68 29 00 00 0F 27 0F 27 0F 27 0F 27 0F 27 0F 27 0F 27 22 9A [NAV-0x04]
< 43.939s B5 62 01 21 14 00 68 29 00 00 FF FF FF FF FF 45 C3 23 E5 07 03 07 00 00 0A F0 DD 0E [NAV-0x21]
< 43.939s B5 62 01 22 14 00 68 29 00 00 00 00 00 00 00 00 00 00 FF FF FF FF 7C 36 39 00 AF F3 [NAV-0x22]
< 44.122s B5 62 01 60 10 00 68 29 00 00 01 00 00 00 00 00 00 00 00 00 00 00 03 47 [NAV-0x60]
< 44.138s B5 62 02 15 10 00 33 33 33 33 33 33 25 40 00 00 12 00 00 01 50 2A 4B E5 [RXM-0x15]
< 44.138s B5 62 01 07 5C 00 30 2A 00 00 E5 07 03 07 00 00 0A F0 FF FF FF FF 00 08 AF 2F 00 00 24 00 00 00 00 00 00 00 00 00 00 00 00 00 98 BD FF FF FF FF FF FF 00 B2 84 DF 00 00 00 00 00 00 00 00 00 00 00 00 00 00 00 00 00 00 00 00 58 3E 0F 00 80 A8 12 01 0F 27 00 00 5C 40 56 2F 00 00 00 00 00 00 00 00 4F E8 [NAV-0x07]
< 44.138s B5 62 01 01 14 00 30 2A 00 00 C4 43 04 26 00 00 00 00 00 00 00 00 40 EA B6 26 A7 68 [NAV-0x01]
< 44.138s B5 62 01 02 1C 00 30 2A 00 00 00 00 00 00 00 00 00 00 00 00 00 00 98 BD FF FF FF FF FF FF 00 B2 84 DF DD 63 [NAV-0x02]
< 44.138s B5 62 01 12 24 00 30 2A 00 00 00 00 00 00 00 00 00 00 00 00 00 00 00 00 00 00 00 00 00 00 00 00 00 00 3C 86 01 00 80 A8 12 01 8F 69 [NAV-0x12]
< 44.138s B5 62 01 35 20 00 30 2A 00 00 01 02 00 00 00 05 08 A5 00 00 00 00 13 18 00 00 00 1E 07 A5 00 00 00 00 13 18 00 00 85 40 [NAV-0x35]
< 44.138s B5 62 01 03 10 00 30 2A 00 00 00 40 00 08 00 00 00 00 44 2A 00 00 24 79 [NAV-0x03]
< 44.138s B5 62 01 04 12 00 30 2A 00 00 0F 27 0F 27 0F 27 0F 27 0F 27 0F 27 0F 27 EB BB [NAV-0x04]
< 44.138s B5 62 01 21 14 00 30 2A 00 00 FF FF FF FF 00 08 AF 2F E5 07 03 07 00 00 0A F0 62 D2 [NAV-0x21]
< 44.138s B5 62 01 22 14 00 30 2A 00 00 00 00 00 00 00 00 00 00 FF FF FF FF 7C 36 39 00 78 A6 [NAV-0x22]
< 44.305s B5 62 01 60 10 00 30 2A 00 00 01 00 00 00 00 00 00 00 00 00 00 00 CC D6 [NAV-0x60]
< 44.322s B5 62 0A 38 1C 00 00 01 00 00 00 00 01 02 00 00 00 00 00 00 00 00 50 00 CE 0D 30 06 9A 05 9D 00 00 00 FF BF [MON-0x38]
< 44.339s B5 62 02 15 10 00 9A 99 99 99 99 99 25 40 00 00 12 00 00 01 18 2B 79 CC [RXM-0x15]
< 44.339s B5 62 01 07 5C 00 F8 2A 00 00 E5 07 03 07 00 00 0B F0 FF FF FF FF 00 00 00 00 00 00 24 00 00 00 00 00 00 00 00 00 00 00 00 00 98 BD FF FF FF FF FF FF 00 B4 84 DF 00 00 00 00 00 00 00 00 00 00 00 00 00 00 00 00 00 00 00 00 58 3E 0F 00 80 A8 12 01 0F 27 00 00 5C 40 56 2F 00 00 00 00 00 00 00 00 34 23 [NAV-0x07]
< 44.339s B5 62 01 01 14 00 F8 2A 00 00 C4 43 04 26 00 00 00 00 00 00 00 00 C0 EA B6 26 EF 08 [NAV-0x01]
< 44.339s B5 62 01 02 1C 00 F8 2A 00 00 00 00 00 00 00 00 00 00 00 00 00 00 98 BD FF FF FF FF FF FF 00 B4 84 DF A7 49 [NAV-0x02]
< 44.339s B5 62 01 12 24 00 F8 2A 00 00 00 00 00 00 00 00 00 00 00 00 00 00 00 00 00 00 00 00 00 00 00 00 00 00 3C 86 01 00 80 A8 12 01 57 89 [NAV-0x12]
< 44.339s B5 62 01 35 20 00 F8 2A 00 00 01 02 00 00 00 05 08 A5 00 00 00 00 13 18 00 00 00 1E 07 A5 00 00 00 00 13 18 00 00 4D 40 [NAV-0x35]
< 44.339s B5 62 01 03 10 00 F8 2A 00 00 00 40 00 08 00 00 00 00 0C 2B 00 00 B5 1C [NAV-0x03]
< 44.339s B5 62 01 04 12 00 F8 2A 00 00 0F 27 0F 27 0F 27 0F 27 0F 27 0F 27 0F 27 B3 CB [NAV-0x04]
< 44.339s B5 62 01 21 14 00 F8 2A 00 00 FF FF FF FF 00 00 00 00 E5 07 03 07 00 00 0B F0 45 9F [NAV-0x21]
< 44.339s B5 62 01 22 14 00 F8 2A 00 00 00 00 00 00 00 00 00 00 FF FF FF FF 7C 36 39 00 40 46 [NAV-0x22]
< 44.390s B5 62 01 60 10 00 F8 2A 00 00 01 00 00 00 00 00 00 00 00 00 00 00 94 56 [NAV-0x60]
< 44.521s B5 62 27 04 6C 00 01 00 70 00 85 B9 3D D1 77 9C DF 8B D8 C5 D8 7D 56 8E 54 68 20 10 C0 36 AB BF 4F C4 51 E5 8D 5E 74 2B 8E 4A 00 00 00 00 00 00 00 00 00 00 00 00 00 00 00 00 00 00 00 00 00 00 00 00 69 39 B1 F9 5E CE D4 0B A6 DB 9D D4 EE C5 DA C5 E4 22 C9 56 C9 90 7D 3B 56 9B 57 09 59 C9 E4 AB 7A 31 CD 74 64 BE 8F D9 42 C4 42 E0 8C C2 B8 A1 B6 28 [SEC-0x04]
< 44.538s B5 62 02 15 10 00 00 00 00 00 00 00 26 40 00 00 12 00 00 01 E0 2B AB ED [RXM-0x15]
< 44.538s B5 62 01 07 5C 00 C0 2B 00 00 E5 07 03 07 00 00 0B F0 FF FF FF FF 00 C2 EB 0B 00 00 24 00 00 00 00 00 00 00 00 00 00 00 00 00 98 BD FF FF FF FF FF FF 00 B7 84 DF 00 00 00 00 00 00 00 00 00 00 00 00 00 00 00 00 00 00 00 00 58 3E 0F 00 80 A8 12 01 0F 27 00 00 5C 40 56 2F 00 00 00 00 00 00 00 00 B8 D2 [NAV-0x07]
< 44.538s B5 62 01 01 14 00 C0 2B 00 00 C4 43 04 26 00 00 00 00 00 00 00 00 00 EB B6 26 F9 BE [NAV-0x01]
< 44.538s B5 62 01 02 1C 00 C0 2B 00 00 00 00 00 00 00 00 00 00 00 00 00 00 98 BD FF FF FF FF FF FF 00 B7 84 DF 73 4D [NAV-0x02]
< 44.538s B5 62 01 12 24 00 C0 2B 00 00 00 00 00 00 00 00 00 00 00 00 00 00 00 00 00 00 00 00 00 00 00 00 00 00 3C 86 01 00 80 A8 12 01 20 CC [NAV-0x12]
< 44.538s B5 62 01 35 20 00 C0 2B 00 00 01 02 00 00 00 05 07 A5 00 00 00 00 13 18 00 00 00 1E 07 A5 00 00 00 00 13 18 00 00 15 49 [NAV-0x35]
< 44.538s B5 62 01 03 10 00 C0 2B 00 00 00 40 00 08 00 00 00 00 D4 2B 00 00 46 CB [NAV-0x03]
< 44.538s B5 62 01 04 12 00 C0 2B 00 00 0F 27 0F 27 0F 27 0F 27 0F 27 0F 27 0F 27 7C EC [NAV-0x04]
< 44.538s B5 62 01 21 14 00 C0 2B 00 00 FF FF FF FF 00 C2 EB 0B E5 07 03 07 00 00 0B F0 C6 39 [NAV-0x21]
< 44.538s B5 62 01 22 14 00 C0 2B 00 00 00 00 00 00 00 00 00 00 FF FF FF FF 7C 36 39 00 09 F9 [NAV-0x22]
< 44.721s B5 62 01 60 10 00 C0 2B 00 00 01 00 00 00 00 00 00 00 00 00 00 00 5D E5 [NAV-0x60]
< 44.739s B5 62 02 15 10 00 67 66 66 66 66 66 26 40 00 00 12 00 00 01 A8 2C D9 D4 [RXM-0x15]
< 44.739s B5 62 01 07 5C 00 88 2C 00 00 E5 07 03 07 00 00 0B F0 FF FF FF FF 00 84 D7 17 00 00 24 00 00 00 00 00 00 00 00 00 00 00 00 00 98 BD FF FF FF FF FF FF 00 B9 84 DF 00 00 00 00 00 00 00 00 00 00 00 00 00 00 00 00 00 00 00 00 58 3E 0F 00 80 A8 12 01 0F 27 00 00 5C 40 56 2F 00 00 00 00 00 00 00 00 3D E5 [NAV-0x07]
< 44.739s B5 62 01 01 14 00 88 2C 00 00 C4 43 04 26 00 00 00 00 00 00 00 00 80 EB B6 26 42 71 [NAV-0x01]
< 44.739s B5 62 01 02 1C 00 88 2C 00 00 00 00 00 00 00 00 00 00 00 00 00 00 98 BD FF FF FF FF FF FF 00 B9 84 DF 3E 4E [NAV-0x02]
< 44.739s B5 62 01 12 24 00 88 2C 00 00 00 00 00 00 00 00 00 00 00 00 00 00 00 00 00 00 00 00 00 00 00 00 00 00 3C 86 01 00 80 A8 12 01 E9 0F [NAV-0x12]
< 44.739s B5 62 01 35 14 00 88 2C 00 00 01 01 00 00 00 05 07 A5 00 00 00 00 13 18 00 00 DC 74 [NAV-0x35]
< 44.739s B5 62 01 03 10 00 88 2C 00 00 00 40 00 08 00 00 00 00 9C 2C 00 00 D8 7D [NAV-0x03]
< 44.739s B5 62 01 04 12 00 88 2C 00 00 0F 27 0F 27 0F 27 0F 27 0F 27 0F 27 0F 27 45 0D [NAV-0x04]
< 44.739s B5 62 01 21 14 00 88 2C 00 00 FF FF FF FF 00 84 D7 17 E5 07 03 07 00 00 0B F0 49 E6 [NAV-0x21]
< 44.739s B5 62 01 22 14 00 88 2C 00 00 00 00 00 00 00 00 00 00 FF FF FF FF 7C 36 39 00 D2 AC [NAV-0x22]
< 44.925s B5 62 01 60 10 00 88 2C 00 00 01 00 00 00 00 00 00 00 00 00 00 00 26 74 [NAV-0x60]
< 44.940s B5 62 02 15 10 00 CD CC CC CC CC CC 26 40 00 00 12 00 00 01 70 2D 06 AB [RXM-0x15]
< 44.940s B5 62 01 07 5C 00 50 2D 00 00 E5 07 03 07 00 00 0B F0 FF FF FF FF FF 45 C3 23 00 00 24 00 00 00 00 00 00 00 00 00 00 00 00 00 98 BD FF FF FF FF FF FF 00 BC 84 DF 00 00 00 00 00 00 00 00 00 00 00 00 00 00 00 00 00 00 00 00 58 3E 0F 00 80 A8 12 01 0F 27 00 00 5C 40 56 2F 00 00 00 00 00 00 00 00 C1 90 [NAV-0x07]
< 44.940s B5 62 01 01 14 00 50 2D 00 00 C4 43 04 26 00 00 00 00 00 00 00 00 00 EC B6 26 8C 27 [NAV-0x01]
< 44.940s B5 62 01 02 1C 00 50 2D 00 00 00 00 00 00 00 00 00 00 00 00 00 00 98 BD FF FF FF FF FF FF 00 BC 84 DF 0A 52 [NAV-0x02]
< 44.940s B5 62 01 12 24 00 50 2D 00 00 00 00 00 00 00 00 00 00 00 00 00 00 00 00 00 00 00 00 00 00 00 00 00 00 3C 86 01 00 80 A8 12 01 B2 52 [NAV-0x12]
< 44.940s B5 62 01 35 14 00 50 2D 00 00 01 01 00 00 00 05 07 A5 00 00 00 00 13 18 00 00 A5 27 [NAV-0x35]
< 44.940s B5 62 01 03 10 00 50 2D 00 00 00 40 00 08 00 00 00 00 64 2D 00 00 6A 2F [NAV-0x03]
< 44.940s B5 62 01 04 12 00 50 2D 00 00 0F 27 0F 27 0F 27 0F 27 0F 27 0F 27 0F 27 0E 2E [NAV-0x04]
< 44.940s B5 62 01 21 14 00 50 2D 00 00 FF FF FF FF FF 45 C3 23 E5 07 03 07 00 00 0B F0 CA 7C [NAV-0x21]
< 44.940s B5 62 01 22 14 00 50 2D 00 00 00 00 00 00 00 00 00 00 FF FF FF FF 7C 36 39 00 9B 5F [NAV-0x22]
< 45.122s B5 62 01 60 10 00 50 2D 00 00 01 00 00 00 00 00 00 00 00 00 00 00 EF 03 [NAV-0x60]
< 45.139s B5 62 02 15 10 00 33 33 33 33 33 33 27 40 00 00 12 00 00 01 38 2E 39 CD [RXM-0x15]
< 45.139s B5 62 01 07 5C 00 18 2E 00 00 E5 07 03 07 00 00 0B F0 FF FF FF FF 00 08 AF 2F 00 00 24 00 00 00 00 00 00 00 00 00 00 00 00 00 98 BD FF FF FF FF FF FF 00 BE 84 DF 00 00 00 00 00 00 00 00 00 00 00 00 00 00 00 00 00 00 00 00 58 3E 0F 00 80 A8 12 01 0F 27 00 00 5C 40 56 2F 00 00 00 00 00 00 00 00 48 3A [NAV-0x07]
< 45.139s B5 62 01 01 14 00 18 2E 00 00 C4 43 04 26 00 00 00 00 00 00 00 00 80 EC B6 26 D5 DA [NAV-0x01]
< 45.139s B5 62 01 02 1C 00 18 2E 00 00 00 00 00 00 00 00 00 00 00 00 00 00 98 BD FF FF FF FF FF FF 00 BE 84 DF D5 53 [NAV-0x02]
< 45.139s B5 62 01 12 24 00 18 2E 00 00 00 00 00 00 00 00 00 00 00 00 00 00 00 00 00 00 00 00 00 00 00 00 00 00 3C 86 01 00 80 A8 12 01 7B 95 [NAV-0x12]
< 45.139s B5 62 01 35 14 00 18 2E 00 00 01 01 00 00 00 05 07 A5 00 00 00 00 13 18 00 00 6E DA [NAV-0x35]
< 45.139s B5 62 01 03 10 00 18 2E 00 00 00 40 00 08 00 00 00 00 2C 2E 00 00 FC E1 [NAV-0x03]
< 45.139s B5 62 01 04 12 00 18 2E 00 00 0F 27 0F 27 0F 27 0F 27 0F 27 0F 27 0F 27 D7 4F [NAV-0x04]
< 45.139s B5 62 01 21 14 00 18 2E 00 00 FF FF FF FF 00 08 AF 2F E5 07 03 07 00 00 0B F0 4F 40 [NAV-0x21]
< 45.139s B5 62 01 22 14 00 18 2E 00 00 00 00 00 00 00 00 00 00 FF FF FF FF 7C 36 39 00 64 12 [NAV-0x22]
< 45.305s B5 62 01 60 10 00 18 2E 00 00 01 00 00 00 00 00 00 00 00 00 00 00 B8 92 [NAV-0x60]
< 45.322s B5 62 0A 38 1C 00 00 01 00 00 00 00 01 02 00 00 00 00 00 00 00 00 50 00 CE 0D 31 06 9B 06 9C 00 00 00 01 CE [MON-0x38]
< 45.340s B5 62 02 15 10 00 9A 99 99 99 99 99 27 40 00 00 12 00 00 01 00 2F 67 B4 [RXM-0x15]
< 45.340s B5 62 01 07 5C 00 E0 2E 00 00 E5 07 03 07 00 00 0C F0 FF FF FF FF 00 00 00 00 00 00 24 00 00 00 00 00 00 00 00 00 00 00 00 00 98 BD FF FF FF FF FF FF 00 C1 84 DF 00 00 00 00 00 00 00 00 00 00 00 00 00 00 00 00 00 00 00 00 58 3E 0F 00 80 A8 12 01 0F 27 00 00 5C 40 56 2F 00 00 00 00 00 00 00 00 2E A4 [NAV-0x07]
< 45.340s B5 62 01 01 14 00 E0 2E 00 00 C4 43 04 26 00 00 00 00 00 00 00 00 C0 EC B6 26 DD 7A [NAV-0x01]
< 45.340s B5 62 01 02 1C 00 E0 2E 00 00 00 00 00 00 00 00 00 00 00 00 00 00 98 BD FF FF FF FF FF FF 00 C1 84 DF A0 3C [NAV-0x02]
< 45.340s B5 62 01 12 24 00 E0 2E 00 00 00 00 00 00 00 00 00 00 00 00 00 00 00 00 00 00 00 00 00 00 00 00 00 00 3C 86 01 00 80 A8 12 01 43 B5 [NAV-0x12]
< 45.340s B5 62 01 35 14 00 E0 2E 00 00 01 01 00 00 00 05 07 A5 00 00 00 00 13 18 00 00 36 7A [NAV-0x35]
< 45.340s B5 62 01 03 10 00 E0 2E 00 00 00 40 00 08 00 00 00 00 F4 2E 00 00 8C 81 [NAV-0x03]
< 45.340s B5 62 01 04 12 00 E0 2E 00 00 0F 27 0F 27 0F 27 0F 27 0F 27 0F 27 0F 27 9F 5F [NAV-0x04]
< 45.340s B5 62 01 21 14 00 E0 2E 00 00 FF FF FF FF 00 00 00 00 E5 07 03 07 00 00 0C F0 32 0D [NAV-0x21]
< 45.340s B5 62 01 22 14 00 E0 2E 00 00 00 00 00 00 00 00 00 00 FF FF FF FF 7C 36 39 00 2C B2 [NAV-0x22]
< 45.522s B5 62 01 60 10 00 E0 2E 00 00 01 00 00 00 00 00 00 00 00 00 00 00 80 12 [NAV-0x60]
< 45.539s B5 62 02 15 10 00 00 00 00 00 00 00 28 40 00 00 12 00 00 01 C8 2F 99 D5 [RXM-0x15]
< 45.539s B5 62 01 07 5C 00 A8 2F 00 00 E5 07 03 07 00 00 0C F0 FF FF FF FF 00 C2 EB 0B 00 00 24 00 00 00 00 00 00 00 00 00 00 00 00 00 98 BD FF FF FF FF FF FF 00 C3 84 DF 00 00 00 00 00 00 00 00 00 00 00 00 00 00 00 00 00 00 00 00 58 3E 0F 00 80 A8 12 01 0F 27 00 00 5C 40 56 2F 00 00 00 00 00 00 00 00 B1 24 [NAV-0x07]
< 45.539s B5 62 01 01 14 00 A8 2F 00 00 C4 43 04 26 00 00 00 00 00 00 00 00 40 ED B6 26 27 30 [NAV-0x01]
< 45.539s B5 62 01 02 1C 00 A8 2F 00 00 00 00 00 00 00 00 00 00 00 00 00 00 98 BD FF FF FF FF FF FF 00 C3 84 DF 6B 3D [NAV-0x02]
< 45.539s B5 62 01 12 24 00 A8 2F 00 00 00 00 00 00 00 00 00 00 00 00 00 00 00 00 00 00 00 00 00 00 00 00 00 00 3C 86 01 00 80 A8 12 01 0C F8 [NAV-0x12]
< 45.539s B5 62 01 35 14 00 A8 2F 00 00 01 01 00 00 00 05 07 A5 00 00 00 00 13 18 00 00 FF 2D [NAV-0x35]
< 45.539s B5 62 01 03 10 00 A8 2F 00 00 00 40 00 08 00 00 00 00 BC 2F 00 00 1E 33 [NAV-0x03]
< 45.539s B5 62 01 04 12 00 A8 2F 00 00 0F 27 0F 27 0F 27 0F 27 0F 27 0F 27 0F 27 68 80 [NAV-0x04]
< 45.539s B5 62 01 21 14 00 A8 2F 00 00 FF FF FF FF 00 C2 EB 0B E5 07 03 07 00 00 0C F0 B3 A7 [NAV-0x21]
< 45.539s B5 62 01 22 14 00 A8 2F 00 00 00 00 00 00 00 00 00 00 FF FF FF FF 7C 36 39 00 F5 65 [NAV-0x22]
< 45.727s B5 62 01 60 10 00 A8 2F 00 00 01 00 00 00 00 00 00 00 00 00 00 00 49 A1 [NAV-0x60]
< 45.744s B5 62 02 15 10 00 67 66 66 66 66 66 28 40 00 00 12 00 00 01 90 30 C7 BC [RXM-0x15]
< 45.744s B5 62 01 07 5C 00 70 30 00 00 E5 07 03 07 00 00 0C F0 FF FF FF FF 00 84 D7 17 00 00 24 00 00 00 00 00 00 00 00 00 00 00 00 00 98 BD FF FF FF FF FF FF 00 C6 84 DF 00 00 00 00 00 00 00 00 00 00 00 00 00 00 00 00 00 00 00 00 58 3E 0F 00 80 A8 12 01 0F 27 00 00 5C 40 56 2F 00 00 00 00 00 00 00 00 37 66 [NAV-0x07]
< 45.744s B5 62 01 01 14 00 70 30 00 00 C4 43 04 26 00 00 00 00 00 00 00 00 C0 ED B6 26 70 E3 [NAV-0x01]
< 45.744s B5 62 01 02 1C 00 70 30 00 00 00 00 00 00 00 00 00 00 00 00 00 00 98 BD FF FF FF FF FF FF 00 C6 84 DF 37 41 [NAV-0x02]
< 45.744s B5 62 01 12 24 00 70 30 00 00 00 00 00 00 00 00 00 00 00 00 00 00 00 00 00 00 00 00 00 00 00 00 00 00 3C 86 01 00 80 A8 12 01 D5 3B [NAV-0x12]
< 45.744s B5 62 01 35 14 00 70 30 00 00 01 01 00 00 00 05 07 A5 00 00 00 00 13 18 00 00 C8 E0 [NAV-0x35]
< 45.744s B5 62 01 03 10 00 70 30 00 00 00 40 00 08 00 00 00 00 84 30 00 00 B0 E5 [NAV-0x03]
< 45.744s B5 62 01 04 12 00 70 30 00 00 0F 27 0F 27 0F 27 0F 27 0F 27 0F 27 0F 27 31 A1 [NAV-0x04]
< 45.744s B5 62 01 21 14 00 70 30 00 00 FF FF FF FF 00 84 D7 17 E5 07 03 07 00 00 0C F0 36 54 [NAV-0x21]
< 45.744s B5 62 01 22 14 00 70 30 00 00 00 00 00 00 00 00 00 00 FF FF FF FF 7C 36 39 00 BE 18 [NAV-0x22]
< 45.923s B5 62 01 60 10 00 70 30 00 00 01 00 00 00 00 00 00 00 00 00 00 00 12 30 [NAV-0x60]
< 45.940s B5 62 02 15 10 00 CD CC CC CC CC CC 28 40 00 00 12 00 00 01 58 31 F4 93 [RXM-0x15]
< 45.940s B5 62 01 07 5C 00 38 31 00 00 E5 07 03 07 00 00 0C F0 FF FF FF FF FF 45 C3 23 00 00 24 00 00 00 00 00 00 00 00 00 00 00 00 00 98 BD FF FF FF FF FF FF 00 C8 84 DF 00 00 00 00 00 00 00 00 00 00 00 00 00 00 00 00 00 00 00 00 58 3E 0F 00 80 A8 12 01 0F 27 00 00 5C 40 56 2F 00 00 00 00 00 00 00 00 BA E2 [NAV-0x07]
< 45.940s B5 62 01 01 14 00 38 31 00 00 C4 43 04 26 00 00 00 00 00 00 00 00 00 EE B6 26 7A 99 [NAV-0x01]
< 45.940s B5 62 01 02 1C 00 38 31 00 00 00 00 00 00 00 00 00 00 00 00 00 00 98 BD FF FF FF FF FF FF 00 C8 84 DF 02 42 [NAV-0x02]
< 45.940s B5 62 01 12 24 00 38 31 00 00 00 00 00 00 00 00 00 00 00 00 00 00 00 00 00 00 00 00 00 00 00 00 00 00 3C 86 01 00 80 A8 12 01 9E 7E [NAV-0x12]
< 45.940s B5 62 01 35 14 00 38 31 00 00 01 01 00 00 00 05 07 A5 00 00 00 00 13 18 00 00 91 93 [NAV-0x35]
< 45.940s B5 62 01 03 10 00 38 31 00 00 00 40 00 08 00 00 00 00 4C 31 00 00 42 97 [NAV-0x03]
< 45.940s B5 62 01 04 12 00 38 31 00 00 0F 27 0F 27 0F 27 0F 27 0F 27 0F 27 0F 27 FA C2 [NAV-0x04]
< 45.940s B5 62 01 21 14 00 38 31 00 00 FF FF FF FF FF 45 C3 23 E5 07 03 07 00 00 0C F0 B7 EA [NAV-0x21]
< 45.940s B5 62 01 22 14 00 38 31 00 00 00 00 00 00 00 00 00 00 FF FF FF FF 7C 36 39 00 87 CB [NAV-0x22]
< 46.122s B5 62 01 60 10 00 38 31 00 00 01 00 00 00 00 00 00 00 00 00 00 00 DB BF [NAV-0x60]
< 46.139s B5 62 02 15 10 00 33 33 33 33 33 33 29 40 00 00 12 00 00 01 20 32 27 B5 [RXM-0x15]
< 46.139s B5 62 01 07 5C 00 00 32 00 00 E5 07 03 07 00 00 0C F0 FF FF FF FF 00 08 AF 2F 00 00 24 00 00 00 00 00 00 00 00 00 00 00 00 00 98 BD FF FF FF FF FF FF 00 CA 84 DF 00 00 00 00 00 00 00 00 00 00 00 00 00 00 00 00 00 00 00 00 58 3E 0F 00 80 A8 12 01 0F 27 00 00 5C 40 56 2F 00 00 00 00 00 00 00 00 41 8C [NAV-0x07]
< 46.139s B5 62 01 01 14 00 00 32 00 00 C4 43 04 26 00 00 00 00 00 00 00 00 C0 EE B6 26 03 4C [NAV-0x01]
< 46.139s B5 62 01 02 1C 00 00 32 00 00 00 00 00 00 00 00 00 00 00 00 00 00 98 BD FF FF FF FF FF FF 00 CA 84 DF CD 43 [NAV-0x02]
< 46.139s B5 62 01 12 24 00 00 32 00 00 00 00 00 00 00 00 00 00 00 00 00 00 00 00 00 00 00 00 00 00 00 00 00 00 3C 86 01 00 80 A8 12 01 67 C1 [NAV-0x12]
< 46.139s B5 62 01 35 14 00 00 32 00 00 01 01 00 00 00 05 07 A5 00 00 00 00 13 18 00 00 5A 46 [NAV-0x35]
< 46.139s B5 62 01 03 10 00 00 32 00 00 00 40 00 08 00 00 00 00 14 32 00 00 D4 49 [NAV-0x03]
< 46.139s B5 62 01 04 12 00 00 32 00 00 0F 27 0F 27 0F 27 0F 27 0F 27 0F 27 0F 27 C3 E3 [NAV-0x04]
< 46.139s B5 62 01 21 14 00 00 32 00 00 FF FF FF FF 00 08 AF 2F E5 07 03 07 00 00 0C F0 3C AE [NAV-0x21]
< 46.139s B5 62 01 22 14 00 00 32 00 00 00 00 00 00 00 00 00 00 FF FF FF FF 7C 36 39 00 50 7E [NAV-0x22]
< 46.306s B5 62 01 60 10 00 00 32 00 00 01 00 00 00 00 00 00 00 00 00 00 00 A4 4E [NAV-0x60]
< 46.323s B5 62 0A 38 1C 00 00 01 00 00 00 00 01 02 00 00 00 00 00 00 00 00 50 00 CE 0D 30 07 84 06 87 00 00 00 D5 EF [MON-0x38]
< 46.340s B5 62 02 15 10 00 9A 99 99 99 99 99 29 40 00 00 12 00 00 01 E8 32 54 9B [RXM-0x15]
< 46.340s B5 62 01 07 5C 00 C8 32 00 00 E5 07 03 07 00 00 0D F0 FF FF FF FF 00 00 00 00 00 00 24 00 00 00 00 00 00 00 00 00 00 00 00 00 98 BD FF FF FF FF FF FF 00 CD 84 DF 00 00 00 00 00 00 00 00 00 00 00 00 00 00 00 00 00 00 00 00 58 3E 0F 00 80 A8 12 01 0F 27 00 00 5C 40 56 2F 00 00 00 00 00 00 00 00 27 F6 [NAV-0x07]
< 46.340s B5 62 01 01 14 00 C8 32 00 00 C4 43 04 26 00 00 00 00 00 00 00 00 00 EF B6 26 0C EF [NAV-0x01]
< 46.340s B5 62 01 02 1C 00 C8 32 00 00 00 00 00 00 00 00 00 00 00 00 00 00 98 BD FF FF FF FF FF FF 00 CD 84 DF 98 2C [NAV-0x02]
< 46.340s B5 62 01 12 24 00 C8 32 00 00 00 00 00 00 00 00 00 00 00 00 00 00 00 00 00 00 00 00 00 00 00 00 00 00 3C 86 01 00 80 A8 12 01 2F E1 [NAV-0x12]
< 46.340s B5 62 01 35 14 00 C8 32 00 00 01 01 00 00 00 05 07 A5 00 00 00 00 13 18 00 00 22 E6 [NAV-0x35]
< 46.340s B5 62 01 03 10 00 C8 32 00 00 00 40 00 08 00 00 00 00 DC 32 00 00 64 E9 [NAV-0x03]
< 46.340s B5 62 01 04 12 00 C8 32 00 00 0F 27 0F 27 0F 27 0F 27 0F 27 0F 27 0F 27 8B F3 [NAV-0x04]
< 46.340s B5 62 01 21 14 00 C8 32 00 00 FF FF FF FF 00 00 00 00 E5 07 03 07 00 00 0D F0 1F 7B [NAV-0x21]
< 46.340s B5 62 01 22 14 00 C8 32 00 00 00 00 00 00 00 00 00 00 FF FF FF FF 7C 36 39 00 18 1E [NAV-0x22]
< 46.389s B5 62 01 60 10 00 C8 32 00 00 01 00 00 00 00 00 00 00 00 00 00 00 6C CE [NAV-0x60]
< 46.522s B5 62 27 04 6C 00 01 00 70 00 B2 6D B1 87 F3 B1 A3 DB 53 6B 53 A6 19 53 1B AC C5 28 36 EE 62 41 9E EA 05 BE 00 D0 E8 E9 6F E9 00 00 00 00 00 00 00 00 00 00 00 00 00 00 00 00 00 00 00 00 00 00 00 00 EA 52 81 CB 18 42 91 E4 80 A9 26 F7 42 4C 0B AF A7 89 CD B8 DB 93 8F 35 62 0A 5D 68 5D D2 05 92 3F 90 A5 7E DA 7D 67 99 0E 61 86 BB 56 ED EE 2C 7C C7 [SEC-0x04]
< 46.539s B5 62 02 15 10 00 00 00 00 00 00 00 2A 40 00 00 12 00 00 01 B0 33 87 BD [RXM-0x15]
< 46.539s B5 62 01 07 5C 00 90 33 00 00 E5 07 03 07 00 00 0D F0 FF FF FF FF 00 C2 EB 0B 00 00 24 00 00 00 00 00 00 00 00 00 00 00 00 00 98 BD FF FF FF FF FF FF 00 D0 84 DF 00 00 00 00 00 00 00 00 00 00 00 00 00 00 00 00 00 00 00 00 58 3E 0F 00 80 A8 12 01 0F 27 00 00 5C 40 56 2F 00 00 00 00 00 00 00 00 AB A5 [NAV-0x07]
< 46.539s B5 62 01 01 14 00 90 33 00 00 C4 43 04 26 00 00 00 00 00 00 00 00 80 EF B6 26 55 A2 [NAV-0x01]
< 46.539s B5 62 01 02 1C 00 90 33 00 00 00 00 00 00 00 00 00 00 00 00 00 00 98 BD FF FF FF FF FF FF 00 D0 84 DF 64 30 [NAV-0x02]
< 46.539s B5 62 01 12 24 00 90 33 00 00 00 00 00 00 00 00 00 00 00 00 00 00 00 00 00 00 00 00 00 00 00 00 00 00 3C 86 01 00 80 A8 12 01 F8 24 [NAV-0x12]
< 46.539s B5 62 01 35 14 00 90 33 00 00 01 01 00 00 00 05 07 A5 00 00 00 00 13 18 00 00 EB 99 [NAV-0x35]
< 46.539s B5 62 01 03 10 00 90 33 00 00 00 40 00 08 00 00 00 00 A4 33 00 00 F6 9B [NAV-0x03]
< 46.539s B5 62 01 04 12 00 90 33 00 00 0F 27 0F 27 0F 27 0F 27 0F 27 0F 27 0F 27 54 14 [NAV-0x04]
< 46.539s B5 62 01 21 14 00 90 33 00 00 FF FF FF FF 00 C2 EB 0B E5 07 03 07 00 00 0D F0 A0 15 [NAV-0x21]
< 46.539s B5 62 01 22 14 00 90 33 00 00 00 00 00 00 00 00 00 00 FF FF FF FF 7C 36 39 00 E1 D1 [NAV-0x22]
< 46.726s B5 62 01 60 10 00 90 33 00 00 01 00 00 00 00 00 00 00 00 00 00 00 35 5D [NAV-0x60]
< 46.744s B5 62 02 15 10 00 67 66 66 66 66 66 2A 40 00 00 12 00 00 01 78 34 B5 A4 [RXM-0x15]
< 46.744s B5 62 01 07 5C 00 58 34 00 00 E5 07 03 07 00 00 0D F0 FF FF FF FF 00 84 D7 17 00 00 24 00 00 00 00 00 00 00 00 00 00 00 00 00 98 BD FF FF FF FF FF FF 00 D3 84 DF 00 00 00 00 00 00 00 00 00 00 00 00 00 00 00 00 00 00 00 00 58 3E 0F 00 80 A8 12 01 0F 27 00 00 5C 40 56 2F 00 00 00 00 00 00 00 00 31 E7 [NAV-0x07]
< 46.744s B5 62 01 01 14 00 58 34 00 00 C4 43 04 26 00 00 00 00 00 00 00 00 00 F0 B6 26 9F 58 [NAV-0x01]
< 46.744s B5 62 01 02 1C 00 58 34 00 00 00 00 00 00 00 00 00 00 00 00 00 00 98 BD FF FF FF FF FF FF 00 D3 84 DF 30 34 [NAV-0x02]
< 46.744s B5 62 01 12 24 00 58 34 00 00 00 00 00 00 00 00 00 00 00 00 00 00 00 00 00 00 00 00 00 00 00 00 00 00 3C 86 01 00 80 A8 12 01 C1 67 [NAV-0x12]
< 46.744s B5 62 01 35 14 00 58 34 00 00 01 01 00 00 00 05 08 A5 00 00 00 00 13 18 00 00 B5 56 [NAV-0x35]
< 46.744s B5 62 01 03 10 00 58 34 00 00 00 40 00 08 00 00 00 00 6C 34 00 00 88 4D [NAV-0x03]
< 46.744s B5 62 01 04 12 00 58 34 00 00 0F 27 0F 27 0F 27 0F 27 0F 27 0F 27 0F 27 1D 35 [NAV-0x04]
< 46.744s B5 62 01 21 14 00 58 34 00 00 FF FF FF FF 00 84 D7 17 E5 07 03 07 00 00 0D F0 23 C2 [NAV-0x21]
< 46.744s B5 62 01 22 14 00 58 34 00 00 00 00 00 00 00 00 00 00 FF FF FF FF 7C 36 39 00 AA 84 [NAV-0x22]
< 46.929s B5 62 01 60 10 00 58 34 00 00 01 00 00 00 00 00 00 00 00 00 00 00 FE EC [NAV-0x60]
< 46.946s B5 62 02 15 10 00 CD CC CC CC CC CC 2A 40 00 00 12 00 00 01 40 35 E2 7B [RXM-0x15]
< 46.946s B5 62 01 07 5C 00 20 35 00 00 E5 07 03 07 00 00 0D F0 FF FF FF FF FF 45 C3 23 00 00 24 00 00 00 00 00 00 00 00 00 00 00 00 00 98 BD FF FF FF FF FF FF 00 D5 84 DF 00 00 00 00 00 00 00 00 00 00 00 00 00 00 00 00 00 00 00 00 58 3E 0F 00 80 A8 12 01 0F 27 00 00 5C 40 56 2F 00 00 00 00 00 00 00 00 B4 63 [NAV-0x07]
< 46.946s B5 62 01 01 14 00 20 35 00 00 C4 43 04 26 00 00 00 00 00 00 00 00 80 F0 B6 26 E8 0B [NAV-0x01]
< 46.946s B5 62 01 02 1C 00 20 35 00 00 00 00 00 00 00 00 00 00 00 00 00 00 98 BD FF FF FF FF FF FF 00 D5 84 DF FB 35 [NAV-0x02]
< 46.946s B5 62 01 12 24 00 20 35 00 00 00 00 00 00 00 00 00 00 00 00 00 00 00 00 00 00 00 00 00 00 00 00 00 00 3C 86 01 00 80 A8 12 01 8A AA [NAV-0x12]
< 46.946s B5 62 01 35 14 00 20 35 00 00 01 01 00 00 00 05 08 A5 00 00 00 00 13 18 00 00 7E 09 [NAV-0x35]
< 46.946s B5 62 01 03 10 00 20 35 00 00 00 40 00 08 00 00 00 00 34 35 00 00 1A FF [NAV-0x03]
< 46.946s B5 62 01 04 12 00 20 35 00 00 0F 27 0F 27 0F 27 0F 27 0F 27 0F 27 0F 27 E6 56 [NAV-0x04]
< 46.946s B5 62 01 21 14 00 20 35 00 00 FF FF FF FF FF 45 C3 23 E5 07 03 07 00 00 0D F0 A4 58 [NAV-0x21]
< 46.946s B5 62 01 22 14 00 20 35 00 00 00 00 00 00 00 00 00 00 FF FF FF FF 7C 36 39 00 73 37 [NAV-0x22]
< 47.132s B5 62 01 60 10 00 20 35 00 00 01 00 00 00 00 00 00 00 00 00 00 00 C7 7B [NAV-0x60]
< 47.132s B5 62 02 15 10 00 33 33 33 33 33 33 2B 40 00 00 12 00 00 01 08 36 15 9D [RXM-0x15]
< 47.132s B5 62 01 07 5C 00 E8 35 00 00 E5 07 03 07 00 00 0D F0 FF FF FF FF 00 08 AF 2F 00 00 24 00 00 00 00 00 00 00 00 00 00 00 00 00 98 BD FF FF FF FF FF FF 00 D9 84 DF 00 00 00 00 00 00 00 00 00 00 00 00 00 00 00 00 00 00 00 00 58 3E 0F 00 80 A8 12 01 0F 27 00 00 5C 40 56 2F 00 00 00 00 00 00 00 00 3C 10 [NAV-0x07]
< 47.150s B5 62 01 01 14 00 E8 35 00 00 C4 43 04 26 00 00 00 00 00 00 00 00 00 F1 B6 26 31 AE [NAV-0x01]
< 47.150s B5 62 01 02 1C 00 E8 35 00 00 00 00 00 00 00 00 00 00 00 00 00 00 98 BD FF FF FF FF FF FF 00 D9 84 DF C7 21 [NAV-0x02]
< 47.150s B5 62 01 12 24 00 E8 35 00 00 00 00 00 00 00 00 00 00 00 00 00 00 00 00 00 00 00 00 00 00 00 00 00 00 3C 86 01 00 80 A8 12 01 52 CA [NAV-0x12]
< 47.150s B5 62 01 35 14 00 E8 35 00 00 01 01 00 00 00 05 08 A5 00 00 00 00 13 18 00 00 46 A9 [NAV-0x35]
< 47.150s B5 62 01 03 10 00 E8 35 00 00 00 40 00 08 00 00 00 00 FC 35 00 00 AA 9F [NAV-0x03]
< 47.150s B5 62 01 04 12 00 E8 35 00 00 0F 27 0F 27 0F 27 0F 27 0F 27 0F 27 0F 27 AE 66 [NAV-0x04]
< 47.150s B5 62 01 21 14 00 E8 35 00 00 FF FF FF FF 00 08 AF 2F E5 07 03 07 00 00 0D F0 28 09 [NAV-0x21]
< 47.150s B5 62 01 22 14 00 E8 35 00 00 00 00 00 00 00 00 00 00 FF FF FF FF 7C 36 39 00 3B D7 [NAV-0x22]
< 47.290s B5 62 01 60 10 00 E8 35 00 00 01 00 00 00 00 00 00 00 00 00 00 00 8F FB [NAV-0x60]
< 47.324s B5 62 0A 38 1C 00 00 01 00 00 00 00 01 02 00 00 00 00 00 00 00 00 4A 00 CE 0D 31 07 85 08 8A 00 00 00 D6 CB [MON-0x38]
< 47.342s B5 62 02 15 10 00 9A 99 99 99 99 99 2B 40 00 00 12 00 00 01 D0 36 42 83 [RXM-0x15]
< 47.342s B5 62 01 07 5C 00 B0 36 00 00 E5 07 03 07 00 00 0E F0 FF FF FF FF 00 00 00 00 00 00 24 00 00 00 00 00 00 00 00 00 00 00 00 00 98 BD FF FF FF FF FF FF 00 DC 84 DF 00 00 00 00 00 00 00 00 00 00 00 00 00 00 00 00 00 00 00 00 58 3E 0F 00 80 A8 12 01 0F 27 00 00 5C 40 56 2F 00 00 00 00 00 00 00 00 23 D5 [NAV-0x07]
< 47.342s B5 62 01 01 14 00 B0 36 00 00 C4 43 04 26 00 00 00 00 00 00 00 00 80 F1 B6 26 7A 61 [NAV-0x01]
< 47.342s B5 62 01 02 1C 00 B0 36 00 00 00 00 00 00 00 00 00 00 00 00 00 00 98 BD FF FF FF FF FF FF 00 DC 84 DF 93 25 [NAV-0x02]
< 47.342s B5 62 01 12 24 00 B0 36 00 00 00 00 00 00 00 00 00 00 00 00 00 00 00 00 00 00 00 00 00 00 00 00 00 00 3C 86 01 00 80 A8 12 01 1B 0D [NAV-0x12]
< 47.342s B5 62 01 35 14 00 B0 36 00 00 01 01 00 00 00 05 08 A5 00 00 00 00 13 18 00 00 0F 5C [NAV-0x35]
< 47.342s B5 62 01 03 10 00 B0 36 00 00 00 40 00 08 00 00 00 00 C4 36 00 00 3C 51 [NAV-0x03]
< 47.342s B5 62 01 04 12 00 B0 36 00 00 0F 27 0F 27 0F 27 0F 27 0F 27 0F 27 0F 27 77 87 [NAV-0x04]
< 47.342s B5 62 01 21 14 00 B0 36 00 00 FF FF FF FF 00 00 00 00 E5 07 03 07 00 00 0E F0 0C E9 [NAV-0x21]
< 47.342s B5 62 01 22 14 00 B0 36 00 00 00 00 00 00 00 00 00 00 FF FF FF FF 7C 36 39 00 04 8A [NAV-0x22]
< 47.530s B5 62 01 60 10 00 B0 36 00 00 01 00 00 00 00 00 00 00 00 00 00 00 58 8A [NAV-0x60]
< 47.530s B5 62 02 15 10 00 00 00 00 00 00 00 2C 40 00 00 12 00 00 01 98 37 75 A5 [RXM-0x15]
< 47.530s B5 62 01 07 5C 00 78 37 00 00 E5 07 03 07 00 00 0E F0 FF FF FF FF 00 C2 EB 0B 00 00 24 00 00 00 00 00 00 00 00 00 00 00 00 00 98 BD FF FF FF FF FF FF 00 DE 84 DF 00 00 00 00 00 00 00 00 00 00 00 00 00 00 00 00 00 00 00 00 58 3E 0F 00 80 A8 12 01 0F 27 00 00 5C 40 56 2F 00 00 00 00 00 00 00 00 A6 55 [NAV-0x07]
< 47.548s B5 62 01 01 14 00 78 37 00 00 C4 43 04 26 00 00 00 00 00 00 00 00 00 F2 B6 26 C4 17 [NAV-0x01]
< 47.548s B5 62 01 02 1C 00 78 37 00 00 00 00 00 00 00 00 00 00 00 00 00 00 98 BD FF FF FF FF FF FF 00 DE 84 DF 5E 26 [NAV-0x02]
< 47.548s B5 62 01 12 24 00 78 37 00 00 00 00 00 00 00 00 00 00 00 00 00 00 00 00 00 00 00 00 00 00 00 00 00 00 3C 86 01 00 80 A8 12 01 E4 50 [NAV-0x12]
< 47.548s B5 62 01 35 14 00 78 37 00 00 01 01 00 00 00 05 08 A5 00 00 00 00 13 18 00 00 D8 0F [NAV-0x35]
< 47.548s B5 62 01 03 10 00 78 37 00 00 00 40 00 08 00 00 00 00 8C 37 00 00 CE 03 [NAV-0x03]
< 47.548s B5 62 01 04 12 00 78 37 00 00 0F 27 0F 27 0F 27 0F 27 0F 27 0F 27 0F 27 40 A8 [NAV-0x04]
< 47.548s B5 62 01 21 14 00 78 37 00 00 FF FF FF FF 00 C2 EB 0B E5 07 03 07 00 00 0E F0 8D 83 [NAV-0x21]
< 47.548s B5 62 01 22 14 00 78 37 00 00 00 00 00 00 00 00 00 00 FF FF FF FF 7C 36 39 00 CD 3D [NAV-0x22]
< 47.724s B5 62 01 60 10 00 78 37 00 00 01 00 00 00 00 00 00 00 00 00 00 00 21 19 [NAV-0x60]
< 47.743s B5 62 02 15 10 00 67 66 66 66 66 66 2C 40 00 00 12 00 00 01 60 38 A3 8C [RXM-0x15]
< 47.743s B5 62 01 07 5C 00 40 38 00 00 E5 07 03 07 00 00 0E F0 FF FF FF FF 00 84 D7 17 00 00 24 00 00 00 00 00 00 00 00 00 00 00 00 00 98 BD FF FF FF FF FF FF 00 E2 84 DF 00 00 00 00 00 00 00 00 00 00 00 00 00 00 00 00 00 00 00 00 58 3E 0F 00 80 A8 12 01 0F 27 00 00 5C 40 56 2F 00 00 00 00 00 00 00 00 2D C6 [NAV-0x07]
< 47.743s B5 62 01 01 14 00 40 38 00 00 C4 43 04 26 00 00 00 00 00 00 00 00 80 F2 B6 26 0D CA [NAV-0x01]
< 47.743s B5 62 01 02 1C 00 40 38 00 00 00 00 00 00 00 00 00 00 00 00 00 00 98 BD FF FF FF FF FF FF 00 E2 84 DF 2B 2D [NAV-0x02]
< 47.743s B5 62 01 12 24 00 40 38 00 00 00 00 00 00 00 00 00 00 00 00 00 00 00 00 00 00 00 00 00 00 00 00 00 00 3C 86 01 00 80 A8 12 01 AD 93 [NAV-0x12]
< 47.743s B5 62 01 35 14 00 40 38 00 00 01 01 00 00 00 05 08 A5 00 00 00 00 13 18 00 00 A1 C2 [NAV-0x35]
< 47.743s B5 62 01 03 10 00 40 38 00 00 00 40 00 08 00 00 00 00 54 38 00 00 60 B5 [NAV-0x03]
< 47.743s B5 62 01 04 12 00 40 38 00 00 0F 27 0F 27 0F 27 0F 27 0F 27 0F 27 0F 27 09 C9 [NAV-0x04]
< 47.743s B5 62 01 21 14 00 40 38 00 00 FF FF FF FF 00 84 D7 17 E5 07 03 07 00 00 0E F0 10 30 [NAV-0x21]
< 47.743s B5 62 01 22 14 00 40 38 00 00 00 00 00 00 00 00 00 00 FF FF FF FF 7C 36 39 00 96 F0 [NAV-0x22]
< 47.928s B5 62 01 60 10 00 40 38 00 00 01 00 00 00 00 00 00 00 00 00 00 00 EA A8 [NAV-0x60]
< 47.947s B5 62 02 15 10 00 CD CC CC CC CC CC 2C 40 00 00 12 00 00 01 28 39 D0 63 [RXM-0x15]
< 47.947s B5 62 01 07 5C 00 08 39 00 00 E5 07 03 07 00 00 0E F0 FF FF FF FF FF 45 C3 23 00 00 24 00 00 00 00 00 00 00 00 00 00 00 00 00 98 BD FF FF FF FF FF FF 00 E4 84 DF 00 00 00 00 00 00 00 00 00 00 00 00 00 00 00 00 00 00 00 00 58 3E 0F 00 80 A8 12 01 0F 27 00 00 5C 40 56 2F 00 00 00 00 00 00 00 00 B0 42 [NAV-0x07]
< 47.947s B5 62 01 01 14 00 08 39 00 00 C4 43 04 26 00 00 00 00 00 00 00 00 00 F3 B6 26 57 80 [NAV-0x01]
< 47.947s B5 62 01 02 1C 00 08 39 00 00 00 00 00 00 00 00 00 00 00 00 00 00 98 BD FF FF FF FF FF FF 00 E4 84 DF F6 2E [NAV-0x02]
< 47.947s B5 62 01 12 24 00 08 39 00 00 00 00 00 00 00 00 00 00 00 00 00 00 00 00 00 00 00 00 00 00 00 00 00 00 3C 86 01 00 80 A8 12 01 76 D6 [NAV-0x12]
< 47.947s B5 62 01 35 14 00 08 39 00 00 01 01 00 00 00 05 08 A5 00 00 00 00 13 18 00 00 6A 75 [NAV-0x35]
< 47.947s B5 62 01 03 10 00 08 39 00 00 00 40 00 08 00 00 00 00 1C 39 00 00 F2 67 [NAV-0x03]
< 47.947s B5 62 01 04 12 00 08 39 00 00 0F 27 0F 27 0F 27 0F 27 0F 27 0F 27 0F 27 D2 EA [NAV-0x04]
< 47.947s B5 62 01 21 14 00 08 39 00 00 FF FF FF FF FF 45 C3 23 E5 07 03 07 00 00 0E F0 91 C6 [NAV-0x21]
< 47.947s B5 62 01 22 14 00 08 39 00 00 00 00 00 00 00 00 00 00 FF FF FF FF 7C 36 39 00 5F A3 [NAV-0x22]
< 48.125s B5 62 01 60 10 00 08 39 00 00 01 00 00 00 00 00 00 00 00 00 00 00 B3 37 [NAV-0x60]
< 48.144s B5 62 02 15 10 00 33 33 33 33 33 33 2D 40 00 00 12 00 00 01 F0 39 02 84 [RXM-0x15]
< 48.144s B5 62 01 07 5C 00 D0 39 00 00 E5 07 03 07 00 00 0E F0 FF FF FF FF 00 08 AF 2F 00 00 24 00 00 00 00 00 00 00 00 00 00 00 00 00 98 BD FF FF FF FF FF FF 00 E8 84 DF 00 00 00 00 00 00 00 00 00 00 00 00 00 00 00 00 00 00 00 00 58 3E 0F 00 80 A8 12 01 0F 27 00 00 5C 40 56 2F 00 00 00 00 00 00 00 00 38 EF [NAV-0x07]
< 48.144s B5 62 01 01 14 00 D0 39 00 00 C4 43 04 26 00 00 00 00 00 00 00 00 80 F3 B6 26 9F 20 [NAV-0x01]
< 48.144s B5 62 01 02 1C 00 D0 39 00 00 00 00 00 00 00 00 00 00 00 00 00 00 98 BD FF FF FF FF FF FF 00 E8 84 DF C2 1A [NAV-0x02]
< 48.144s B5 62 01 12 24 00 D0 39 00 00 00 00 00 00 00 00 00 00 00 00 00 00 00 00 00 00 00 00 00 00 00 00 00 00 3C 86 01 00 80 A8 12 01 3E F6 [NAV-0x12]
< 48.144s B5 62 01 35 14 00 D0 39 00 00 01 01 00 00 00 05 08 A5 00 00 00 00 13 18 00 00 32 15 [NAV-0x35]
< 48.144s B5 62 01 03 10 00 D0 39 00 00 00 40 00 08 00 00 00 00 E4 39 00 00 82 07 [NAV-0x03]
< 48.144s B5 62 01 04 12 00 D0 39 00 00 0F 27 0F 27 0F 27 0F 27 0F 27 0F 27 0F 27 9A FA [NAV-0x04]
< 48.144s B5 62 01 21 14 00 D0 39 00 00 FF FF FF FF 00 08 AF 2F E5 07 03 07 00 00 0E F0 15 77 [NAV-0x21]
< 48.144s B5 62 01 22 14 00 D0 39 00 00 00 00 00 00 00 00 00 00 FF FF FF FF 7C 36 39 00 27 43 [NAV-0x22]
< 48.308s B5 62 01 60 10 00 D0 39 00 00 01 00 00 00 00 00 00 00 00 00 00 00 7B B7 [NAV-0x60]
< 48.326s B5 62 0A 38 1C 00 00 01 00 00 00 00 01 02 00 00 00 00 00 00 00 00 4A 00 CE 0D 33 06 86 07 89 00 00 00 D6 D1 [MON-0x38]
< 48.345s B5 62 02 15 10 00 9A 99 99 99 99 99 2D 40 00 00 12 00 00 01 B8 3A 30 6B [RXM-0x15]
< 48.345s B5 62 01 07 5C 00 98 3A 00 00 E5 07 03 07 00 00 0F F0 FF FF FF FF 00 00 00 00 00 00 24 00 00 00 00 00 00 00 00 00 00 00 00 00 98 BD FF FF FF FF FF FF 00 EB 84 DF 00 00 00 00 00 00 00 00 00 00 00 00 00 00 00 00 00 00 00 00 58 3E 0F 00 80 A8 12 01 0F 27 00 00 5C 40 56 2F 00 00 00 00 00 00 00 00 1F B4 [NAV-0x07]
< 48.345s B5 62 01 01 14 00 98 3A 00 00 C4 43 04 26 00 00 00 00 00 00 00 00 00 F4 B6 26 E9 D6 [NAV-0x01]
< 48.345s B5 62 01 02 1C 00 98 3A 00 00 00 00 00 00 00 00 00 00 00 00 00 00 98 BD FF FF FF FF FF FF 00 EB 84 DF 8E 1E [NAV-0x02]
< 48.345s B5 62 01 12 24 00 98 3A 00 00 00 00 00 00 00 00 00 00 00 00 00 00 00 00 00 00 00 00 00 00 00 00 00 00 3C 86 01 00 80 A8 12 01 07 39 [NAV-0x12]
< 48.345s B5 62 01 35 14 00 98 3A 00 00 01 01 00 00 00 05 08 A5 00 00 00 00 13 18 00 00 FB C8 [NAV-0x35]
< 48.345s B5 62 01 03 10 00 98 3A 00 00 00 40 00 08 00 00 00 00 AC 3A 00 00 14 B9 [NAV-0x03]
< 48.345s B5 62 01 04 12 00 98 3A 00 00 0F 27 0F 27 0F 27 0F 27 0F 27 0F 27 0F 27 63 1B [NAV-0x04]
< 48.345s B5 62 01 21 14 00 98 3A 00 00 FF FF FF FF 00 00 00 00 E5 07 03 07 00 00 0F F0 F9 57 [NAV-0x21]
< 48.345s B5 62 01 22 14 00 98 3A 00 00 00 00 00 00 00 00 00 00 FF FF FF FF 7C 36 39 00 F0 F6 [NAV-0x22]
< 48.400s B5 62 01 60 10 00 98 3A 00 00 01 00 00 00 00 00 00 00 00 00 00 00 44 46 [NAV-0x60]
< 48.526s B5 62 27 04 6C 00 01 00 70 00 4C 1B 6A C4 D9 DF 3F 0E 09 4D 1A 16 E1 D0 82 1E 27 97 2B CD FB 2C 36 83 45 03 F3 20 C5 D2 3F 5D 00 00 00 00 00 00 00 00 00 00 00 00 00 00 00 00 00 00 00 00 00 00 00 00 8B 48 0F E1 45 57 BE 79 57 2E 7B DE 0C C6 B9 F6 E1 13 EA 9B C3 76 61 C5 9E 00 39 A0 CD 7D C9 76 75 02 10 79 EB A2 6E 4D 76 F8 3C D4 EE B6 12 61 47 5C [SEC-0x04]
< 48.545s B5 62 02 15 10 00 00 00 00 00 00 00 2E 40 00 00 12 00 00 01 80 3B 63 8D [RXM-0x15]
< 48.545s B5 62 01 07 5C 00 60 3B 00 00 E5 07 03 07 00 00 0F F0 FF FF FF FF 00 C2 EB 0B 00 00 24 00 00 00 00 00 00 00 00 00 00 00 00 00 98 BD FF FF FF FF FF FF 00 EE 84 DF 00 00 00 00 00 00 00 00 00 00 00 00 00 00 00 00 00 00 00 00 58 3E 0F 00 80 A8 12 01 0F 27 00 00 5C 40 56 2F 00 00 00 00 00 00 00 00 A3 63 [NAV-0x07]
< 48.545s B5 62 01 01 14 00 60 3B 00 00 C4 43 04 26 00 00 00 00 00 00 00 00 C0 F4 B6 26 72 89 [NAV-0x01]
< 48.545s B5 62 01 02 1C 00 60 3B 00 00 00 00 00 00 00 00 00 00 00 00 00 00 98 BD FF FF FF FF FF FF 00 EE 84 DF 5A 22 [NAV-0x02]
< 48.545s B5 62 01 12 24 00 60 3B 00 00 00 00 00 00 00 00 00 00 00 00 00 00 00 00 00 00 00 00 00 00 00 00 00 00 3C 86 01 00 80 A8 12 01 D0 7C [NAV-0x12]
< 48.545s B5 62 01 35 14 00 60 3B 00 00 01 01 00 00 00 05 08 A5 00 00 00 00 13 18 00 00 C4 7B [NAV-0x35]
< 48.545s B5 62 01 03 10 00 60 3B 00 00 00 40 00 08 00 00 00 00 74 3B 00 00 A6 6B [NAV-0x03]
< 48.545s B5 62 01 04 12 00 60 3B 00 00 0F 27 0F 27 0F 27 0F 27 0F 27 0F 27 0F 27 2C 3C [NAV-0x04]
< 48.545s B5 62 01 21 14 00 60 3B 00 00 FF FF FF FF 00 C2 EB 0B E5 07 03 07 00 00 0F F0 7A F1 [NAV-0x21]
< 48.545s B5 62 01 22 14 00 60 3B 00 00 00 00 00 00 00 00 00 00 FF FF FF FF 7C 36 39 00 B9 A9 [NAV-0x22]
< 48.728s B5 62 01 60 10 00 60 3B 00 00 01 00 00 00 00 00 00 00 00 00 00 00 0D D5 [NAV-0x60]
< 48.748s B5 62 02 15 10 00 67 66 66 66 66 66 2E 40 00 00 12 00 00 01 48 3C 91 74 [RXM-0x15]
< 48.748s B5 62 01 07 5C 00 28 3C 00 00 E5 07 03 07 00 00 0F F0 FF FF FF FF 00 84 D7 17 00 00 24 00 00 00 00 00 00 00 00 00 00 00 00 00 98 BD FF FF FF FF FF FF 00 F1 84 DF 00 00 00 00 00 00 00 00 00 00 00 00 00 00 00 00 00 00 00 00 58 3E 0F 00 80 A8 12 01 0F 27 00 00 5C 40 56 2F 00 00 00 00 00 00 00 00 29 A5 [NAV-0x07]
< 48.748s B5 62 01 01 14 00 28 3C 00 00 C4 43 04 26 00 00 00 00 00 00 00 00 00 F5 B6 26 7C 3F [NAV-0x01]
< 48.748s B5 62 01 02 1C 00 28 3C 00 00 00 00 00 00 00 00 00 00 00 00 00 00 98 BD FF FF FF FF FF FF 00 F1 84 DF 26 26 [NAV-0x02]
< 48.748s B5 62 01 12 24 00 28 3C 00 00 00 00 00 00 00 00 00 00 00 00 00 00 00 00 00 00 00 00 00 00 00 00 00 00 3C 86 01 00 80 A8 12 01 99 BF [NAV-0x12]
< 48.748s B5 62 01 35 14 00 28 3C 00 00 01 01 00 00 00 05 08 A5 00 00 00 00 13 18 00 00 8D 2E [NAV-0x35]
< 48.748s B5 62 01 03 10 00 28 3C 00 00 00 40 00 08 00 00 00 00 3C 3C 00 00 38 1D [NAV-0x03]
< 48.748s B5 62 01 04 12 00 28 3C 00 00 0F 27 0F 27 0F 27 0F 27 0F 27 0F 27 0F 27 F5 5D [NAV-0x04]
< 48.748s B5 62 01 21 14 00 28 3C 00 00 FF FF FF FF 00 84 D7 17 E5 07 03 07 00 00 0F F0 FD 9E [NAV-0x21]
< 48.748s B5 62 01 22 14 00 28 3C 00 00 00 00 00 00 00 00 00 00 FF FF FF FF 7C 36 39 00 82 5C [NAV-0x22]
< 48.934s B5 62 01 60 10 00 28 3C 00 00 01 00 00 00 00 00 00 00 00 00 00 00 D6 64 [NAV-0x60]
< 48.934s B5 62 02 15 10 00 CD CC CC CC CC CC 2E 40 00 00 12 00 00 01 10 3D BE 4B [RXM-0x15]
< 48.934s B5 62 01 07 5C 00 F0 3C 00 00 E5 07 03 07 00 00 0F F0 FF FF FF FF FF 45 C3 23 00 00 24 00 00 00 00 00 00 00 00 00 00 00 00 00 98 BD FF FF FF FF FF FF 00 F4 84 DF 00 00 00 00 00 00 00 00 00 00 00 00 00 00 00 00 00 00 00 00 58 3E 0F 00 80 A8 12 01 0F 27 00 00 5C 40 56 2F 00 00 00 00 00 00 00 00 AC F5 [NAV-0x07]
< 48.934s B5 62 01 01 14 00 F0 3C 00 00 C4 43 04 26 00 00 00 00 00 00 00 00 C0 F5 B6 26 04 DF [NAV-0x01]
< 48.934s B5 62 01 02 1C 00 F0 3C 00 00 00 00 00 00 00 00 00 00 00 00 00 00 98 BD FF FF FF FF FF FF 00 F4 84 DF F1 0F [NAV-0x02]
< 48.934s B5 62 01 12 24 00 F0 3C 00 00 00 00 00 00 00 00 00 00 00 00 00 00 00 00 00 00 00 00 00 00 00 00 00 00 3C 86 01 00 80 A8 12 01 61 DF [NAV-0x12]
< 48.934s B5 62 01 35 14 00 F0 3C 00 00 01 01 00 00 00 05 07 A5 00 00 00 00 13 18 00 00 54 C4 [NAV-0x35]
< 48.934s B5 62 01 03 10 00 F0 3C 00 00 00 40 00 08 00 00 00 00 04 3D 00 00 C9 C0 [NAV-0x03]
< 48.934s B5 62 01 04 12 00 F0 3C 00 00 0F 27 0F 27 0F 27 0F 27 0F 27 0F 27 0F 27 BD 6D [NAV-0x04]
< 48.934s B5 62 01 21 14 00 F0 3C 00 00 FF FF FF FF FF 45 C3 23 E5 07 03 07 00 00 0F F0 7D 21 [NAV-0x21]
< 48.934s B5 62 01 22 14 00 F0 3C 00 00 00 00 00 00 00 00 00 00 FF FF FF FF 7C 36 39 00 4A FC [NAV-0x22]
< 49.128s B5 62 01 60 10 00 F0 3C 00 00 01 00 00 00 00 00 00 00 00 00 00 00 9E E4 [NAV-0x60]
< 49.147s B5 62 02 15 10 00 33 33 33 33 33 33 2F 40 00 00 12 00 00 01 D8 3D F0 6C [RXM-0x15]
< 49.147s B5 62 01 07 5C 00 B8 3D 00 00 E5 07 03 07 00 00 0F F0 FF FF FF FF 00 08 AF 2F 00 00 24 00 00 00 00 00 00 00 00 00 00 00 00 00 98 BD FF FF FF FF FF FF 00 F7 84 DF 00 00 00 00 00 00 00 00 00 00 00 00 00 00 00 00 00 00 00 00 58 3E 0F 00 80 A8 12 01 0F 27 00 00 5C 40 56 2F 00 00 00 00 00 00 00 00 34 CE [NAV-0x07]
< 49.147s B5 62 01 01 14 00 B8 3D 00 00 C4 43 04 26 00 00 00 00 00 00 00 00 40 F6 B6 26 4E 95 [NAV-0x01]
< 49.147s B5 62 01 02 1C 00 B8 3D 00 00 00 00 00 00 00 00 00 00 00 00 00 00 98 BD FF FF FF FF FF FF 00 F7 84 DF BD 13 [NAV-0x02]
< 49.147s B5 62 01 12 24 00 B8 3D 00 00 00 00 00 00 00 00 00 00 00 00 00 00 00 00 00 00 00 00 00 00 00 00 00 00 3C 86 01 00 80 A8 12 01 2A 22 [NAV-0x12]
< 49.147s B5 62 01 35 14 00 B8 3D 00 00 01 01 00 00 00 05 07 A5 00 00 00 00 13 18 00 00 1D 77 [NAV-0x35]
< 49.147s B5 62 01 03 10 00 B8 3D 00 00 00 40 00 08 00 00 00 00 CC 3D 00 00 5A 6F [NAV-0x03]
< 49.147s B5 62 01 04 12 00 B8 3D 00 00 0F 27 0F 27 0F 27 0F 27 0F 27 0F 27 0F 27 86 8E [NAV-0x04]
< 49.147s B5 62 01 21 14 00 B8 3D 00 00 FF FF FF FF 00 08 AF 2F E5 07 03 07 00 00 0F F0 02 E5 [NAV-0x21]
< 49.147s B5 62 01 22 14 00 B8 3D 00 00 00 00 00 00 00 00 00 00 FF FF FF FF 7C 36 39 00 13 AF [NAV-0x22]
< 49.300s B5 62 01 60 10 00 B8 3D 00 00 01 00 00 00 00 00 00 00 00 00 00 00 67 73 [NAV-0x60]
< 49.339s B5 62 0A 38 1C 00 00 01 00 00 00 00 01 02 00 00 00 00 00 00 00 00 4A 00 CE 0D 32 06 84 07 88 00 00 00 D2 B9 [MON-0x38]
< 49.339s B5 62 02 15 10 00 9A 99 99 99 99 99 2F 40 00 00 12 00 00 01 A0 3E 1E 53 [RXM-0x15]
< 49.339s B5 62 01 07 5C 00 80 3E 00 00 E5 07 03 07 00 00 10 F0 FF FF FF FF 00 00 00 00 00 00 24 00 00 00 00 00 00 00 00 00 00 00 00 00 98 BD FF FF FF FF FF FF 00 FA 84 DF 00 00 00 00 00 00 00 00 00 00 00 00 00 00 00 00 00 00 00 00 58 3E 0F 00 80 A8 12 01 0F 27 00 00 5C 40 56 2F 00 00 00 00 00 00 00 00 1B 93 [NAV-0x07]
< 49.339s B5 62 01 01 14 00 80 3E 00 00 C4 43 04 26 00 00 00 00 00 00 00 00 C0 F6 B6 26 97 48 [NAV-0x01]
< 49.339s B5 62 01 02 1C 00 80 3E 00 00 00 00 00 00 00 00 00 00 00 00 00 00 98 BD FF FF FF FF FF FF 00 FA 84 DF 89 17 [NAV-0x02]
< 49.339s B5 62 01 12 24 00 80 3E 00 00 00 00 00 00 00 00 00 00 00 00 00 00 00 00 00 00 00 00 00 00 00 00 00 00 3C 86 01 00 80 A8 12 01 F3 65 [NAV-0x12]
< 49.339s B5 62 01 35 14 00 80 3E 00 00 01 01 00 00 00 05 07 A5 00 00 00 00 13 18 00 00 E6 2A [NAV-0x35]
< 49.339s B5 62 01 03 10 00 80 3E 00 00 00 40 00 08 00 00 00 00 94 3E 00 00 EC 21 [NAV-0x03]
< 49.339s B5 62 01 04 12 00 80 3E 00 00 0F 27 0F 27 0F 27 0F 27 0F 27 0F 27 0F 27 4F AF [NAV-0x04]
< 49.339s B5 62 01 21 14 00 80 3E 00 00 FF FF FF FF 00 00 00 00 E5 07 03 07 00 00 10 F0 E6 C5 [NAV-0x21]
< 49.339s B5 62 01 22 14 00 80 3E 00 00 00 00 00 00 00 00 00 00 FF FF FF FF 7C 36 39 00 DC 62 [NAV-0x22]
< 49.526s B5 62 01 60 10 00 80 3E 00 00 01 00 00 00 00 00 00 00 00 00 00 00 30 02 [NAV-0x60]
< 49.546s B5 62 02 15 10 00 00 00 00 00 00 00 30 40 00 00 12 00 00 01 68 3F 51 75 [RXM-0x15]
< 49.546s B5 62 01 07 5C 00 48 3F 00 00 E5 07 03 07 00 00 10 F0 FF FF FF FF FF C1 EB 0B 00 00 24 00 00 00 00 00 00 00 00 00 00 00 00 00 98 BD FF FF FF FF FF FF 00 FE 84 DF 00 00 00 00 00 00 00 00 00 00 00 00 00 00 00 00 00 00 00 00 58 3E 0F 00 80 A8 12 01 0F 27 00 00 5C 40 56 2F 00 00 00 00 00 00 00 00 9E DA [NAV-0x07]
< 49.546s B5 62 01 01 14 00 48 3F 00 00 C4 43 04 26 00 00 00 00 00 00 00 00 80 F7 B6 26 21 FE [NAV-0x01]
< 49.546s B5 62 01 02 1C 00 48 3F 00 00 00 00 00 00 00 00 00 00 00 00 00 00 98 BD FF FF FF FF FF FF 00 FE 84 DF 56 1E [NAV-0x02]
< 49.546s B5 62 01 12 24 00 48 3F 00 00 00 00 00 00 00 00 00 00 00 00 00 00 00 00 00 00 00 00 00 00 00 00 00 00 3C 86 01 00 80 A8 12 01 BC A8 [NAV-0x12]
< 49.546s B5 62 01 35 14 00 48 3F 00 00 01 01 00 00 00 05 08 A5 00 00 00 00 13 18 00 00 B0 E7 [NAV-0x35]
< 49.546s B5 62 01 03 10 00 48 3F 00 00 00 40 00 08 00 00 00 00 5C 3F 00 00 7E D3 [NAV-0x03]
< 49.546s B5 62 01 04 12 00 48 3F 00 00 0F 27 0F 27 0F 27 0F 27 0F 27 0F 27 0F 27 18 D0 [NAV-0x04]
< 49.546s B5 62 01 21 14 00 48 3F 00 00 FF FF FF FF FF C1 EB 0B E5 07 03 07 00 00 10 F0 65 48 [NAV-0x21]
< 49.546s B5 62 01 22 14 00 48 3F 00 00 00 00 00 00 00 00 00 00 FF FF FF FF 7C 36 39 00 A5 15 [NAV-0x22]
< 49.725s B5 62 01 60 10 00 48 3F 00 00 01 00 00 00 00 00 00 00 00 00 00 00 F9 91 [NAV-0x60]
< 49.745s B5 62 02 15 10 00 33 33 33 33 33 33 30 40 00 00 12 00 00 01 30 40 4C 29 [RXM-0x15]
< 49.745s B5 62 01 07 5C 00 10 40 00 00 E5 07 03 07 00 00 10 F0 FF FF FF FF FF 83 D7 17 00 00 24 00 00 00 00 00 00 00 00 00 00 00 00 00 98 BD FF FF FF FF FF FF 00 01 85 DF 00 00 00 00 00 00 00 00 00 00 00 00 00 00 00 00 00 00 00 00 58 3E 0F 00 80 A8 12 01 0F 27 00 00 5C 40 56 2F 00 00 00 00 00 00 00 00 25 4A [NAV-0x07]
< 49.745s B5 62 01 01 14 00 10 40 00 00 C4 43 04 26 00 00 00 00 00 00 00 00 00 F8 B6 26 6B B4 [NAV-0x01]
< 49.745s B5 62 01 02 1C 00 10 40 00 00 00 00 00 00 00 00 00 00 00 00 00 00 98 BD FF FF FF FF FF FF 00 01 85 DF 23 24 [NAV-0x02]
< 49.745s B5 62 01 12 24 00 10 40 00 00 00 00 00 00 00 00 00 00 00 00 00 00 00 00 00 00 00 00 00 00 00 00 00 00 3C 86 01 00 80 A8 12 01 85 EB [NAV-0x12]
< 49.745s B5 62 01 35 14 00 10 40 00 00 01 01 00 00 00 05 08 A5 00 00 00 00 13 18 00 00 79 9A [NAV-0x35]
< 49.745s B5 62 01 03 10 00 10 40 00 00 00 40 00 08 00 00 00 00 24 40 00 00 10 85 [NAV-0x03]
< 49.745s B5 62 01 04 12 00 10 40 00 00 0F 27 0F 27 0F 27 0F 27 0F 27 0F 27 0F 27 E1 F1 [NAV-0x04]
< 49.745s B5 62 01 21 14 00 10 40 00 00 FF FF FF FF FF 83 D7 17 E5 07 03 07 00 00 10 F0 E8 F5 [NAV-0x21]
< 49.745s B5 62 01 22 14 00 10 40 00 00 00 00 00 00 00 00 00 00 FF FF FF FF 7C 36 39 00 6E C8 [NAV-0x22]
< 49.939s B5 62 01 60 10 00 10 40 00 00 01 00 00 00 00 00 00 00 00 00 00 00 C2 20 [NAV-0x60]
< 49.939s B5 62 02 15 10 00 66 66 66 66 66 66 30 40 00 00 12 00 00 01 F8 40 46 DC [RXM-0x15]
< 49.939s B5 62 01 07 5C 00 D8 40 00 00 E5 07 03 07 00 00 10 F0 FF FF FF FF 00 46 C3 23 00 00 24 00 00 00 00 00 00 00 00 00 00 00 00 00 98 BD FF FF FF FF FF FF 00 05 85 DF 00 00 00 00 00 00 00 00 00 00 00 00 00 00 00 00 00 00 00 00 58 3E 0F 00 80 A8 12 01 0F 27 00 00 5C 40 56 2F 00 00 00 00 00 00 00 00 AD F7 [NAV-0x07]
< 49.939s B5 62 01 01 14 00 D8 40 00 00 C4 43 04 26 00 00 00 00 00 00 00 00 80 F8 B6 26 B3 54 [NAV-0x01]
< 49.939s B5 62 01 02 1C 00 D8 40 00 00 00 00 00 00 00 00 00 00 00 00 00 00 98 BD FF FF FF FF FF FF 00 05 85 DF EF 10 [NAV-0x02]
< 49.939s B5 62 01 12 24 00 D8 40 00 00 00 00 00 00 00 00 00 00 00 00 00 00 00 00 00 00 00 00 00 00 00 00 00 00 3C 86 01 00 80 A8 12 01 4D 0B [NAV-0x12]
< 49.939s B5 62 01 35 14 00 D8 40 00 00 01 01 00 00 00 05 08 A5 00 00 00 00 13 18 00 00 41 3A [NAV-0x35]
< 49.939s B5 62 01 03 10 00 D8 40 00 00 00 40 00 08 00 00 00 00 EC 40 00 00 A0 25 [NAV-0x03]
< 49.939s B5 62 01 04 12 00 D8 40 00 00 0F 27 0F 27 0F 27 0F 27 0F 27 0F 27 0F 27 A9 01 [NAV-0x04]
< 49.939s B5 62 01 21 14 00 D8 40 00 00 FF FF FF FF 00 46 C3 23 E5 07 03 07 00 00 10 F0 6C A6 [NAV-0x21]
< 49.939s B5 62 01 22 14 00 D8 40 00 00 00 00 00 00 00 00 00 00 FF FF FF FF 7C 36 39 00 36 68 [NAV-0x22]
< 50.131s B5 62 01 60 10 00 D8 40 00 00 01 00 00 00 00 00 00 00 00 00 00 00 8A A0 [NAV-0x60]
< 50.131s B5 62 02 15 10 00 9A 99 99 99 99 99 30 40 00 00 12 00 00 01 C0 41 42 A0 [RXM-0x15]
< 50.131s B5 62 01 07 5C 00 A0 41 00 00 E5 07 03 07 00 00 10 F0 FF FF FF FF 00 08 AF 2F 00 00 24 00 00 00 00 00 00 00 00 00 00 00 00 00 98 BD FF FF FF FF FF FF 00 08 85 DF 00 00 00 00 00 00 00 00 00 00 00 00 00 00 00 00 00 00 00 00 58 3E 0F 00 80 A8 12 01 0F 27 00 00 5C 40 56 2F 00 00 00 00 00 00 00 00 33 39 [NAV-0x07]
< 50.152s B5 62 01 01 14 00 A0 41 00 00 C4 43 04 26 00 00 00 00 00 00 00 00 80 F9 B6 26 7D 0A [NAV-0x01]
< 50.152s B5 62 01 02 1C 00 A0 41 00 00 00 00 00 00 00 00 00 00 00 00 00 00 98 BD FF FF FF FF FF FF 00 08 85 DF BB 14 [NAV-0x02]
< 50.152s B5 62 01 12 24 00 A0 41 00 00 00 00 00 00 00 00 00 00 00 00 00 00 00 00 00 00 00 00 00 00 00 00 00 00 3C 86 01 00 80 A8 12 01 16 4E [NAV-0x12]
< 50.152s B5 62 01 35 14 00 A0 41 00 00 01 01 00 00 00 05 07 A5 00 00 00 00 13 18 00 00 09 E3 [NAV-0x35]
< 50.152s B5 62 01 03 10 00 A0 41 00 00 00 40 00 08 00 00 00 00 B4 41 00 00 32 D7 [NAV-0x03]
< 50.152s B5 62 01 04 12 00 A0 41 00 00 0F 27 0F 27 0F 27 0F 27 0F 27 0F 27 0F 27 72 22 [NAV-0x04]
< 50.152s B5 62 01 21 14 00 A0 41 00 00 FF FF FF FF 00 08 AF 2F E5 07 03 07 00 00 10 F0 EF 53 [NAV-0x21]
< 50.152s B5 62 01 22 14 00 A0 41 00 00 00 00 00 00 00 00 00 00 FF FF FF FF 7C 36 39 00 FF 1B [NAV-0x22]
< 50.310s B5 62 01 60 10 00 A0 41 00 00 01 00 00 00 00 00 00 00 00 00 00 00 53 2F [NAV-0x60]
< 50.329s B5 62 0A 38 1C 00 00 01 00 00 00 00 01 02 00 00 00 00 00 00 00 00 55 00 CE 0D 30 06 84 07 88 00 00 00 DB 2D [MON-0x38]
< 50.329s B5 62 02 15 10 00 CD CC CC CC CC CC 30 40 00 00 12 00 00 01 88 42 3D 54 [RXM-0x15]
< 50.350s B5 62 01 07 5C 00 68 42 00 00 E5 07 03 07 00 00 11 F0 FF FF FF FF 00 00 00 00 00 00 24 00 00 00 00 00 00 00 00 00 00 00 00 00 98 BD FF FF FF FF FF FF 00 0C 85 DF 00 00 00 00 00 00 00 00 00 00 00 00 00 00 00 00 00 00 00 00 58 3E 0F 00 80 A8 12 01 0F 27 00 00 5C 40 56 2F 00 00 00 00 00 00 00 00 1B 2D [NAV-0x07]
< 50.350s B5 62 01 01 14 00 68 42 00 00 C4 43 04 26 00 00 00 00 00 00 00 00 00 FA B6 26 C7 C0 [NAV-0x01]
< 50.350s B5 62 01 02 1C 00 68 42 00 00 00 00 00 00 00 00 00 00 00 00 00 00 98 BD FF FF FF FF FF FF 00 0C 85 DF 88 1B [NAV-0x02]
< 50.350s B5 62 01 12 24 00 68 42 00 00 00 00 00 00 00 00 00 00 00 00 00 00 00 00 00 00 00 00 00 00 00 00 00 00 3C 86 01 00 80 A8 12 01 DF 91 [NAV-0x12]
< 50.350s B5 62 01 35 14 00 68 42 00 00 01 01 00 00 00 05 07 A5 00 00 00 00 13 18 00 00 D2 96 [NAV-0x35]
< 50.350s B5 62 01 03 10 00 68 42 00 00 00 40 00 08 00 00 00 00 7C 42 00 00 C4 89 [NAV-0x03]
< 50.350s B5 62 01 04 12 00 68 42 00 00 0F 27 0F 27 0F 27 0F 27 0F 27 0F 27 0F 27 3B 43 [NAV-0x04]
< 50.350s B5 62 01 21 14 00 68 42 00 00 FF FF FF FF 00 00 00 00 E5 07 03 07 00 00 11 F0 D3 33 [NAV-0x21]
< 50.350s B5 62 01 22 14 00 68 42 00 00 00 00 00 00 00 00 00 00 FF FF FF FF 7C 36 39 00 C8 CE [NAV-0x22]
< 50.390s B5 62 01 60 10 00 68 42 00 00 01 00 00 00 00 00 00 00 00 00 00 00 1C BE [NAV-0x60]
< 50.525s B5 62 27 04 6C 00 01 00 70 00 7F CB FD D2 4F 3E 04 27 C9 E0 E3 F9 0E 00 E5 7E 07 B4 88 93 46 4E 9D DC 6A AD 28 AC 0C 4D 89 BA 00 00 00 00 00 00 00 00 00 00 00 00 00 00 00 00 00 00 00 00 00 00 00 00 49 7A ED BF 78 3B 80 F5 91 BE D7 74 9C 6D 48 36 F4 2C 0B 07 FF 6D 73 EE B7 FB CA B2 CE D2 B1 B5 2A 76 E1 67 C3 1F 79 0E F6 6A F3 1A E1 DC 88 98 BF 26 [SEC-0x04]
< 50.546s B5 62 02 15 10 00 00 00 00 00 00 00 31 40 00 00 12 00 00 01 50 43 3E 53 [RXM-0x15]
< 50.546s B5 62 01 07 5C 00 30 43 00 00 E5 07 03 07 00 00 11 F0 FF FF FF FF FF C1 EB 0B 00 00 24 00 00 00 00 00 00 00 00 00 00 00 00 00 98 BD FF FF FF FF FF FF 00 10 85 DF 00 00 00 00 00 00 00 00 00 00 00 00 00 00 00 00 00 00 00 00 58 3E 0F 00 80 A8 12 01 0F 27 00 00 5C 40 56 2F 00 00 00 00 00 00 00 00 9E 74 [NAV-0x07]
< 50.546s B5 62 01 01 14 00 30 43 00 00 C4 43 04 26 00 00 00 00 00 00 00 00 40 FA B6 26 D0 73 [NAV-0x01]
< 50.546s B5 62 01 02 1C 00 30 43 00 00 00 00 00 00 00 00 00 00 00 00 00 00 98 BD FF FF FF FF FF FF 00 10 85 DF 55 22 [NAV-0x02]
< 50.546s B5 62 01 12 24 00 30 43 00 00 00 00 00 00 00 00 00 00 00 00 00 00 00 00 00 00 00 00 00 00 00 00 00 00 3C 86 01 00 80 A8 12 01 A8 D4 [NAV-0x12]
< 50.546s B5 62 01 35 14 00 30 43 00 00 01 01 00 00 00 05 07 A5 00 00 00 00 13 18 00 00 9B 49 [NAV-0x35]
< 50.546s B5 62 01 03 10 00 30 43 00 00 00 40 00 08 00 00 00 00 44 43 00 00 56 3B [NAV-0x03]
< 50.546s B5 62 01 04 12 00 30 43 00 00 0F 27 0F 27 0F 27 0F 27 0F 27 0F 27 0F 27 04 64 [NAV-0x04]
< 50.546s B5 62 01 21 14 00 30 43 00 00 FF FF FF FF FF C1 EB 0B E5 07 03 07 00 00 11 F0 52 B6 [NAV-0x21]
< 50.546s B5 62 01 22 14 00 30 43 00 00 00 00 00 00 00 00 00 00 FF FF FF FF 7C 36 39 00 91 81 [NAV-0x22]
< 50.729s B5 62 01 60 10 00 30 43 00 00 01 00 00 00 00 00 00 00 00 00 00 00 E5 4D [NAV-0x60]
< 50.729s B5 62 02 15 10 00 33 33 33 33 33 33 31 40 00 00 12 00 00 01 18 44 39 07 [RXM-0x15]
< 50.751s B5 62 01 07 5C 00 F8 43 00 00 E5 07 03 07 00 00 11 F0 FF FF FF FF 00 84 D7 17 00 00 24 00 00 00 00 00 00 00 00 00 00 00 00 00 98 BD FF FF FF FF FF FF 00 14 85 DF 00 00 00 00 00 00 00 00 00 00 00 00 00 00 00 00 00 00 00 00 58 3E 0F 00 80 A8 12 01 0F 27 00 00 5C 40 56 2F 00 00 00 00 00 00 00 00 26 21 [NAV-0x07]
< 50.751s B5 62 01 01 14 00 F8 43 00 00 C4 43 04 26 00 00 00 00 00 00 00 00 40 FB B6 26 99 16 [NAV-0x01]
< 50.751s B5 62 01 02 1C 00 F8 43 00 00 00 00 00 00 00 00 00 00 00 00 00 00 98 BD FF FF FF FF FF FF 00 14 85 DF 21 0E [NAV-0x02]
< 50.751s B5 62 01 12 24 00 F8 43 00 00 00 00 00 00 00 00 00 00 00 00 00 00 00 00 00 00 00 00 00 00 00 00 00 00 3C 86 01 00 80 A8 12 01 70 F4 [NAV-0x12]
< 50.751s B5 62 01 35 14 00 F8 43 00 00 01 01 00 00 00 05 08 A5 00 00 00 00 13 18 00 00 64 F3 [NAV-0x35]
< 50.751s B5 62 01 03 10 00 F8 43 00 00 00 40 00 08 00 00 00 00 0C 44 00 00 E7 DE [NAV-0x03]
< 50.751s B5 62 01 04 12 00 F8 43 00 00 0F 27 0F 27 0F 27 0F 27 0F 27 0F 27 0F 27 CC 74 [NAV-0x04]
< 50.751s B5 62 01 21 14 00 F8 43 00 00 FF FF FF FF 00 84 D7 17 E5 07 03 07 00 00 11 F0 D6 67 [NAV-0x21]
< 50.751s B5 62 01 22 14 00 F8 43 00 00 00 00 00 00 00 00 00 00 FF FF FF FF 7C 36 39 00 59 21 [NAV-0x22]
< 50.936s B5 62 01 60 10 00 F8 43 00 00 01 00 00 00 00 00 00 00 00 00 00 00 AD CD [NAV-0x60]
< 50.936s B5 62 02 15 10 00 67 66 66 66 66 66 31 40 00 00 12 00 00 01 E0 44 34 CA [RXM-0x15]
< 50.936s B5 62 01 07 5C 00 C0 44 00 00 E5 07 03 07 00 00 11 F0 FF FF FF FF 00 46 C3 23 00 00 24 00 00 00 00 00 00 00 00 00 00 00 00 00 98 BD FF FF FF FF FF FF 00 17 85 DF 00 00 00 00 00 00 00 00 00 00 00 00 00 00 00 00 00 00 00 00 58 3E 0F 00 80 A8 12 01 0F 27 00 00 5C 40 56 2F 00 00 00 00 00 00 00 00 AC 63 [NAV-0x07]
< 50.936s B5 62 01 01 14 00 C0 44 00 00 C4 43 04 26 00 00 00 00 00 00 00 00 C0 FB B6 26 E2 C9 [NAV-0x01]
< 50.936s B5 62 01 02 1C 00 C0 44 00 00 00 00 00 00 00 00 00 00 00 00 00 00 98 BD FF FF FF FF FF FF 00 17 85 DF ED 12 [NAV-0x02]
< 50.936s B5 62 01 12 24 00 C0 44 00 00 00 00 00 00 00 00 00 00 00 00 00 00 00 00 00 00 00 00 00 00 00 00 00 00 3C 86 01 00 80 A8 12 01 39 37 [NAV-0x12]
< 50.936s B5 62 01 35 14 00 C0 44 00 00 01 01 00 00 00 05 08 A5 00 00 00 00 13 18 00 00 2D A6 [NAV-0x35]
< 50.936s B5 62 01 03 10 00 C0 44 00 00 00 40 00 08 00 00 00 00 D4 44 00 00 78 8D [NAV-0x03]
< 50.936s B5 62 01 04 12 00 C0 44 00 00 0F 27 0F 27 0F 27 0F 27 0F 27 0F 27 0F 27 95 95 [NAV-0x04]
< 50.936s B5 62 01 21 14 00 C0 44 00 00 FF FF FF FF 00 46 C3 23 E5 07 03 07 00 00 11 F0 59 14 [NAV-0x21]
< 50.936s B5 62 01 22 14 00 C0 44 00 00 00 00 00 00 00 00 00 00 FF FF FF FF 7C 36 39 00 22 D4 [NAV-0x22]
< 51.122s B5 62 01 60 10 00 C0 44 00 00 01 00 00 00 00 00 00 00 00 00 00 00 76 5C [NAV-0x60]
< 51.142s B5 62 02 15 10 00 9A 99 99 99 99 99 31 40 00 00 12 00 00 01 A8 45 2F 7E [RXM-0x15]
< 51.142s B5 62 01 07 5C 00 88 45 00 00 E5 07 03 07 00 00 11 F0 FF FF FF FF 00 08 AF 2F 00 00 24 00 00 00 00 00 00 00 00 00 00 00 00 00 98 BD FF FF FF FF FF FF 00 1B 85 DF 00 00 00 00 00 00 00 00 00 00 00 00 00 00 00 00 00 00 00 00 58 3E 0F 00 80 A8 12 01 0F 27 00 00 5C 40 56 2F 00 00 00 00 00 00 00 00 33 D4 [NAV-0x07]
< 51.142s B5 62 01 01 14 00 88 45 00 00 C4 43 04 26 00 00 00 00 00 00 00 00 40 FC B6 26 2C 7F [NAV-0x01]
< 51.142s B5 62 01 02 1C 00 88 45 00 00 00 00 00 00 00 00 00 00 00 00 00 00 98 BD FF FF FF FF FF FF 00 1B 85 DF BA 19 [NAV-0x02]
< 51.142s B5 62 01 12 24 00 88 45 00 00 00 00 00 00 00 00 00 00 00 00 00 00 00 00 00 00 00 00 00 00 00 00 00 00 3C 86 01 00 80 A8 12 01 02 7A [NAV-0x12]
< 51.142s B5 62 01 35 14 00 88 45 00 00 01 01 00 00 00 05 08 A5 00 00 00 00 13 18 00 00 F6 59 [NAV-0x35]
< 51.142s B5 62 01 03 10 00 88 45 00 00 00 40 00 08 00 00 00 00 9C 45 00 00 0A 3F [NAV-0x03]
< 51.142s B5 62 01 04 12 00 88 45 00 00 0F 27 0F 27 0F 27 0F 27 0F 27 0F 27 0F 27 5E B6 [NAV-0x04]
< 51.142s B5 62 01 21 14 00 88 45 00 00 FF FF FF FF 00 08 AF 2F E5 07 03 07 00 00 11 F0 DC C1 [NAV-0x21]
< 51.142s B5 62 01 22 14 00 88 45 00 00 00 00 00 00 00 00 00 00 FF FF FF FF 7C 36 39 00 EB 87 [NAV-0x22]
< 51.310s B5 62 01 60 10 00 88 45 00 00 01 00 00 00 00 00 00 00 00 00 00 00 3F EB [NAV-0x60]
< 51.331s B5 62 0A 38 1C 00 00 01 00 00 00 00 01 02 00 00 00 00 00 00 00 00 56 00 CE 0D 30 06 83 06 89 00 00 00 DB 32 [MON-0x38]
< 51.331s B5 62 02 15 10 00 CD CC CC CC CC CC 31 40 00 00 12 00 00 01 70 46 2A 32 [RXM-0x15]
< 51.331s B5 62 01 07 5C 00 50 46 00 00 E5 07 03 07 00 00 12 F0 FF FF FF FF 00 00 00 00 00 00 24 00 00 00 00 00 00 00 00 00 00 00 00 00 98 BD FF FF FF FF FF FF 00 1E 85 DF 00 00 00 00 00 00 00 00 00 00 00 00 00 00 00 00 00 00 00 00 58 3E 0F 00 80 A8 12 01 0F 27 00 00 5C 40 56 2F 00 00 00 00 00 00 00 00 1A 99 [NAV-0x07]
< 51.331s B5 62 01 01 14 00 50 46 00 00 C4 43 04 26 00 00 00 00 00 00 00 00 00 FD B6 26 B6 35 [NAV-0x01]
< 51.331s B5 62 01 02 1C 00 50 46 00 00 00 00 00 00 00 00 00 00 00 00 00 00 98 BD FF FF FF FF FF FF 00 1E 85 DF 86 1D [NAV-0x02]
< 51.331s B5 62 01 12 24 00 50 46 00 00 00 00 00 00 00 00 00 00 00 00 00 00 00 00 00 00 00 00 00 00 00 00 00 00 3C 86 01 00 80 A8 12 01 CB BD [NAV-0x12]
< 51.331s B5 62 01 35 14 00 50 46 00 00 01 01 00 00 00 05 08 A5 00 00 00 00 13 18 00 00 BF 0C [NAV-0x35]
< 51.354s B5 62 01 03 10 00 50 46 00 00 00 40 00 08 00 00 00 00 64 46 00 00 9C F1 [NAV-0x03]
< 51.354s B5 62 01 04 12 00 50 46 00 00 0F 27 0F 27 0F 27 0F 27 0F 27 0F 27 0F 27 27 D7 [NAV-0x04]
< 51.354s B5 62 01 21 14 00 50 46 00 00 FF FF FF FF 00 00 00 00 E5 07 03 07 00 00 12 F0 C0 A1 [NAV-0x21]
< 51.354s B5 62 01 22 14 00 50 46 00 00 00 00 00 00 00 00 00 00 FF FF FF FF 7C 36 39 00 B4 3A [NAV-0x22]
< 51.539s B5 62 01 60 10 00 50 46 00 00 01 00 00 00 00 00 00 00 00 00 00 00 08 7A [NAV-0x60]
< 51.539s B5 62 02 15 10 00 00 00 00 00 00 00 32 40 00 00 12 00 00 01 38 47 2B 31 [RXM-0x15]
< 51.539s B5 62 01 07 5C 00 18 47 00 00 E5 07 03 07 00 00 12 F0 FF FF FF FF FF C1 EB 0B 00 00 24 00 00 00 00 00 00 00 00 00 00 00 00 00 98 BD FF FF FF FF FF FF 00 22 85 DF 00 00 00 00 00 00 00 00 00 00 00 00 00 00 00 00 00 00 00 00 58 3E 0F 00 80 A8 12 01 0F 27 00 00 5C 40 56 2F 00 00 00 00 00 00 00 00 9D E0 [NAV-0x07]
< 51.539s B5 62 01 01 14 00 18 47 00 00 C4 43 04 26 00 00 00 00 00 00 00 00 C0 FD B6 26 3F E8 [NAV-0x01]
< 51.539s B5 62 01 02 1C 00 18 47 00 00 00 00 00 00 00 00 00 00 00 00 00 00 98 BD FF FF FF FF FF FF 00 22 85 DF 53 24 [NAV-0x02]
< 51.539s B5 62 01 12 24 00 18 47 00 00 00 00 00 00 00 00 00 00 00 00 00 00 00 00 00 00 00 00 00 00 00 00 00 00 3C 86 01 00 80 A8 12 01 94 00 [NAV-0x12]
< 51.539s B5 62 01 35 14 00 18 47 00 00 01 01 00 00 00 05 08 A5 00 00 00 00 13 18 00 00 88 BF [NAV-0x35]
< 51.539s B5 62 01 03 10 00 18 47 00 00 00 40 00 08 00 00 00 00 2C 47 00 00 2E A3 [NAV-0x03]
< 51.539s B5 62 01 04 12 00 18 47 00 00 0F 27 0F 27 0F 27 0F 27 0F 27 0F 27 0F 27 F0 F8 [NAV-0x04]
< 51.539s B5 62 01 21 14 00 18 47 00 00 FF FF FF FF FF C1 EB 0B E5 07 03 07 00 00 12 F0 3F 24 [NAV-0x21]
< 51.539s B5 62 01 22 14 00 18 47 00 00 00 00 00 00 00 00 00 00 FF FF FF FF 7C 36 39 00 7D ED [NAV-0x22]
< 51.726s B5 62 01 60 10 00 18 47 00 00 01 00 00 00 00 00 00 00 00 00 00 00 D1 09 [NAV-0x60]
< 51.748s B5 62 02 15 10 00 33 33 33 33 33 33 32 40 00 00 12 00 00 01 00 48 26 E5 [RXM-0x15]
< 51.748s B5 62 01 07 5C 00 E0 47 00 00 E5 07 03 07 00 00 12 F0 FF FF FF FF 00 84 D7 17 00 00 24 00 00 00 00 00 00 00 00 00 00 00 00 00 98 BD FF FF FF FF FF FF 00 26 85 DF 00 00 00 00 00 00 00 00 00 00 00 00 00 00 00 00 00 00 00 00 58 3E 0F 00 80 A8 12 01 0F 27 00 00 5C 40 56 2F 00 00 00 00 00 00 00 00 25 8D [NAV-0x07]
< 51.748s B5 62 01 01 14 00 E0 47 00 00 C4 43 04 26 00 00 00 00 00 00 00 00 40 FE B6 26 88 8B [NAV-0x01]
< 51.748s B5 62 01 02 1C 00 E0 47 00 00 00 00 00 00 00 00 00 00 00 00 00 00 98 BD FF FF FF FF FF FF 00 26 85 DF 1F 10 [NAV-0x02]
< 51.748s B5 62 01 12 24 00 E0 47 00 00 00 00 00 00 00 00 00 00 00 00 00 00 00 00 00 00 00 00 00 00 00 00 00 00 3C 86 01 00 80 A8 12 01 5C 20 [NAV-0x12]
< 51.748s B5 62 01 35 14 00 E0 47 00 00 01 01 00 00 00 05 08 A5 00 00 00 00 13 18 00 00 50 5F [NAV-0x35]
< 51.748s B5 62 01 03 10 00 E0 47 00 00 00 40 00 08 00 00 00 00 F4 47 00 00 BE 43 [NAV-0x03]
< 51.748s B5 62 01 04 12 00 E0 47 00 00 0F 27 0F 27 0F 27 0F 27 0F 27 0F 27 0F 27 B8 08 [NAV-0x04]
< 51.748s B5 62 01 21 14 00 E0 47 00 00 FF FF FF FF 00 84 D7 17 E5 07 03 07 00 00 12 F0 C3 D5 [NAV-0x21]
< 51.748s B5 62 01 22 14 00 E0 47 00 00 00 00 00 00 00 00 00 00 FF FF FF FF 7C 36 39 00 45 8D [NAV-0x22]
< 51.937s B5 62 01 60 10 00 E0 47 00 00 01 00 00 00 00 00 00 00 00 00 00 00 99 89 [NAV-0x60]
< 51.937s B5 62 02 15 10 00 67 66 66 66 66 66 32 40 00 00 12 00 00 01 C8 48 21 A8 [RXM-0x15]
< 51.937s B5 62 01 07 5C 00 A8 48 00 00 E5 07 03 07 00 00 12 F0 FF FF FF FF 00 46 C3 23 00 00 24 00 00 00 00 00 00 00 00 00 00 00 00 00 98 BD FF FF FF FF FF FF 00 2A 85 DF 00 00 00 00 00 00 00 00 00 00 00 00 00 00 00 00 00 00 00 00 58 3E 0F 00 80 A8 12 01 0F 27 00 00 5C 40 56 2F 00 00 00 00 00 00 00 00 AC FE [NAV-0x07]
< 51.937s B5 62 01 01 14 00 A8 48 00 00 C4 43 04 26 00 00 00 00 00 00 00 00 00 FF B6 26 12 41 [NAV-0x01]
< 51.937s B5 62 01 02 1C 00 A8 48 00 00 00 00 00 00 00 00 00 00 00 00 00 00 98 BD FF FF FF FF FF FF 00 2A 85 DF EC 17 [NAV-0x02]
< 51.937s B5 62 01 12 24 00 A8 48 00 00 00 00 00 00 00 00 00 00 00 00 00 00 00 00 00 00 00 00 00 00 00 00 00 00 3C 86 01 00 80 A8 12 01 25 63 [NAV-0x12]
< 51.937s B5 62 01 35 14 00 A8 48 00 00 01 01 00 00 00 05 07 A5 00 00 00 00 13 18 00 00 18 08 [NAV-0x35]
< 51.937s B5 62 01 03 10 00 A8 48 00 00 00 40 00 08 00 00 00 00 BC 48 00 00 50 F5 [NAV-0x03]
< 51.937s B5 62 01 04 12 00 A8 48 00 00 0F 27 0F 27 0F 27 0F 27 0F 27 0F 27 0F 27 81 29 [NAV-0x04]
< 51.937s B5 62 01 21 14 00 A8 48 00 00 FF FF FF FF 00 46 C3 23 E5 07 03 07 00 00 12 F0 46 82 [NAV-0x21]
< 51.937s B5 62 01 22 14 00 A8 48 00 00 00 00 00 00 00 00 00 00 FF FF FF FF 7C 36 39 00 0E 40 [NAV-0x22]
< 52.127s B5 62 01 60 10 00 A8 48 00 00 01 00 00 00 00 00 00 00 00 00 00 00 62 18 [NAV-0x60]
< 52.148s B5 62 02 15 10 00 9A 99 99 99 99 99 32 40 00 00 12 00 00 01 90 49 1C 5C [RXM-0x15]
< 52.148s B5 62 01 07 5C 00 70 49 00 00 E5 07 03 07 00 00 12 F0 FF FF FF FF 00 08 AF 2F 00 00 24 00 00 00 00 00 00 00 00 00 00 00 00 00 98 BD FF FF FF FF FF FF 00 2D 85 DF 00 00 00 00 00 00 00 00 00 00 00 00 00 00 00 00 00 00 00 00 58 3E 0F 00 80 A8 12 01 0F 27 00 00 5C 40 56 2F 00 00 00 00 00 00 00 00 32 40 [NAV-0x07]
< 52.148s B5 62 01 01 14 00 70 49 00 00 C4 43 04 26 00 00 00 00 00 00 00 00 80 FF B6 26 5B F4 [NAV-0x01]
< 52.148s B5 62 01 02 1C 00 70 49 00 00 00 00 00 00 00 00 00 00 00 00 00 00 98 BD FF FF FF FF FF FF 00 2D 85 DF B8 1B [NAV-0x02]
< 52.148s B5 62 01 12 24 00 70 49 00 00 00 00 00 00 00 00 00 00 00 00 00 00 00 00 00 00 00 00 00 00 00 00 00 00 3C 86 01 00 80 A8 12 01 EE A6 [NAV-0x12]
< 52.148s B5 62 01 35 14 00 70 49 00 00 01 01 00 00 00 05 08 A5 00 00 00 00 13 18 00 00 E2 C5 [NAV-0x35]
< 52.148s B5 62 01 03 10 00 70 49 00 00 00 40 00 08 00 00 00 00 84 49 00 00 E2 A7 [NAV-0x03]
< 52.148s B5 62 01 04 12 00 70 49 00 00 0F 27 0F 27 0F 27 0F 27 0F 27 0F 27 0F 27 4A 4A [NAV-0x04]
< 52.148s B5 62 01 21 14 00 70 49 00 00 FF FF FF FF 00 08 AF 2F E5 07 03 07 00 00 12 F0 C9 2F [NAV-0x21]
< 52.148s B5 62 01 22 14 00 70 49 00 00 00 00 00 00 00 00 00 00 FF FF FF FF 7C 36 39 00 D7 F3 [NAV-0x22]
< 52.299s B5 62 01 60 10 00 70 49 00 00 01 00 00 00 00 00 00 00 00 00 00 00 2B A7 [NAV-0x60]
< 52.321s B5 62 0A 38 1C 00 00 01 00 00 00 00 01 02 00 00 00 00 00 00 00 00 5B 00 CE 0D 30 07 82 06 8A 00 00 00 E1 73 [MON-0x38]
< 52.343s B5 62 02 15 10 00 CD CC CC CC CC CC 32 40 00 00 12 00 00 01 58 4A 17 10 [RXM-0x15]
< 52.343s B5 62 01 07 5C 00 38 4A 00 00 E5 07 03 07 00 00 13 F0 FF FF FF FF 00 00 00 00 00 00 24 00 00 00 00 00 00 00 00 00 00 00 00 00 98 BD FF FF FF FF FF FF 00 31 85 DF 00 00 00 00 00 00 00 00 00 00 00 00 00 00 00 00 00 00 00 00 58 3E 0F 00 80 A8 12 01 0F 27 00 00 5C 40 56 2F 00 00 00 00 00 00 00 00 1A 34 [NAV-0x07]
< 52.343s B5 62 01 01 14 00 38 4A 00 00 C4 43 04 26 00 00 00 00 00 00 00 00 80 00 B7 26 26 AC [NAV-0x01]
< 52.343s B5 62 01 02 1C 00 38 4A 00 00 00 00 00 00 00 00 00 00 00 00 00 00 98 BD FF FF FF FF FF FF 00 31 85 DF 85 22 [NAV-0x02]
< 52.343s B5 62 01 12 24 00 38 4A 00 00 00 00 00 00 00 00 00 00 00 00 00 00 00 00 00 00 00 00 00 00 00 00 00 00 3C 86 01 00 80 A8 12 01 B7 E9 [NAV-0x12]
< 52.343s B5 62 01 35 14 00 38 4A 00 00 01 01 00 00 00 05 08 A5 00 00 00 00 13 18 00 00 AB 78 [NAV-0x35]
< 52.343s B5 62 01 03 10 00 38 4A 00 00 00 40 00 08 00 00 00 00 4C 4A 00 00 74 59 [NAV-0x03]
< 52.343s B5 62 01 04 12 00 38 4A 00 00 0F 27 0F 27 0F 27 0F 27 0F 27 0F 27 0F 27 13 6B [NAV-0x04]
< 52.343s B5 62 01 21 14 00 38 4A 00 00 FF FF FF FF 00 00 00 00 E5 07 03 07 00 00 13 F0 AD 0F [NAV-0x21]
< 52.343s B5 62 01 22 14 00 38 4A 00 00 00 00 00 00 00 00 00 00 FF FF FF FF 7C 36 39 00 A0 A6 [NAV-0x22]
< 52.390s B5 62 01 60 10 00 38 4A 00 00 01 00 00 00 00 00 00 00 00 00 00 00 F4 36 [NAV-0x60]
< 52.543s B5 62 27 04 6C 00 01 00 70 00 3D 81 FB B9 FB 38 DD 2D 33 16 98 92 6B D1 7B 7F 15 5A 43 DC C1 D7 D9 34 61 36 B5 F9 C0 27 5A 6D 00 00 00 00 00 00 00 00 00 00 00 00 00 00 00 00 00 00 00 00 00 00 00 00 06 AD 2C C0 B2 D1 44 2C 05 A4 1A A8 09 94 FC BE 8F E1 BC D4 C8 CC 7E 4A A4 F7 6E D6 88 D1 2E B0 FB 04 DE 7C 7A 2A BF D4 ED 47 82 C4 2C F8 E8 4F B1 FA [SEC-0x04]
< 52.543s B5 62 02 15 10 00 00 00 00 00 00 00 33 40 00 00 12 00 00 01 20 4B 18 0F [RXM-0x15]
< 52.543s B5 62 01 07 5C 00 00 4B 00 00 E5 07 03 07 00 00 13 F0 FF FF FF FF FF C1 EB 0B 00 00 24 00 00 00 00 00 00 00 00 00 00 00 00 00 98 BD FF FF FF FF FF FF 00 36 85 DF 00 00 00 00 00 00 00 00 00 00 00 00 00 00 00 00 00 00 00 00 58 3E 0F 00 80 A8 12 01 0F 27 00 00 5C 40 56 2F 00 00 00 00 00 00 00 00 9E AA [NAV-0x07]
< 52.543s B5 62 01 01 14 00 00 4B 00 00 C4 43 04 26 00 00 00 00 00 00 00 00 40 01 B7 26 B0 62 [NAV-0x01]
< 52.543s B5 62 01 02 1C 00 00 4B 00 00 00 00 00 00 00 00 00 00 00 00 00 00 98 BD FF FF FF FF FF FF 00 36 85 DF 53 2C [NAV-0x02]
< 52.543s B5 62 01 12 24 00 00 4B 00 00 00 00 00 00 00 00 00 00 00 00 00 00 00 00 00 00 00 00 00 00 00 00 00 00 3C 86 01 00 80 A8 12 01 80 2C [NAV-0x12]
< 52.543s B5 62 01 35 14 00 00 4B 00 00 01 01 00 00 00 05 08 A5 00 00 00 00 13 18 00 00 74 2B [NAV-0x35]
< 52.543s B5 62 01 03 10 00 00 4B 00 00 00 40 00 08 00 00 00 00 14 4B 00 00 06 0B [NAV-0x03]
< 52.543s B5 62 01 04 12 00 00 4B 00 00 0F 27 0F 27 0F 27 0F 27 0F 27 0F 27 0F 27 DC 8C [NAV-0x04]
< 52.543s B5 62 01 21 14 00 00 4B 00 00 FF FF FF FF FF C1 EB 0B E5 07 03 07 00 00 13 F0 2C 92 [NAV-0x21]
< 52.543s B5 62 01 22 14 00 00 4B 00 00 00 00 00 00 00 00 00 00 FF FF FF FF 7C 36 39 00 69 59 [NAV-0x22]
< 52.739s B5 62 01 60 10 00 00 4B 00 00 01 00 00 00 00 00 00 00 00 00 00 00 BD C5 [NAV-0x60]
< 52.739s B5 62 02 15 10 00 33 33 33 33 33 33 33 40 00 00 12 00 00 01 E8 4B 12 C2 [RXM-0x15]
< 52.739s B5 62 01 07 5C 00 C8 4B 00 00 E5 07 03 07 00 00 13 F0 FF FF FF FF 00 84 D7 17 00 00 24 00 00 00 00 00 00 00 00 00 00 00 00 00 98 BD FF FF FF FF FF FF 00 3A 85 DF 00 00 00 00 00 00 00 00 00 00 00 00 00 00 00 00 00 00 00 00 58 3E 0F 00 80 A8 12 01 0F 27 00 00 5C 40 56 2F 00 00 00 00 00 00 00 00 26 57 [NAV-0x07]
< 52.739s B5 62 01 01 14 00 C8 4B 00 00 C4 43 04 26 00 00 00 00 00 00 00 00 C0 01 B7 26 F8 02 [NAV-0x01]
< 52.739s B5 62 01 02 1C 00 C8 4B 00 00 00 00 00 00 00 00 00 00 00 00 00 00 98 BD FF FF FF FF FF FF 00 3A 85 DF 1F 18 [NAV-0x02]
< 52.739s B5 62 01 12 24 00 C8 4B 00 00 00 00 00 00 00 00 00 00 00 00 00 00 00 00 00 00 00 00 00 00 00 00 00 00 3C 86 01 00 80 A8 12 01 48 4C [NAV-0x12]
< 52.739s B5 62 01 35 14 00 C8 4B 00 00 01 01 00 00 00 05 08 A5 00 00 00 00 13 18 00 00 3C CB [NAV-0x35]
< 52.739s B5 62 01 03 10 00 C8 4B 00 00 00 40 00 08 00 00 00 00 DC 4B 00 00 96 AB [NAV-0x03]
< 52.739s B5 62 01 04 12 00 C8 4B 00 00 0F 27 0F 27 0F 27 0F 27 0F 27 0F 27 0F 27 A4 9C [NAV-0x04]
< 52.739s B5 62 01 21 14 00 C8 4B 00 00 FF FF FF FF 00 84 D7 17 E5 07 03 07 00 00 13 F0 B0 43 [NAV-0x21]
< 52.739s B5 62 01 22 14 00 C8 4B 00 00 00 00 00 00 00 00 00 00 FF FF FF FF 7C 36 39 00 31 F9 [NAV-0x22]
< 52.938s B5 62 01 60 10 00 C8 4B 00 00 01 00 00 00 00 00 00 00 00 00 00 00 85 45 [NAV-0x60]
< 52.938s B5 62 02 15 10 00 67 66 66 66 66 66 33 40 00 00 12 00 00 01 B0 4C 0E 86 [RXM-0x15]
< 52.938s B5 62 01 07 5C 00 90 4C 00 00 E5 07 03 07 00 00 13 F0 FF FF FF FF 00 46 C3 23 00 00 24 00 00 00 00 00 00 00 00 00 00 00 00 00 98 BD FF FF FF FF FF FF 00 3E 85 DF 00 00 00 00 00 00 00 00 00 00 00 00 00 00 00 00 00 00 00 00 58 3E 0F 00 80 A8 12 01 0F 27 00 00 5C 40 56 2F 00 00 00 00 00 00 00 00 AD C8 [NAV-0x07]
< 52.938s B5 62 01 01 14 00 90 4C 00 00 C4 43 04 26 00 00 00 00 00 00 00 00 40 02 B7 26 42 B8 [NAV-0x01]
< 52.938s B5 62 01 02 1C 00 90 4C 00 00 00 00 00 00 00 00 00 00 00 00 00 00 98 BD FF FF FF FF FF FF 00 3E 85 DF EC 1F [NAV-0x02]
< 52.938s B5 62 01 12 24 00 90 4C 00 00 00 00 00 00 00 00 00 00 00 00 00 00 00 00 00 00 00 00 00 00 00 00 00 00 3C 86 01 00 80 A8 12 01 11 8F [NAV-0x12]
< 52.938s B5 62 01 35 14 00 90 4C 00 00 01 01 00 00 00 05 08 A5 00 00 00 00 13 18 00 00 05 7E [NAV-0x35]
< 52.938s B5 62 01 03 10 00 90 4C 00 00 00 40 00 08 00 00 00 00 A4 4C 00 00 28 5D [NAV-0x03]
< 52.938s B5 62 01 04 12 00 90 4C 00 00 0F 27 0F 27 0F 27 0F 27 0F 27 0F 27 0F 27 6D BD [NAV-0x04]
< 52.938s B5 62 01 21 14 00 90 4C 00 00 FF FF FF FF 00 46 C3 23 E5 07 03 07 00 00 13 F0 33 F0 [NAV-0x21]
< 52.938s B5 62 01 22 14 00 90 4C 00 00 00 00 00 00 00 00 00 00 FF FF FF FF 7C 36 39 00 FA AC [NAV-0x22]
< 53.135s B5 62 01 60 10 00 90 4C 00 00 01 00 00 00 00 00 00 00 00 00 00 00 4E D4 [NAV-0x60]
< 53.135s B5 62 02 15 10 00 9A 99 99 99 99 99 33 40 00 00 12 00 00 01 78 4D 09 3A [RXM-0x15]
< 53.135s B5 62 01 07 5C 00 58 4D 00 00 E5 07 03 07 00 00 13 F0 FF FF FF FF 00 08 AF 2F 00 00 24 00 00 00 00 00 00 00 00 00 00 00 00 00 98 BD FF FF FF FF FF FF 00 42 85 DF 00 00 00 00 00 00 00 00 00 00 00 00 00 00 00 00 00 00 00 00 58 3E 0F 00 80 A8 12 01 0F 27 00 00 5C 40 56 2F 00 00 00 00 00 00 00 00 34 39 [NAV-0x07]
< 53.135s B5 62 01 01 14 00 58 4D 00 00 C4 43 04 26 00 00 00 00 00 00 00 00 40 03 B7 26 0C 6E [NAV-0x01]
< 53.135s B5 62 01 02 1C 00 58 4D 00 00 00 00 00 00 00 00 00 00 00 00 00 00 98 BD FF FF FF FF FF FF 00 42 85 DF B9 26 [NAV-0x02]
< 53.135s B5 62 01 12 24 00 58 4D 00 00 00 00 00 00 00 00 00 00 00 00 00 00 00 00 00 00 00 00 00 00 00 00 00 00 3C 86 01 00 80 A8 12 01 DA D2 [NAV-0x12]
< 53.135s B5 62 01 35 14 00 58 4D 00 00 01 01 00 00 00 05 08 A5 00 00 00 00 13 18 00 00 CE 31 [NAV-0x35]
< 53.135s B5 62 01 03 10 00 58 4D 00 00 00 40 00 08 00 00 00 00 6C 4D 00 00 BA 0F [NAV-0x03]
< 53.135s B5 62 01 04 12 00 58 4D 00 00 0F 27 0F 27 0F 27 0F 27 0F 27 0F 27 0F 27 36 DE [NAV-0x04]
< 53.135s B5 62 01 21 14 00 58 4D 00 00 FF FF FF FF 00 08 AF 2F E5 07 03 07 00 00 13 F0 B6 9D [NAV-0x21]
< 53.158s B5 62 01 22 14 00 58 4D 00 00 00 00 00 00 00 00 00 00 FF FF FF FF 7C 36 39 00 C3 5F [NAV-0x22]
< 53.294s B5 62 01 60 10 00 58 4D 00 00 01 00 00 00 00 00 00 00 00 00 00 00 17 63 [NAV-0x60]
< 53.340s B5 62 0A 38 1C 00 00 01 00 00 00 00 01 02 00 00 00 00 00 00 00 00 5B 00 CE 0D 31 07 84 06 88 00 00 00 E2 7F [MON-0x38]
< 53.340s B5 62 02 15 10 00 CD CC CC CC CC CC 33 40 00 00 12 00 00 01 40 4E 04 EE [RXM-0x15]
< 53.340s B5 62 01 07 5C 00 20 4E 00 00 E5 07 03 07 00 00 14 F0 FF FF FF FF 00 00 00 00 00 00 24 00 00 00 00 00 00 00 00 00 00 00 00 00 98 BD FF FF FF FF FF FF 00 46 85 DF 00 00 00 00 00 00 00 00 00 00 00 00 00 00 00 00 00 00 00 00 58 3E 0F 00 80 A8 12 01 0F 27 00 00 5C 40 56 2F 00 00 00 00 00 00 00 00 1C 2D [NAV-0x07]
< 53.340s B5 62 01 01 14 00 20 4E 00 00 C4 43 04 26 00 00 00 00 00 00 00 00 00 04 B7 26 96 24 [NAV-0x01]
< 53.340s B5 62 01 02 1C 00 20 4E 00 00 00 00 00 00 00 00 00 00 00 00 00 00 98 BD FF FF FF FF FF FF 00 46 85 DF 86 2D [NAV-0x02]
< 53.340s B5 62 01 12 24 00 20 4E 00 00 00 00 00 00 00 00 00 00 00 00 00 00 00 00 00 00 00 00 00 00 00 00 00 00 3C 86 01 00 80 A8 12 01 A3 15 [NAV-0x12]
< 53.340s B5 62 01 35 14 00 20 4E 00 00 01 01 00 00 00 05 08 A5 00 00 00 00 13 18 00 00 97 E4 [NAV-0x35]
< 53.340s B5 62 01 03 10 00 20 4E 00 00 00 40 00 08 00 00 00 00 34 4E 00 00 4C C1 [NAV-0x03]
< 53.340s B5 62 01 04 12 00 20 4E 00 00 0F 27 0F 27 0F 27 0F 27 0F 27 0F 27 0F 27 FF FF [NAV-0x04]
< 53.340s B5 62 01 21 14 00 20 4E 00 00 FF FF FF FF 00 00 00 00 E5 07 03 07 00 00 14 F0 9A 7D [NAV-0x21]
< 53.340s B5 62 01 22 14 00 20 4E 00 00 00 00 00 00 00 00 00 00 FF FF FF FF 7C 36 39 00 8C 12 [NAV-0x22]
< 53.532s B5 62 01 60 10 00 20 4E 00 00 01 00 00 00 00 00 00 00 00 00 00 00 E0 F2 [NAV-0x60]
< 53.532s B5 62 02 15 10 00 00 00 00 00 00 00 34 40 00 00 12 00 00 01 08 4F 05 ED [RXM-0x15]
< 53.532s B5 62 01 07 5C 00 E8 4E 00 00 E5 07 03 07 00 00 14 F0 FF FF FF FF FF C1 EB 0B 00 00 24 00 00 00 00 00 00 00 00 00 00 00 00 00 98 BD FF FF FF FF FF FF 00 4A 85 DF 00 00 00 00 00 00 00 00 00 00 00 00 00 00 00 00 00 00 00 00 58 3E 0F 00 80 A8 12 01 0F 27 00 00 5C 40 56 2F 00 00 00 00 00 00 00 00 9E 19 [NAV-0x07]
< 53.532s B5 62 01 01 14 00 E8 4E 00 00 C4 43 04 26 00 00 00 00 00 00 00 00 C0 04 B7 26 1E C4 [NAV-0x01]
< 53.532s B5 62 01 02 1C 00 E8 4E 00 00 00 00 00 00 00 00 00 00 00 00 00 00 98 BD FF FF FF FF FF FF 00 4A 85 DF 52 19 [NAV-0x02]
< 53.532s B5 62 01 12 24 00 E8 4E 00 00 00 00 00 00 00 00 00 00 00 00 00 00 00 00 00 00 00 00 00 00 00 00 00 00 3C 86 01 00 80 A8 12 01 6B 35 [NAV-0x12]
< 53.556s B5 62 01 35 14 00 E8 4E 00 00 01 01 00 00 00 05 08 A5 00 00 00 00 13 18 00 00 5F 84 [NAV-0x35]
< 53.556s B5 62 01 03 10 00 E8 4E 00 00 00 40 00 08 00 00 00 00 FC 4E 00 00 DC 61 [NAV-0x03]
< 53.556s B5 62 01 04 12 00 E8 4E 00 00 0F 27 0F 27 0F 27 0F 27 0F 27 0F 27 0F 27 C7 0F [NAV-0x04]
< 53.556s B5 62 01 21 14 00 E8 4E 00 00 FF FF FF FF FF C1 EB 0B E5 07 03 07 00 00 14 F0 18 ED [NAV-0x21]
< 53.556s B5 62 01 22 14 00 E8 4E 00 00 00 00 00 00 00 00 00 00 FF FF FF FF 7C 36 39 00 54 B2 [NAV-0x22]
< 53.737s B5 62 01 60 10 00 E8 4E 00 00 01 00 00 00 00 00 00 00 00 00 00 00 A8 72 [NAV-0x60]
< 53.737s B5 62 02 15 10 00 33 33 33 33 33 33 34 40 00 00 12 00 00 01 D0 4F FF A0 [RXM-0x15]
< 53.737s B5 62 01 07 5C 00 B0 4F 00 00 E5 07 03 07 00 00 14 F0 FF FF FF FF 00 84 D7 17 00 00 24 00 00 00 00 00 00 00 00 00 00 00 00 00 98 BD FF FF FF FF FF FF 00 4E 85 DF 00 00 00 00 00 00 00 00 00 00 00 00 00 00 00 00 00 00 00 00 58 3E 0F 00 80 A8 12 01 0F 27 00 00 5C 40 56 2F 00 00 00 00 00 00 00 00 27 21 [NAV-0x07]
< 53.737s B5 62 01 01 14 00 B0 4F 00 00 C4 43 04 26 00 00 00 00 00 00 00 00 80 05 B7 26 A8 7A [NAV-0x01]
< 53.737s B5 62 01 02 1C 00 B0 4F 00 00 00 00 00 00 00 00 00 00 00 00 00 00 98 BD FF FF FF FF FF FF 00 4E 85 DF 1F 20 [NAV-0x02]
< 53.737s B5 62 01 12 24 00 B0 4F 00 00 00 00 00 00 00 00 00 00 00 00 00 00 00 00 00 00 00 00 00 00 00 00 00 00 3C 86 01 00 80 A8 12 01 34 78 [NAV-0x12]
< 53.737s B5 62 01 35 14 00 B0 4F 00 00 01 01 00 00 00 05 08 A5 00 00 00 00 13 18 00 00 28 37 [NAV-0x35]
< 53.737s B5 62 01 03 10 00 B0 4F 00 00 00 40 00 08 00 00 00 00 C4 4F 00 00 6E 13 [NAV-0x03]
< 53.737s B5 62 01 04 12 00 B0 4F 00 00 0F 27 0F 27 0F 27 0F 27 0F 27 0F 27 0F 27 90 30 [NAV-0x04]
< 53.737s B5 62 01 21 14 00 B0 4F 00 00 FF FF FF FF 00 84 D7 17 E5 07 03 07 00 00 14 F0 9D B1 [NAV-0x21]
< 53.737s B5 62 01 22 14 00 B0 4F 00 00 00 00 00 00 00 00 00 00 FF FF FF FF 7C 36 39 00 1D 65 [NAV-0x22]
< 53.922s B5 62 01 60 10 00 B0 4F 00 00 01 00 00 00 00 00 00 00 00 00 00 00 71 01 [NAV-0x60]
< 53.947s B5 62 02 15 10 00 67 66 66 66 66 66 34 40 00 00 12 00 00 01 98 50 FB 64 [RXM-0x15]
< 53.947s B5 62 01 07 5C 00 78 50 00 00 E5 07 03 07 00 00 14 F0 FF FF FF FF 00 46 C3 23 00 00 24 00 00 00 00 00 00 00 00 00 00 00 00 00 98 BD FF FF FF FF FF FF 00 52 85 DF 00 00 00 00 00 00 00 00 00 00 00 00 00 00 00 00 00 00 00 00 58 3E 0F 00 80 A8 12 01 0F 27 00 00 5C 40 56 2F 00 00 00 00 00 00 00 00 AE 92 [NAV-0x07]
< 53.947s B5 62 01 01 14 00 78 50 00 00 C4 43 04 26 00 00 00 00 00 00 00 00 00 06 B7 26 F2 30 [NAV-0x01]
< 53.947s B5 62 01 02 1C 00 78 50 00 00 00 00 00 00 00 00 00 00 00 00 00 00 98 BD FF FF FF FF FF FF 00 52 85 DF EC 27 [NAV-0x02]
< 53.947s B5 62 01 12 24 00 78 50 00 00 00 00 00 00 00 00 00 00 00 00 00 00 00 00 00 00 00 00 00 00 00 00 00 00 3C 86 01 00 80 A8 12 01 FD BB [NAV-0x12]
< 53.947s B5 62 01 35 14 00 78 50 00 00 01 01 00 00 00 05 08 A5 00 00 00 00 13 18 00 00 F1 EA [NAV-0x35]
< 53.947s B5 62 01 03 10 00 78 50 00 00 00 40 00 08 00 00 00 00 8C 50 00 00 00 C5 [NAV-0x03]
< 53.947s B5 62 01 04 12 00 78 50 00 00 0F 27 0F 27 0F 27 0F 27 0F 27 0F 27 0F 27 59 51 [NAV-0x04]
< 53.947s B5 62 01 21 14 00 78 50 00 00 FF FF FF FF 00 46 C3 23 E5 07 03 07 00 00 14 F0 20 5E [NAV-0x21]
< 53.947s B5 62 01 22 14 00 78 50 00 00 00 00 00 00 00 00 00 00 FF FF FF FF 7C 36 39 00 E6 18 [NAV-0x22]
< 54.133s B5 62 01 60 10 00 78 50 00 00 01 00 00 00 00 00 00 00 00 00 00 00 3A 90 [NAV-0x60]
< 54.133s B5 62 02 15 10 00 9A 99 99 99 99 99 34 40 00 00 12 00 00 01 60 51 F6 18 [RXM-0x15]
< 54.133s B5 62 01 07 5C 00 40 51 00 00 E5 07 03 07 00 00 14 F0 FF FF FF FF 00 08 AF 2F 00 00 24 00 00 00 00 00 00 00 00 00 00 00 00 00 98 BD FF FF FF FF FF FF 00 57 85 DF 00 00 00 00 00 00 00 00 00 00 00 00 00 00 00 00 00 00 00 00 58 3E 0F 00 80 A8 12 01 0F 27 00 00 5C 40 56 2F 00 00 00 00 00 00 00 00 36 32 [NAV-0x07]
< 54.133s B5 62 01 01 14 00 40 51 00 00 C4 43 04 26 00 00 00 00 00 00 00 00 C0 06 B7 26 7B E3 [NAV-0x01]
< 54.133s B5 62 01 02 1C 00 40 51 00 00 00 00 00 00 00 00 00 00 00 00 00 00 98 BD FF FF FF FF FF FF 00 57 85 DF BA 31 [NAV-0x02]
< 54.133s B5 62 01 12 24 00 40 51 00 00 00 00 00 00 00 00 00 00 00 00 00 00 00 00 00 00 00 00 00 00 00 00 00 00 3C 86 01 00 80 A8 12 01 C6 FE [NAV-0x12]
< 54.133s B5 62 01 35 14 00 40 51 00 00 01 01 00 00 00 05 08 A5 00 00 00 00 13 18 00 00 BA 9D [NAV-0x35]
< 54.133s B5 62 01 03 10 00 40 51 00 00 00 40 00 08 00 00 00 00 54 51 00 00 92 77 [NAV-0x03]
< 54.133s B5 62 01 04 12 00 40 51 00 00 0F 27 0F 27 0F 27 0F 27 0F 27 0F 27 0F 27 22 72 [NAV-0x04]
< 54.133s B5 62 01 21 14 00 40 51 00 00 FF FF FF FF 00 08 AF 2F E5 07 03 07 00 00 14 F0 A3 0B [NAV-0x21]
< 54.133s B5 62 01 22 14 00 40 51 00 00 00 00 00 00 00 00 00 00 FF FF FF FF 7C 36 39 00 AF CB [NAV-0x22]
< 54.298s B5 62 01 60 10 00 40 51 00 00 01 00 00 00 00 00 00 00 00 00 00 00 03 1F [NAV-0x60]
< 54.322s B5 62 0A 38 1C 00 00 01 00 00 00 00 01 02 00 00 00 00 00 00 00 00 5B 00 CE 0D 32 07 85 07 89 00 00 00 E6 96 [MON-0x38]
< 54.346s B5 62 02 15 10 00 CD CC CC CC CC CC 34 40 00 00 12 00 00 01 28 52 F1 CC [RXM-0x15]
< 54.346s B5 62 01 07 5C 00 08 52 00 00 E5 07 03 07 00 00 15 F0 FF FF FF FF 00 00 00 00 00 00 24 00 00 00 00 00 00 00 00 00 00 00 00 00 98 BD FF FF FF FF FF FF 00 5B 85 DF 00 00 00 00 00 00 00 00 00 00 00 00 00 00 00 00 00 00 00 00 58 3E 0F 00 80 A8 12 01 0F 27 00 00 5C 40 56 2F 00 00 00 00 00 00 00 00 1E 26 [NAV-0x07]
< 54.346s B5 62 01 01 14 00 08 52 00 00 C4 43 04 26 00 00 00 00 00 00 00 00 C0 07 B7 26 45 99 [NAV-0x01]
< 54.346s B5 62 01 02 1C 00 08 52 00 00 00 00 00 00 00 00 00 00 00 00 00 00 98 BD FF FF FF FF FF FF 00 5B 85 DF 87 38 [NAV-0x02]
< 54.346s B5 62 01 12 24 00 08 52 00 00 00 00 00 00 00 00 00 00 00 00 00 00 00 00 00 00 00 00 00 00 00 00 00 00 3C 86 01 00 80 A8 12 01 8F 41 [NAV-0x12]
< 54.346s B5 62 01 35 14 00 08 52 00 00 01 01 00 00 00 05 08 A5 00 00 00 00 13 18 00 00 83 50 [NAV-0x35]
< 54.346s B5 62 01 03 10 00 08 52 00 00 00 40 00 08 00 00 00 00 1C 52 00 00 24 29 [NAV-0x03]
< 54.346s B5 62 01 04 12 00 08 52 00 00 0F 27 0F 27 0F 27 0F 27 0F 27 0F 27 0F 27 EB 93 [NAV-0x04]
< 54.346s B5 62 01 21 14 00 08 52 00 00 FF FF FF FF 00 00 00 00 E5 07 03 07 00 00 15 F0 87 EB [NAV-0x21]
< 54.346s B5 62 01 22 14 00 08 52 00 00 00 00 00 00 00 00 00 00 FF FF FF FF 7C 36 39 00 78 7E [NAV-0x22]
< 54.393s B5 62 01 60 10 00 08 52 00 00 01 00 00 00 00 00 00 00 00 00 00 00 CC AE [NAV-0x60]
< 54.533s B5 62 27 04 6C 00 01 00 70 00 99 AD 36 49 40 B7 A8 BE AA 0C B4 5A 88 F7 37 2B A3 70 AE C5 D7 84 DE 4A 14 4E DE 49 F4 F0 57 3F 00 00 00 00 00 00 00 00 00 00 00 00 00 00 00 00 00 00 00 00 00 00 00 00 0B 3C 97 6E F3 5D 6C 2D 5D F3 AE E7 EA F8 CC 26 03 01 B3 AD 95 A1 9B B9 64 DE 62 C1 DC A1 2A 11 BC 14 D2 C9 D0 04 F3 CA 55 AA 0E 55 82 B9 33 F5 95 11 [SEC-0x04]
< 54.533s B5 62 02 15 10 00 00 00 00 00 00 00 35 40 00 00 12 00 00 01 F0 52 F1 CA [RXM-0x15]
< 54.533s B5 62 01 07 5C 00 D0 52 00 00 E5 07 03 07 00 00 15 F0 FF FF FF FF FF C1 EB 0B 00 00 24 00 00 00 00 00 00 00 00 00 00 00 00 00 98 BD FF FF FF FF FF FF 00 60 85 DF 00 00 00 00 00 00 00 00 00 00 00 00 00 00 00 00 00 00 00 00 58 3E 0F 00 80 A8 12 01 0F 27 00 00 5C 40 56 2F 00 00 00 00 00 00 00 00 A1 41 [NAV-0x07]
< 54.533s B5 62 01 01 14 00 D0 52 00 00 C4 43 04 26 00 00 00 00 00 00 00 00 80 08 B7 26 CE 3C [NAV-0x01]
< 54.558s B5 62 01 02 1C 00 D0 52 00 00 00 00 00 00 00 00 00 00 00 00 00 00 98 BD FF FF FF FF FF FF 00 60 85 DF 54 27 [NAV-0x02]
< 54.558s B5 62 01 12 24 00 D0 52 00 00 00 00 00 00 00 00 00 00 00 00 00 00 00 00 00 00 00 00 00 00 00 00 00 00 3C 86 01 00 80 A8 12 01 57 61 [NAV-0x12]
< 54.558s B5 62 01 35 14 00 D0 52 00 00 01 01 00 00 00 05 08 A5 00 00 00 00 13 18 00 00 4B F0 [NAV-0x35]
< 54.558s B5 62 01 03 10 00 D0 52 00 00 00 40 00 08 00 00 00 00 E4 52 00 00 B4 C9 [NAV-0x03]
< 54.558s B5 62 01 04 12 00 D0 52 00 00 0F 27 0F 27 0F 27 0F 27 0F 27 0F 27 0F 27 B3 A3 [NAV-0x04]
< 54.558s B5 62 01 21 14 00 D0 52 00 00 FF FF FF FF FF C1 EB 0B E5 07 03 07 00 00 15 F0 05 5B [NAV-0x21]
< 54.558s B5 62 01 22 14 00 D0 52 00 00 00 00 00 00 00 00 00 00 FF FF FF FF 7C 36 39 00 40 1E [NAV-0x22]
< 54.722s B5 62 01 60 10 00 D0 52 00 00 01 00 00 00 00 00 00 00 00 00 00 00 94 2E [NAV-0x60]
< 54.746s B5 62 02 15 10 00 33 33 33 33 33 33 35 40 00 00 12 00 00 01 B8 53 EC 7E [RXM-0x15]
< 54.746s B5 62 01 07 5C 00 98 53 00 00 E5 07 03 07 00 00 15 F0 FF FF FF FF 00 84 D7 17 00 00 24 00 00 00 00 00 00 00 00 00 00 00 00 00 98 BD FF FF FF FF FF FF 00 64 85 DF 00 00 00 00 00 00 00 00 00 00 00 00 00 00 00 00 00 00 00 00 58 3E 0F 00 80 A8 12 01 0F 27 00 00 5C 40 56 2F 00 00 00 00 00 00 00 00 2A 49 [NAV-0x07]
< 54.746s B5 62 01 01 14 00 98 53 00 00 C4 43 04 26 00 00 00 00 00 00 00 00 40 09 B7 26 58 F2 [NAV-0x01]
< 54.746s B5 62 01 02 1C 00 98 53 00 00 00 00 00 00 00 00 00 00 00 00 00 00 98 BD FF FF FF FF FF FF 00 64 85 DF 21 2E [NAV-0x02]
< 54.746s B5 62 01 12 24 00 98 53 00 00 00 00 00 00 00 00 00 00 00 00 00 00 00 00 00 00 00 00 00 00 00 00 00 00 3C 86 01 00 80 A8 12 01 20 A4 [NAV-0x12]
< 54.746s B5 62 01 35 14 00 98 53 00 00 01 01 00 00 00 05 08 A5 00 00 00 00 13 18 00 00 14 A3 [NAV-0x35]
< 54.746s B5 62 01 03 10 00 98 53 00 00 00 40 00 08 00 00 00 00 AC 53 00 00 46 7B [NAV-0x03]
< 54.746s B5 62 01 04 12 00 98 53 00 00 0F 27 0F 27 0F 27 0F 27 0F 27 0F 27 0F 27 7C C4 [NAV-0x04]
< 54.746s B5 62 01 21 14 00 98 53 00 00 FF FF FF FF 00 84 D7 17 E5 07 03 07 00 00 15 F0 8A 1F [NAV-0x21]
< 54.746s B5 62 01 22 14 00 98 53 00 00 00 00 00 00 00 00 00 00 FF FF FF FF 7C 36 39 00 09 D1 [NAV-0x22]
< 54.934s B5 62 01 60 10 00 98 53 00 00 01 00 00 00 00 00 00 00 00 00 00 00 5D BD [NAV-0x60]
< 54.934s B5 62 02 15 10 00 67 66 66 66 66 66 35 40 00 00 12 00 00 01 80 54 E8 42 [RXM-0x15]
< 54.934s B5 62 01 07 5C 00 60 54 00 00 E5 07 03 07 00 00 15 F0 FF FF FF FF 00 46 C3 23 00 00 24 00 00 00 00 00 00 00 00 00 00 00 00 00 98 BD FF FF FF FF FF FF 00 69 85 DF 00 00 00 00 00 00 00 00 00 00 00 00 00 00 00 00 00 00 00 00 58 3E 0F 00 80 A8 12 01 0F 27 00 00 5C 40 56 2F 00 00 00 00 00 00 00 00 B2 E9 [NAV-0x07]
< 54.934s B5 62 01 01 14 00 60 54 00 00 C4 43 04 26 00 00 00 00 00 00 00 00 00 0A B7 26 E2 A8 [NAV-0x01]
< 54.934s B5 62 01 02 1C 00 60 54 00 00 00 00 00 00 00 00 00 00 00 00 00 00 98 BD FF FF FF FF FF FF 00 69 85 DF EF 38 [NAV-0x02]
< 54.934s B5 62 01 12 24 00 60 54 00 00 00 00 00 00 00 00 00 00 00 00 00 00 00 00 00 00 00 00 00 00 00 00 00 00 3C 86 01 00 80 A8 12 01 E9 E7 [NAV-0x12]
< 54.934s B5 62 01 35 14 00 60 54 00 00 01 01 00 00 00 05 08 A5 00 00 00 00 13 18 00 00 DD 56 [NAV-0x35]
< 54.934s B5 62 01 03 10 00 60 54 00 00 00 40 00 08 00 00 00 00 74 54 00 00 D8 2D [NAV-0x03]
< 54.934s B5 62 01 04 12 00 60 54 00 00 0F 27 0F 27 0F 27 0F 27 0F 27 0F 27 0F 27 45 E5 [NAV-0x04]
< 54.934s B5 62 01 21 14 00 60 54 00 00 FF FF FF FF 00 46 C3 23 E5 07 03 07 00 00 15 F0 0D CC [NAV-0x21]
< 54.934s B5 62 01 22 14 00 60 54 00 00 00 00 00 00 00 00 00 00 FF FF FF FF 7C 36 39 00 D2 84 [NAV-0x22]
< 55.123s B5 62 01 60 10 00 60 54 00 00 01 00 00 00 00 00 00 00 00 00 00 00 26 4C [NAV-0x60]
< 55.146s B5 62 02 15 10 00 9A 99 99 99 99 99 35 40 00 00 12 00 00 01 48 55 E3 F6 [RXM-0x15]
< 55.146s B5 62 01 07 5C 00 28 55 00 00 E5 07 03 07 00 00 15 F0 FF FF FF FF 00 08 AF 2F 00 00 24 00 00 00 00 00 00 00 00 00 00 00 00 00 98 BD FF FF FF FF FF FF 00 6D 85 DF 00 00 00 00 00 00 00 00 00 00 00 00 00 00 00 00 00 00 00 00 58 3E 0F 00 80 A8 12 01 0F 27 00 00 5C 40 56 2F 00 00 00 00 00 00 00 00 39 5A [NAV-0x07]
< 55.146s B5 62 01 01 14 00 28 55 00 00 C4 43 04 26 00 00 00 00 00 00 00 00 C0 0A B7 26 6B 5B [NAV-0x01]
< 55.146s B5 62 01 02 1C 00 28 55 00 00 00 00 00 00 00 00 00 00 00 00 00 00 98 BD FF FF FF FF FF FF 00 6D 85 DF BC 3F [NAV-0x02]
< 55.146s B5 62 01 12 24 00 28 55 00 00 00 00 00 00 00 00 00 00 00 00 00 00 00 00 00 00 00 00 00 00 00 00 00 00 3C 86 01 00 80 A8 12 01 B2 2A [NAV-0x12]
< 55.146s B5 62 01 35 14 00 28 55 00 00 01 01 00 00 00 05 08 A5 00 00 00 00 13 18 00 00 A6 09 [NAV-0x35]
< 55.146s B5 62 01 03 10 00 28 55 00 00 00 40 00 08 00 00 00 00 3C 55 00 00 6A DF [NAV-0x03]
< 55.146s B5 62 01 04 12 00 28 55 00 00 0F 27 0F 27 0F 27 0F 27 0F 27 0F 27 0F 27 0E 06 [NAV-0x04]
< 55.146s B5 62 01 21 14 00 28 55 00 00 FF FF FF FF 00 08 AF 2F E5 07 03 07 00 00 15 F0 90 79 [NAV-0x21]
< 55.146s B5 62 01 22 14 00 28 55 00 00 00 00 00 00 00 00 00 00 FF FF FF FF 7C 36 39 00 9B 37 [NAV-0x22]
< 55.292s B5 62 01 60 10 00 28 55 00 00 01 00 00 00 00 00 00 00 00 00 00 00 EF DB [NAV-0x60]
< 55.340s B5 62 0A 38 1C 00 00 01 00 00 00 00 01 02 00 00 00 00 00 00 00 00 5B 00 CE 0D 31 07 85 07 85 00 00 00 E1 7E [MON-0x38]
< 55.340s B5 62 02 15 10 00 CD CC CC CC CC CC 35 40 00 00 12 00 00 01 10 56 DE AA [RXM-0x15]
< 55.340s B5 62 01 07 5C 00 F0 55 00 00 E5 07 03 07 00 00 16 F0 FF FF FF FF 00 00 00 00 00 00 24 00 00 00 00 00 00 00 00 00 00 00 00 00 98 BD FF FF FF FF FF FF 00 71 85 DF 00 00 00 00 00 00 00 00 00 00 00 00 00 00 00 00 00 00 00 00 58 3E 0F 00 80 A8 12 01 0F 27 00 00 5C 40 56 2F 00 00 00 00 00 00 00 00 20 F3 [NAV-0x07]
< 55.340s B5 62 01 01 14 00 F0 55 00 00 C4 43 04 26 00 00 00 00 00 00 00 00 80 0B B7 26 F4 FE [NAV-0x01]
< 55.340s B5 62 01 02 1C 00 F0 55 00 00 00 00 00 00 00 00 00 00 00 00 00 00 98 BD FF FF FF FF FF FF 00 71 85 DF 88 2B [NAV-0x02]
< 55.340s B5 62 01 12 24 00 F0 55 00 00 00 00 00 00 00 00 00 00 00 00 00 00 00 00 00 00 00 00 00 00 00 00 00 00 3C 86 01 00 80 A8 12 01 7A 4A [NAV-0x12]
< 55.340s B5 62 01 35 08 00 F0 55 00 00 01 00 00 00 84 7A [NAV-0x35]
< 55.341s B5 62 01 03 10 00 F0 55 00 00 00 40 00 08 00 00 00 00 04 56 00 00 FB 82 [NAV-0x03]
< 55.341s B5 62 01 04 12 00 F0 55 00 00 0F 27 0F 27 0F 27 0F 27 0F 27 0F 27 0F 27 D6 16 [NAV-0x04]
< 55.341s B5 62 01 21 14 00 F0 55 00 00 FF FF FF FF 00 00 00 00 E5 07 03 07 00 00 16 F0 73 46 [NAV-0x21]
< 55.341s B5 62 01 22 14 00 F0 55 00 00 00 00 00 00 00 00 00 00 FF FF FF FF 7C 36 39 00 63 D7 [NAV-0x22]
< 55.522s B5 62 01 60 10 00 F0 55 00 00 01 00 00 00 00 00 00 00 00 00 00 00 B7 5B [NAV-0x60]
< 55.549s B5 62 02 15 10 00 00 00 00 00 00 00 36 40 00 00 12 00 00 01 D8 56 DE A8 [RXM-0x15]
< 55.549s B5 62 01 07 5C 00 B8 56 00 00 E5 07 03 07 00 00 16 F0 FF FF FF FF FF C1 EB 0B 00 00 24 00 00 00 00 00 00 00 00 00 00 00 00 00 98 BD FF FF FF FF FF FF 00 76 85 DF 00 00 00 00 00 00 00 00 00 00 00 00 00 00 00 00 00 00 00 00 58 3E 0F 00 80 A8 12 01 0F 27 00 00 5C 40 56 2F 00 00 00 00 00 00 00 00 A4 69 [NAV-0x07]
< 55.549s B5 62 01 01 14 00 B8 56 00 00 C4 43 04 26 00 00 00 00 00 00 00 00 00 0C B7 26 3E B4 [NAV-0x01]
< 55.549s B5 62 01 02 1C 00 B8 56 00 00 00 00 00 00 00 00 00 00 00 00 00 00 98 BD FF FF FF FF FF FF 00 76 85 DF 56 35 [NAV-0x02]
< 55.549s B5 62 01 12 24 00 B8 56 00 00 00 00 00 00 00 00 00 00 00 00 00 00 00 00 00 00 00 00 00 00 00 00 00 00 3C 86 01 00 80 A8 12 01 43 8D [NAV-0x12]
< 55.549s B5 62 01 35 08 00 B8 56 00 00 01 00 00 00 4D C1 [NAV-0x35]
< 55.549s B5 62 01 03 10 00 B8 56 00 00 00 40 00 08 00 00 00 00 CC 56 00 00 8C 31 [NAV-0x03]
< 55.549s B5 62 01 04 12 00 B8 56 00 00 0F 27 0F 27 0F 27 0F 27 0F 27 0F 27 0F 27 9F 37 [NAV-0x04]
< 55.549s B5 62 01 21 14 00 B8 56 00 00 FF FF FF FF FF C1 EB 0B E5 07 03 07 00 00 16 F0 F2 C9 [NAV-0x21]
< 55.549s B5 62 01 22 14 00 B8 56 00 00 00 00 00 00 00 00 00 00 FF FF FF FF 7C 36 39 00 2C 8A [NAV-0x22]
< 55.731s B5 62 01 60 10 00 B8 56 00 00 01 00 00 00 00 00 00 00 00 00 00 00 80 EA [NAV-0x60]
< 55.731s B5 62 02 15 10 00 33 33 33 33 33 33 36 40 00 00 12 00 00 01 A0 57 D9 5C [RXM-0x15]
< 55.758s B5 62 01 07 5C 00 80 57 00 00 E5 07 03 07 00 00 16 F0 FF FF FF FF 00 84 D7 17 00 00 24 00 00 00 00 00 00 00 00 00 00 00 00 00 98 BD FF FF FF FF FF FF 00 7B 85 DF 00 00 00 00 00 00 00 00 00 00 00 00 00 00 00 00 00 00 00 00 58 3E 0F 00 80 A8 12 01 0F 27 00 00 5C 40 56 2F 00 00 00 00 00 00 00 00 2E A0 [NAV-0x07]
< 55.758s B5 62 01 01 14 00 80 57 00 00 C4 43 04 26 00 00 00 00 00 00 00 00 00 0D B7 26 08 6A [NAV-0x01]
< 55.758s B5 62 01 02 1C 00 80 57 00 00 00 00 00 00 00 00 00 00 00 00 00 00 98 BD FF FF FF FF FF FF 00 7B 85 DF 24 3F [NAV-0x02]
< 55.758s B5 62 01 12 24 00 80 57 00 00 00 00 00 00 00 00 00 00 00 00 00 00 00 00 00 00 00 00 00 00 00 00 00 00 3C 86 01 00 80 A8 12 01 0C D0 [NAV-0x12]
< 55.758s B5 62 01 35 08 00 80 57 00 00 01 00 00 00 16 08 [NAV-0x35]
< 55.758s B5 62 01 03 10 00 80 57 00 00 00 40 00 08 00 00 00 00 94 57 00 00 1E E3 [NAV-0x03]
< 55.758s B5 62 01 04 12 00 80 57 00 00 0F 27 0F 27 0F 27 0F 27 0F 27 0F 27 0F 27 68 58 [NAV-0x04]
< 55.758s B5 62 01 21 14 00 80 57 00 00 FF FF FF FF 00 84 D7 17 E5 07 03 07 00 00 16 F0 77 8D [NAV-0x21]
< 55.758s B5 62 01 22 14 00 80 57 00 00 00 00 00 00 00 00 00 00 FF FF FF FF 7C 36 39 00 F5 3D [NAV-0x22]
< 55.931s B5 62 01 60 10 00 80 57 00 00 01 00 00 00 00 00 00 00 00 00 00 00 49 79 [NAV-0x60]
< 55.931s B5 62 02 15 10 00 67 66 66 66 66 66 36 40 00 00 12 00 00 01 68 58 D5 20 [RXM-0x15]
< 55.931s B5 62 01 07 5C 00 48 58 00 00 E5 07 03 07 00 00 16 F0 FF FF FF FF 00 46 C3 23 00 00 24 00 00 00 00 00 00 00 00 00 00 00 00 00 98 BD FF FF FF FF FF FF 00 7F 85 DF 00 00 00 00 00 00 00 00 00 00 00 00 00 00 00 00 00 00 00 00 58 3E 0F 00 80 A8 12 01 0F 27 00 00 5C 40 56 2F 00 00 00 00 00 00 00 00 B5 11 [NAV-0x07]
< 55.931s B5 62 01 01 14 00 48 58 00 00 C4 43 04 26 00 00 00 00 00 00 00 00 00 0E B7 26 D2 20 [NAV-0x01]
< 55.957s B5 62 01 02 1C 00 48 58 00 00 00 00 00 00 00 00 00 00 00 00 00 00 98 BD FF FF FF FF FF FF 00 7F 85 DF F1 46 [NAV-0x02]
< 55.957s B5 62 01 12 24 00 48 58 00 00 00 00 00 00 00 00 00 00 00 00 00 00 00 00 00 00 00 00 00 00 00 00 00 00 3C 86 01 00 80 A8 12 01 D5 13 [NAV-0x12]
< 55.957s B5 62 01 35 08 00 48 58 00 00 01 00 00 00 DF 4F [NAV-0x35]
< 55.957s B5 62 01 03 10 00 48 58 00 00 00 40 00 08 00 00 00 00 5C 58 00 00 B0 95 [NAV-0x03]
< 55.957s B5 62 01 04 12 00 48 58 00 00 0F 27 0F 27 0F 27 0F 27 0F 27 0F 27 0F 27 31 79 [NAV-0x04]
< 55.957s B5 62 01 21 14 00 48 58 00 00 FF FF FF FF 00 46 C3 23 E5 07 03 07 00 00 16 F0 FA 3A [NAV-0x21]
< 55.957s B5 62 01 22 14 00 48 58 00 00 00 00 00 00 00 00 00 00 FF FF FF FF 7C 36 39 00 BE F0 [NAV-0x22]
< 56.127s B5 62 01 60 10 00 48 58 00 00 01 00 00 00 00 00 00 00 00 00 00 00 12 08 [NAV-0x60]
< 56.152s B5 62 02 15 10 00 9A 99 99 99 99 99 36 40 00 00 12 00 00 01 30 59 D0 D4 [RXM-0x15]
< 56.152s B5 62 01 07 5C 00 10 59 00 00 E5 07 03 07 00 00 16 F0 FF FF FF FF 00 08 AF 2F 00 00 24 00 00 00 00 00 00 00 00 00 00 00 00 00 98 BD FF FF FF FF FF FF 00 84 85 DF 00 00 00 00 00 00 00 00 00 00 00 00 00 00 00 00 00 00 00 00 58 3E 0F 00 80 A8 12 01 0F 27 00 00 5C 40 56 2F 00 00 00 00 00 00 00 00 3D B1 [NAV-0x07]
< 56.152s B5 62 01 01 14 00 10 59 00 00 C4 43 04 26 00 00 00 00 00 00 00 00 C0 0E B7 26 5B D3 [NAV-0x01]
< 56.152s B5 62 01 02 1C 00 10 59 00 00 00 00 00 00 00 00 00 00 00 00 00 00 98 BD FF FF FF FF FF FF 00 84 85 DF BF 50 [NAV-0x02]
< 56.152s B5 62 01 12 24 00 10 59 00 00 00 00 00 00 00 00 00 00 00 00 00 00 00 00 00 00 00 00 00 00 00 00 00 00 3C 86 01 00 80 A8 12 01 9E 56 [NAV-0x12]
< 56.152s B5 62 01 35 08 00 10 59 00 00 01 00 00 00 A8 96 [NAV-0x35]
< 56.152s B5 62 01 03 10 00 10 59 00 00 00 40 00 08 00 00 00 00 24 59 00 00 42 47 [NAV-0x03]
< 56.152s B5 62 01 04 12 00 10 59 00 00 0F 27 0F 27 0F 27 0F 27 0F 27 0F 27 0F 27 FA 9A [NAV-0x04]
< 56.152s B5 62 01 21 14 00 10 59 00 00 FF FF FF FF 00 08 AF 2F E5 07 03 07 00 00 16 F0 7D E7 [NAV-0x21]
< 56.152s B5 62 01 22 14 00 10 59 00 00 00 00 00 00 00 00 00 00 FF FF FF FF 7C 36 39 00 87 A3 [NAV-0x22]
< 56.304s B5 62 01 60 10 00 10 59 00 00 01 00 00 00 00 00 00 00 00 00 00 00 DB 97 [NAV-0x60]
< 56.329s B5 62 0A 38 1C 00 00 01 00 00 00 00 01 02 00 00 00 00 00 00 00 00 5B 00 CE 0D 31 07 83 06 87 00 00 00 E0 75 [MON-0x38]
< 56.354s B5 62 02 15 10 00 CD CC CC CC CC CC 36 40 00 00 12 00 00 01 F8 59 CA 87 [RXM-0x15]
< 56.354s B5 62 01 07 5C 00 D8 59 00 00 E5 07 03 07 00 00 17 F0 FF FF FF FF 00 00 00 00 00 00 24 00 00 00 00 00 00 00 00 00 00 00 00 00 98 BD FF FF FF FF FF FF 00 89 85 DF 00 00 00 00 00 00 00 00 00 00 00 00 00 00 00 00 00 00 00 00 58 3E 0F 00 80 A8 12 01 0F 27 00 00 5C 40 56 2F 00 00 00 00 00 00 00 00 25 79 [NAV-0x07]
< 56.354s B5 62 01 01 14 00 D8 59 00 00 C4 43 04 26 00 00 00 00 00 00 00 00 80 0F B7 26 E4 76 [NAV-0x01]
< 56.354s B5 62 01 02 1C 00 D8 59 00 00 00 00 00 00 00 00 00 00 00 00 00 00 98 BD FF FF FF FF FF FF 00 89 85 DF 8C 3F [NAV-0x02]
< 56.354s B5 62 01 12 24 00 D8 59 00 00 00 00 00 00 00 00 00 00 00 00 00 00 00 00 00 00 00 00 00 00 00 00 00 00 3C 86 01 00 80 A8 12 01 66 76 [NAV-0x12]
< 56.354s B5 62 01 35 08 00 D8 59 00 00 01 00 00 00 70 D6 [NAV-0x35]
< 56.354s B5 62 01 03 10 00 D8 59 00 00 00 40 00 08 00 00 00 00 EC 59 00 00 D2 E7 [NAV-0x03]
< 56.354s B5 62 01 04 12 00 D8 59 00 00 0F 27 0F 27 0F 27 0F 27 0F 27 0F 27 0F 27 C2 AA [NAV-0x04]
< 56.354s B5 62 01 21 14 00 D8 59 00 00 FF FF FF FF 00 00 00 00 E5 07 03 07 00 00 17 F0 60 B4 [NAV-0x21]
< 56.354s B5 62 01 22 14 00 D8 59 00 00 00 00 00 00 00 00 00 00 FF FF FF FF 7C 36 39 00 4F 43 [NAV-0x22]
< 56.409s B5 62 01 60 10 00 D8 59 00 00 01 00 00 00 00 00 00 00 00 00 00 00 A3 17 [NAV-0x60]
< 56.536s B5 62 27 04 6C 00 01 00 70 00 48 27 AE A5 3F D1 04 51 77 12 6D 53 F1 B3 4E 5A 47 98 7C 0C D6 5C 78 1B FD 70 95 F4 F6 E3 3F C4 00 00 00 00 00 00 00 00 00 00 00 00 00 00 00 00 00 00 00 00 00 00 00 00 41 F4 F7 C8 7A 11 42 9B BB C3 58 78 96 D7 74 E6 E6 EB 93 AA C8 71 B7 0B 3B 0C 9E 3E C7 CA C7 6F 39 E5 ED 7C 53 B1 40 09 5C BB E8 06 EB 48 78 9A 44 94 [SEC-0x04]
< 56.536s B5 62 02 15 10 00 00 00 00 00 00 00 37 40 00 00 12 00 00 01 C0 5A CB 86 [RXM-0x15]
< 56.536s B5 62 01 07 5C 00 A0 5A 00 00 E5 07 03 07 00 00 17 F0 FF FF FF FF FF C1 EB 0B 00 00 24 00 00 00 00 00 00 00 00 00 00 00 00 00 98 BD FF FF FF FF FF FF 00 8E 85 DF 00 00 00 00 00 00 00 00 00 00 00 00 00 00 00 00 00 00 00 00 58 3E 0F 00 80 A8 12 01 0F 27 00 00 5C 40 56 2F 00 00 00 00 00 00 00 00 A9 EF [NAV-0x07]
< 56.536s B5 62 01 01 14 00 A0 5A 00 00 C4 43 04 26 00 00 00 00 00 00 00 00 40 10 B7 26 6E 2C [NAV-0x01]
< 56.536s B5 62 01 02 1C 00 A0 5A 00 00 00 00 00 00 00 00 00 00 00 00 00 00 98 BD FF FF FF FF FF FF 00 8E 85 DF 5A 49 [NAV-0x02]
< 56.536s B5 62 01 12 24 00 A0 5A 00 00 00 00 00 00 00 00 00 00 00 00 00 00 00 00 00 00 00 00 00 00 00 00 00 00 3C 86 01 00 80 A8 12 01 2F B9 [NAV-0x12]
< 56.536s B5 62 01 35 08 00 A0 5A 00 00 01 00 00 00 39 1D [NAV-0x35]
< 56.536s B5 62 01 03 10 00 A0 5A 00 00 00 40 00 08 00 00 00 00 B4 5A 00 00 64 99 [NAV-0x03]
< 56.536s B5 62 01 04 12 00 A0 5A 00 00 0F 27 0F 27 0F 27 0F 27 0F 27 0F 27 0F 27 8B CB [NAV-0x04]
< 56.536s B5 62 01 21 14 00 A0 5A 00 00 FF FF FF FF FF C1 EB 0B E5 07 03 07 00 00 17 F0 DF 37 [NAV-0x21]
< 56.564s B5 62 01 22 14 00 A0 5A 00 00 00 00 00 00 00 00 00 00 FF FF FF FF 7C 36 39 00 18 F6 [NAV-0x22]
< 56.738s B5 62 01 60 10 00 A0 5A 00 00 01 00 00 00 00 00 00 00 00 00 00 00 6C A6 [NAV-0x60]
< 56.738s B5 62 02 15 10 00 33 33 33 33 33 33 37 40 00 00 12 00 00 01 88 5B C6 3A [RXM-0x15]
< 56.738s B5 62 01 07 5C 00 68 5B 00 00 E5 07 03 07 00 00 17 F0 FF FF FF FF 00 84 D7 17 00 00 24 00 00 00 00 00 00 00 00 00 00 00 00 00 98 BD FF FF FF FF FF FF 00 93 85 DF 00 00 00 00 00 00 00 00 00 00 00 00 00 00 00 00 00 00 00 00 58 3E 0F 00 80 A8 12 01 0F 27 00 00 5C 40 56 2F 00 00 00 00 00 00 00 00 33 26 [NAV-0x07]
< 56.738s B5 62 01 01 14 00 68 5B 00 00 C4 43 04 26 00 00 00 00 00 00 00 00 40 11 B7 26 38 E2 [NAV-0x01]
< 56.738s B5 62 01 02 1C 00 68 5B 00 00 00 00 00 00 00 00 00 00 00 00 00 00 98 BD FF FF FF FF FF FF 00 93 85 DF 28 53 [NAV-0x02]
< 56.738s B5 62 01 12 24 00 68 5B 00 00 00 00 00 00 00 00 00 00 00 00 00 00 00 00 00 00 00 00 00 00 00 00 00 00 3C 86 01 00 80 A8 12 01 F8 FC [NAV-0x12]
< 56.738s B5 62 01 35 08 00 68 5B 00 00 01 00 00 00 02 64 [NAV-0x35]
< 56.738s B5 62 01 03 10 00 68 5B 00 00 00 40 00 08 00 00 00 00 7C 5B 00 00 F6 4B [NAV-0x03]
< 56.738s B5 62 01 04 12 00 68 5B 00 00 0F 27 0F 27 0F 27 0F 27 0F 27 0F 27 0F 27 54 EC [NAV-0x04]
< 56.738s B5 62 01 21 14 00 68 5B 00 00 FF FF FF FF 00 84 D7 17 E5 07 03 07 00 00 17 F0 64 FB [NAV-0x21]
< 56.738s B5 62 01 22 14 00 68 5B 00 00 00 00 00 00 00 00 00 00 FF FF FF FF 7C 36 39 00 E1 A9 [NAV-0x22]
< 56.940s B5 62 01 60 10 00 68 5B 00 00 01 00 00 00 00 00 00 00 00 00 00 00 35 35 [NAV-0x60]
< 56.940s B5 62 02 15 10 00 67 66 66 66 66 66 37 40 00 00 12 00 00 01 50 5C C2 FE [RXM-0x15]
< 56.940s B5 62 01 07 5C 00 30 5C 00 00 E5 07 03 07 00 00 17 F0 FF FF FF FF 00 46 C3 23 00 00 24 00 00 00 00 00 00 00 00 00 00 00 00 00 98 BD FF FF FF FF FF FF 00 98 85 DF 00 00 00 00 00 00 00 00 00 00 00 00 00 00 00 00 00 00 00 00 58 3E 0F 00 80 A8 12 01 0F 27 00 00 5C 40 56 2F 00 00 00 00 00 00 00 00 BB C6 [NAV-0x07]
< 56.940s B5 62 01 01 14 00 30 5C 00 00 C4 43 04 26 00 00 00 00 00 00 00 00 00 12 B7 26 C2 98 [NAV-0x01]
< 56.940s B5 62 01 02 1C 00 30 5C 00 00 00 00 00 00 00 00 00 00 00 00 00 00 98 BD FF FF FF FF FF FF 00 98 85 DF F6 5D [NAV-0x02]
< 56.940s B5 62 01 12 24 00 30 5C 00 00 00 00 00 00 00 00 00 00 00 00 00 00 00 00 00 00 00 00 00 00 00 00 00 00 3C 86 01 00 80 A8 12 01 C1 3F [NAV-0x12]
< 56.940s B5 62 01 35 08 00 30 5C 00 00 01 00 00 00 CB AB [NAV-0x35]
< 56.940s B5 62 01 03 10 00 30 5C 00 00 00 40 00 08 00 00 00 00 44 5C 00 00 88 FD [NAV-0x03]
< 56.940s B5 62 01 04 12 00 30 5C 00 00 0F 27 0F 27 0F 27 0F 27 0F 27 0F 27 0F 27 1D 0D [NAV-0x04]
< 56.940s B5 62 01 21 14 00 30 5C 00 00 FF FF FF FF 00 46 C3 23 E5 07 03 07 00 00 17 F0 E7 A8 [NAV-0x21]
< 56.940s B5 62 01 22 14 00 30 5C 00 00 00 00 00 00 00 00 00 00 FF FF FF FF 7C 36 39 00 AA 5C [NAV-0x22]
< 57.134s B5 62 01 60 10 00 30 5C 00 00 01 00 00 00 00 00 00 00 00 00 00 00 FE C4 [NAV-0x60]
< 57.134s B5 62 02 15 10 00 9A 99 99 99 99 99 37 40 00 00 12 00 00 01 18 5D BD B2 [RXM-0x15]
< 57.134s B5 62 01 07 5C 00 F8 5C 00 00 E5 07 03 07 00 00 17 F0 FF FF FF FF 00 08 AF 2F 00 00 24 00 00 00 00 00 00 00 00 00 00 00 00 00 98 BD FF FF FF FF FF FF 00 9C 85 DF 00 00 00 00 00 00 00 00 00 00 00 00 00 00 00 00 00 00 00 00 58 3E 0F 00 80 A8 12 01 0F 27 00 00 5C 40 56 2F 00 00 00 00 00 00 00 00 41 DC [NAV-0x07]
< 57.134s B5 62 01 01 14 00 F8 5C 00 00 C4 43 04 26 00 00 00 00 00 00 00 00 00 13 B7 26 8B 3B [NAV-0x01]
< 57.134s B5 62 01 02 1C 00 F8 5C 00 00 00 00 00 00 00 00 00 00 00 00 00 00 98 BD FF FF FF FF FF FF 00 9C 85 DF C2 49 [NAV-0x02]
< 57.134s B5 62 01 12 24 00 F8 5C 00 00 00 00 00 00 00 00 00 00 00 00 00 00 00 00 00 00 00 00 00 00 00 00 00 00 3C 86 01 00 80 A8 12 01 89 5F [NAV-0x12]
< 57.134s B5 62 01 35 08 00 F8 5C 00 00 01 00 00 00 93 EB [NAV-0x35]
< 57.134s B5 62 01 03 10 00 F8 5C 00 00 00 40 00 08 00 00 00 00 0C 5D 00 00 19 A0 [NAV-0x03]
< 57.134s B5 62 01 04 12 00 F8 5C 00 00 0F 27 0F 27 0F 27 0F 27 0F 27 0F 27 0F 27 E5 1D [NAV-0x04]
< 57.159s B5 62 01 21 14 00 F8 5C 00 00 FF FF FF FF 00 08 AF 2F E5 07 03 07 00 00 17 F0 69 42 [NAV-0x21]
< 57.159s B5 62 01 22 14 00 F8 5C 00 00 00 00 00 00 00 00 00 00 FF FF FF FF 7C 36 39 00 72 FC [NAV-0x22]
< 57.307s B5 62 01 60 10 00 F8 5C 00 00 01 00 00 00 00 00 00 00 00 00 00 00 C6 44 [NAV-0x60]
< 57.331s B5 62 0A 38 1C 00 00 01 00 00 00 00 01 02 00 00 00 00 00 00 00 00 5B 00 CE 0D 30 07 83 06 87 00 00 00 DF 6D [MON-0x38]
< 57.331s B5 62 02 15 10 00 CD CC CC CC CC CC 37 40 00 00 12 00 00 01 E0 5D B7 65 [RXM-0x15]
< 57.331s B5 62 01 07 5C 00 C0 5D 00 00 E5 07 03 07 00 00 18 F0 FF FF FF FF 00 00 00 00 00 00 24 00 00 00 00 00 00 00 00 00 00 00 00 00 98 BD FF FF FF FF FF FF 00 A1 85 DF 00 00 00 00 00 00 00 00 00 00 00 00 00 00 00 00 00 00 00 00 58 3E 0F 00 80 A8 12 01 0F 27 00 00 5C 40 56 2F 00 00 00 00 00 00 00 00 2A FF [NAV-0x07]
< 57.331s B5 62 01 01 14 00 C0 5D 00 00 C4 43 04 26 00 00 00 00 00 00 00 00 C0 13 B7 26 14 EE [NAV-0x01]
< 57.331s B5 62 01 02 1C 00 C0 5D 00 00 00 00 00 00 00 00 00 00 00 00 00 00 98 BD FF FF FF FF FF FF 00 A1 85 DF 90 53 [NAV-0x02]
< 57.331s B5 62 01 12 24 00 C0 5D 00 00 00 00 00 00 00 00 00 00 00 00 00 00 00 00 00 00 00 00 00 00 00 00 00 00 3C 86 01 00 80 A8 12 01 52 A2 [NAV-0x12]
< 57.331s B5 62 01 35 08 00 C0 5D 00 00 01 00 00 00 5C 32 [NAV-0x35]
< 57.331s B5 62 01 03 10 00 C0 5D 00 00 00 40 00 08 00 00 00 00 D4 5D 00 00 AA 4F [NAV-0x03]
< 57.331s B5 62 01 04 12 00 C0 5D 00 00 0F 27 0F 27 0F 27 0F 27 0F 27 0F 27 0F 27 AE 3E [NAV-0x04]
< 57.331s B5 62 01 21 14 00 C0 5D 00 00 FF FF FF FF 00 00 00 00 E5 07 03 07 00 00 18 F0 4D 22 [NAV-0x21]
< 57.357s B5 62 01 22 14 00 C0 5D 00 00 00 00 00 00 00 00 00 00 FF FF FF FF 7C 36 39 00 3B AF [NAV-0x22]
< 57.530s B5 62 01 60 10 00 C0 5D 00 00 01 00 00 00 00 00 00 00 00 00 00 00 8F D3 [NAV-0x60]
< 57.555s B5 62 02 15 10 00 00 00 00 00 00 00 38 40 00 00 12 00 00 01 A8 5E B8 64 [RXM-0x15]
< 57.555s B5 62 01 07 5C 00 88 5E 00 00 E5 07 03 07 00 00 18 F0 FF FF FF FF FF C1 EB 0B 00 00 24 00 00 00 00 00 00 00 00 00 00 00 00 00 98 BD FF FF FF FF FF FF 00 A7 85 DF 00 00 00 00 00 00 00 00 00 00 00 00 00 00 00 00 00 00 00 00 58 3E 0F 00 80 A8 12 01 0F 27 00 00 5C 40 56 2F 00 00 00 00 00 00 00 00 AF A4 [NAV-0x07]
< 57.555s B5 62 01 01 14 00 88 5E 00 00 C4 43 04 26 00 00 00 00 00 00 00 00 C0 14 B7 26 DE A4 [NAV-0x01]
< 57.555s B5 62 01 02 1C 00 88 5E 00 00 00 00 00 00 00 00 00 00 00 00 00 00 98 BD FF FF FF FF FF FF 00 A7 85 DF 5F 60 [NAV-0x02]
< 57.555s B5 62 01 12 24 00 88 5E 00 00 00 00 00 00 00 00 00 00 00 00 00 00 00 00 00 00 00 00 00 00 00 00 00 00 3C 86 01 00 80 A8 12 01 1B E5 [NAV-0x12]
< 57.555s B5 62 01 35 08 00 88 5E 00 00 01 00 00 00 25 79 [NAV-0x35]
< 57.555s B5 62 01 03 10 00 88 5E 00 00 00 40 00 08 00 00 00 00 9C 5E 00 00 3C 01 [NAV-0x03]
< 57.555s B5 62 01 04 12 00 88 5E 00 00 0F 27 0F 27 0F 27 0F 27 0F 27 0F 27 0F 27 77 5F [NAV-0x04]
< 57.555s B5 62 01 21 14 00 88 5E 00 00 FF FF FF FF FF C1 EB 0B E5 07 03 07 00 00 18 F0 CC A5 [NAV-0x21]
< 57.555s B5 62 01 22 14 00 88 5E 00 00 00 00 00 00 00 00 00 00 FF FF FF FF 7C 36 39 00 04 62 [NAV-0x22]
< 57.729s B5 62 01 60 10 00 88 5E 00 00 01 00 00 00 00 00 00 00 00 00 00 00 58 62 [NAV-0x60]
< 57.754s B5 62 02 15 10 00 33 33 33 33 33 33 38 40 00 00 12 00 00 01 70 5F B3 18 [RXM-0x15]
< 57.754s B5 62 01 07 5C 00 50 5F 00 00 E5 07 03 07 00 00 18 F0 FF FF FF FF 00 84 D7 17 00 00 24 00 00 00 00 00 00 00 00 00 00 00 00 00 98 BD FF FF FF FF FF FF 00 AC 85 DF 00 00 00 00 00 00 00 00 00 00 00 00 00 00 00 00 00 00 00 00 58 3E 0F 00 80 A8 12 01 0F 27 00 00 5C 40 56 2F 00 00 00 00 00 00 00 00 39 DB [NAV-0x07]
< 57.754s B5 62 01 01 14 00 50 5F 00 00 C4 43 04 26 00 00 00 00 00 00 00 00 80 15 B7 26 68 5A [NAV-0x01]
< 57.754s B5 62 01 02 1C 00 50 5F 00 00 00 00 00 00 00 00 00 00 00 00 00 00 98 BD FF FF FF FF FF FF 00 AC 85 DF 2D 6A [NAV-0x02]
< 57.754s B5 62 01 12 24 00 50 5F 00 00 00 00 00 00 00 00 00 00 00 00 00 00 00 00 00 00 00 00 00 00 00 00 00 00 3C 86 01 00 80 A8 12 01 E4 28 [NAV-0x12]
< 57.754s B5 62 01 35 08 00 50 5F 00 00 01 00 00 00 EE C0 [NAV-0x35]
< 57.754s B5 62 01 03 10 00 50 5F 00 00 00 40 00 08 00 00 00 00 64 5F 00 00 CE B3 [NAV-0x03]
< 57.754s B5 62 01 04 12 00 50 5F 00 00 0F 27 0F 27 0F 27 0F 27 0F 27 0F 27 0F 27 40 80 [NAV-0x04]
< 57.754s B5 62 01 21 14 00 50 5F 00 00 FF FF FF FF 00 84 D7 17 E5 07 03 07 00 00 18 F0 51 69 [NAV-0x21]
< 57.754s B5 62 01 22 14 00 50 5F 00 00 00 00 00 00 00 00 00 00 FF FF FF FF 7C 36 39 00 CD 15 [NAV-0x22]
< 57.929s B5 62 01 60 10 00 50 5F 00 00 01 00 00 00 00 00 00 00 00 00 00 00 21 F1 [NAV-0x60]
< 57.929s B5 62 02 15 10 00 67 66 66 66 66 66 38 40 00 00 12 00 00 01 38 60 AF DC [RXM-0x15]
< 57.954s B5 62 01 07 5C 00 18 60 00 00 E5 07 03 07 00 00 18 F0 FF FF FF FF 00 46 C3 23 00 00 24 00 00 00 00 00 00 00 00 00 00 00 00 00 98 BD FF FF FF FF FF FF 00 B1 85 DF 00 00 00 00 00 00 00 00 00 00 00 00 00 00 00 00 00 00 00 00 58 3E 0F 00 80 A8 12 01 0F 27 00 00 5C 40 56 2F 00 00 00 00 00 00 00 00 C1 7B [NAV-0x07]
< 57.954s B5 62 01 01 14 00 18 60 00 00 C4 43 04 26 00 00 00 00 00 00 00 00 40 16 B7 26 F2 10 [NAV-0x01]
< 57.954s B5 62 01 02 1C 00 18 60 00 00 00 00 00 00 00 00 00 00 00 00 00 00 98 BD FF FF FF FF FF FF 00 B1 85 DF FB 74 [NAV-0x02]
< 57.954s B5 62 01 12 24 00 18 60 00 00 00 00 00 00 00 00 00 00 00 00 00 00 00 00 00 00 00 00 00 00 00 00 00 00 3C 86 01 00 80 A8 12 01 AD 6B [NAV-0x12]
< 57.954s B5 62 01 35 08 00 18 60 00 00 01 00 00 00 B7 07 [NAV-0x35]
< 57.954s B5 62 01 03 10 00 18 60 00 00 00 40 00 08 00 00 00 00 2C 60 00 00 60 65 [NAV-0x03]
< 57.954s B5 62 01 04 12 00 18 60 00 00 0F 27 0F 27 0F 27 0F 27 0F 27 0F 27 0F 27 09 A1 [NAV-0x04]
< 57.954s B5 62 01 21 14 00 18 60 00 00 FF FF FF FF 00 46 C3 23 E5 07 03 07 00 00 18 F0 D4 16 [NAV-0x21]
< 57.954s B5 62 01 22 14 00 18 60 00 00 00 00 00 00 00 00 00 00 FF FF FF FF 7C 36 39 00 96 C8 [NAV-0x22]
< 58.129s B5 62 01 60 10 00 18 60 00 00 01 00 00 00 00 00 00 00 00 00 00 00 EA 80 [NAV-0x60]
< 58.129s B5 62 02 15 10 00 9A 99 99 99 99 99 38 40 00 00 12 00 00 01 00 61 AA 90 [RXM-0x15]
< 58.154s B5 62 01 07 5C 00 E0 60 00 00 E5 07 03 07 00 00 18 F0 FF FF FF FF 00 08 AF 2F 00 00 24 00 00 00 00 00 00 00 00 00 00 00 00 00 98 BD FF FF FF FF FF FF 00 B6 85 DF 00 00 00 00 00 00 00 00 00 00 00 00 00 00 00 00 00 00 00 00 58 3E 0F 00 80 A8 12 01 0F 27 00 00 5C 40 56 2F 00 00 00 00 00 00 00 00 48 C0 [NAV-0x07]
< 58.154s B5 62 01 01 14 00 E0 60 00 00 C4 43 04 26 00 00 00 00 00 00 00 00 40 17 B7 26 BB B3 [NAV-0x01]
< 58.154s B5 62 01 02 1C 00 E0 60 00 00 00 00 00 00 00 00 00 00 00 00 00 00 98 BD FF FF FF FF FF FF 00 B6 85 DF C8 63 [NAV-0x02]
< 58.154s B5 62 01 12 24 00 E0 60 00 00 00 00 00 00 00 00 00 00 00 00 00 00 00 00 00 00 00 00 00 00 00 00 00 00 3C 86 01 00 80 A8 12 01 75 8B [NAV-0x12]
< 58.154s B5 62 01 35 08 00 E0 60 00 00 01 00 00 00 7F 47 [NAV-0x35]
< 58.154s B5 62 01 03 10 00 E0 60 00 00 00 40 00 08 00 00 00 00 F4 60 00 00 F0 05 [NAV-0x03]
< 58.154s B5 62 01 04 12 00 E0 60 00 00 0F 27 0F 27 0F 27 0F 27 0F 27 0F 27 0F 27 D1 B1 [NAV-0x04]
< 58.154s B5 62 01 21 14 00 E0 60 00 00 FF FF FF FF 00 08 AF 2F E5 07 03 07 00 00 18 F0 56 B0 [NAV-0x21]
< 58.154s B5 62 01 22 14 00 E0 60 00 00 00 00 00 00 00 00 00 00 FF FF FF FF 7C 36 39 00 5E 68 [NAV-0x22]
< 58.307s B5 62 01 60 10 00 E0 60 00 00 01 00 00 00 00 00 00 00 00 00 00 00 B2 00 [NAV-0x60]
< 58.333s B5 62 0A 38 1C 00 00 01 00 00 00 00 01 02 00 00 00 00 00 00 00 00 5B 00 CE 0D 31 05 83 05 87 00 00 00 DD 62 [MON-0x38]
< 58.333s B5 62 02 15 10 00 CD CC CC CC CC CC 38 40 00 00 12 00 00 01 C8 61 A4 43 [RXM-0x15]
< 58.333s B5 62 01 07 5C 00 A8 61 00 00 E5 07 03 07 00 00 19 F0 FF FF FF FF 00 00 00 00 00 00 24 00 00 00 00 00 00 00 00 00 00 00 00 00 98 BD FF FF FF FF FF FF 00 BB 85 DF 00 00 00 00 00 00 00 00 00 00 00 00 00 00 00 00 00 00 00 00 58 3E 0F 00 80 A8 12 01 0F 27 00 00 5C 40 56 2F 00 00 00 00 00 00 00 00 31 E3 [NAV-0x07]
< 58.333s B5 62 01 01 14 00 A8 61 00 00 C4 43 04 26 00 00 00 00 00 00 00 00 40 18 B7 26 85 69 [NAV-0x01]
< 58.333s B5 62 01 02 1C 00 A8 61 00 00 00 00 00 00 00 00 00 00 00 00 00 00 98 BD FF FF FF FF FF FF 00 BB 85 DF 96 6D [NAV-0x02]
< 58.333s B5 62 01 12 24 00 A8 61 00 00 00 00 00 00 00 00 00 00 00 00 00 00 00 00 00 00 00 00 00 00 00 00 00 00 3C 86 01 00 80 A8 12 01 3E CE [NAV-0x12]
< 58.333s B5 62 01 35 08 00 A8 61 00 00 01 00 00 00 48 8E [NAV-0x35]
< 58.333s B5 62 01 03 10 00 A8 61 00 00 00 40 00 08 00 00 00 00 BC 61 00 00 82 B7 [NAV-0x03]
< 58.333s B5 62 01 04 12 00 A8 61 00 00 0F 27 0F 27 0F 27 0F 27 0F 27 0F 27 0F 27 9A D2 [NAV-0x04]
< 58.333s B5 62 01 21 14 00 A8 61 00 00 FF FF FF FF 00 00 00 00 E5 07 03 07 00 00 19 F0 3A 90 [NAV-0x21]
< 58.333s B5 62 01 22 14 00 A8 61 00 00 00 00 00 00 00 00 00 00 FF FF FF FF 7C 36 39 00 27 1B [NAV-0x22]
< 58.385s B5 62 01 60 10 00 A8 61 00 00 01 00 00 00 00 00 00 00 00 00 00 00 7B 8F [NAV-0x60]
< 58.538s B5 62 27 04 6C 00 01 00 70 00 6C AA 03 92 5C 2F 21 38 5C 79 9F 6F 5A AE 37 30 22 F8 5D C7 E6 21 1E 17 48 59 F3 36 C5 45 90 ED 00 00 00 00 00 00 00 00 00 00 00 00 00 00 00 00 00 00 00 00 00 00 00 00 BB 82 DA E2 AB F5 A7 4D 37 EC 2E 92 7C 3E B1 60 8A 0D 42 C8 5B C8 A1 A4 D7 A8 4F E2 E6 2D 6B F3 AD A2 50 F8 D1 29 9D E3 4F 00 35 27 67 85 48 C8 D1 56 [SEC-0x04]
< 58.538s B5 62 02 15 10 00 00 00 00 00 00 00 39 40 00 00 12 00 00 01 90 62 A5 42 [RXM-0x15]
< 58.538s B5 62 01 07 5C 00 70 62 00 00 E5 07 03 07 00 00 19 F0 FF FF FF FF FF C1 EB 0B 00 00 24 00 00 00 00 00 00 00 00 00 00 00 00 00 98 BD FF FF FF FF FF FF 00 C1 85 DF 00 00 00 00 00 00 00 00 00 00 00 00 00 00 00 00 00 00 00 00 58 3E 0F 00 80 A8 12 01 0F 27 00 00 5C 40 56 2F 00 00 00 00 00 00 00 00 B6 88 [NAV-0x07]
< 58.538s B5 62 01 01 14 00 70 62 00 00 C4 43 04 26 00 00 00 00 00 00 00 00 00 19 B7 26 0F 1F [NAV-0x01]
< 58.538s B5 62 01 02 1C 00 70 62 00 00 00 00 00 00 00 00 00 00 00 00 00 00 98 BD FF FF FF FF FF FF 00 C1 85 DF 65 7A [NAV-0x02]
< 58.538s B5 62 01 12 24 00 70 62 00 00 00 00 00 00 00 00 00 00 00 00 00 00 00 00 00 00 00 00 00 00 00 00 00 00 3C 86 01 00 80 A8 12 01 07 11 [NAV-0x12]
< 58.538s B5 62 01 35 08 00 70 62 00 00 01 00 00 00 11 D5 [NAV-0x35]
< 58.538s B5 62 01 03 10 00 70 62 00 00 00 40 00 08 00 00 00 00 84 62 00 00 14 69 [NAV-0x03]
< 58.538s B5 62 01 04 12 00 70 62 00 00 0F 27 0F 27 0F 27 0F 27 0F 27 0F 27 0F 27 63 F3 [NAV-0x04]
< 58.538s B5 62 01 21 14 00 70 62 00 00 FF FF FF FF FF C1 EB 0B E5 07 03 07 00 00 19 F0 B9 13 [NAV-0x21]
< 58.538s B5 62 01 22 14 00 70 62 00 00 00 00 00 00 00 00 00 00 FF FF FF FF 7C 36 39 00 F0 CE [NAV-0x22]
< 58.744s B5 62 01 60 10 00 70 62 00 00 01 00 00 00 00 00 00 00 00 00 00 00 44 1E [NAV-0x60]
< 58.744s B5 62 02 15 10 00 33 33 33 33 33 33 39 40 00 00 12 00 00 01 58 63 A0 F6 [RXM-0x15]
< 58.744s B5 62 01 07 5C 00 38 63 00 00 E5 07 03 07 00 00 19 F0 FF FF FF FF 00 84 D7 17 00 00 24 00 00 00 00 00 00 00 00 00 00 00 00 00 98 BD FF FF FF FF FF FF 00 C5 85 DF 00 00 00 00 00 00 00 00 00 00 00 00 00 00 00 00 00 00 00 00 58 3E 0F 00 80 A8 12 01 0F 27 00 00 5C 40 56 2F 00 00 00 00 00 00 00 00 3F 90 [NAV-0x07]
< 58.744s B5 62 01 01 14 00 38 63 00 00 C4 43 04 26 00 00 00 00 00 00 00 00 00 1A B7 26 D9 D5 [NAV-0x01]
< 58.744s B5 62 01 02 1C 00 38 63 00 00 00 00 00 00 00 00 00 00 00 00 00 00 98 BD FF FF FF FF FF FF 00 C5 85 DF 32 81 [NAV-0x02]
< 58.744s B5 62 01 12 24 00 38 63 00 00 00 00 00 00 00 00 00 00 00 00 00 00 00 00 00 00 00 00 00 00 00 00 00 00 3C 86 01 00 80 A8 12 01 D0 54 [NAV-0x12]
< 58.744s B5 62 01 35 08 00 38 63 00 00 01 00 00 00 DA 1C [NAV-0x35]
< 58.744s B5 62 01 03 10 00 38 63 00 00 00 40 00 08 00 00 00 00 4C 63 00 00 A6 1B [NAV-0x03]
< 58.744s B5 62 01 04 12 00 38 63 00 00 0F 27 0F 27 0F 27 0F 27 0F 27 0F 27 0F 27 2C 14 [NAV-0x04]
< 58.744s B5 62 01 21 14 00 38 63 00 00 FF FF FF FF 00 84 D7 17 E5 07 03 07 00 00 19 F0 3E D7 [NAV-0x21]
< 58.744s B5 62 01 22 14 00 38 63 00 00 00 00 00 00 00 00 00 00 FF FF FF FF 7C 36 39 00 B9 81 [NAV-0x22]
< 58.925s B5 62 01 60 10 00 38 63 00 00 01 00 00 00 00 00 00 00 00 00 00 00 0D AD [NAV-0x60]
< 58.951s B5 62 02 15 10 00 67 66 66 66 66 66 39 40 00 00 12 00 00 01 20 64 9C BA [RXM-0x15]
< 58.951s B5 62 01 07 5C 00 00 64 00 00 E5 07 03 07 00 00 19 F0 FF FF FF FF 00 46 C3 23 00 00 24 00 00 00 00 00 00 00 00 00 00 00 00 00 98 BD FF FF FF FF FF FF 00 CA 85 DF 00 00 00 00 00 00 00 00 00 00 00 00 00 00 00 00 00 00 00 00 58 3E 0F 00 80 A8 12 01 0F 27 00 00 5C 40 56 2F 00 00 00 00 00 00 00 00 C7 30 [NAV-0x07]
< 58.951s B5 62 01 01 14 00 00 64 00 00 C4 43 04 26 00 00 00 00 00 00 00 00 C0 1A B7 26 62 88 [NAV-0x01]
< 58.951s B5 62 01 02 1C 00 00 64 00 00 00 00 00 00 00 00 00 00 00 00 00 00 98 BD FF FF FF FF FF FF 00 CA 85 DF 00 8B [NAV-0x02]
< 58.951s B5 62 01 12 24 00 00 64 00 00 00 00 00 00 00 00 00 00 00 00 00 00 00 00 00 00 00 00 00 00 00 00 00 00 3C 86 01 00 80 A8 12 01 99 97 [NAV-0x12]
< 58.951s B5 62 01 35 08 00 00 64 00 00 01 00 00 00 A3 63 [NAV-0x35]
< 58.951s B5 62 01 03 10 00 00 64 00 00 00 40 00 08 00 00 00 00 14 64 00 00 38 CD [NAV-0x03]
< 58.951s B5 62 01 04 12 00 00 64 00 00 0F 27 0F 27 0F 27 0F 27 0F 27 0F 27 0F 27 F5 35 [NAV-0x04]
< 58.951s B5 62 01 21 14 00 00 64 00 00 FF FF FF FF 00 46 C3 23 E5 07 03 07 00 00 19 F0 C1 84 [NAV-0x21]
< 58.951s B5 62 01 22 14 00 00 64 00 00 00 00 00 00 00 00 00 00 FF FF FF FF 7C 36 39 00 82 34 [NAV-0x22]
< 59.132s B5 62 01 60 10 00 00 64 00 00 01 00 00 00 00 00 00 00 00 00 00 00 D6 3C [NAV-0x60]
< 59.132s B5 62 02 15 10 00 9A 99 99 99 99 99 39 40 00 00 12 00 00 01 E8 64 96 6D [RXM-0x15]
< 59.132s B5 62 01 07 5C 00 C8 64 00 00 E5 07 03 07 00 00 19 F0 FF FF FF FF 00 08 AF 2F 00 00 24 00 00 00 00 00 00 00 00 00 00 00 00 00 98 BD FF FF FF FF FF FF 00 D0 85 DF 00 00 00 00 00 00 00 00 00 00 00 00 00 00 00 00 00 00 00 00 58 3E 0F 00 80 A8 12 01 0F 27 00 00 5C 40 56 2F 00 00 00 00 00 00 00 00 4F A4 [NAV-0x07]
< 59.132s B5 62 01 01 14 00 C8 64 00 00 C4 43 04 26 00 00 00 00 00 00 00 00 00 1C B7 26 6C 2E [NAV-0x01]
< 59.132s B5 62 01 02 1C 00 C8 64 00 00 00 00 00 00 00 00 00 00 00 00 00 00 98 BD FF FF FF FF FF FF 00 D0 85 DF CE 7D [NAV-0x02]
< 59.132s B5 62 01 12 24 00 C8 64 00 00 00 00 00 00 00 00 00 00 00 00 00 00 00 00 00 00 00 00 00 00 00 00 00 00 3C 86 01 00 80 A8 12 01 61 B7 [NAV-0x12]
< 59.132s B5 62 01 35 08 00 C8 64 00 00 01 00 00 00 6B A3 [NAV-0x35]
< 59.132s B5 62 01 03 10 00 C8 64 00 00 00 40 00 08 00 00 00 00 DC 64 00 00 C8 6D [NAV-0x03]
< 59.132s B5 62 01 04 12 00 C8 64 00 00 0F 27 0F 27 0F 27 0F 27 0F 27 0F 27 0F 27 BD 45 [NAV-0x04]
< 59.160s B5 62 01 21 14 00 C8 64 00 00 FF FF FF FF 00 08 AF 2F E5 07 03 07 00 00 19 F0 43 1E [NAV-0x21]
< 59.160s B5 62 01 22 14 00 C8 64 00 00 00 00 00 00 00 00 00 00 FF FF FF FF 7C 36 39 00 4A D4 [NAV-0x22]
< 59.291s B5 62 01 60 10 00 C8 64 00 00 01 00 00 00 00 00 00 00 00 00 00 00 9E BC [NAV-0x60]
< 59.344s B5 62 0A 38 1C 00 00 01 00 00 00 00 01 02 00 00 00 00 00 00 00 00 5B 00 CE 0D 31 06 86 07 86 00 00 00 E2 81 [MON-0x38]
< 59.344s B5 62 02 15 10 00 CD CC CC CC CC CC 39 40 00 00 12 00 00 01 B0 65 91 21 [RXM-0x15]
< 59.344s B5 62 01 07 5C 00 90 65 00 00 E5 07 03 07 00 00 1A F0 FF FF FF FF 00 00 00 00 00 00 24 00 00 00 00 00 00 00 00 00 00 00 00 00 98 BD FF FF FF FF FF FF 00 D6 85 DF 00 00 00 00 00 00 00 00 00 00 00 00 00 00 00 00 00 00 00 00 58 3E 0F 00 80 A8 12 01 0F 27 00 00 5C 40 56 2F 00 00 00 00 00 00 00 00 39 F6 [NAV-0x07]
< 59.344s B5 62 01 01 14 00 90 65 00 00 C4 43 04 26 00 00 00 00 00 00 00 00 00 1D B7 26 36 E4 [NAV-0x01]
< 59.344s B5 62 01 02 1C 00 90 65 00 00 00 00 00 00 00 00 00 00 00 00 00 00 98 BD FF FF FF FF FF FF 00 D6 85 DF 9D 8A [NAV-0x02]
< 59.344s B5 62 01 12 24 00 90 65 00 00 00 00 00 00 00 00 00 00 00 00 00 00 00 00 00 00 00 00 00 00 00 00 00 00 3C 86 01 00 80 A8 12 01 2A FA [NAV-0x12]
< 59.344s B5 62 01 35 08 00 90 65 00 00 01 00 00 00 34 EA [NAV-0x35]
< 59.344s B5 62 01 03 10 00 90 65 00 00 00 40 00 08 00 00 00 00 A4 65 00 00 5A 1F [NAV-0x03]
< 59.344s B5 62 01 04 12 00 90 65 00 00 0F 27 0F 27 0F 27 0F 27 0F 27 0F 27 0F 27 86 66 [NAV-0x04]
< 59.344s B5 62 01 21 14 00 90 65 00 00 FF FF FF FF 00 00 00 00 E5 07 03 07 00 00 1A F0 27 FE [NAV-0x21]
< 59.344s B5 62 01 22 14 00 90 65 00 00 00 00 00 00 00 00 00 00 FF FF FF FF 7C 36 39 00 13 87 [NAV-0x22]
< 59.530s B5 62 01 60 10 00 90 65 00 00 01 00 00 00 00 00 00 00 00 00 00 00 67 4B [NAV-0x60]
< 59.556s B5 62 02 15 10 00 00 00 00 00 00 00 3A 40 00 00 12 00 00 01 78 66 92 20 [RXM-0x15]
< 59.556s B5 62 01 07 5C 00 58 66 00 00 E5 07 03 07 00 00 1A F0 FF FF FF FF FF C1 EB 0B 00 00 24 00 00 00 00 00 00 00 00 00 00 00 00 00 98 BD FF FF FF FF FF FF 00 DB 85 DF 00 00 00 00 00 00 00 00 00 00 00 00 00 00 00 00 00 00 00 00 58 3E 0F 00 80 A8 12 01 0F 27 00 00 5C 40 56 2F 00 00 00 00 00 00 00 00 BD 6C [NAV-0x07]
< 59.556s B5 62 01 01 14 00 58 66 00 00 C4 43 04 26 00 00 00 00 00 00 00 00 C0 1D B7 26 BF 97 [NAV-0x01]
< 59.556s B5 62 01 02 1C 00 58 66 00 00 00 00 00 00 00 00 00 00 00 00 00 00 98 BD FF FF FF FF FF FF 00 DB 85 DF 6B 94 [NAV-0x02]
< 59.556s B5 62 01 12 24 00 58 66 00 00 00 00 00 00 00 00 00 00 00 00 00 00 00 00 00 00 00 00 00 00 00 00 00 00 3C 86 01 00 80 A8 12 01 F3 3D [NAV-0x12]
< 59.556s B5 62 01 35 08 00 58 66 00 00 01 00 00 00 FD 31 [NAV-0x35]
< 59.556s B5 62 01 03 10 00 58 66 00 00 00 40 00 08 00 00 00 00 6C 66 00 00 EC D1 [NAV-0x03]
< 59.556s B5 62 01 04 12 00 58 66 00 00 0F 27 0F 27 0F 27 0F 27 0F 27 0F 27 0F 27 4F 87 [NAV-0x04]
< 59.556s B5 62 01 21 14 00 58 66 00 00 FF FF FF FF FF C1 EB 0B E5 07 03 07 00 00 1A F0 A6 81 [NAV-0x21]
< 59.556s B5 62 01 22 14 00 58 66 00 00 00 00 00 00 00 00 00 00 FF FF FF FF 7C 36 39 00 DC 3A [NAV-0x22]
< 59.740s B5 62 01 60 10 00 58 66 00 00 01 00 00 00 00 00 00 00 00 00 00 00 30 DA [NAV-0x60]
< 59.740s B5 62 02 15 10 00 33 33 33 33 33 33 3A 40 00 00 12 00 00 01 40 67 8D D4 [RXM-0x15]
< 59.740s B5 62 01 07 5C 00 20 67 00 00 E5 07 03 07 00 00 1A F0 FF FF FF FF 00 84 D7 17 00 00 24 00 00 00 00 00 00 00 00 00 00 00 00 00 98 BD FF FF FF FF FF FF 00 E1 85 DF 00 00 00 00 00 00 00 00 00 00 00 00 00 00 00 00 00 00 00 00 58 3E 0F 00 80 A8 12 01 0F 27 00 00 5C 40 56 2F 00 00 00 00 00 00 00 00 48 D2 [NAV-0x07]
< 59.740s B5 62 01 01 14 00 20 67 00 00 C4 43 04 26 00 00 00 00 00 00 00 00 C0 1E B7 26 89 4D [NAV-0x01]
< 59.740s B5 62 01 02 1C 00 20 67 00 00 00 00 00 00 00 00 00 00 00 00 00 00 98 BD FF FF FF FF FF FF 00 E1 85 DF 3A A1 [NAV-0x02]
< 59.740s B5 62 01 12 24 00 20 67 00 00 00 00 00 00 00 00 00 00 00 00 00 00 00 00 00 00 00 00 00 00 00 00 00 00 3C 86 01 00 80 A8 12 01 BC 80 [NAV-0x12]
< 59.740s B5 62 01 35 08 00 20 67 00 00 01 00 00 00 C6 78 [NAV-0x35]
< 59.740s B5 62 01 03 10 00 20 67 00 00 00 40 00 08 00 00 00 00 34 67 00 00 7E 83 [NAV-0x03]
< 59.740s B5 62 01 04 12 00 20 67 00 00 0F 27 0F 27 0F 27 0F 27 0F 27 0F 27 0F 27 18 A8 [NAV-0x04]
< 59.740s B5 62 01 21 14 00 20 67 00 00 FF FF FF FF 00 84 D7 17 E5 07 03 07 00 00 1A F0 2B 45 [NAV-0x21]
< 59.740s B5 62 01 22 14 00 20 67 00 00 00 00 00 00 00 00 00 00 FF FF FF FF 7C 36 39 00 A5 ED [NAV-0x22]
< 59.926s B5 62 01 60 10 00 20 67 00 00 01 00 00 00 00 00 00 00 00 00 00 00 F9 69 [NAV-0x60]
< 59.953s B5 62 02 15 10 00 67 66 66 66 66 66 3A 40 00 00 12 00 00 01 08 68 89 98 [RXM-0x15]
< 59.953s B5 62 01 07 5C 00 E8 67 00 00 E5 07 03 07 00 00 1A F0 FF FF FF FF 00 46 C3 23 00 00 24 00 00 00 00 00 00 00 00 00 00 00 00 00 98 BD FF FF FF FF FF FF 00 E6 85 DF 00 00 00 00 00 00 00 00 00 00 00 00 00 00 00 00 00 00 00 00 58 3E 0F 00 80 A8 12 01 0F 27 00 00 5C 40 56 2F 00 00 00 00 00 00 00 00 CF 17 [NAV-0x07]
< 59.953s B5 62 01 01 14 00 E8 67 00 00 C4 43 04 26 00 00 00 00 00 00 00 00 C0 1F B7 26 52 F0 [NAV-0x01]
< 59.953s B5 62 01 02 1C 00 E8 67 00 00 00 00 00 00 00 00 00 00 00 00 00 00 98 BD FF FF FF FF FF FF 00 E6 85 DF 07 90 [NAV-0x02]
< 59.953s B5 62 01 12 24 00 E8 67 00 00 00 00 00 00 00 00 00 00 00 00 00 00 00 00 00 00 00 00 00 00 00 00 00 00 3C 86 01 00 80 A8 12 01 84 A0 [NAV-0x12]
< 59.953s B5 62 01 35 08 00 E8 67 00 00 01 00 00 00 8E B8 [NAV-0x35]
< 59.953s B5 62 01 03 10 00 E8 67 00 00 00 40 00 08 00 00 00 00 FC 67 00 00 0E 23 [NAV-0x03]
< 59.953s B5 62 01 04 12 00 E8 67 00 00 0F 27 0F 27 0F 27 0F 27 0F 27 0F 27 0F 27 E0 B8 [NAV-0x04]
< 59.953s B5 62 01 21 14 00 E8 67 00 00 FF FF FF FF 00 46 C3 23 E5 07 03 07 00 00 1A F0 AD DF [NAV-0x21]
< 59.953s B5 62 01 22 14 00 E8 67 00 00 00 00 00 00 00 00 00 00 FF FF FF FF 7C 36 39 00 6D 8D [NAV-0x22]
< 60.140s B5 62 01 60 10 00 E8 67 00 00 01 00 00 00 00 00 00 00 00 00 00 00 C1 E9 [NAV-0x60]
< 60.140s B5 62 02 15 10 00 9A 99 99 99 99 99 3A 40 00 00 12 00 00 01 D0 68 83 4B [RXM-0x15]
< 60.140s B5 62 01 07 5C 00 B0 68 00 00 E5 07 03 07 00 00 1A F0 FF FF FF FF 00 08 AF 2F 00 00 24 00 00 00 00 00 00 00 00 00 00 00 00 00 98 BD FF FF FF FF FF FF 00 EC 85 DF 00 00 00 00 00 00 00 00 00 00 00 00 00 00 00 00 00 00 00 00 58 3E 0F 00 80 A8 12 01 0F 27 00 00 5C 40 56 2F 00 00 00 00 00 00 00 00 58 E6 [NAV-0x07]
< 60.140s B5 62 01 01 14 00 B0 68 00 00 C4 43 04 26 00 00 00 00 00 00 00 00 C0 20 B7 26 1C A6 [NAV-0x01]
< 60.140s B5 62 01 02 1C 00 B0 68 00 00 00 00 00 00 00 00 00 00 00 00 00 00 98 BD FF FF FF FF FF FF 00 EC 85 DF D6 9D [NAV-0x02]
< 60.140s B5 62 01 12 24 00 B0 68 00 00 00 00 00 00 00 00 00 00 00 00 00 00 00 00 00 00 00 00 00 00 00 00 00 00 3C 86 01 00 80 A8 12 01 4D E3 [NAV-0x12]
< 60.140s B5 62 01 35 08 00 B0 68 00 00 01 00 00 00 57 FF [NAV-0x35]
< 60.140s B5 62 01 03 10 00 B0 68 00 00 00 40 00 08 00 00 00 00 C4 68 00 00 A0 D5 [NAV-0x03]
< 60.140s B5 62 01 04 12 00 B0 68 00 00 0F 27 0F 27 0F 27 0F 27 0F 27 0F 27 0F 27 A9 D9 [NAV-0x04]
< 60.140s B5 62 01 21 14 00 B0 68 00 00 FF FF FF FF 00 08 AF 2F E5 07 03 07 00 00 1A F0 30 8C [NAV-0x21]
< 60.140s B5 62 01 22 14 00 B0 68 00 00 00 00 00 00 00 00 00 00 FF FF FF FF 7C 36 39 00 36 40 [NAV-0x22]
< 60.302s B5 62 01 60 10 00 B0 68 00 00 01 00 00 00 00 00 00 00 00 00 00 00 8A 78 [NAV-0x60]
< 60.329s B5 62 0A 38 1C 00 00 01 00 00 00 00 01 02 00 00 00 00 00 00 00 00 5A 00 CE 0D 32 07 84 06 88 00 00 00 E2 7B [MON-0x38]
< 60.329s B5 62 02 15 10 00 CD CC CC CC CC CC 3A 40 00 00 12 00 00 01 98 69 7E FF [RXM-0x15]
< 60.356s B5 62 01 07 5C 00 78 69 00 00 E5 07 03 07 00 00 1B F0 FF FF FF FF 00 00 00 00 00 00 24 00 00 00 00 00 00 00 00 00 00 00 00 00 98 BD FF FF FF FF FF FF 00 F1 85 DF 00 00 00 00 00 00 00 00 00 00 00 00 00 00 00 00 00 00 00 00 58 3E 0F 00 80 A8 12 01 0F 27 00 00 5C 40 56 2F 00 00 00 00 00 00 00 00 41 09 [NAV-0x07]
< 60.356s B5 62 01 01 14 00 78 69 00 00 C4 43 04 26 00 00 00 00 00 00 00 00 80 21 B7 26 A6 5C [NAV-0x01]
< 60.356s B5 62 01 02 1C 00 78 69 00 00 00 00 00 00 00 00 00 00 00 00 00 00 98 BD FF FF FF FF FF FF 00 F1 85 DF A4 A7 [NAV-0x02]
< 60.356s B5 62 01 12 24 00 78 69 00 00 00 00 00 00 00 00 00 00 00 00 00 00 00 00 00 00 00 00 00 00 00 00 00 00 3C 86 01 00 80 A8 12 01 16 26 [NAV-0x12]
< 60.356s B5 62 01 35 08 00 78 69 00 00 01 00 00 00 20 46 [NAV-0x35]
< 60.356s B5 62 01 03 10 00 78 69 00 00 00 40 00 08 00 00 00 00 8C 69 00 00 32 87 [NAV-0x03]
< 60.356s B5 62 01 04 12 00 78 69 00 00 0F 27 0F 27 0F 27 0F 27 0F 27 0F 27 0F 27 72 FA [NAV-0x04]
< 60.356s B5 62 01 21 14 00 78 69 00 00 FF FF FF FF 00 00 00 00 E5 07 03 07 00 00 1B F0 14 6C [NAV-0x21]
< 60.356s B5 62 01 22 14 00 78 69 00 00 00 00 00 00 00 00 00 00 FF FF FF FF 7C 36 39 00 FF F3 [NAV-0x22]
< 60.385s B5 62 01 60 10 00 78 69 00 00 01 00 00 00 00 00 00 00 00 00 00 00 53 07 [NAV-0x60]
< 60.521s B5 62 27 04 6C 00 01 00 70 00 67 F2 36 1A DC 26 F0 CF 94 68 D6 DD B4 B8 9B 43 17 D2 64 BB D3 D9 D4 43 C5 63 42 BC 47 42 FA 50 00 00 00 00 00 00 00 00 00 00 00 00 00 00 00 00 00 00 00 00 00 00 00 00 A2 6E 7E 4F 7F 2B 28 1C 23 3F AC DC 20 BB 5A 82 07 8B 5C 62 E9 96 AF B7 2A EB 91 77 A9 64 5E 1D E6 0E 8D DA DB 6C 93 CF C6 4F 2D F9 11 34 5A A0 F3 63 [SEC-0x04]
< 60.548s B5 62 02 15 10 00 00 00 00 00 00 00 3B 40 00 00 12 00 00 01 60 6A 7F FE [RXM-0x15]
< 60.548s B5 62 01 07 5C 00 40 6A 00 00 E5 07 03 07 00 00 1B F0 FF FF FF FF FF C1 EB 0B 00 00 24 00 00 00 00 00 00 00 00 00 00 00 00 00 98 BD FF FF FF FF FF FF 00 F7 85 DF 00 00 00 00 00 00 00 00 00 00 00 00 00 00 00 00 00 00 00 00 58 3E 0F 00 80 A8 12 01 0F 27 00 00 5C 40 56 2F 00 00 00 00 00 00 00 00 C6 AE [NAV-0x07]
< 60.548s B5 62 01 01 14 00 40 6A 00 00 C4 43 04 26 00 00 00 00 00 00 00 00 80 22 B7 26 70 12 [NAV-0x01]
< 60.548s B5 62 01 02 1C 00 40 6A 00 00 00 00 00 00 00 00 00 00 00 00 00 00 98 BD FF FF FF FF FF FF 00 F7 85 DF 73 B4 [NAV-0x02]
< 60.548s B5 62 01 12 24 00 40 6A 00 00 00 00 00 00 00 00 00 00 00 00 00 00 00 00 00 00 00 00 00 00 00 00 00 00 3C 86 01 00 80 A8 12 01 DF 69 [NAV-0x12]
< 60.548s B5 62 01 35 08 00 40 6A 00 00 01 00 00 00 E9 8D [NAV-0x35]
< 60.548s B5 62 01 03 10 00 40 6A 00 00 00 40 00 08 00 00 00 00 54 6A 00 00 C4 39 [NAV-0x03]
< 60.548s B5 62 01 04 12 00 40 6A 00 00 0F 27 0F 27 0F 27 0F 27 0F 27 0F 27 0F 27 3B 1B [NAV-0x04]
< 60.548s B5 62 01 21 14 00 40 6A 00 00 FF FF FF FF FF C1 EB 0B E5 07 03 07 00 00 1B F0 93 EF [NAV-0x21]
< 60.548s B5 62 01 22 14 00 40 6A 00 00 00 00 00 00 00 00 00 00 FF FF FF FF 7C 36 39 00 C8 A6 [NAV-0x22]
< 60.739s B5 62 01 60 10 00 40 6A 00 00 01 00 00 00 00 00 00 00 00 00 00 00 1C 96 [NAV-0x60]
< 60.739s B5 62 02 15 10 00 33 33 33 33 33 33 3B 40 00 00 12 00 00 01 28 6B 7A B2 [RXM-0x15]
< 60.739s B5 62 01 07 5C 00 08 6B 00 00 E5 07 03 07 00 00 1B F0 FF FF FF FF 00 84 D7 17 00 00 24 00 00 00 00 00 00 00 00 00 00 00 00 00 98 BD FF FF FF FF FF FF 00 FC 85 DF 00 00 00 00 00 00 00 00 00 00 00 00 00 00 00 00 00 00 00 00 58 3E 0F 00 80 A8 12 01 0F 27 00 00 5C 40 56 2F 00 00 00 00 00 00 00 00 50 E5 [NAV-0x07]
< 60.739s B5 62 01 01 14 00 08 6B 00 00 C4 43 04 26 00 00 00 00 00 00 00 00 80 23 B7 26 3A C8 [NAV-0x01]
< 60.739s B5 62 01 02 1C 00 08 6B 00 00 00 00 00 00 00 00 00 00 00 00 00 00 98 BD FF FF FF FF FF FF 00 FC 85 DF 41 BE [NAV-0x02]
< 60.739s B5 62 01 12 24 00 08 6B 00 00 00 00 00 00 00 00 00 00 00 00 00 00 00 00 00 00 00 00 00 00 00 00 00 00 3C 86 01 00 80 A8 12 01 A8 AC [NAV-0x12]
< 60.739s B5 62 01 35 08 00 08 6B 00 00 01 00 00 00 B2 D4 [NAV-0x35]
< 60.739s B5 62 01 03 10 00 08 6B 00 00 00 40 00 08 00 00 00 00 1C 6B 00 00 56 EB [NAV-0x03]
< 60.739s B5 62 01 04 12 00 08 6B 00 00 0F 27 0F 27 0F 27 0F 27 0F 27 0F 27 0F 27 04 3C [NAV-0x04]
< 60.739s B5 62 01 21 14 00 08 6B 00 00 FF FF FF FF 00 84 D7 17 E5 07 03 07 00 00 1B F0 18 B3 [NAV-0x21]
< 60.739s B5 62 01 22 14 00 08 6B 00 00 00 00 00 00 00 00 00 00 FF FF FF FF 7C 36 39 00 91 59 [NAV-0x22]
< 60.931s B5 62 01 60 10 00 08 6B 00 00 01 00 00 00 00 00 00 00 00 00 00 00 E5 25 [NAV-0x60]
< 60.931s B5 62 02 15 10 00 67 66 66 66 66 66 3B 40 00 00 12 00 00 01 F0 6B 75 75 [RXM-0x15]
< 60.931s B5 62 01 07 5C 00 D0 6B 00 00 E5 07 03 07 00 00 1B F0 FF FF FF FF 00 46 C3 23 00 00 24 00 00 00 00 00 00 00 00 00 00 00 00 00 98 BD FF FF FF FF FF FF 00 02 86 DF 00 00 00 00 00 00 00 00 00 00 00 00 00 00 00 00 00 00 00 00 58 3E 0F 00 80 A8 12 01 0F 27 00 00 5C 40 56 2F 00 00 00 00 00 00 00 00 D9 87 [NAV-0x07]
< 60.931s B5 62 01 01 14 00 D0 6B 00 00 C4 43 04 26 00 00 00 00 00 00 00 00 40 24 B7 26 C3 6B [NAV-0x01]
< 60.959s B5 62 01 02 1C 00 D0 6B 00 00 00 00 00 00 00 00 00 00 00 00 00 00 98 BD FF FF FF FF FF FF 00 02 86 DF 10 B2 [NAV-0x02]
< 60.959s B5 62 01 12 24 00 D0 6B 00 00 00 00 00 00 00 00 00 00 00 00 00 00 00 00 00 00 00 00 00 00 00 00 00 00 3C 86 01 00 80 A8 12 01 70 CC [NAV-0x12]
< 60.959s B5 62 01 35 08 00 D0 6B 00 00 01 00 00 00 7A 14 [NAV-0x35]
< 60.959s B5 62 01 03 10 00 D0 6B 00 00 00 40 00 08 00 00 00 00 E4 6B 00 00 E6 8B [NAV-0x03]
< 60.959s B5 62 01 04 12 00 D0 6B 00 00 0F 27 0F 27 0F 27 0F 27 0F 27 0F 27 0F 27 CC 4C [NAV-0x04]
< 60.959s B5 62 01 21 14 00 D0 6B 00 00 FF FF FF FF 00 46 C3 23 E5 07 03 07 00 00 1B F0 9A 4D [NAV-0x21]
< 60.959s B5 62 01 22 14 00 D0 6B 00 00 00 00 00 00 00 00 00 00 FF FF FF FF 7C 36 39 00 59 F9 [NAV-0x22]
< 61.124s B5 62 01 60 10 00 D0 6B 00 00 01 00 00 00 00 00 00 00 00 00 00 00 AD A5 [NAV-0x60]
< 61.151s B5 62 02 15 10 00 9A 99 99 99 99 99 3B 40 00 00 12 00 00 01 B8 6C 70 29 [RXM-0x15]
< 61.151s B5 62 01 07 5C 00 98 6C 00 00 E5 07 03 07 00 00 1B F0 FF FF FF FF 00 08 AF 2F 00 00 24 00 00 00 00 00 00 00 00 00 00 00 00 00 98 BD FF FF FF FF FF FF 00 08 86 DF 00 00 00 00 00 00 00 00 00 00 00 00 00 00 00 00 00 00 00 00 58 3E 0F 00 80 A8 12 01 0F 27 00 00 5C 40 56 2F 00 00 00 00 00 00 00 00 62 56 [NAV-0x07]
< 61.151s B5 62 01 01 14 00 98 6C 00 00 C4 43 04 26 00 00 00 00 00 00 00 00 80 25 B7 26 CD 21 [NAV-0x01]
< 61.151s B5 62 01 02 1C 00 98 6C 00 00 00 00 00 00 00 00 00 00 00 00 00 00 98 BD FF FF FF FF FF FF 00 08 86 DF DF BF [NAV-0x02]
< 61.151s B5 62 01 12 24 00 98 6C 00 00 00 00 00 00 00 00 00 00 00 00 00 00 00 00 00 00 00 00 00 00 00 00 00 00 3C 86 01 00 80 A8 12 01 39 0F [NAV-0x12]
< 61.151s B5 62 01 35 08 00 98 6C 00 00 01 00 00 00 43 5B [NAV-0x35]
< 61.151s B5 62 01 03 10 00 98 6C 00 00 00 40 00 08 00 00 00 00 AC 6C 00 00 78 3D [NAV-0x03]
< 61.151s B5 62 01 04 12 00 98 6C 00 00 0F 27 0F 27 0F 27 0F 27 0F 27 0F 27 0F 27 95 6D [NAV-0x04]
< 61.151s B5 62 01 21 14 00 98 6C 00 00 FF FF FF FF 00 08 AF 2F E5 07 03 07 00 00 1B F0 1D FA [NAV-0x21]
< 61.151s B5 62 01 22 14 00 98 6C 00 00 00 00 00 00 00 00 00 00 FF FF FF FF 7C 36 39 00 22 AC [NAV-0x22]
< 61.290s B5 62 01 60 10 00 98 6C 00 00 01 00 00 00 00 00 00 00 00 00 00 00 76 34 [NAV-0x60]
< 61.347s B5 62 0A 38 1C 00 00 01 00 00 00 00 01 02 00 00 00 00 00 00 00 00 5A 00 CE 0D 32 06 82 06 85 00 00 00 DC 5C [MON-0x38]
< 61.347s B5 62 02 15 10 00 CD CC CC CC CC CC 3B 40 00 00 12 00 00 01 80 6D 6B DD [RXM-0x15]
< 61.347s B5 62 01 07 5C 00 60 6D 00 00 E5 07 03 07 00 00 1C F0 FF FF FF FF 00 00 00 00 00 00 24 00 00 00 00 00 00 00 00 00 00 00 00 00 98 BD FF FF FF FF FF FF 00 0E 86 DF 00 00 00 00 00 00 00 00 00 00 00 00 00 00 00 00 00 00 00 00 58 3E 0F 00 80 A8 12 01 0F 27 00 00 5C 40 56 2F 00 00 00 00 00 00 00 00 4C A8 [NAV-0x07]
< 61.347s B5 62 01 01 14 00 60 6D 00 00 C4 43 04 26 00 00 00 00 00 00 00 00 80 26 B7 26 97 D7 [NAV-0x01]
< 61.347s B5 62 01 02 1C 00 60 6D 00 00 00 00 00 00 00 00 00 00 00 00 00 00 98 BD FF FF FF FF FF FF 00 0E 86 DF AE CC [NAV-0x02]
< 61.347s B5 62 01 12 24 00 60 6D 00 00 00 00 00 00 00 00 00 00 00 00 00 00 00 00 00 00 00 00 00 00 00 00 00 00 3C 86 01 00 80 A8 12 01 02 52 [NAV-0x12]
< 61.347s B5 62 01 35 08 00 60 6D 00 00 01 00 00 00 0C A2 [NAV-0x35]
< 61.347s B5 62 01 03 10 00 60 6D 00 00 00 40 00 08 00 00 00 00 74 6D 00 00 0A EF [NAV-0x03]
< 61.347s B5 62 01 04 12 00 60 6D 00 00 0F 27 0F 27 0F 27 0F 27 0F 27 0F 27 0F 27 5E 8E [NAV-0x04]
< 61.347s B5 62 01 21 14 00 60 6D 00 00 FF FF FF FF 00 00 00 00 E5 07 03 07 00 00 1C F0 01 DA [NAV-0x21]
< 61.347s B5 62 01 22 14 00 60 6D 00 00 00 00 00 00 00 00 00 00 FF FF FF FF 7C 36 39 00 EB 5F [NAV-0x22]
< 61.543s B5 62 01 60 10 00 60 6D 00 00 01 00 00 00 00 00 00 00 00 00 00 00 3F C3 [NAV-0x60]
< 61.543s B5 62 02 15 10 00 00 00 00 00 00 00 3C 40 00 00 12 00 00 01 48 6E 6C DC [RXM-0x15]
< 61.543s B5 62 01 07 5C 00 28 6E 00 00 E5 07 03 07 00 00 1C F0 FF FF FF FF FF C1 EB 0B 00 00 24 00 00 00 00 00 00 00 00 00 00 00 00 00 98 BD FF FF FF FF FF FF 00 14 86 DF 00 00 00 00 00 00 00 00 00 00 00 00 00 00 00 00 00 00 00 00 58 3E 0F 00 80 A8 12 01 0F 27 00 00 5C 40 56 2F 00 00 00 00 00 00 00 00 D1 4D [NAV-0x07]
< 61.543s B5 62 01 01 14 00 28 6E 00 00 C4 43 04 26 00 00 00 00 00 00 00 00 80 27 B7 26 61 8D [NAV-0x01]
< 61.543s B5 62 01 02 1C 00 28 6E 00 00 00 00 00 00 00 00 00 00 00 00 00 00 98 BD FF FF FF FF FF FF 00 14 86 DF 7D D9 [NAV-0x02]
< 61.543s B5 62 01 12 24 00 28 6E 00 00 00 00 00 00 00 00 00 00 00 00 00 00 00 00 00 00 00 00 00 00 00 00 00 00 3C 86 01 00 80 A8 12 01 CB 95 [NAV-0x12]
< 61.543s B5 62 01 35 08 00 28 6E 00 00 01 00 00 00 D5 E9 [NAV-0x35]
< 61.543s B5 62 01 03 10 00 28 6E 00 00 00 40 00 08 00 00 00 00 3C 6E 00 00 9C A1 [NAV-0x03]
< 61.543s B5 62 01 04 12 00 28 6E 00 00 0F 27 0F 27 0F 27 0F 27 0F 27 0F 27 0F 27 27 AF [NAV-0x04]
< 61.543s B5 62 01 21 14 00 28 6E 00 00 FF FF FF FF FF C1 EB 0B E5 07 03 07 00 00 1C F0 80 5D [NAV-0x21]
< 61.543s B5 62 01 22 14 00 28 6E 00 00 00 00 00 00 00 00 00 00 FF FF FF FF 7C 36 39 00 B4 12 [NAV-0x22]
< 61.740s B5 62 01 60 10 00 28 6E 00 00 01 00 00 00 00 00 00 00 00 00 00 00 08 52 [NAV-0x60]
< 61.740s B5 62 02 15 10 00 33 33 33 33 33 33 3C 40 00 00 12 00 00 01 10 6F 67 90 [RXM-0x15]
< 61.740s B5 62 01 07 5C 00 F0 6E 00 00 E5 07 03 07 00 00 1C F0 FF FF FF FF 00 84 D7 17 00 00 24 00 00 00 00 00 00 00 00 00 00 00 00 00 98 BD FF FF FF FF FF FF 00 19 86 DF 00 00 00 00 00 00 00 00 00 00 00 00 00 00 00 00 00 00 00 00 58 3E 0F 00 80 A8 12 01 0F 27 00 00 5C 40 56 2F 00 00 00 00 00 00 00 00 5A 29 [NAV-0x07]
< 61.740s B5 62 01 01 14 00 F0 6E 00 00 C4 43 04 26 00 00 00 00 00 00 00 00 80 28 B7 26 2A 30 [NAV-0x01]
< 61.740s B5 62 01 02 1C 00 F0 6E 00 00 00 00 00 00 00 00 00 00 00 00 00 00 98 BD FF FF FF FF FF FF 00 19 86 DF 4A C8 [NAV-0x02]
< 61.740s B5 62 01 12 24 00 F0 6E 00 00 00 00 00 00 00 00 00 00 00 00 00 00 00 00 00 00 00 00 00 00 00 00 00 00 3C 86 01 00 80 A8 12 01 93 B5 [NAV-0x12]
< 61.740s B5 62 01 35 08 00 F0 6E 00 00 01 00 00 00 9D 29 [NAV-0x35]
< 61.740s B5 62 01 03 10 00 F0 6E 00 00 00 40 00 08 00 00 00 00 04 6F 00 00 2D 44 [NAV-0x03]
< 61.740s B5 62 01 04 12 00 F0 6E 00 00 0F 27 0F 27 0F 27 0F 27 0F 27 0F 27 0F 27 EF BF [NAV-0x04]
< 61.740s B5 62 01 21 14 00 F0 6E 00 00 FF FF FF FF 00 84 D7 17 E5 07 03 07 00 00 1C F0 04 0E [NAV-0x21]
< 61.740s B5 62 01 22 14 00 F0 6E 00 00 00 00 00 00 00 00 00 00 FF FF FF FF 7C 36 39 00 7C B2 [NAV-0x22]
< 61.938s B5 62 01 60 10 00 F0 6E 00 00 01 00 00 00 00 00 00 00 00 00 00 00 D0 D2 [NAV-0x60]
< 61.938s B5 62 02 15 10 00 67 66 66 66 66 66 3C 40 00 00 12 00 00 01 D8 6F 62 53 [RXM-0x15]
< 61.938s B5 62 01 07 5C 00 B8 6F 00 00 E5 07 03 07 00 00 1C F0 FF FF FF FF 00 46 C3 23 00 00 24 00 00 00 00 00 00 00 00 00 00 00 00 00 98 BD FF FF FF FF FF FF 00 1F 86 DF 00 00 00 00 00 00 00 00 00 00 00 00 00 00 00 00 00 00 00 00 58 3E 0F 00 80 A8 12 01 0F 27 00 00 5C 40 56 2F 00 00 00 00 00 00 00 00 E3 F8 [NAV-0x07]
< 61.938s B5 62 01 01 14 00 B8 6F 00 00 C4 43 04 26 00 00 00 00 00 00 00 00 80 29 B7 26 F4 E6 [NAV-0x01]
< 61.938s B5 62 01 02 1C 00 B8 6F 00 00 00 00 00 00 00 00 00 00 00 00 00 00 98 BD FF FF FF FF FF FF 00 1F 86 DF 19 D5 [NAV-0x02]
< 61.938s B5 62 01 12 24 00 B8 6F 00 00 00 00 00 00 00 00 00 00 00 00 00 00 00 00 00 00 00 00 00 00 00 00 00 00 3C 86 01 00 80 A8 12 01 5C F8 [NAV-0x12]
< 61.938s B5 62 01 35 08 00 B8 6F 00 00 01 00 00 00 66 70 [NAV-0x35]
< 61.938s B5 62 01 03 10 00 B8 6F 00 00 00 40 00 08 00 00 00 00 CC 6F 00 00 BE F3 [NAV-0x03]
< 61.938s B5 62 01 04 12 00 B8 6F 00 00 0F 27 0F 27 0F 27 0F 27 0F 27 0F 27 0F 27 B8 E0 [NAV-0x04]
< 61.938s B5 62 01 21 14 00 B8 6F 00 00 FF FF FF FF 00 46 C3 23 E5 07 03 07 00 00 1C F0 87 BB [NAV-0x21]
< 61.938s B5 62 01 22 14 00 B8 6F 00 00 00 00 00 00 00 00 00 00 FF FF FF FF 7C 36 39 00 45 65 [NAV-0x22]
< 62.135s B5 62 01 60 10 00 B8 6F 00 00 01 00 00 00 00 00 00 00 00 00 00 00 99 61 [NAV-0x60]
< 62.135s B5 62 02 15 10 00 9A 99 99 99 99 99 3C 40 00 00 12 00 00 01 A0 70 5D 07 [RXM-0x15]
< 62.135s B5 62 01 07 5C 00 80 70 00 00 E5 07 03 07 00 00 1C F0 FF FF FF FF 00 08 AF 2F 00 00 24 00 00 00 00 00 00 00 00 00 00 00 00 00 98 BD FF FF FF FF FF FF 00 25 86 DF 00 00 00 00 00 00 00 00 00 00 00 00 00 00 00 00 00 00 00 00 58 3E 0F 00 80 A8 12 01 0F 27 00 00 5C 40 56 2F 00 00 00 00 00 00 00 00 6C C7 [NAV-0x07]
< 62.135s B5 62 01 01 14 00 80 70 00 00 C4 43 04 26 00 00 00 00 00 00 00 00 80 2A B7 26 BE 9C [NAV-0x01]
< 62.135s B5 62 01 02 1C 00 80 70 00 00 00 00 00 00 00 00 00 00 00 00 00 00 98 BD FF FF FF FF FF FF 00 25 86 DF E8 E2 [NAV-0x02]
< 62.135s B5 62 01 12 24 00 80 70 00 00 00 00 00 00 00 00 00 00 00 00 00 00 00 00 00 00 00 00 00 00 00 00 00 00 3C 86 01 00 80 A8 12 01 25 3B [NAV-0x12]
< 62.135s B5 62 01 35 08 00 80 70 00 00 01 00 00 00 2F B7 [NAV-0x35]
< 62.164s B5 62 01 03 10 00 80 70 00 00 00 40 00 08 00 00 00 00 94 70 00 00 50 A5 [NAV-0x03]
< 62.164s B5 62 01 04 12 00 80 70 00 00 0F 27 0F 27 0F 27 0F 27 0F 27 0F 27 0F 27 81 01 [NAV-0x04]
< 62.164s B5 62 01 21 14 00 80 70 00 00 FF FF FF FF 00 08 AF 2F E5 07 03 07 00 00 1C F0 0A 68 [NAV-0x21]
< 62.164s B5 62 01 22 14 00 80 70 00 00 00 00 00 00 00 00 00 00 FF FF FF FF 7C 36 39 00 0E 18 [NAV-0x22]
< 62.308s B5 62 01 60 10 00 80 70 00 00 01 00 00 00 00 00 00 00 00 00 00 00 62 F0 [NAV-0x60]
< 62.336s B5 62 0A 38 1C 00 00 01 00 00 00 00 01 02 00 00 00 00 00 00 00 00 5A 00 CE 0D 34 07 83 07 86 00 00 00 E2 82 [MON-0x38]
< 62.336s B5 62 02 15 10 00 CD CC CC CC CC CC 3C 40 00 00 12 00 00 01 68 71 58 BB [RXM-0x15]
< 62.336s B5 62 01 07 5C 00 48 71 00 00 E5 07 03 07 00 00 1D F0 FF FF FF FF 00 00 00 00 00 00 24 00 00 00 00 00 00 00 00 00 00 00 00 00 98 BD FF FF FF FF FF FF 00 2B 86 DF 00 00 00 00 00 00 00 00 00 00 00 00 00 00 00 00 00 00 00 00 58 3E 0F 00 80 A8 12 01 0F 27 00 00 5C 40 56 2F 00 00 00 00 00 00 00 00 56 19 [NAV-0x07]
< 62.336s B5 62 01 01 14 00 48 71 00 00 C4 43 04 26 00 00 00 00 00 00 00 00 80 2B B7 26 88 52 [NAV-0x01]
< 62.336s B5 62 01 02 1C 00 48 71 00 00 00 00 00 00 00 00 00 00 00 00 00 00 98 BD FF FF FF FF FF FF 00 2B 86 DF B7 EF [NAV-0x02]
< 62.336s B5 62 01 12 24 00 48 71 00 00 00 00 00 00 00 00 00 00 00 00 00 00 00 00 00 00 00 00 00 00 00 00 00 00 3C 86 01 00 80 A8 12 01 EE 7E [NAV-0x12]
< 62.336s B5 62 01 35 08 00 48 71 00 00 01 00 00 00 F8 FE [NAV-0x35]
< 62.336s B5 62 01 03 10 00 48 71 00 00 00 40 00 08 00 00 00 00 5C 71 00 00 E2 57 [NAV-0x03]
< 62.336s B5 62 01 04 12 00 48 71 00 00 0F 27 0F 27 0F 27 0F 27 0F 27 0F 27 0F 27 4A 22 [NAV-0x04]
< 62.336s B5 62 01 21 14 00 48 71 00 00 FF FF FF FF 00 00 00 00 E5 07 03 07 00 00 1D F0 EE 48 [NAV-0x21]
< 62.336s B5 62 01 22 14 00 48 71 00 00 00 00 00 00 00 00 00 00 FF FF FF FF 7C 36 39 00 D7 CB [NAV-0x22]
< 62.395s B5 62 01 60 10 00 48 71 00 00 01 00 00 00 00 00 00 00 00 00 00 00 2B 7F [NAV-0x60]
< 62.538s B5 62 27 04 6C 00 01 00 70 00 98 DD 35 E6 6B 06 30 3C CD 5A E7 FE 07 49 AA 17 27 AF C5 5F 05 2B C3 AB 90 89 1E 9E 8B 6E 08 75 00 00 00 00 00 00 00 00 00 00 00 00 00 00 00 00 00 00 00 00 00 00 00 00 C8 B8 48 40 DC 84 87 5B 54 49 21 C3 E0 16 E8 66 3F E1 15 3F EB E9 F2 4B 8C 91 36 D2 1E 90 C9 77 09 36 81 E6 73 AA 63 CF 5D 29 69 24 49 57 8B 6B BA 52 [SEC-0x04]
< 62.538s B5 62 02 15 10 00 00 00 00 00 00 00 3D 40 00 00 12 00 00 01 30 72 59 BA [RXM-0x15]
< 62.538s B5 62 01 07 5C 00 10 72 00 00 E5 07 03 07 00 00 1D F0 FF FF FF FF FF C1 EB 0B 00 00 24 00 00 00 00 00 00 00 00 00 00 00 00 00 98 BD FF FF FF FF FF FF 00 32 86 DF 00 00 00 00 00 00 00 00 00 00 00 00 00 00 00 00 00 00 00 00 58 3E 0F 00 80 A8 12 01 0F 27 00 00 5C 40 56 2F 00 00 00 00 00 00 00 00 DC ED [NAV-0x07]
< 62.538s B5 62 01 01 14 00 10 72 00 00 C4 43 04 26 00 00 00 00 00 00 00 00 C0 2C B7 26 92 08 [NAV-0x01]
< 62.538s B5 62 01 02 1C 00 10 72 00 00 00 00 00 00 00 00 00 00 00 00 00 00 98 BD FF FF FF FF FF FF 00 32 86 DF 87 FF [NAV-0x02]
< 62.568s B5 62 01 12 24 00 10 72 00 00 00 00 00 00 00 00 00 00 00 00 00 00 00 00 00 00 00 00 00 00 00 00 00 00 3C 86 01 00 80 A8 12 01 B7 C1 [NAV-0x12]
< 62.568s B5 62 01 35 08 00 10 72 00 00 01 00 00 00 C1 45 [NAV-0x35]
< 62.568s B5 62 01 03 10 00 10 72 00 00 00 40 00 08 00 00 00 00 24 72 00 00 74 09 [NAV-0x03]
< 62.568s B5 62 01 04 12 00 10 72 00 00 0F 27 0F 27 0F 27 0F 27 0F 27 0F 27 0F 27 13 43 [NAV-0x04]
< 62.568s B5 62 01 21 14 00 10 72 00 00 FF FF FF FF FF C1 EB 0B E5 07 03 07 00 00 1D F0 6D CB [NAV-0x21]
< 62.568s B5 62 01 22 14 00 10 72 00 00 00 00 00 00 00 00 00 00 FF FF FF FF 7C 36 39 00 A0 7E [NAV-0x22]
< 62.740s B5 62 01 60 10 00 10 72 00 00 01 00 00 00 00 00 00 00 00 00 00 00 F4 0E [NAV-0x60]
< 62.740s B5 62 02 15 10 00 33 33 33 33 33 33 3D 40 00 00 12 00 00 01 F8 72 53 6D [RXM-0x15]
< 62.740s B5 62 01 07 5C 00 D8 72 00 00 E5 07 03 07 00 00 1D F0 FF FF FF FF 00 84 D7 17 00 00 24 00 00 00 00 00 00 00 00 00 00 00 00 00 98 BD FF FF FF FF FF FF 00 38 86 DF 00 00 00 00 00 00 00 00 00 00 00 00 00 00 00 00 00 00 00 00 58 3E 0F 00 80 A8 12 01 0F 27 00 00 5C 40 56 2F 00 00 00 00 00 00 00 00 66 F8 [NAV-0x07]
< 62.740s B5 62 01 01 14 00 D8 72 00 00 C4 43 04 26 00 00 00 00 00 00 00 00 C0 2D B7 26 5B AB [NAV-0x01]
< 62.740s B5 62 01 02 1C 00 D8 72 00 00 00 00 00 00 00 00 00 00 00 00 00 00 98 BD FF FF FF FF FF FF 00 38 86 DF 55 F1 [NAV-0x02]
< 62.740s B5 62 01 12 24 00 D8 72 00 00 00 00 00 00 00 00 00 00 00 00 00 00 00 00 00 00 00 00 00 00 00 00 00 00 3C 86 01 00 80 A8 12 01 7F E1 [NAV-0x12]
< 62.740s B5 62 01 35 08 00 D8 72 00 00 01 00 00 00 89 85 [NAV-0x35]
< 62.740s B5 62 01 03 10 00 D8 72 00 00 00 40 00 08 00 00 00 00 EC 72 00 00 04 A9 [NAV-0x03]
< 62.740s B5 62 01 04 12 00 D8 72 00 00 0F 27 0F 27 0F 27 0F 27 0F 27 0F 27 0F 27 DB 53 [NAV-0x04]
< 62.740s B5 62 01 21 14 00 D8 72 00 00 FF FF FF FF 00 84 D7 17 E5 07 03 07 00 00 1D F0 F1 7C [NAV-0x21]
< 62.740s B5 62 01 22 14 00 D8 72 00 00 00 00 00 00 00 00 00 00 FF FF FF FF 7C 36 39 00 68 1E [NAV-0x22]
< 62.943s B5 62 01 60 10 00 D8 72 00 00 01 00 00 00 00 00 00 00 00 00 00 00 BC 8E [NAV-0x60]
< 62.943s B5 62 02 15 10 00 67 66 66 66 66 66 3D 40 00 00 12 00 00 01 C0 73 4F 31 [RXM-0x15]
< 62.943s B5 62 01 07 5C 00 A0 73 00 00 E5 07 03 07 00 00 1D F0 FF FF FF FF 00 46 C3 23 00 00 24 00 00 00 00 00 00 00 00 00 00 00 00 00 98 BD FF FF FF FF FF FF 00 3E 86 DF 00 00 00 00 00 00 00 00 00 00 00 00 00 00 00 00 00 00 00 00 58 3E 0F 00 80 A8 12 01 0F 27 00 00 5C 40 56 2F 00 00 00 00 00 00 00 00 EF C7 [NAV-0x07]
< 62.943s B5 62 01 01 14 00 A0 73 00 00 C4 43 04 26 00 00 00 00 00 00 00 00 00 2F B7 26 66 64 [NAV-0x01]
< 62.943s B5 62 01 02 1C 00 A0 73 00 00 00 00 00 00 00 00 00 00 00 00 00 00 98 BD FF FF FF FF FF FF 00 3E 86 DF 24 FE [NAV-0x02]
< 62.943s B5 62 01 12 24 00 A0 73 00 00 00 00 00 00 00 00 00 00 00 00 00 00 00 00 00 00 00 00 00 00 00 00 00 00 3C 86 01 00 80 A8 12 01 48 24 [NAV-0x12]
< 62.943s B5 62 01 35 08 00 A0 73 00 00 01 00 00 00 52 CC [NAV-0x35]
< 62.943s B5 62 01 03 10 00 A0 73 00 00 00 40 00 08 00 00 00 00 B4 73 00 00 96 5B [NAV-0x03]
< 62.943s B5 62 01 04 12 00 A0 73 00 00 0F 27 0F 27 0F 27 0F 27 0F 27 0F 27 0F 27 A4 74 [NAV-0x04]
< 62.943s B5 62 01 21 14 00 A0 73 00 00 FF FF FF FF 00 46 C3 23 E5 07 03 07 00 00 1D F0 74 29 [NAV-0x21]
< 62.943s B5 62 01 22 14 00 A0 73 00 00 00 00 00 00 00 00 00 00 FF FF FF FF 7C 36 39 00 31 D1 [NAV-0x22]
< 63.146s B5 62 01 60 10 00 A0 73 00 00 01 00 00 00 00 00 00 00 00 00 00 00 85 1D [NAV-0x60]
< 63.146s B5 62 02 15 10 00 9A 99 99 99 99 99 3D 40 00 00 12 00 00 01 88 74 4A E5 [RXM-0x15]
< 63.146s B5 62 01 07 5C 00 68 74 00 00 E5 07 03 07 00 00 1D F0 FF FF FF FF 00 08 AF 2F 00 00 24 00 00 00 00 00 00 00 00 00 00 00 00 00 98 BD FF FF FF FF FF FF 00 44 86 DF 00 00 00 00 00 00 00 00 00 00 00 00 00 00 00 00 00 00 00 00 58 3E 0F 00 80 A8 12 01 0F 27 00 00 5C 40 56 2F 00 00 00 00 00 00 00 00 78 96 [NAV-0x07]
< 63.146s B5 62 01 01 14 00 68 74 00 00 C4 43 04 26 00 00 00 00 00 00 00 00 C0 2F B7 26 EF 17 [NAV-0x01]
< 63.146s B5 62 01 02 1C 00 68 74 00 00 00 00 00 00 00 00 00 00 00 00 00 00 98 BD FF FF FF FF FF FF 00 44 86 DF F3 0B [NAV-0x02]
< 63.146s B5 62 01 12 24 00 68 74 00 00 00 00 00 00 00 00 00 00 00 00 00 00 00 00 00 00 00 00 00 00 00 00 00 00 3C 86 01 00 80 A8 12 01 11 67 [NAV-0x12]
< 63.146s B5 62 01 35 08 00 68 74 00 00 01 00 00 00 1B 13 [NAV-0x35]
< 63.146s B5 62 01 03 10 00 68 74 00 00 00 40 00 08 00 00 00 00 7C 74 00 00 28 0D [NAV-0x03]
< 63.146s B5 62 01 04 12 00 68 74 00 00 0F 27 0F 27 0F 27 0F 27 0F 27 0F 27 0F 27 6D 95 [NAV-0x04]
< 63.146s B5 62 01 21 14 00 68 74 00 00 FF FF FF FF 00 08 AF 2F E5 07 03 07 00 00 1D F0 F7 D6 [NAV-0x21]
< 63.146s B5 62 01 22 14 00 68 74 00 00 00 00 00 00 00 00 00 00 FF FF FF FF 7C 36 39 00 FA 84 [NAV-0x22]
< 63.293s B5 62 01 60 10 00 68 74 00 00 01 00 00 00 00 00 00 00 00 00 00 00 4E AC [NAV-0x60]
< 63.323s B5 62 0A 38 1C 00 00 01 00 00 00 00 01 02 00 00 00 00 00 00 00 00 5A 00 CE 0D 30 07 82 06 88 00 00 00 DE 5F [MON-0x38]
< 63.353s B5 62 02 15 10 00 CD CC CC CC CC CC 3D 40 00 00 12 00 00 01 50 75 45 99 [RXM-0x15]
< 63.353s B5 62 01 07 5C 00 30 75 00 00 E5 07 03 07 00 00 1E F0 FF FF FF FF 00 00 00 00 00 00 24 00 00 00 00 00 00 00 00 00 00 00 00 00 98 BD FF FF FF FF FF FF 00 4A 86 DF 00 00 00 00 00 00 00 00 00 00 00 00 00 00 00 00 00 00 00 00 58 3E 0F 00 80 A8 12 01 0F 27 00 00 5C 40 56 2F 00 00 00 00 00 00 00 00 62 E8 [NAV-0x07]
< 63.353s B5 62 01 01 14 00 30 75 00 00 C4 43 04 26 00 00 00 00 00 00 00 00 C0 30 B7 26 B9 CD [NAV-0x01]
< 63.353s B5 62 01 02 1C 00 30 75 00 00 00 00 00 00 00 00 00 00 00 00 00 00 98 BD FF FF FF FF FF FF 00 4A 86 DF C2 18 [NAV-0x02]
< 63.353s B5 62 01 12 24 00 30 75 00 00 00 00 00 00 00 00 00 00 00 00 00 00 00 00 00 00 00 00 00 00 00 00 00 00 3C 86 01 00 80 A8 12 01 DA AA [NAV-0x12]
< 63.353s B5 62 01 35 08 00 30 75 00 00 01 00 00 00 E4 5A [NAV-0x35]
< 63.353s B5 62 01 03 10 00 30 75 00 00 00 40 00 08 00 00 00 00 44 75 00 00 BA BF [NAV-0x03]
< 63.353s B5 62 01 04 12 00 30 75 00 00 0F 27 0F 27 0F 27 0F 27 0F 27 0F 27 0F 27 36 B6 [NAV-0x04]
< 63.353s B5 62 01 21 14 00 30 75 00 00 FF FF FF FF 00 00 00 00 E5 07 03 07 00 00 1E F0 DB B6 [NAV-0x21]
< 63.353s B5 62 01 22 14 00 30 75 00 00 00 00 00 00 00 00 00 00 FF FF FF FF 7C 36 39 00 C3 37 [NAV-0x22]
< 63.529s B5 62 01 60 10 00 30 75 00 00 01 00 00 00 00 00 00 00 00 00 00 00 17 3B [NAV-0x60]
< 63.529s B5 62 02 15 10 00 00 00 00 00 00 00 3E 40 00 00 12 00 00 01 18 76 46 98 [RXM-0x15]
< 63.559s B5 62 01 07 5C 00 F8 75 00 00 E5 07 03 07 00 00 1E F0 FF FF FF FF FF C1 EB 0B 00 00 24 00 00 00 00 00 00 00 00 00 00 00 00 00 98 BD FF FF FF FF FF FF 00 50 86 DF 00 00 00 00 00 00 00 00 00 00 00 00 00 00 00 00 00 00 00 00 58 3E 0F 00 80 A8 12 01 0F 27 00 00 5C 40 56 2F 00 00 00 00 00 00 00 00 E6 32 [NAV-0x07]
< 63.559s B5 62 01 01 14 00 F8 75 00 00 C4 43 04 26 00 00 00 00 00 00 00 00 00 32 B7 26 C3 73 [NAV-0x01]
< 63.559s B5 62 01 02 1C 00 F8 75 00 00 00 00 00 00 00 00 00 00 00 00 00 00 98 BD FF FF FF FF FF FF 00 50 86 DF 90 0A [NAV-0x02]
< 63.559s B5 62 01 12 24 00 F8 75 00 00 00 00 00 00 00 00 00 00 00 00 00 00 00 00 00 00 00 00 00 00 00 00 00 00 3C 86 01 00 80 A8 12 01 A2 CA [NAV-0x12]
< 63.559s B5 62 01 35 08 00 F8 75 00 00 01 00 00 00 AC 9A [NAV-0x35]
< 63.559s B5 62 01 03 10 00 F8 75 00 00 00 40 00 08 00 00 00 00 0C 76 00 00 4B 62 [NAV-0x03]
< 63.559s B5 62 01 04 12 00 F8 75 00 00 0F 27 0F 27 0F 27 0F 27 0F 27 0F 27 0F 27 FE C6 [NAV-0x04]
< 63.559s B5 62 01 21 14 00 F8 75 00 00 FF FF FF FF FF C1 EB 0B E5 07 03 07 00 00 1E F0 59 26 [NAV-0x21]
< 63.559s B5 62 01 22 14 00 F8 75 00 00 00 00 00 00 00 00 00 00 FF FF FF FF 7C 36 39 00 8B D7 [NAV-0x22]
< 63.737s B5 62 01 60 10 00 F8 75 00 00 01 00 00 00 00 00 00 00 00 00 00 00 DF BB [NAV-0x60]
< 63.737s B5 62 02 15 10 00 33 33 33 33 33 33 3E 40 00 00 12 00 00 01 E0 76 40 4B [RXM-0x15]
< 63.737s B5 62 01 07 5C 00 C0 76 00 00 E5 07 03 07 00 00 1E F0 FF FF FF FF 00 84 D7 17 00 00 24 00 00 00 00 00 00 00 00 00 00 00 00 00 98 BD FF FF FF FF FF FF 00 57 86 DF 00 00 00 00 00 00 00 00 00 00 00 00 00 00 00 00 00 00 00 00 58 3E 0F 00 80 A8 12 01 0F 27 00 00 5C 40 56 2F 00 00 00 00 00 00 00 00 72 C7 [NAV-0x07]
< 63.737s B5 62 01 01 14 00 C0 76 00 00 C4 43 04 26 00 00 00 00 00 00 00 00 00 33 B7 26 8D 29 [NAV-0x01]
< 63.737s B5 62 01 02 1C 00 C0 76 00 00 00 00 00 00 00 00 00 00 00 00 00 00 98 BD FF FF FF FF FF FF 00 57 86 DF 60 1A [NAV-0x02]
< 63.737s B5 62 01 12 24 00 C0 76 00 00 00 00 00 00 00 00 00 00 00 00 00 00 00 00 00 00 00 00 00 00 00 00 00 00 3C 86 01 00 80 A8 12 01 6B 0D [NAV-0x12]
< 63.737s B5 62 01 35 08 00 C0 76 00 00 01 00 00 00 75 E1 [NAV-0x35]
< 63.737s B5 62 01 03 10 00 C0 76 00 00 00 40 00 08 00 00 00 00 D4 76 00 00 DC 11 [NAV-0x03]
< 63.737s B5 62 01 04 12 00 C0 76 00 00 0F 27 0F 27 0F 27 0F 27 0F 27 0F 27 0F 27 C7 E7 [NAV-0x04]
< 63.737s B5 62 01 21 14 00 C0 76 00 00 FF FF FF FF 00 84 D7 17 E5 07 03 07 00 00 1E F0 DE EA [NAV-0x21]
< 63.737s B5 62 01 22 14 00 C0 76 00 00 00 00 00 00 00 00 00 00 FF FF FF FF 7C 36 39 00 54 8A [NAV-0x22]
< 63.947s B5 62 01 60 10 00 C0 76 00 00 01 00 00 00 00 00 00 00 00 00 00 00 A8 4A [NAV-0x60]
< 63.947s B5 62 02 15 10 00 67 66 66 66 66 66 3E 40 00 00 12 00 00 01 A8 77 3C 0F [RXM-0x15]
< 63.947s B5 62 01 07 5C 00 88 77 00 00 E5 07 03 07 00 00 1E F0 FF FF FF FF 00 46 C3 23 00 00 24 00 00 00 00 00 00 00 00 00 00 00 00 00 98 BD FF FF FF FF FF FF 00 5D 86 DF 00 00 00 00 00 00 00 00 00 00 00 00 00 00 00 00 00 00 00 00 58 3E 0F 00 80 A8 12 01 0F 27 00 00 5C 40 56 2F 00 00 00 00 00 00 00 00 FB 96 [NAV-0x07]
< 63.947s B5 62 01 01 14 00 88 77 00 00 C4 43 04 26 00 00 00 00 00 00 00 00 40 34 B7 26 97 DF [NAV-0x01]
< 63.947s B5 62 01 02 1C 00 88 77 00 00 00 00 00 00 00 00 00 00 00 00 00 00 98 BD FF FF FF FF FF FF 00 5D 86 DF 2F 27 [NAV-0x02]
< 63.947s B5 62 01 12 24 00 88 77 00 00 00 00 00 00 00 00 00 00 00 00 00 00 00 00 00 00 00 00 00 00 00 00 00 00 3C 86 01 00 80 A8 12 01 34 50 [NAV-0x12]
< 63.947s B5 62 01 35 08 00 88 77 00 00 01 00 00 00 3E 28 [NAV-0x35]
< 63.947s B5 62 01 03 10 00 88 77 00 00 00 40 00 08 00 00 00 00 9C 77 00 00 6E C3 [NAV-0x03]
< 63.947s B5 62 01 04 12 00 88 77 00 00 0F 27 0F 27 0F 27 0F 27 0F 27 0F 27 0F 27 90 08 [NAV-0x04]
< 63.947s B5 62 01 21 14 00 88 77 00 00 FF FF FF FF 00 46 C3 23 E5 07 03 07 00 00 1E F0 61 97 [NAV-0x21]
< 63.947s B5 62 01 22 14 00 88 77 00 00 00 00 00 00 00 00 00 00 FF FF FF FF 7C 36 39 00 1D 3D [NAV-0x22]
< 64.126s B5 62 01 60 10 00 88 77 00 00 01 00 00 00 00 00 00 00 00 00 00 00 71 D9 [NAV-0x60]
< 64.155s B5 62 02 15 10 00 9A 99 99 99 99 99 3E 40 00 00 12 00 00 01 70 78 37 C3 [RXM-0x15]
< 64.155s B5 62 01 07 5C 00 50 78 00 00 E5 07 03 07 00 00 1E F0 FF FF FF FF 00 08 AF 2F 00 00 24 00 00 00 00 00 00 00 00 00 00 00 00 00 98 BD FF FF FF FF FF FF 00 64 86 DF 00 00 00 00 00 00 00 00 00 00 00 00 00 00 00 00 00 00 00 00 58 3E 0F 00 80 A8 12 01 0F 27 00 00 5C 40 56 2F 00 00 00 00 00 00 00 00 85 94 [NAV-0x07]
< 64.155s B5 62 01 01 14 00 50 78 00 00 C4 43 04 26 00 00 00 00 00 00 00 00 40 35 B7 26 61 95 [NAV-0x01]
< 64.155s B5 62 01 02 1C 00 50 78 00 00 00 00 00 00 00 00 00 00 00 00 00 00 98 BD FF FF FF FF FF FF 00 64 86 DF FF 37 [NAV-0x02]
< 64.155s B5 62 01 12 24 00 50 78 00 00 00 00 00 00 00 00 00 00 00 00 00 00 00 00 00 00 00 00 00 00 00 00 00 00 3C 86 01 00 80 A8 12 01 FD 93 [NAV-0x12]
< 64.155s B5 62 01 35 08 00 50 78 00 00 01 00 00 00 07 6F [NAV-0x35]
< 64.155s B5 62 01 03 10 00 50 78 00 00 00 40 00 08 00 00 00 00 64 78 00 00 00 75 [NAV-0x03]
< 64.155s B5 62 01 04 12 00 50 78 00 00 0F 27 0F 27 0F 27 0F 27 0F 27 0F 27 0F 27 59 29 [NAV-0x04]
< 64.155s B5 62 01 21 14 00 50 78 00 00 FF FF FF FF 00 08 AF 2F E5 07 03 07 00 00 1E F0 E4 44 [NAV-0x21]
< 64.155s B5 62 01 22 14 00 50 78 00 00 00 00 00 00 00 00 00 00 FF FF FF FF 7C 36 39 00 E6 F0 [NAV-0x22]
< 64.307s B5 62 01 60 10 00 50 78 00 00 01 00 00 00 00 00 00 00 00 00 00 00 3A 68 [NAV-0x60]
< 64.338s B5 62 0A 38 1C 00 00 01 00 00 00 00 01 02 00 00 00 00 00 00 00 00 5A 00 CE 0D 32 07 84 08 87 00 00 00 E3 81 [MON-0x38]
< 64.338s B5 62 02 15 10 00 CD CC CC CC CC CC 3E 40 00 00 12 00 00 01 38 79 32 77 [RXM-0x15]
< 64.338s B5 62 01 07 5C 00 18 79 00 00 E5 07 03 07 00 00 1F F0 FF FF FF FF 00 00 00 00 00 00 24 00 00 00 00 00 00 00 00 00 00 00 00 00 98 BD FF FF FF FF FF FF 00 6A 86 DF 00 00 00 00 00 00 00 00 00 00 00 00 00 00 00 00 00 00 00 00 58 3E 0F 00 80 A8 12 01 0F 27 00 00 5C 40 56 2F 00 00 00 00 00 00 00 00 6F E6 [NAV-0x07]
< 64.338s B5 62 01 01 14 00 18 79 00 00 C4 43 04 26 00 00 00 00 00 00 00 00 80 36 B7 26 6B 4B [NAV-0x01]
< 64.338s B5 62 01 02 1C 00 18 79 00 00 00 00 00 00 00 00 00 00 00 00 00 00 98 BD FF FF FF FF FF FF 00 6A 86 DF CE 44 [NAV-0x02]
< 64.338s B5 62 01 12 24 00 18 79 00 00 00 00 00 00 00 00 00 00 00 00 00 00 00 00 00 00 00 00 00 00 00 00 00 00 3C 86 01 00 80 A8 12 01 C6 D6 [NAV-0x12]
< 64.338s B5 62 01 35 08 00 18 79 00 00 01 00 00 00 D0 B6 [NAV-0x35]
< 64.338s B5 62 01 03 10 00 18 79 00 00 00 40 00 08 00 00 00 00 2C 79 00 00 92 27 [NAV-0x03]
< 64.338s B5 62 01 04 12 00 18 79 00 00 0F 27 0F 27 0F 27 0F 27 0F 27 0F 27 0F 27 22 4A [NAV-0x04]
< 64.338s B5 62 01 21 14 00 18 79 00 00 FF FF FF FF 00 00 00 00 E5 07 03 07 00 00 1F F0 C8 24 [NAV-0x21]
< 64.338s B5 62 01 22 14 00 18 79 00 00 00 00 00 00 00 00 00 00 FF FF FF FF 7C 36 39 00 AF A3 [NAV-0x22]
< 64.400s B5 62 01 60 10 00 18 79 00 00 01 00 00 00 00 00 00 00 00 00 00 00 03 F7 [NAV-0x60]
< 64.520s B5 62 27 04 6C 00 01 00 70 00 18 C4 CC 5B 7E 59 8D 0B 7F 12 09 89 5C 88 CD 32 15 AC DF 62 7B 33 8C 12 7E D2 C0 47 47 29 08 BA 00 00 00 00 00 00 00 00 00 00 00 00 00 00 00 00 00 00 00 00 00 00 00 00 22 89 77 3A D3 21 7B 6C 72 37 E0 C2 44 78 27 AF F0 E7 D1 5D D9 6F C2 15 64 06 F8 87 5C 7A F1 22 50 0F 84 31 83 BD 3A 3D 38 3E 45 5C 76 6F A2 E9 B3 CE [SEC-0x04]
< 64.551s B5 62 02 15 10 00 00 00 00 00 00 00 3F 40 00 00 12 00 00 01 00 7A 33 76 [RXM-0x15]
< 64.551s B5 62 01 07 5C 00 E0 79 00 00 E5 07 03 07 00 00 1F F0 FF FF FF FF FF C1 EB 0B 00 00 24 00 00 00 00 00 00 00 00 00 00 00 00 00 98 BD FF FF FF FF FF FF 00 70 86 DF 00 00 00 00 00 00 00 00 00 00 00 00 00 00 00 00 00 00 00 00 58 3E 0F 00 80 A8 12 01 0F 27 00 00 5C 40 56 2F 00 00 00 00 00 00 00 00 F3 30 [NAV-0x07]
< 64.551s B5 62 01 01 14 00 E0 79 00 00 C4 43 04 26 00 00 00 00 00 00 00 00 C0 37 B7 26 74 EE [NAV-0x01]
< 64.551s B5 62 01 02 1C 00 E0 79 00 00 00 00 00 00 00 00 00 00 00 00 00 00 98 BD FF FF FF FF FF FF 00 70 86 DF 9C 36 [NAV-0x02]
< 64.551s B5 62 01 12 24 00 E0 79 00 00 00 00 00 00 00 00 00 00 00 00 00 00 00 00 00 00 00 00 00 00 00 00 00 00 3C 86 01 00 80 A8 12 01 8E F6 [NAV-0x12]
< 64.551s B5 62 01 35 08 00 E0 79 00 00 01 00 00 00 98 F6 [NAV-0x35]
< 64.551s B5 62 01 03 10 00 E0 79 00 00 00 40 00 08 00 00 00 00 F4 79 00 00 22 C7 [NAV-0x03]
< 64.551s B5 62 01 04 12 00 E0 79 00 00 0F 27 0F 27 0F 27 0F 27 0F 27 0F 27 0F 27 EA 5A [NAV-0x04]
< 64.551s B5 62 01 21 14 00 E0 79 00 00 FF FF FF FF FF C1 EB 0B E5 07 03 07 00 00 1F F0 46 94 [NAV-0x21]
< 64.551s B5 62 01 22 14 00 E0 79 00 00 00 00 00 00 00 00 00 00 FF FF FF FF 7C 36 39 00 77 43 [NAV-0x22]
< 64.733s B5 62 01 60 10 00 E0 79 00 00 01 00 00 00 00 00 00 00 00 00 00 00 CB 77 [NAV-0x60]
< 64.733s B5 62 02 15 10 00 33 33 33 33 33 33 3F 40 00 00 12 00 00 01 C8 7A 2D 29 [RXM-0x15]
< 64.733s B5 62 01 07 5C 00 A8 7A 00 00 E5 07 03 07 00 00 1F F0 FF FF FF FF 00 84 D7 17 00 00 24 00 00 00 00 00 00 00 00 00 00 00 00 00 98 BD FF FF FF FF FF FF 00 77 86 DF 00 00 00 00 00 00 00 00 00 00 00 00 00 00 00 00 00 00 00 00 58 3E 0F 00 80 A8 12 01 0F 27 00 00 5C 40 56 2F 00 00 00 00 00 00 00 00 7F C5 [NAV-0x07]
< 64.733s B5 62 01 01 14 00 A8 7A 00 00 C4 43 04 26 00 00 00 00 00 00 00 00 C0 38 B7 26 3E A4 [NAV-0x01]
< 64.733s B5 62 01 02 1C 00 A8 7A 00 00 00 00 00 00 00 00 00 00 00 00 00 00 98 BD FF FF FF FF FF FF 00 77 86 DF 6C 46 [NAV-0x02]
< 64.764s B5 62 01 12 24 00 A8 7A 00 00 00 00 00 00 00 00 00 00 00 00 00 00 00 00 00 00 00 00 00 00 00 00 00 00 3C 86 01 00 80 A8 12 01 57 39 [NAV-0x12]
< 64.764s B5 62 01 35 08 00 A8 7A 00 00 01 00 00 00 61 3D [NAV-0x35]
< 64.764s B5 62 01 03 10 00 A8 7A 00 00 00 40 00 08 00 00 00 00 BC 7A 00 00 B4 79 [NAV-0x03]
< 64.764s B5 62 01 04 12 00 A8 7A 00 00 0F 27 0F 27 0F 27 0F 27 0F 27 0F 27 0F 27 B3 7B [NAV-0x04]
< 64.764s B5 62 01 21 14 00 A8 7A 00 00 FF FF FF FF 00 84 D7 17 E5 07 03 07 00 00 1F F0 CB 58 [NAV-0x21]
< 64.765s B5 62 01 22 14 00 A8 7A 00 00 00 00 00 00 00 00 00 00 FF FF FF FF 7C 36 39 00 40 F6 [NAV-0x22]
< 64.947s B5 62 01 60 10 00 A8 7A 00 00 01 00 00 00 00 00 00 00 00 00 00 00 94 06 [NAV-0x60]
< 64.947s B5 62 02 15 10 00 67 66 66 66 66 66 3F 40 00 00 12 00 00 01 90 7B 29 ED [RXM-0x15]
< 64.947s B5 62 01 07 5C 00 70 7B 00 00 E5 07 03 07 00 00 1F F0 FF FF FF FF 00 46 C3 23 00 00 24 00 00 00 00 00 00 00 00 00 00 00 00 00 98 BD FF FF FF FF FF FF 00 7D 86 DF 00 00 00 00 00 00 00 00 00 00 00 00 00 00 00 00 00 00 00 00 58 3E 0F 00 80 A8 12 01 0F 27 00 00 5C 40 56 2F 00 00 00 00 00 00 00 00 08 94 [NAV-0x07]
< 64.947s B5 62 01 01 14 00 70 7B 00 00 C4 43 04 26 00 00 00 00 00 00 00 00 C0 39 B7 26 08 5A [NAV-0x01]
< 64.947s B5 62 01 02 1C 00 70 7B 00 00 00 00 00 00 00 00 00 00 00 00 00 00 98 BD FF FF FF FF FF FF 00 7D 86 DF 3B 53 [NAV-0x02]
< 64.947s B5 62 01 12 24 00 70 7B 00 00 00 00 00 00 00 00 00 00 00 00 00 00 00 00 00 00 00 00 00 00 00 00 00 00 3C 86 01 00 80 A8 12 01 20 7C [NAV-0x12]
< 64.947s B5 62 01 35 08 00 70 7B 00 00 01 00 00 00 2A 84 [NAV-0x35]
< 64.947s B5 62 01 03 10 00 70 7B 00 00 00 40 00 08 00 00 00 00 84 7B 00 00 46 2B [NAV-0x03]
< 64.947s B5 62 01 04 12 00 70 7B 00 00 0F 27 0F 27 0F 27 0F 27 0F 27 0F 27 0F 27 7C 9C [NAV-0x04]
< 64.947s B5 62 01 21 14 00 70 7B 00 00 FF FF FF FF 00 46 C3 23 E5 07 03 07 00 00 1F F0 4E 05 [NAV-0x21]
< 64.947s B5 62 01 22 14 00 70 7B 00 00 00 00 00 00 00 00 00 00 FF FF FF FF 7C 36 39 00 09 A9 [NAV-0x22]
< 65.130s B5 62 01 60 10 00 70 7B 00 00 01 00 00 00 00 00 00 00 00 00 00 00 5D 95 [NAV-0x60]
< 65.130s B5 62 02 15 10 00 9A 99 99 99 99 99 3F 40 00 00 12 00 00 01 58 7C 24 A1 [RXM-0x15]
< 65.160s B5 62 01 07 5C 00 38 7C 00 00 E5 07 03 07 00 00 1F F0 FF FF FF FF 00 08 AF 2F 00 00 24 00 00 00 00 00 00 00 00 00 00 00 00 00 98 BD FF FF FF FF FF FF 00 84 86 DF 00 00 00 00 00 00 00 00 00 00 00 00 00 00 00 00 00 00 00 00 58 3E 0F 00 80 A8 12 01 0F 27 00 00 5C 40 56 2F 00 00 00 00 00 00 00 00 92 92 [NAV-0x07]
< 65.160s B5 62 01 01 14 00 38 7C 00 00 C4 43 04 26 00 00 00 00 00 00 00 00 00 3B B7 26 13 13 [NAV-0x01]
< 65.160s B5 62 01 02 1C 00 38 7C 00 00 00 00 00 00 00 00 00 00 00 00 00 00 98 BD FF FF FF FF FF FF 00 84 86 DF 0B 63 [NAV-0x02]
< 65.160s B5 62 01 12 24 00 38 7C 00 00 00 00 00 00 00 00 00 00 00 00 00 00 00 00 00 00 00 00 00 00 00 00 00 00 3C 86 01 00 80 A8 12 01 E9 BF [NAV-0x12]
< 65.160s B5 62 01 35 08 00 38 7C 00 00 01 00 00 00 F3 CB [NAV-0x35]
< 65.160s B5 62 01 03 10 00 38 7C 00 00 00 40 00 08 00 00 00 00 4C 7C 00 00 D8 DD [NAV-0x03]
< 65.160s B5 62 01 04 12 00 38 7C 00 00 0F 27 0F 27 0F 27 0F 27 0F 27 0F 27 0F 27 45 BD [NAV-0x04]
< 65.160s B5 62 01 21 14 00 38 7C 00 00 FF FF FF FF 00 08 AF 2F E5 07 03 07 00 00 1F F0 D1 B2 [NAV-0x21]
< 65.160s B5 62 01 22 14 00 38 7C 00 00 00 00 00 00 00 00 00 00 FF FF FF FF 7C 36 39 00 D2 5C [NAV-0x22]
< 65.315s B5 62 01 60 10 00 38 7C 00 00 01 00 00 00 00 00 00 00 00 00 00 00 26 24 [NAV-0x60]
< 65.346s B5 62 0A 38 1C 00 00 01 00 00 00 00 01 02 00 00 00 00 00 00 00 00 5A 00 CE 0D 33 08 83 09 87 00 00 00 E5 8F [MON-0x38]
< 65.346s B5 62 02 15 10 00 CD CC CC CC CC CC 3F 40 00 00 12 00 00 01 20 7D 1F 55 [RXM-0x15]
< 65.346s B5 62 01 07 5C 00 00 7D 00 00 E5 07 03 07 00 00 20 F0 FF FF FF FF 00 00 00 00 00 00 24 00 00 00 00 00 00 00 00 00 00 00 00 00 98 BD FF FF FF FF FF FF 00 8B 86 DF 00 00 00 00 00 00 00 00 00 00 00 00 00 00 00 00 00 00 00 00 58 3E 0F 00 80 A8 12 01 0F 27 00 00 5C 40 56 2F 00 00 00 00 00 00 00 00 7D 13 [NAV-0x07]
< 65.346s B5 62 01 01 14 00 00 7D 00 00 C4 43 04 26 00 00 00 00 00 00 00 00 40 3C B7 26 1D C9 [NAV-0x01]
< 65.346s B5 62 01 02 1C 00 00 7D 00 00 00 00 00 00 00 00 00 00 00 00 00 00 98 BD FF FF FF FF FF FF 00 8B 86 DF DB 73 [NAV-0x02]
< 65.346s B5 62 01 12 24 00 00 7D 00 00 00 00 00 00 00 00 00 00 00 00 00 00 00 00 00 00 00 00 00 00 00 00 00 00 3C 86 01 00 80 A8 12 01 B2 02 [NAV-0x12]
< 65.346s B5 62 01 35 08 00 00 7D 00 00 01 00 00 00 BC 12 [NAV-0x35]
< 65.346s B5 62 01 03 10 00 00 7D 00 00 00 40 00 08 00 00 00 00 14 7D 00 00 6A 8F [NAV-0x03]
< 65.346s B5 62 01 04 12 00 00 7D 00 00 0F 27 0F 27 0F 27 0F 27 0F 27 0F 27 0F 27 0E DE [NAV-0x04]
< 65.346s B5 62 01 21 14 00 00 7D 00 00 FF FF FF FF 00 00 00 00 E5 07 03 07 00 00 20 F0 B5 92 [NAV-0x21]
< 65.346s B5 62 01 22 14 00 00 7D 00 00 00 00 00 00 00 00 00 00 FF FF FF FF 7C 36 39 00 9B 0F [NAV-0x22]
< 65.532s B5 62 01 60 10 00 00 7D 00 00 01 00 00 00 00 00 00 00 00 00 00 00 EF B3 [NAV-0x60]
< 65.533s B5 62 02 15 10 00 00 00 00 00 00 00 40 40 00 00 12 00 00 01 E8 7D 1F 53 [RXM-0x15]
< 65.533s B5 62 01 07 5C 00 C8 7D 00 00 E5 07 03 07 00 00 20 F0 FF FF FF FF 00 C2 EB 0B 00 00 24 00 00 00 00 00 00 00 00 00 00 00 00 00 98 BD FF FF FF FF FF FF 00 92 86 DF 00 00 00 00 00 00 00 00 00 00 00 00 00 00 00 00 00 00 00 00 58 3E 0F 00 80 A8 12 01 0F 27 00 00 5C 40 56 2F 00 00 00 00 00 00 00 00 04 23 [NAV-0x07]
< 65.533s B5 62 01 01 14 00 C8 7D 00 00 C4 43 04 26 00 00 00 00 00 00 00 00 40 3D B7 26 E6 6C [NAV-0x01]
< 65.533s B5 62 01 02 1C 00 C8 7D 00 00 00 00 00 00 00 00 00 00 00 00 00 00 98 BD FF FF FF FF FF FF 00 92 86 DF AA 68 [NAV-0x02]
< 65.533s B5 62 01 12 24 00 C8 7D 00 00 00 00 00 00 00 00 00 00 00 00 00 00 00 00 00 00 00 00 00 00 00 00 00 00 3C 86 01 00 80 A8 12 01 7A 22 [NAV-0x12]
< 65.533s B5 62 01 35 08 00 C8 7D 00 00 01 00 00 00 84 52 [NAV-0x35]
< 65.533s B5 62 01 03 10 00 C8 7D 00 00 00 40 00 08 00 00 00 00 DC 7D 00 00 FA 2F [NAV-0x03]
< 65.533s B5 62 01 04 12 00 C8 7D 00 00 0F 27 0F 27 0F 27 0F 27 0F 27 0F 27 0F 27 D6 EE [NAV-0x04]
< 65.533s B5 62 01 21 14 00 C8 7D 00 00 FF FF FF FF 00 C2 EB 0B E5 07 03 07 00 00 20 F0 35 19 [NAV-0x21]
< 65.533s B5 62 01 22 14 00 C8 7D 00 00 00 00 00 00 00 00 00 00 FF FF FF FF 7C 36 39 00 63 AF [NAV-0x22]
< 65.722s B5 62 01 60 10 00 C8 7D 00 00 01 00 00 00 00 00 00 00 00 00 00 00 B7 33 [NAV-0x60]
< 65.753s B5 62 02 15 10 00 9A 99 99 99 99 19 40 40 00 00 12 00 00 01 B0 7E FF DD [RXM-0x15]
< 65.753s B5 62 01 07 5C 00 90 7E 00 00 E5 07 03 07 00 00 20 F0 FF FF FF FF FF 83 D7 17 00 00 24 00 00 00 00 00 00 00 00 00 00 00 00 00 98 BD FF FF FF FF FF FF 00 98 86 DF 00 00 00 00 00 00 00 00 00 00 00 00 00 00 00 00 00 00 00 00 58 3E 0F 00 80 A8 12 01 0F 27 00 00 5C 40 56 2F 00 00 00 00 00 00 00 00 8B 5B [NAV-0x07]
< 65.753s B5 62 01 01 14 00 90 7E 00 00 C4 43 04 26 00 00 00 00 00 00 00 00 40 3E B7 26 B0 22 [NAV-0x01]
< 65.753s B5 62 01 02 1C 00 90 7E 00 00 00 00 00 00 00 00 00 00 00 00 00 00 98 BD FF FF FF FF FF FF 00 98 86 DF 79 75 [NAV-0x02]
< 65.753s B5 62 01 12 24 00 90 7E 00 00 00 00 00 00 00 00 00 00 00 00 00 00 00 00 00 00 00 00 00 00 00 00 00 00 3C 86 01 00 80 A8 12 01 43 65 [NAV-0x12]
< 65.753s B5 62 01 35 08 00 90 7E 00 00 01 00 00 00 4D 99 [NAV-0x35]
< 65.753s B5 62 01 03 10 00 90 7E 00 00 00 40 00 08 00 00 00 00 A4 7E 00 00 8C E1 [NAV-0x03]
< 65.753s B5 62 01 04 12 00 90 7E 00 00 0F 27 0F 27 0F 27 0F 27 0F 27 0F 27 0F 27 9F 0F [NAV-0x04]
< 65.753s B5 62 01 21 14 00 90 7E 00 00 FF FF FF FF FF 83 D7 17 E5 07 03 07 00 00 20 F0 B6 AF [NAV-0x21]
< 65.753s B5 62 01 22 14 00 90 7E 00 00 00 00 00 00 00 00 00 00 FF FF FF FF 7C 36 39 00 2C 62 [NAV-0x22]
< 65.940s B5 62 01 60 10 00 90 7E 00 00 01 00 00 00 00 00 00 00 00 00 00 00 80 C2 [NAV-0x60]
< 65.940s B5 62 02 15 10 00 33 33 33 33 33 33 40 40 00 00 12 00 00 01 78 7F E3 98 [RXM-0x15]
< 65.940s B5 62 01 07 5C 00 58 7F 00 00 E5 07 03 07 00 00 20 F0 FF FF FF FF 00 46 C3 23 00 00 24 00 00 00 00 00 00 00 00 00 00 00 00 00 98 BD FF FF FF FF FF FF 00 9F 86 DF 00 00 00 00 00 00 00 00 00 00 00 00 00 00 00 00 00 00 00 00 58 3E 0F 00 80 A8 12 01 0F 27 00 00 5C 40 56 2F 00 00 00 00 00 00 00 00 17 F0 [NAV-0x07]
< 65.940s B5 62 01 01 14 00 58 7F 00 00 C4 43 04 26 00 00 00 00 00 00 00 00 C0 3F B7 26 FA D8 [NAV-0x01]
< 65.940s B5 62 01 02 1C 00 58 7F 00 00 00 00 00 00 00 00 00 00 00 00 00 00 98 BD FF FF FF FF FF FF 00 9F 86 DF 49 85 [NAV-0x02]
< 65.940s B5 62 01 12 24 00 58 7F 00 00 00 00 00 00 00 00 00 00 00 00 00 00 00 00 00 00 00 00 00 00 00 00 00 00 3C 86 01 00 80 A8 12 01 0C A8 [NAV-0x12]
< 65.940s B5 62 01 35 08 00 58 7F 00 00 01 00 00 00 16 E0 [NAV-0x35]
< 65.940s B5 62 01 03 10 00 58 7F 00 00 00 40 00 08 00 00 00 00 6C 7F 00 00 1E 93 [NAV-0x03]
< 65.940s B5 62 01 04 12 00 58 7F 00 00 0F 27 0F 27 0F 27 0F 27 0F 27 0F 27 0F 27 68 30 [NAV-0x04]
< 65.940s B5 62 01 21 14 00 58 7F 00 00 FF FF FF FF 00 46 C3 23 E5 07 03 07 00 00 20 F0 3B 73 [NAV-0x21]
< 65.940s B5 62 01 22 14 00 58 7F 00 00 00 00 00 00 00 00 00 00 FF FF FF FF 7C 36 39 00 F5 15 [NAV-0x22]
< 66.128s B5 62 01 60 10 00 58 7F 00 00 01 00 00 00 00 00 00 00 00 00 00 00 49 51 [NAV-0x60]
< 66.128s B5 62 02 15 10 00 CD CC CC CC CC 4C 40 40 00 00 12 00 00 01 40 80 C3 22 [RXM-0x15]
< 66.160s B5 62 01 07 5C 00 20 80 00 00 E5 07 03 07 00 00 20 F0 FF FF FF FF FF 07 AF 2F 00 00 24 00 00 00 00 00 00 00 00 00 00 00 00 00 98 BD FF FF FF FF FF FF 00 A6 86 DF 00 00 00 00 00 00 00 00 00 00 00 00 00 00 00 00 00 00 00 00 58 3E 0F 00 80 A8 12 01 0F 27 00 00 5C 40 56 2F 00 00 00 00 00 00 00 00 9F 57 [NAV-0x07]
< 66.160s B5 62 01 01 14 00 20 80 00 00 C4 43 04 26 00 00 00 00 00 00 00 00 C0 40 B7 26 C4 8E [NAV-0x01]
< 66.160s B5 62 01 02 1C 00 20 80 00 00 00 00 00 00 00 00 00 00 00 00 00 00 98 BD FF FF FF FF FF FF 00 A6 86 DF 19 95 [NAV-0x02]
< 66.160s B5 62 01 12 24 00 20 80 00 00 00 00 00 00 00 00 00 00 00 00 00 00 00 00 00 00 00 00 00 00 00 00 00 00 3C 86 01 00 80 A8 12 01 D5 EB [NAV-0x12]
< 66.160s B5 62 01 35 08 00 20 80 00 00 01 00 00 00 DF 27 [NAV-0x35]
< 66.160s B5 62 01 03 10 00 20 80 00 00 00 40 00 08 00 00 00 00 34 80 00 00 B0 45 [NAV-0x03]
< 66.160s B5 62 01 04 12 00 20 80 00 00 0F 27 0F 27 0F 27 0F 27 0F 27 0F 27 0F 27 31 51 [NAV-0x04]
< 66.160s B5 62 01 21 14 00 20 80 00 00 FF FF FF FF FF 07 AF 2F E5 07 03 07 00 00 20 F0 BC 09 [NAV-0x21]
< 66.160s B5 62 01 22 14 00 20 80 00 00 00 00 00 00 00 00 00 00 FF FF FF FF 7C 36 39 00 BE C8 [NAV-0x22]
< 66.320s B5 62 01 60 10 00 20 80 00 00 01 00 00 00 00 00 00 00 00 00 00 00 12 E0 [NAV-0x60]
< 66.320s B5 62 0A 38 1C 00 00 01 00 00 00 00 01 02 00 00 00 00 00 00 00 00 5A 00 CE 0D 31 08 84 08 88 00 00 00 E4 84 [MON-0x38]
< 66.353s B5 62 02 15 10 00 66 66 66 66 66 66 40 40 00 00 12 00 00 01 08 81 A7 DD [RXM-0x15]
< 66.353s B5 62 01 07 5C 00 E8 80 00 00 E5 07 03 07 00 00 21 F0 FF FF FF FF 00 00 00 00 00 00 24 00 00 00 00 00 00 00 00 00 00 00 00 00 98 BD FF FF FF FF FF FF 00 AD 86 DF 00 00 00 00 00 00 00 00 00 00 00 00 00 00 00 00 00 00 00 00 58 3E 0F 00 80 A8 12 01 0F 27 00 00 5C 40 56 2F 00 00 00 00 00 00 00 00 8B 14 [NAV-0x07]
< 66.353s B5 62 01 01 14 00 E8 80 00 00 C4 43 04 26 00 00 00 00 00 00 00 00 00 42 B7 26 CE 34 [NAV-0x01]
< 66.353s B5 62 01 02 1C 00 E8 80 00 00 00 00 00 00 00 00 00 00 00 00 00 00 98 BD FF FF FF FF FF FF 00 AD 86 DF E8 8A [NAV-0x02]
< 66.353s B5 62 01 12 24 00 E8 80 00 00 00 00 00 00 00 00 00 00 00 00 00 00 00 00 00 00 00 00 00 00 00 00 00 00 3C 86 01 00 80 A8 12 01 9D 0B [NAV-0x12]
< 66.353s B5 62 01 35 08 00 E8 80 00 00 01 00 00 00 A7 67 [NAV-0x35]
< 66.353s B5 62 01 03 10 00 E8 80 00 00 00 40 00 08 00 00 00 00 FC 80 00 00 40 E5 [NAV-0x03]
< 66.353s B5 62 01 04 12 00 E8 80 00 00 0F 27 0F 27 0F 27 0F 27 0F 27 0F 27 0F 27 F9 61 [NAV-0x04]
< 66.353s B5 62 01 21 14 00 E8 80 00 00 FF FF FF FF 00 00 00 00 E5 07 03 07 00 00 21 F0 A1 ED [NAV-0x21]
< 66.353s B5 62 01 22 14 00 E8 80 00 00 00 00 00 00 00 00 00 00 FF FF FF FF 7C 36 39 00 86 68 [NAV-0x22]
< 66.386s B5 62 01 60 10 00 E8 80 00 00 01 00 00 00 00 00 00 00 00 00 00 00 DA 60 [NAV-0x60]
< 66.547s B5 62 27 04 6C 00 01 00 70 00 88 79 5A 8E A7 99 49 4B 4C 29 7F 5D 57 C8 D6 E6 10 E2 A7 A1 A3 81 6C 30 BD 04 CE 67 84 9C 20 C2 00 00 00 00 00 00 00 00 00 00 00 00 00 00 00 00 00 00 00 00 00 00 00 00 C2 47 08 A8 7B A8 4A 69 29 F8 A1 67 3A D2 F5 17 FF DD 63 68 6A 5F C8 B2 75 90 0D F3 87 66 C6 D8 79 AB 6D D3 48 F8 B7 DB 34 46 B2 26 3D E9 83 7D DB 38 [SEC-0x04]
< 66.547s B5 62 02 15 10 00 00 00 00 00 00 80 40 40 00 00 12 00 00 01 D0 81 8B A7 [RXM-0x15]
< 66.547s B5 62 01 07 5C 00 B0 81 00 00 E5 07 03 07 00 00 21 F0 FF FF FF FF 00 C2 EB 0B 00 00 24 00 00 00 00 00 00 00 00 00 00 00 00 00 98 BD FF FF FF FF FF FF 00 B4 86 DF 00 00 00 00 00 00 00 00 00 00 00 00 00 00 00 00 00 00 00 00 58 3E 0F 00 80 A8 12 01 0F 27 00 00 5C 40 56 2F 00 00 00 00 00 00 00 00 13 7F [NAV-0x07]
< 66.547s B5 62 01 01 14 00 B0 81 00 00 C4 43 04 26 00 00 00 00 00 00 00 00 40 43 B7 26 D8 EA [NAV-0x01]
< 66.547s B5 62 01 02 1C 00 B0 81 00 00 00 00 00 00 00 00 00 00 00 00 00 00 98 BD FF FF FF FF FF FF 00 B4 86 DF B8 9A [NAV-0x02]
< 66.547s B5 62 01 12 24 00 B0 81 00 00 00 00 00 00 00 00 00 00 00 00 00 00 00 00 00 00 00 00 00 00 00 00 00 00 3C 86 01 00 80 A8 12 01 66 4E [NAV-0x12]
< 66.547s B5 62 01 35 08 00 B0 81 00 00 01 00 00 00 70 AE [NAV-0x35]
< 66.547s B5 62 01 03 10 00 B0 81 00 00 00 40 00 08 00 00 00 00 C4 81 00 00 D2 97 [NAV-0x03]
< 66.547s B5 62 01 04 12 00 B0 81 00 00 0F 27 0F 27 0F 27 0F 27 0F 27 0F 27 0F 27 C2 82 [NAV-0x04]
< 66.547s B5 62 01 21 14 00 B0 81 00 00 FF FF FF FF 00 C2 EB 0B E5 07 03 07 00 00 21 F0 22 87 [NAV-0x21]
< 66.547s B5 62 01 22 14 00 B0 81 00 00 00 00 00 00 00 00 00 00 FF FF FF FF 7C 36 39 00 4F 1B [NAV-0x22]
< 66.741s B5 62 01 60 10 00 B0 81 00 00 01 00 00 00 00 00 00 00 00 00 00 00 A3 EF [NAV-0x60]
< 66.741s B5 62 02 15 10 00 9A 99 99 99 99 99 40 40 00 00 12 00 00 01 98 82 6B 31 [RXM-0x15]
< 66.741s B5 62 01 07 5C 00 78 82 00 00 E5 07 03 07 00 00 21 F0 FF FF FF FF FF 83 D7 17 00 00 24 00 00 00 00 00 00 00 00 00 00 00 00 00 98 BD FF FF FF FF FF FF 00 BB 86 DF 00 00 00 00 00 00 00 00 00 00 00 00 00 00 00 00 00 00 00 00 58 3E 0F 00 80 A8 12 01 0F 27 00 00 5C 40 56 2F 00 00 00 00 00 00 00 00 9B E6 [NAV-0x07]
< 66.741s B5 62 01 01 14 00 78 82 00 00 C4 43 04 26 00 00 00 00 00 00 00 00 80 44 B7 26 E2 A0 [NAV-0x01]
< 66.741s B5 62 01 02 1C 00 78 82 00 00 00 00 00 00 00 00 00 00 00 00 00 00 98 BD FF FF FF FF FF FF 00 BB 86 DF 88 AA [NAV-0x02]
< 66.741s B5 62 01 12 24 00 78 82 00 00 00 00 00 00 00 00 00 00 00 00 00 00 00 00 00 00 00 00 00 00 00 00 00 00 3C 86 01 00 80 A8 12 01 2F 91 [NAV-0x12]
< 66.741s B5 62 01 35 08 00 78 82 00 00 01 00 00 00 39 F5 [NAV-0x35]
< 66.741s B5 62 01 03 10 00 78 82 00 00 00 40 00 08 00 00 00 00 8C 82 00 00 64 49 [NAV-0x03]
< 66.741s B5 62 01 04 12 00 78 82 00 00 0F 27 0F 27 0F 27 0F 27 0F 27 0F 27 0F 27 8B A3 [NAV-0x04]
< 66.741s B5 62 01 21 14 00 78 82 00 00 FF FF FF FF FF 83 D7 17 E5 07 03 07 00 00 21 F0 A3 1D [NAV-0x21]
< 66.741s B5 62 01 22 14 00 78 82 00 00 00 00 00 00 00 00 00 00 FF FF FF FF 7C 36 39 00 18 CE [NAV-0x22]
< 66.934s B5 62 01 60 10 00 78 82 00 00 01 00 00 00 00 00 00 00 00 00 00 00 6C 7E [NAV-0x60]
< 66.934s B5 62 02 15 10 00 33 33 33 33 33 B3 40 40 00 00 12 00 00 01 60 83 4F EC [RXM-0x15]
< 66.934s B5 62 01 07 5C 00 40 83 00 00 E5 07 03 07 00 00 21 F0 FF FF FF FF 00 46 C3 23 00 00 24 00 00 00 00 00 00 00 00 00 00 00 00 00 98 BD FF FF FF FF FF FF 00 C1 86 DF 00 00 00 00 00 00 00 00 00 00 00 00 00 00 00 00 00 00 00 00 58 3E 0F 00 80 A8 12 01 0F 27 00 00 5C 40 56 2F 00 00 00 00 00 00 00 00 26 4C [NAV-0x07]
< 66.934s B5 62 01 01 14 00 40 83 00 00 C4 43 04 26 00 00 00 00 00 00 00 00 C0 45 B7 26 EC 56 [NAV-0x01]
< 66.934s B5 62 01 02 1C 00 40 83 00 00 00 00 00 00 00 00 00 00 00 00 00 00 98 BD FF FF FF FF FF FF 00 C1 86 DF 57 B7 [NAV-0x02]
< 66.934s B5 62 01 12 24 00 40 83 00 00 00 00 00 00 00 00 00 00 00 00 00 00 00 00 00 00 00 00 00 00 00 00 00 00 3C 86 01 00 80 A8 12 01 F8 D4 [NAV-0x12]
< 66.934s B5 62 01 35 08 00 40 83 00 00 01 00 00 00 02 3C [NAV-0x35]
< 66.934s B5 62 01 03 10 00 40 83 00 00 00 40 00 08 00 00 00 00 54 83 00 00 F6 FB [NAV-0x03]
< 66.934s B5 62 01 04 12 00 40 83 00 00 0F 27 0F 27 0F 27 0F 27 0F 27 0F 27 0F 27 54 C4 [NAV-0x04]
< 66.934s B5 62 01 21 14 00 40 83 00 00 FF FF FF FF 00 46 C3 23 E5 07 03 07 00 00 21 F0 28 E1 [NAV-0x21]
< 66.934s B5 62 01 22 14 00 40 83 00 00 00 00 00 00 00 00 00 00 FF FF FF FF 7C 36 39 00 E1 81 [NAV-0x22]
< 67.128s B5 62 01 60 10 00 40 83 00 00 01 00 00 00 00 00 00 00 00 00 00 00 35 0D [NAV-0x60]
< 67.160s B5 62 02 15 10 00 CD CC CC CC CC CC 40 40 00 00 12 00 00 01 28 84 2F 76 [RXM-0x15]
< 67.160s B5 62 01 07 5C 00 08 84 00 00 E5 07 03 07 00 00 21 F0 FF FF FF FF FF 07 AF 2F 00 00 24 00 00 00 00 00 00 00 00 00 00 00 00 00 98 BD FF FF FF FF FF FF 00 C9 86 DF 00 00 00 00 00 00 00 00 00 00 00 00 00 00 00 00 00 00 00 00 58 3E 0F 00 80 A8 12 01 0F 27 00 00 5C 40 56 2F 00 00 00 00 00 00 00 00 AF E2 [NAV-0x07]
< 67.160s B5 62 01 01 14 00 08 84 00 00 C4 43 04 26 00 00 00 00 00 00 00 00 00 47 B7 26 F7 0F [NAV-0x01]
< 67.160s B5 62 01 02 1C 00 08 84 00 00 00 00 00 00 00 00 00 00 00 00 00 00 98 BD FF FF FF FF FF FF 00 C9 86 DF 28 CA [NAV-0x02]
< 67.160s B5 62 01 12 24 00 08 84 00 00 00 00 00 00 00 00 00 00 00 00 00 00 00 00 00 00 00 00 00 00 00 00 00 00 3C 86 01 00 80 A8 12 01 C1 17 [NAV-0x12]
< 67.160s B5 62 01 35 08 00 08 84 00 00 01 00 00 00 CB 83 [NAV-0x35]
< 67.160s B5 62 01 03 10 00 08 84 00 00 00 40 00 08 00 00 00 00 1C 84 00 00 88 AD [NAV-0x03]
< 67.160s B5 62 01 04 12 00 08 84 00 00 0F 27 0F 27 0F 27 0F 27 0F 27 0F 27 0F 27 1D E5 [NAV-0x04]
< 67.160s B5 62 01 21 14 00 08 84 00 00 FF FF FF FF FF 07 AF 2F E5 07 03 07 00 00 21 F0 A9 77 [NAV-0x21]
< 67.160s B5 62 01 22 14 00 08 84 00 00 00 00 00 00 00 00 00 00 FF FF FF FF 7C 36 39 00 AA 34 [NAV-0x22]
< 67.291s B5 62 01 60 10 00 08 84 00 00 01 00 00 00 00 00 00 00 00 00 00 00 FE 9C [NAV-0x60]
< 67.324s B5 62 0A 38 1C 00 00 01 00 00 00 00 01 02 00 00 00 00 00 00 00 00 59 00 CE 0D 32 08 82 0A 88 00 00 00 E4 7E [MON-0x38]
< 67.359s B5 62 02 15 10 00 66 66 66 66 66 E6 40 40 00 00 12 00 00 01 F0 84 12 30 [RXM-0x15]
< 67.359s B5 62 01 07 5C 00 D0 84 00 00 E5 07 03 07 00 00 22 F0 FF FF FF FF 00 00 00 00 00 00 24 00 00 00 00 00 00 00 00 00 00 00 00 00 98 BD FF FF FF FF FF FF 00 CF 86 DF 00 00 00 00 00 00 00 00 00 00 00 00 00 00 00 00 00 00 00 00 58 3E 0F 00 80 A8 12 01 0F 27 00 00 5C 40 56 2F 00 00 00 00 00 00 00 00 9A 70 [NAV-0x07]
< 67.359s B5 62 01 01 14 00 D0 84 00 00 C4 43 04 26 00 00 00 00 00 00 00 00 00 48 B7 26 C0 B2 [NAV-0x01]
< 67.359s B5 62 01 02 1C 00 D0 84 00 00 00 00 00 00 00 00 00 00 00 00 00 00 98 BD FF FF FF FF FF FF 00 CF 86 DF F6 BC [NAV-0x02]
< 67.359s B5 62 01 12 24 00 D0 84 00 00 00 00 00 00 00 00 00 00 00 00 00 00 00 00 00 00 00 00 00 00 00 00 00 00 3C 86 01 00 80 A8 12 01 89 37 [NAV-0x12]
< 67.359s B5 62 01 35 08 00 D0 84 00 00 01 00 00 00 93 C3 [NAV-0x35]
< 67.359s B5 62 01 03 10 00 D0 84 00 00 00 40 00 08 00 00 00 00 E4 84 00 00 18 4D [NAV-0x03]
< 67.359s B5 62 01 04 12 00 D0 84 00 00 0F 27 0F 27 0F 27 0F 27 0F 27 0F 27 0F 27 E5 F5 [NAV-0x04]
< 67.359s B5 62 01 21 14 00 D0 84 00 00 FF FF FF FF 00 00 00 00 E5 07 03 07 00 00 22 F0 8E 5B [NAV-0x21]
< 67.359s B5 62 01 22 14 00 D0 84 00 00 00 00 00 00 00 00 00 00 FF FF FF FF 7C 36 39 00 72 D4 [NAV-0x22]
< 67.526s B5 62 01 60 10 00 D0 84 00 00 01 00 00 00 00 00 00 00 00 00 00 00 C6 1C [NAV-0x60]
< 67.560s B5 62 02 15 10 00 00 00 00 00 00 00 41 40 00 00 12 00 00 01 B8 85 F8 05 [RXM-0x15]
< 67.560s B5 62 01 07 5C 00 98 85 00 00 E5 07 03 07 00 00 22 F0 FF FF FF FF 00 C2 EB 0B 00 00 24 00 00 00 00 00 00 00 00 00 00 00 00 00 98 BD FF FF FF FF FF FF 00 D6 86 DF 00 00 00 00 00 00 00 00 00 00 00 00 00 00 00 00 00 00 00 00 58 3E 0F 00 80 A8 12 01 0F 27 00 00 5C 40 56 2F 00 00 00 00 00 00 00 00 22 DB [NAV-0x07]
< 67.560s B5 62 01 01 14 00 98 85 00 00 C4 43 04 26 00 00 00 00 00 00 00 00 40 49 B7 26 CA 68 [NAV-0x01]
< 67.560s B5 62 01 02 1C 00 98 85 00 00 00 00 00 00 00 00 00 00 00 00 00 00 98 BD FF FF FF FF FF FF 00 D6 86 DF C6 CC [NAV-0x02]
< 67.560s B5 62 01 12 24 00 98 85 00 00 00 00 00 00 00 00 00 00 00 00 00 00 00 00 00 00 00 00 00 00 00 00 00 00 3C 86 01 00 80 A8 12 01 52 7A [NAV-0x12]
< 67.560s B5 62 01 35 08 00 98 85 00 00 01 00 00 00 5C 0A [NAV-0x35]
< 67.560s B5 62 01 03 10 00 98 85 00 00 00 40 00 08 00 00 00 00 AC 85 00 00 AA FF [NAV-0x03]
< 67.560s B5 62 01 04 12 00 98 85 00 00 0F 27 0F 27 0F 27 0F 27 0F 27 0F 27 0F 27 AE 16 [NAV-0x04]
< 67.560s B5 62 01 21 14 00 98 85 00 00 FF FF FF FF 00 C2 EB 0B E5 07 03 07 00 00 22 F0 0F F5 [NAV-0x21]
< 67.560s B5 62 01 22 14 00 98 85 00 00 00 00 00 00 00 00 00 00 FF FF FF FF 7C 36 39 00 3B 87 [NAV-0x22]
< 67.727s B5 62 01 60 10 00 98 85 00 00 01 00 00 00 00 00 00 00 00 00 00 00 8F AB [NAV-0x60]
< 67.760s B5 62 02 15 10 00 9A 99 99 99 99 19 41 40 00 00 12 00 00 01 80 86 D8 8F [RXM-0x15]
< 67.760s B5 62 01 07 5C 00 60 86 00 00 E5 07 03 07 00 00 22 F0 FF FF FF FF FF 83 D7 17 00 00 24 00 00 00 00 00 00 00 00 00 00 00 00 00 98 BD FF FF FF FF FF FF 00 DE 86 DF 00 00 00 00 00 00 00 00 00 00 00 00 00 00 00 00 00 00 00 00 58 3E 0F 00 80 A8 12 01 0F 27 00 00 5C 40 56 2F 00 00 00 00 00 00 00 00 AB 71 [NAV-0x07]
< 67.760s B5 62 01 01 14 00 60 86 00 00 C4 43 04 26 00 00 00 00 00 00 00 00 80 4A B7 26 D4 1E [NAV-0x01]
< 67.760s B5 62 01 02 1C 00 60 86 00 00 00 00 00 00 00 00 00 00 00 00 00 00 98 BD FF FF FF FF FF FF 00 DE 86 DF 97 DF [NAV-0x02]
< 67.760s B5 62 01 12 24 00 60 86 00 00 00 00 00 00 00 00 00 00 00 00 00 00 00 00 00 00 00 00 00 00 00 00 00 00 3C 86 01 00 80 A8 12 01 1B BD [NAV-0x12]
< 67.760s B5 62 01 35 08 00 60 86 00 00 01 00 00 00 25 51 [NAV-0x35]
< 67.760s B5 62 01 03 10 00 60 86 00 00 00 40 00 08 00 00 00 00 74 86 00 00 3C B1 [NAV-0x03]
< 67.760s B5 62 01 04 12 00 60 86 00 00 0F 27 0F 27 0F 27 0F 27 0F 27 0F 27 0F 27 77 37 [NAV-0x04]
< 67.760s B5 62 01 21 14 00 60 86 00 00 FF FF FF FF FF 83 D7 17 E5 07 03 07 00 00 22 F0 90 8B [NAV-0x21]
< 67.760s B5 62 01 22 14 00 60 86 00 00 00 00 00 00 00 00 00 00 FF FF FF FF 7C 36 39 00 04 3A [NAV-0x22]
< 67.926s B5 62 01 60 10 00 60 86 00 00 01 00 00 00 00 00 00 00 00 00 00 00 58 3A [NAV-0x60]
< 67.959s B5 62 02 15 10 00 33 33 33 33 33 33 41 40 00 00 12 00 00 01 48 87 BC 4A [RXM-0x15]
< 67.959s B5 62 01 07 5C 00 28 87 00 00 E5 07 03 07 00 00 22 F0 FF FF FF FF 00 46 C3 23 00 00 24 00 00 00 00 00 00 00 00 00 00 00 00 00 98 BD FF FF FF FF FF FF 00 E6 86 DF 00 00 00 00 00 00 00 00 00 00 00 00 00 00 00 00 00 00 00 00 58 3E 0F 00 80 A8 12 01 0F 27 00 00 5C 40 56 2F 00 00 00 00 00 00 00 00 38 35 [NAV-0x07]
< 67.959s B5 62 01 01 14 00 28 87 00 00 C4 43 04 26 00 00 00 00 00 00 00 00 C0 4B B7 26 DE D4 [NAV-0x01]
< 67.959s B5 62 01 02 1C 00 28 87 00 00 00 00 00 00 00 00 00 00 00 00 00 00 98 BD FF FF FF FF FF FF 00 E6 86 DF 68 F2 [NAV-0x02]
< 67.959s B5 62 01 12 24 00 28 87 00 00 00 00 00 00 00 00 00 00 00 00 00 00 00 00 00 00 00 00 00 00 00 00 00 00 3C 86 01 00 80 A8 12 01 E4 00 [NAV-0x12]
< 67.959s B5 62 01 35 08 00 28 87 00 00 01 00 00 00 EE 98 [NAV-0x35]
< 67.959s B5 62 01 03 10 00 28 87 00 00 00 40 00 08 00 00 00 00 3C 87 00 00 CE 63 [NAV-0x03]
< 67.959s B5 62 01 04 12 00 28 87 00 00 0F 27 0F 27 0F 27 0F 27 0F 27 0F 27 0F 27 40 58 [NAV-0x04]
< 67.959s B5 62 01 21 14 00 28 87 00 00 FF FF FF FF 00 46 C3 23 E5 07 03 07 00 00 22 F0 15 4F [NAV-0x21]
< 67.959s B5 62 01 22 14 00 28 87 00 00 00 00 00 00 00 00 00 00 FF FF FF FF 7C 36 39 00 CD ED [NAV-0x22]
< 68.127s B5 62 01 60 10 00 28 87 00 00 01 00 00 00 00 00 00 00 00 00 00 00 21 C9 [NAV-0x60]
< 68.160s B5 62 02 15 10 00 CD CC CC CC CC 4C 41 40 00 00 12 00 00 01 10 88 9C D4 [RXM-0x15]
< 68.160s B5 62 01 07 5C 00 F0 87 00 00 E5 07 03 07 00 00 22 F0 FF FF FF FF 00 08 AF 2F 00 00 24 00 00 00 00 00 00 00 00 00 00 00 00 00 98 BD FF FF FF FF FF FF 00 EC 86 DF 00 00 00 00 00 00 00 00 00 00 00 00 00 00 00 00 00 00 00 00 58 3E 0F 00 80 A8 12 01 0F 27 00 00 5C 40 56 2F 00 00 00 00 00 00 00 00 C0 A9 [NAV-0x07]
< 68.160s B5 62 01 01 14 00 F0 87 00 00 C4 43 04 26 00 00 00 00 00 00 00 00 00 4D B7 26 E8 7A [NAV-0x01]
< 68.160s B5 62 01 02 1C 00 F0 87 00 00 00 00 00 00 00 00 00 00 00 00 00 00 98 BD FF FF FF FF FF FF 00 EC 86 DF 36 E4 [NAV-0x02]
< 68.160s B5 62 01 12 24 00 F0 87 00 00 00 00 00 00 00 00 00 00 00 00 00 00 00 00 00 00 00 00 00 00 00 00 00 00 3C 86 01 00 80 A8 12 01 AC 20 [NAV-0x12]
< 68.160s B5 62 01 35 08 00 F0 87 00 00 01 00 00 00 B6 D8 [NAV-0x35]
< 68.160s B5 62 01 03 10 00 F0 87 00 00 00 40 00 08 00 00 00 00 04 88 00 00 5F 06 [NAV-0x03]
< 68.160s B5 62 01 04 12 00 F0 87 00 00 0F 27 0F 27 0F 27 0F 27 0F 27 0F 27 0F 27 08 68 [NAV-0x04]
< 68.160s B5 62 01 21 14 00 F0 87 00 00 FF FF FF FF 00 08 AF 2F E5 07 03 07 00 00 22 F0 97 E9 [NAV-0x21]
< 68.160s B5 62 01 22 14 00 F0 87 00 00 00 00 00 00 00 00 00 00 FF FF FF FF 7C 36 39 00 95 8D [NAV-0x22]
< 68.296s B5 62 01 60 10 00 F0 87 00 00 01 00 00 00 00 00 00 00 00 00 00 00 E9 49 [NAV-0x60]
< 68.330s B5 62 0A 38 1C 00 00 01 00 00 00 00 01 02 00 00 00 00 00 00 00 00 59 00 CE 0D 32 08 83 08 89 00 00 00 E4 7E [MON-0x38]
< 68.330s B5 62 02 15 10 00 67 66 66 66 66 66 41 40 00 00 12 00 00 01 D8 88 80 9E [RXM-0x15]
< 68.330s B5 62 01 07 5C 00 B8 88 00 00 E5 07 03 07 00 00 23 F0 FF FF FF FF 00 00 00 00 00 00 24 00 00 00 00 00 00 00 00 00 00 00 00 00 98 BD FF FF FF FF FF FF 00 F3 86 DF 00 00 00 00 00 00 00 00 00 00 00 00 00 00 00 00 00 00 00 00 58 3E 0F 00 80 A8 12 01 0F 27 00 00 5C 40 56 2F 00 00 00 00 00 00 00 00 AB 2A [NAV-0x07]
< 68.364s B5 62 01 01 14 00 B8 88 00 00 C4 43 04 26 00 00 00 00 00 00 00 00 40 4E B7 26 F2 30 [NAV-0x01]
< 68.364s B5 62 01 02 1C 00 B8 88 00 00 00 00 00 00 00 00 00 00 00 00 00 00 98 BD FF FF FF FF FF FF 00 F3 86 DF 06 F4 [NAV-0x02]
< 68.364s B5 62 01 12 24 00 B8 88 00 00 00 00 00 00 00 00 00 00 00 00 00 00 00 00 00 00 00 00 00 00 00 00 00 00 3C 86 01 00 80 A8 12 01 75 63 [NAV-0x12]
< 68.364s B5 62 01 35 08 00 B8 88 00 00 01 00 00 00 7F 1F [NAV-0x35]
< 68.364s B5 62 01 03 10 00 B8 88 00 00 00 40 00 08 00 00 00 00 CC 88 00 00 F0 B5 [NAV-0x03]
< 68.364s B5 62 01 04 12 00 B8 88 00 00 0F 27 0F 27 0F 27 0F 27 0F 27 0F 27 0F 27 D1 89 [NAV-0x04]
< 68.364s B5 62 01 21 14 00 B8 88 00 00 FF FF FF FF 00 00 00 00 E5 07 03 07 00 00 23 F0 7B C9 [NAV-0x21]
< 68.364s B5 62 01 22 14 00 B8 88 00 00 00 00 00 00 00 00 00 00 FF FF FF FF 7C 36 39 00 5E 40 [NAV-0x22]
< 68.399s B5 62 01 60 10 00 B8 88 00 00 01 00 00 00 00 00 00 00 00 00 00 00 B2 D8 [NAV-0x60]
< 68.533s B5 62 27 04 6C 00 01 00 70 00 71 7C A1 A6 6A 17 5B 8A 75 FA 09 CA F2 1E C7 00 0C 9D 45 A2 10 91 31 EA 91 2C 23 E2 80 73 EA 77 00 00 00 00 00 00 00 00 00 00 00 00 00 00 00 00 00 00 00 00 00 00 00 00 E9 83 8C 51 DF D7 E4 D0 F0 27 A4 B3 68 D7 7B 67 15 28 C1 A5 C2 15 C9 BB F5 F9 92 90 A1 52 AC AB 06 2E 15 2F 8A EF 20 14 CC 17 61 72 51 FE 9A 55 D0 E5 [SEC-0x04]
< 68.533s B5 62 02 15 10 00 00 00 00 00 00 80 41 40 00 00 12 00 00 01 A0 89 64 59 [RXM-0x15]
< 68.533s B5 62 01 07 5C 00 80 89 00 00 E5 07 03 07 00 00 23 F0 FF FF FF FF 00 C2 EB 0B 00 00 24 00 00 00 00 00 00 00 00 00 00 00 00 00 98 BD FF FF FF FF FF FF 00 FB 86 DF 00 00 00 00 00 00 00 00 00 00 00 00 00 00 00 00 00 00 00 00 58 3E 0F 00 80 A8 12 01 0F 27 00 00 5C 40 56 2F 00 00 00 00 00 00 00 00 34 C4 [NAV-0x07]
< 68.533s B5 62 01 01 14 00 80 89 00 00 C4 43 04 26 00 00 00 00 00 00 00 00 80 4F B7 26 FC E6 [NAV-0x01]
< 68.533s B5 62 01 02 1C 00 80 89 00 00 00 00 00 00 00 00 00 00 00 00 00 00 98 BD FF FF FF FF FF FF 00 FB 86 DF D7 07 [NAV-0x02]
< 68.533s B5 62 01 12 24 00 80 89 00 00 00 00 00 00 00 00 00 00 00 00 00 00 00 00 00 00 00 00 00 00 00 00 00 00 3C 86 01 00 80 A8 12 01 3E A6 [NAV-0x12]
< 68.533s B5 62 01 35 08 00 80 89 00 00 01 00 00 00 48 66 [NAV-0x35]
< 68.533s B5 62 01 03 10 00 80 89 00 00 00 40 00 08 00 00 00 00 94 89 00 00 82 67 [NAV-0x03]
< 68.533s B5 62 01 04 12 00 80 89 00 00 0F 27 0F 27 0F 27 0F 27 0F 27 0F 27 0F 27 9A AA [NAV-0x04]
< 68.533s B5 62 01 21 14 00 80 89 00 00 FF FF FF FF 00 C2 EB 0B E5 07 03 07 00 00 23 F0 FC 63 [NAV-0x21]
< 68.533s B5 62 01 22 14 00 80 89 00 00 00 00 00 00 00 00 00 00 FF FF FF FF 7C 36 39 00 27 F3 [NAV-0x22]
< 68.736s B5 62 01 60 10 00 80 89 00 00 01 00 00 00 00 00 00 00 00 00 00 00 7B 67 [NAV-0x60]
< 68.736s B5 62 02 15 10 00 9A 99 99 99 99 99 41 40 00 00 12 00 00 01 68 8A 44 E3 [RXM-0x15]
< 68.736s B5 62 01 07 5C 00 48 8A 00 00 E5 07 03 07 00 00 23 F0 FF FF FF FF FF 83 D7 17 00 00 24 00 00 00 00 00 00 00 00 00 00 00 00 00 98 BD FF FF FF FF FF FF 00 02 87 DF 00 00 00 00 00 00 00 00 00 00 00 00 00 00 00 00 00 00 00 00 58 3E 0F 00 80 A8 12 01 0F 27 00 00 5C 40 56 2F 00 00 00 00 00 00 00 00 BD 59 [NAV-0x07]
< 68.736s B5 62 01 01 14 00 48 8A 00 00 C4 43 04 26 00 00 00 00 00 00 00 00 00 51 B7 26 47 9F [NAV-0x01]
< 68.736s B5 62 01 02 1C 00 48 8A 00 00 00 00 00 00 00 00 00 00 00 00 00 00 98 BD FF FF FF FF FF FF 00 02 87 DF A8 19 [NAV-0x02]
< 68.736s B5 62 01 12 24 00 48 8A 00 00 00 00 00 00 00 00 00 00 00 00 00 00 00 00 00 00 00 00 00 00 00 00 00 00 3C 86 01 00 80 A8 12 01 07 E9 [NAV-0x12]
< 68.736s B5 62 01 35 08 00 48 8A 00 00 01 00 00 00 11 AD [NAV-0x35]
< 68.736s B5 62 01 03 10 00 48 8A 00 00 00 40 00 08 00 00 00 00 5C 8A 00 00 14 19 [NAV-0x03]
< 68.736s B5 62 01 04 12 00 48 8A 00 00 0F 27 0F 27 0F 27 0F 27 0F 27 0F 27 0F 27 63 CB [NAV-0x04]
< 68.736s B5 62 01 21 14 00 48 8A 00 00 FF FF FF FF FF 83 D7 17 E5 07 03 07 00 00 23 F0 7D F9 [NAV-0x21]
< 68.736s B5 62 01 22 14 00 48 8A 00 00 00 00 00 00 00 00 00 00 FF FF FF FF 7C 36 39 00 F0 A6 [NAV-0x22]
< 68.939s B5 62 01 60 10 00 48 8A 00 00 01 00 00 00 00 00 00 00 00 00 00 00 44 F6 [NAV-0x60]
< 68.939s B5 62 02 15 10 00 33 33 33 33 33 B3 41 40 00 00 12 00 00 01 30 8B 28 9E [RXM-0x15]
< 68.939s B5 62 01 07 5C 00 10 8B 00 00 E5 07 03 07 00 00 23 F0 FF FF FF FF 00 46 C3 23 00 00 24 00 00 00 00 00 00 00 00 00 00 00 00 00 98 BD FF FF FF FF FF FF 00 0A 87 DF 00 00 00 00 00 00 00 00 00 00 00 00 00 00 00 00 00 00 00 00 58 3E 0F 00 80 A8 12 01 0F 27 00 00 5C 40 56 2F 00 00 00 00 00 00 00 00 4A 1D [NAV-0x07]
< 68.939s B5 62 01 01 14 00 10 8B 00 00 C4 43 04 26 00 00 00 00 00 00 00 00 00 52 B7 26 11 55 [NAV-0x01]
< 68.939s B5 62 01 02 1C 00 10 8B 00 00 00 00 00 00 00 00 00 00 00 00 00 00 98 BD FF FF FF FF FF FF 00 0A 87 DF 79 2C [NAV-0x02]
< 68.939s B5 62 01 12 24 00 10 8B 00 00 00 00 00 00 00 00 00 00 00 00 00 00 00 00 00 00 00 00 00 00 00 00 00 00 3C 86 01 00 80 A8 12 01 D0 2C [NAV-0x12]
< 68.939s B5 62 01 35 08 00 10 8B 00 00 01 00 00 00 DA F4 [NAV-0x35]
< 68.939s B5 62 01 03 10 00 10 8B 00 00 00 40 00 08 00 00 00 00 24 8B 00 00 A6 CB [NAV-0x03]
< 68.939s B5 62 01 04 12 00 10 8B 00 00 0F 27 0F 27 0F 27 0F 27 0F 27 0F 27 0F 27 2C EC [NAV-0x04]
< 68.939s B5 62 01 21 14 00 10 8B 00 00 FF FF FF FF 00 46 C3 23 E5 07 03 07 00 00 23 F0 02 BD [NAV-0x21]
< 68.939s B5 62 01 22 14 00 10 8B 00 00 00 00 00 00 00 00 00 00 FF FF FF FF 7C 36 39 00 B9 59 [NAV-0x22]
< 69.143s B5 62 01 60 10 00 10 8B 00 00 01 00 00 00 00 00 00 00 00 00 00 00 0D 85 [NAV-0x60]
< 69.143s B5 62 02 15 10 00 CD CC CC CC CC CC 41 40 00 00 12 00 00 01 F8 8B 07 27 [RXM-0x15]
< 69.143s B5 62 01 07 5C 00 D8 8B 00 00 E5 07 03 07 00 00 23 F0 FF FF FF FF 00 08 AF 2F 00 00 24 00 00 00 00 00 00 00 00 00 00 00 00 00 98 BD FF FF FF FF FF FF 00 10 87 DF 00 00 00 00 00 00 00 00 00 00 00 00 00 00 00 00 00 00 00 00 58 3E 0F 00 80 A8 12 01 0F 27 00 00 5C 40 56 2F 00 00 00 00 00 00 00 00 D2 91 [NAV-0x07]
< 69.143s B5 62 01 01 14 00 D8 8B 00 00 C4 43 04 26 00 00 00 00 00 00 00 00 80 53 B7 26 5A F8 [NAV-0x01]
< 69.143s B5 62 01 02 1C 00 D8 8B 00 00 00 00 00 00 00 00 00 00 00 00 00 00 98 BD FF FF FF FF FF FF 00 10 87 DF 47 1E [NAV-0x02]
< 69.143s B5 62 01 12 24 00 D8 8B 00 00 00 00 00 00 00 00 00 00 00 00 00 00 00 00 00 00 00 00 00 00 00 00 00 00 3C 86 01 00 80 A8 12 01 98 4C [NAV-0x12]
< 69.143s B5 62 01 35 08 00 D8 8B 00 00 01 00 00 00 A2 34 [NAV-0x35]
< 69.143s B5 62 01 03 10 00 D8 8B 00 00 00 40 00 08 00 00 00 00 EC 8B 00 00 36 6B [NAV-0x03]
< 69.143s B5 62 01 04 12 00 D8 8B 00 00 0F 27 0F 27 0F 27 0F 27 0F 27 0F 27 0F 27 F4 FC [NAV-0x04]
< 69.143s B5 62 01 21 14 00 D8 8B 00 00 FF FF FF FF 00 08 AF 2F E5 07 03 07 00 00 23 F0 84 57 [NAV-0x21]
< 69.143s B5 62 01 22 14 00 D8 8B 00 00 00 00 00 00 00 00 00 00 FF FF FF FF 7C 36 39 00 81 F9 [NAV-0x22]
< 69.313s B5 62 01 60 10 00 D8 8B 00 00 01 00 00 00 00 00 00 00 00 00 00 00 D5 05 [NAV-0x60]
< 69.348s B5 62 0A 38 1C 00 00 01 00 00 00 00 01 02 00 00 00 00 00 00 00 00 59 00 CE 0D 31 07 83 08 87 00 00 00 E0 67 [MON-0x38]
< 69.348s B5 62 02 15 10 00 67 66 66 66 66 E6 41 40 00 00 12 00 00 01 C0 8C EC F2 [RXM-0x15]
< 69.348s B5 62 01 07 5C 00 A0 8C 00 00 E5 07 03 07 00 00 24 F0 FF FF FF FF 00 00 00 00 00 00 24 00 00 00 00 00 00 00 00 00 00 00 00 00 98 BD FF FF FF FF FF FF 00 18 87 DF 00 00 00 00 00 00 00 00 00 00 00 00 00 00 00 00 00 00 00 00 58 3E 0F 00 80 A8 12 01 0F 27 00 00 5C 40 56 2F 00 00 00 00 00 00 00 00 BE 41 [NAV-0x07]
< 69.348s B5 62 01 01 14 00 A0 8C 00 00 C4 43 04 26 00 00 00 00 00 00 00 00 C0 54 B7 26 64 AE [NAV-0x01]
< 69.348s B5 62 01 02 1C 00 A0 8C 00 00 00 00 00 00 00 00 00 00 00 00 00 00 98 BD FF FF FF FF FF FF 00 18 87 DF 18 31 [NAV-0x02]
< 69.348s B5 62 01 12 24 00 A0 8C 00 00 00 00 00 00 00 00 00 00 00 00 00 00 00 00 00 00 00 00 00 00 00 00 00 00 3C 86 01 00 80 A8 12 01 61 8F [NAV-0x12]
< 69.348s B5 62 01 35 08 00 A0 8C 00 00 01 00 00 00 6B 7B [NAV-0x35]
< 69.348s B5 62 01 03 10 00 A0 8C 00 00 00 40 00 08 00 00 00 00 B4 8C 00 00 C8 1D [NAV-0x03]
< 69.348s B5 62 01 04 12 00 A0 8C 00 00 0F 27 0F 27 0F 27 0F 27 0F 27 0F 27 0F 27 BD 1D [NAV-0x04]
< 69.348s B5 62 01 21 14 00 A0 8C 00 00 FF FF FF FF 00 00 00 00 E5 07 03 07 00 00 24 F0 68 37 [NAV-0x21]
< 69.348s B5 62 01 22 14 00 A0 8C 00 00 00 00 00 00 00 00 00 00 FF FF FF FF 7C 36 39 00 4A AC [NAV-0x22]
< 69.521s B5 62 01 60 10 00 A0 8C 00 00 01 00 00 00 00 00 00 00 00 00 00 00 9E 94 [NAV-0x60]
< 69.556s B5 62 02 15 10 00 00 00 00 00 00 00 42 40 00 00 12 00 00 01 88 8D D1 B7 [RXM-0x15]
< 69.556s B5 62 01 07 5C 00 68 8D 00 00 E5 07 03 07 00 00 24 F0 FF FF FF FF 00 C2 EB 0B 00 00 24 00 00 00 00 00 00 00 00 00 00 00 00 00 98 BD FF FF FF FF FF FF 00 20 87 DF 00 00 00 00 00 00 00 00 00 00 00 00 00 00 00 00 00 00 00 00 58 3E 0F 00 80 A8 12 01 0F 27 00 00 5C 40 56 2F 00 00 00 00 00 00 00 00 47 DB [NAV-0x07]
< 69.556s B5 62 01 01 14 00 68 8D 00 00 C4 43 04 26 00 00 00 00 00 00 00 00 00 56 B7 26 6F 67 [NAV-0x01]
< 69.556s B5 62 01 02 1C 00 68 8D 00 00 00 00 00 00 00 00 00 00 00 00 00 00 98 BD FF FF FF FF FF FF 00 20 87 DF E9 44 [NAV-0x02]
< 69.556s B5 62 01 12 24 00 68 8D 00 00 00 00 00 00 00 00 00 00 00 00 00 00 00 00 00 00 00 00 00 00 00 00 00 00 3C 86 01 00 80 A8 12 01 2A D2 [NAV-0x12]
< 69.556s B5 62 01 35 08 00 68 8D 00 00 01 00 00 00 34 C2 [NAV-0x35]
< 69.556s B5 62 01 03 10 00 68 8D 00 00 00 40 00 08 00 00 00 00 7C 8D 00 00 5A CF [NAV-0x03]
< 69.556s B5 62 01 04 12 00 68 8D 00 00 0F 27 0F 27 0F 27 0F 27 0F 27 0F 27 0F 27 86 3E [NAV-0x04]
< 69.556s B5 62 01 21 14 00 68 8D 00 00 FF FF FF FF 00 C2 EB 0B E5 07 03 07 00 00 24 F0 E9 D1 [NAV-0x21]
< 69.556s B5 62 01 22 14 00 68 8D 00 00 00 00 00 00 00 00 00 00 FF FF FF FF 7C 36 39 00 13 5F [NAV-0x22]
< 69.729s B5 62 01 60 10 00 68 8D 00 00 01 00 00 00 00 00 00 00 00 00 00 00 67 23 [NAV-0x60]
< 69.763s B5 62 02 15 10 00 9A 99 99 99 99 19 42 40 00 00 12 00 00 01 50 8E B1 41 [RXM-0x15]
< 69.763s B5 62 01 07 5C 00 30 8E 00 00 E5 07 03 07 00 00 24 F0 FF FF FF FF FF 83 D7 17 00 00 24 00 00 00 00 00 00 00 00 00 00 00 00 00 98 BD FF FF FF FF FF FF 00 28 87 DF 00 00 00 00 00 00 00 00 00 00 00 00 00 00 00 00 00 00 00 00 58 3E 0F 00 80 A8 12 01 0F 27 00 00 5C 40 56 2F 00 00 00 00 00 00 00 00 D0 71 [NAV-0x07]
< 69.763s B5 62 01 01 14 00 30 8E 00 00 C4 43 04 26 00 00 00 00 00 00 00 00 40 57 B7 26 79 1D [NAV-0x01]
< 69.763s B5 62 01 02 1C 00 30 8E 00 00 00 00 00 00 00 00 00 00 00 00 00 00 98 BD FF FF FF FF FF FF 00 28 87 DF BA 57 [NAV-0x02]
< 69.763s B5 62 01 12 24 00 30 8E 00 00 00 00 00 00 00 00 00 00 00 00 00 00 00 00 00 00 00 00 00 00 00 00 00 00 3C 86 01 00 80 A8 12 01 F3 15 [NAV-0x12]
< 69.763s B5 62 01 35 08 00 30 8E 00 00 01 00 00 00 FD 09 [NAV-0x35]
< 69.763s B5 62 01 03 10 00 30 8E 00 00 00 40 00 08 00 00 00 00 44 8E 00 00 EC 81 [NAV-0x03]
< 69.763s B5 62 01 04 12 00 30 8E 00 00 0F 27 0F 27 0F 27 0F 27 0F 27 0F 27 0F 27 4F 5F [NAV-0x04]
< 69.763s B5 62 01 21 14 00 30 8E 00 00 FF FF FF FF FF 83 D7 17 E5 07 03 07 00 00 24 F0 6A 67 [NAV-0x21]
< 69.763s B5 62 01 22 14 00 30 8E 00 00 00 00 00 00 00 00 00 00 FF FF FF FF 7C 36 39 00 DC 12 [NAV-0x22]
< 69.936s B5 62 01 60 10 00 30 8E 00 00 01 00 00 00 00 00 00 00 00 00 00 00 30 B2 [NAV-0x60]
< 69.936s B5 62 02 15 10 00 33 33 33 33 33 33 42 40 00 00 12 00 00 01 18 8F 95 FC [RXM-0x15]
< 69.936s B5 62 01 07 5C 00 F8 8E 00 00 E5 07 03 07 00 00 24 F0 FF FF FF FF 00 46 C3 23 00 00 24 00 00 00 00 00 00 00 00 00 00 00 00 00 98 BD FF FF FF FF FF FF 00 30 87 DF 00 00 00 00 00 00 00 00 00 00 00 00 00 00 00 00 00 00 00 00 58 3E 0F 00 80 A8 12 01 0F 27 00 00 5C 40 56 2F 00 00 00 00 00 00 00 00 5C DA [NAV-0x07]
< 69.936s B5 62 01 01 14 00 F8 8E 00 00 C4 43 04 26 00 00 00 00 00 00 00 00 C0 58 B7 26 C2 C0 [NAV-0x01]
< 69.936s B5 62 01 02 1C 00 F8 8E 00 00 00 00 00 00 00 00 00 00 00 00 00 00 98 BD FF FF FF FF FF FF 00 30 87 DF 8A 4F [NAV-0x02]
< 69.936s B5 62 01 12 24 00 F8 8E 00 00 00 00 00 00 00 00 00 00 00 00 00 00 00 00 00 00 00 00 00 00 00 00 00 00 3C 86 01 00 80 A8 12 01 BB 35 [NAV-0x12]
< 69.936s B5 62 01 35 08 00 F8 8E 00 00 01 00 00 00 C5 49 [NAV-0x35]
< 69.936s B5 62 01 03 10 00 F8 8E 00 00 00 40 00 08 00 00 00 00 0C 8F 00 00 7D 24 [NAV-0x03]
< 69.936s B5 62 01 04 12 00 F8 8E 00 00 0F 27 0F 27 0F 27 0F 27 0F 27 0F 27 0F 27 17 6F [NAV-0x04]
< 69.936s B5 62 01 21 14 00 F8 8E 00 00 FF FF FF FF 00 46 C3 23 E5 07 03 07 00 00 24 F0 EE 18 [NAV-0x21]
< 69.936s B5 62 01 22 14 00 F8 8E 00 00 00 00 00 00 00 00 00 00 FF FF FF FF 7C 36 39 00 A4 B2 [NAV-0x22]
< 70.144s B5 62 01 60 10 00 F8 8E 00 00 01 00 00 00 00 00 00 00 00 00 00 00 F8 32 [NAV-0x60]
< 70.144s B5 62 02 15 10 00 CD CC CC CC CC 4C 42 40 00 00 12 00 00 01 E0 8F 74 85 [RXM-0x15]
< 70.144s B5 62 01 07 5C 00 C0 8F 00 00 E5 07 03 07 00 00 24 F0 FF FF FF FF 00 08 AF 2F 00 00 24 00 00 00 00 00 00 00 00 00 00 00 00 00 98 BD FF FF FF FF FF FF 00 37 87 DF 00 00 00 00 00 00 00 00 00 00 00 00 00 00 00 00 00 00 00 00 58 3E 0F 00 80 A8 12 01 0F 27 00 00 5C 40 56 2F 00 00 00 00 00 00 00 00 E6 D8 [NAV-0x07]
< 70.144s B5 62 01 01 14 00 C0 8F 00 00 C4 43 04 26 00 00 00 00 00 00 00 00 00 5A B7 26 CD 79 [NAV-0x01]
< 70.144s B5 62 01 02 1C 00 C0 8F 00 00 00 00 00 00 00 00 00 00 00 00 00 00 98 BD FF FF FF FF FF FF 00 37 87 DF 5A 5F [NAV-0x02]
< 70.144s B5 62 01 12 24 00 C0 8F 00 00 00 00 00 00 00 00 00 00 00 00 00 00 00 00 00 00 00 00 00 00 00 00 00 00 3C 86 01 00 80 A8 12 01 84 78 [NAV-0x12]
< 70.144s B5 62 01 35 08 00 C0 8F 00 00 01 00 00 00 8E 90 [NAV-0x35]
< 70.144s B5 62 01 03 10 00 C0 8F 00 00 00 40 00 08 00 00 00 00 D4 8F 00 00 0E D3 [NAV-0x03]
< 70.144s B5 62 01 04 12 00 C0 8F 00 00 0F 27 0F 27 0F 27 0F 27 0F 27 0F 27 0F 27 E0 90 [NAV-0x04]
< 70.144s B5 62 01 21 14 00 C0 8F 00 00 FF FF FF FF 00 08 AF 2F E5 07 03 07 00 00 24 F0 71 C5 [NAV-0x21]
< 70.144s B5 62 01 22 14 00 C0 8F 00 00 00 00 00 00 00 00 00 00 FF FF FF FF 7C 36 39 00 6D 65 [NAV-0x22]
< 70.318s B5 62 01 60 10 00 C0 8F 00 00 01 00 00 00 00 00 00 00 00 00 00 00 C1 C1 [NAV-0x60]
< 70.352s B5 62 0A 38 1C 00 00 01 00 00 00 00 01 02 00 00 00 00 00 00 00 00 59 00 CE 0D 31 08 82 08 84 00 00 00 DD 5C [MON-0x38]
< 70.352s B5 62 02 15 10 00 67 66 66 66 66 66 42 40 00 00 12 00 00 01 A8 90 59 50 [RXM-0x15]
< 70.352s B5 62 01 07 5C 00 88 90 00 00 E5 07 03 07 00 00 25 F0 FF FF FF FF 00 00 00 00 00 00 24 00 00 00 00 00 00 00 00 00 00 00 00 00 98 BD FF FF FF FF FF FF 00 3E 87 DF 00 00 00 00 00 00 00 00 00 00 00 00 00 00 00 00 00 00 00 00 58 3E 0F 00 80 A8 12 01 0F 27 00 00 5C 40 56 2F 00 00 00 00 00 00 00 00 D1 59 [NAV-0x07]
< 70.352s B5 62 01 01 14 00 88 90 00 00 C4 43 04 26 00 00 00 00 00 00 00 00 40 5B B7 26 D7 2F [NAV-0x01]
< 70.352s B5 62 01 02 1C 00 88 90 00 00 00 00 00 00 00 00 00 00 00 00 00 00 98 BD FF FF FF FF FF FF 00 3E 87 DF 2A 6F [NAV-0x02]
< 70.352s B5 62 01 12 24 00 88 90 00 00 00 00 00 00 00 00 00 00 00 00 00 00 00 00 00 00 00 00 00 00 00 00 00 00 3C 86 01 00 80 A8 12 01 4D BB [NAV-0x12]
< 70.352s B5 62 01 35 08 00 88 90 00 00 01 00 00 00 57 D7 [NAV-0x35]
< 70.352s B5 62 01 03 10 00 88 90 00 00 00 40 00 08 00 00 00 00 9C 90 00 00 A0 85 [NAV-0x03]
< 70.352s B5 62 01 04 12 00 88 90 00 00 0F 27 0F 27 0F 27 0F 27 0F 27 0F 27 0F 27 A9 B1 [NAV-0x04]
< 70.352s B5 62 01 21 14 00 88 90 00 00 FF FF FF FF 00 00 00 00 E5 07 03 07 00 00 25 F0 55 A5 [NAV-0x21]
< 70.352s B5 62 01 22 14 00 88 90 00 00 00 00 00 00 00 00 00 00 FF FF FF FF 7C 36 39 00 36 18 [NAV-0x22]
< 70.389s B5 62 01 60 10 00 88 90 00 00 01 00 00 00 00 00 00 00 00 00 00 00 8A 50 [NAV-0x60]
< 70.528s B5 62 27 04 6C 00 01 00 70 00 7B 6E FB 76 08 5E E3 20 97 A8 6C 09 3D FC CE 71 1D 7F 1D A3 EE E5 AE 18 DD 50 99 02 6E 0B 7F 3B 00 00 00 00 00 00 00 00 00 00 00 00 00 00 00 00 00 00 00 00 00 00 00 00 1C 83 9A 3B 26 00 6A EE 48 B0 9F 46 64 B6 93 C8 3C F4 CF 92 6B 4D E2 FC 9A 9F 59 F4 35 15 E3 A3 61 2B 61 36 BF 34 12 9A 94 94 3F B9 D3 80 D5 51 03 6C [SEC-0x04]
< 70.528s B5 62 02 15 10 00 00 00 00 00 00 80 42 40 00 00 12 00 00 01 70 91 3D 0B [RXM-0x15]
< 70.564s B5 62 01 07 5C 00 50 91 00 00 E5 07 03 07 00 00 25 F0 FF FF FF FF 00 C2 EB 0B 00 00 24 00 00 00 00 00 00 00 00 00 00 00 00 00 98 BD FF FF FF FF FF FF 00 46 87 DF 00 00 00 00 00 00 00 00 00 00 00 00 00 00 00 00 00 00 00 00 58 3E 0F 00 80 A8 12 01 0F 27 00 00 5C 40 56 2F 00 00 00 00 00 00 00 00 5A F3 [NAV-0x07]
< 70.564s B5 62 01 01 14 00 50 91 00 00 C4 43 04 26 00 00 00 00 00 00 00 00 80 5C B7 26 E1 E5 [NAV-0x01]
< 70.564s B5 62 01 02 1C 00 50 91 00 00 00 00 00 00 00 00 00 00 00 00 00 00 98 BD FF FF FF FF FF FF 00 46 87 DF FB 82 [NAV-0x02]
< 70.564s B5 62 01 12 24 00 50 91 00 00 00 00 00 00 00 00 00 00 00 00 00 00 00 00 00 00 00 00 00 00 00 00 00 00 3C 86 01 00 80 A8 12 01 16 FE [NAV-0x12]
< 70.564s B5 62 01 35 08 00 50 91 00 00 01 00 00 00 20 1E [NAV-0x35]
< 70.564s B5 62 01 03 10 00 50 91 00 00 00 40 00 08 00 00 00 00 64 91 00 00 32 37 [NAV-0x03]
< 70.564s B5 62 01 04 12 00 50 91 00 00 0F 27 0F 27 0F 27 0F 27 0F 27 0F 27 0F 27 72 D2 [NAV-0x04]
< 70.564s B5 62 01 21 14 00 50 91 00 00 FF FF FF FF 00 C2 EB 0B E5 07 03 07 00 00 25 F0 D6 3F [NAV-0x21]
< 70.564s B5 62 01 22 14 00 50 91 00 00 00 00 00 00 00 00 00 00 FF FF FF FF 7C 36 39 00 FF CB [NAV-0x22]
< 70.742s B5 62 01 60 10 00 50 91 00 00 01 00 00 00 00 00 00 00 00 00 00 00 53 DF [NAV-0x60]
< 70.742s B5 62 02 15 10 00 9A 99 99 99 99 99 42 40 00 00 12 00 00 01 38 92 1D 95 [RXM-0x15]
< 70.742s B5 62 01 07 5C 00 18 92 00 00 E5 07 03 07 00 00 25 F0 FF FF FF FF FF 83 D7 17 00 00 24 00 00 00 00 00 00 00 00 00 00 00 00 00 98 BD FF FF FF FF FF FF 00 4E 87 DF 00 00 00 00 00 00 00 00 00 00 00 00 00 00 00 00 00 00 00 00 58 3E 0F 00 80 A8 12 01 0F 27 00 00 5C 40 56 2F 00 00 00 00 00 00 00 00 E3 89 [NAV-0x07]
< 70.742s B5 62 01 01 14 00 18 92 00 00 C4 43 04 26 00 00 00 00 00 00 00 00 00 5E B7 26 2C 9E [NAV-0x01]
< 70.742s B5 62 01 02 1C 00 18 92 00 00 00 00 00 00 00 00 00 00 00 00 00 00 98 BD FF FF FF FF FF FF 00 4E 87 DF CC 95 [NAV-0x02]
< 70.742s B5 62 01 12 24 00 18 92 00 00 00 00 00 00 00 00 00 00 00 00 00 00 00 00 00 00 00 00 00 00 00 00 00 00 3C 86 01 00 80 A8 12 01 DF 41 [NAV-0x12]
< 70.742s B5 62 01 35 08 00 18 92 00 00 01 00 00 00 E9 65 [NAV-0x35]
< 70.742s B5 62 01 03 10 00 18 92 00 00 00 40 00 08 00 00 00 00 2C 92 00 00 C4 E9 [NAV-0x03]
< 70.742s B5 62 01 04 12 00 18 92 00 00 0F 27 0F 27 0F 27 0F 27 0F 27 0F 27 0F 27 3B F3 [NAV-0x04]
< 70.742s B5 62 01 21 14 00 18 92 00 00 FF FF FF FF FF 83 D7 17 E5 07 03 07 00 00 25 F0 57 D5 [NAV-0x21]
< 70.742s B5 62 01 22 14 00 18 92 00 00 00 00 00 00 00 00 00 00 FF FF FF FF 7C 36 39 00 C8 7E [NAV-0x22]
< 70.953s B5 62 01 60 10 00 18 92 00 00 01 00 00 00 00 00 00 00 00 00 00 00 1C 6E [NAV-0x60]
< 70.953s B5 62 02 15 10 00 33 33 33 33 33 B3 42 40 00 00 12 00 00 01 00 93 01 50 [RXM-0x15]
< 70.953s B5 62 01 07 5C 00 E0 92 00 00 E5 07 03 07 00 00 25 F0 FF FF FF FF 00 46 C3 23 00 00 24 00 00 00 00 00 00 00 00 00 00 00 00 00 98 BD FF FF FF FF FF FF 00 56 87 DF 00 00 00 00 00 00 00 00 00 00 00 00 00 00 00 00 00 00 00 00 58 3E 0F 00 80 A8 12 01 0F 27 00 00 5C 40 56 2F 00 00 00 00 00 00 00 00 6F F2 [NAV-0x07]
< 70.953s B5 62 01 01 14 00 E0 92 00 00 C4 43 04 26 00 00 00 00 00 00 00 00 40 5F B7 26 35 41 [NAV-0x01]
< 70.954s B5 62 01 02 1C 00 E0 92 00 00 00 00 00 00 00 00 00 00 00 00 00 00 98 BD FF FF FF FF FF FF 00 56 87 DF 9C 8D [NAV-0x02]
< 70.954s B5 62 01 12 24 00 E0 92 00 00 00 00 00 00 00 00 00 00 00 00 00 00 00 00 00 00 00 00 00 00 00 00 00 00 3C 86 01 00 80 A8 12 01 A7 61 [NAV-0x12]
< 70.954s B5 62 01 35 08 00 E0 92 00 00 01 00 00 00 B1 A5 [NAV-0x35]
< 70.954s B5 62 01 03 10 00 E0 92 00 00 00 40 00 08 00 00 00 00 F4 92 00 00 54 89 [NAV-0x03]
< 70.954s B5 62 01 04 12 00 E0 92 00 00 0F 27 0F 27 0F 27 0F 27 0F 27 0F 27 0F 27 03 03 [NAV-0x04]
< 70.954s B5 62 01 21 14 00 E0 92 00 00 FF FF FF FF 00 46 C3 23 E5 07 03 07 00 00 25 F0 DB 86 [NAV-0x21]
< 70.954s B5 62 01 22 14 00 E0 92 00 00 00 00 00 00 00 00 00 00 FF FF FF FF 7C 36 39 00 90 1E [NAV-0x22]
< 71.131s B5 62 01 60 10 00 E0 92 00 00 01 00 00 00 00 00 00 00 00 00 00 00 E4 EE [NAV-0x60]
< 71.131s B5 62 02 15 10 00 CD CC CC CC CC CC 42 40 00 00 12 00 00 01 C8 93 E0 D9 [RXM-0x15]
< 71.131s B5 62 01 07 5C 00 A8 93 00 00 E5 07 03 07 00 00 25 F0 FF FF FF FF 00 08 AF 2F 00 00 24 00 00 00 00 00 00 00 00 00 00 00 00 00 98 BD FF FF FF FF FF FF 00 5E 87 DF 00 00 00 00 00 00 00 00 00 00 00 00 00 00 00 00 00 00 00 00 58 3E 0F 00 80 A8 12 01 0F 27 00 00 5C 40 56 2F 00 00 00 00 00 00 00 00 FA 1F [NAV-0x07]
< 71.131s B5 62 01 01 14 00 A8 93 00 00 C4 43 04 26 00 00 00 00 00 00 00 00 C0 60 B7 26 7F F7 [NAV-0x01]
< 71.131s B5 62 01 02 1C 00 A8 93 00 00 00 00 00 00 00 00 00 00 00 00 00 00 98 BD FF FF FF FF FF FF 00 5E 87 DF 6D A0 [NAV-0x02]
< 71.131s B5 62 01 12 24 00 A8 93 00 00 00 00 00 00 00 00 00 00 00 00 00 00 00 00 00 00 00 00 00 00 00 00 00 00 3C 86 01 00 80 A8 12 01 70 A4 [NAV-0x12]
< 71.131s B5 62 01 35 08 00 A8 93 00 00 01 00 00 00 7A EC [NAV-0x35]
< 71.131s B5 62 01 03 10 00 A8 93 00 00 00 40 00 08 00 00 00 00 BC 93 00 00 E6 3B [NAV-0x03]
< 71.131s B5 62 01 04 12 00 A8 93 00 00 0F 27 0F 27 0F 27 0F 27 0F 27 0F 27 0F 27 CC 24 [NAV-0x04]
< 71.167s B5 62 01 21 14 00 A8 93 00 00 FF FF FF FF 00 08 AF 2F E5 07 03 07 00 00 25 F0 5E 33 [NAV-0x21]
< 71.167s B5 62 01 22 14 00 A8 93 00 00 00 00 00 00 00 00 00 00 FF FF FF FF 7C 36 39 00 59 D1 [NAV-0x22]
< 71.310s B5 62 01 60 10 00 A8 93 00 00 01 00 00 00 00 00 00 00 00 00 00 00 AD 7D [NAV-0x60]
< 71.346s B5 62 0A 38 1C 00 00 01 00 00 00 00 01 02 00 00 00 00 00 00 00 00 59 00 CE 0D 31 08 83 08 87 00 00 00 E1 6E [MON-0x38]
< 71.346s B5 62 02 15 10 00 67 66 66 66 66 E6 42 40 00 00 12 00 00 01 90 94 C5 A4 [RXM-0x15]
< 71.346s B5 62 01 07 5C 00 70 94 00 00 E5 07 03 07 00 00 26 F0 FF FF FF FF 00 00 00 00 00 00 24 00 00 00 00 00 00 00 00 00 00 00 00 00 98 BD FF FF FF FF FF FF 00 65 87 DF 00 00 00 00 00 00 00 00 00 00 00 00 00 00 00 00 00 00 00 00 58 3E 0F 00 80 A8 12 01 0F 27 00 00 5C 40 56 2F 00 00 00 00 00 00 00 00 E5 A0 [NAV-0x07]
< 71.346s B5 62 01 01 14 00 70 94 00 00 C4 43 04 26 00 00 00 00 00 00 00 00 00 62 B7 26 8A B0 [NAV-0x01]
< 71.346s B5 62 01 02 1C 00 70 94 00 00 00 00 00 00 00 00 00 00 00 00 00 00 98 BD FF FF FF FF FF FF 00 65 87 DF 3D B0 [NAV-0x02]
< 71.346s B5 62 01 12 24 00 70 94 00 00 00 00 00 00 00 00 00 00 00 00 00 00 00 00 00 00 00 00 00 00 00 00 00 00 3C 86 01 00 80 A8 12 01 39 E7 [NAV-0x12]
< 71.346s B5 62 01 35 08 00 70 94 00 00 01 00 00 00 43 33 [NAV-0x35]
< 71.346s B5 62 01 03 10 00 70 94 00 00 00 40 00 08 00 00 00 00 84 94 00 00 78 ED [NAV-0x03]
< 71.346s B5 62 01 04 12 00 70 94 00 00 0F 27 0F 27 0F 27 0F 27 0F 27 0F 27 0F 27 95 45 [NAV-0x04]
< 71.346s B5 62 01 21 14 00 70 94 00 00 FF FF FF FF 00 00 00 00 E5 07 03 07 00 00 26 F0 42 13 [NAV-0x21]
< 71.346s B5 62 01 22 14 00 70 94 00 00 00 00 00 00 00 00 00 00 FF FF FF FF 7C 36 39 00 22 84 [NAV-0x22]
< 71.534s B5 62 01 60 10 00 70 94 00 00 01 00 00 00 00 00 00 00 00 00 00 00 76 0C [NAV-0x60]
< 71.534s B5 62 02 15 10 00 00 00 00 00 00 00 43 40 00 00 12 00 00 01 58 95 AA 69 [RXM-0x15]
< 71.534s B5 62 01 07 5C 00 38 95 00 00 E5 07 03 07 00 00 26 F0 FF FF FF FF 00 C2 EB 0B 00 00 24 00 00 00 00 00 00 00 00 00 00 00 00 00 98 BD FF FF FF FF FF FF 00 6D 87 DF 00 00 00 00 00 00 00 00 00 00 00 00 00 00 00 00 00 00 00 00 58 3E 0F 00 80 A8 12 01 0F 27 00 00 5C 40 56 2F 00 00 00 00 00 00 00 00 6E 3A [NAV-0x07]
< 71.534s B5 62 01 01 14 00 38 95 00 00 C4 43 04 26 00 00 00 00 00 00 00 00 80 63 B7 26 D4 66 [NAV-0x01]
< 71.534s B5 62 01 02 1C 00 38 95 00 00 00 00 00 00 00 00 00 00 00 00 00 00 98 BD FF FF FF FF FF FF 00 6D 87 DF 0E C3 [NAV-0x02]
< 71.534s B5 62 01 12 24 00 38 95 00 00 00 00 00 00 00 00 00 00 00 00 00 00 00 00 00 00 00 00 00 00 00 00 00 00 3C 86 01 00 80 A8 12 01 02 2A [NAV-0x12]
< 71.534s B5 62 01 35 08 00 38 95 00 00 01 00 00 00 0C 7A [NAV-0x35]
< 71.534s B5 62 01 03 10 00 38 95 00 00 00 40 00 08 00 00 00 00 4C 95 00 00 0A 9F [NAV-0x03]
< 71.534s B5 62 01 04 12 00 38 95 00 00 0F 27 0F 27 0F 27 0F 27 0F 27 0F 27 0F 27 5E 66 [NAV-0x04]
< 71.534s B5 62 01 21 14 00 38 95 00 00 FF FF FF FF 00 C2 EB 0B E5 07 03 07 00 00 26 F0 C3 AD [NAV-0x21]
< 71.534s B5 62 01 22 14 00 38 95 00 00 00 00 00 00 00 00 00 00 FF FF FF FF 7C 36 39 00 EB 37 [NAV-0x22]
< 71.754s B5 62 01 60 10 00 38 95 00 00 01 00 00 00 00 00 00 00 00 00 00 00 3F 9B [NAV-0x60]
< 71.754s B5 62 02 15 10 00 9A 99 99 99 99 19 43 40 00 00 12 00 00 01 20 96 8A F3 [RXM-0x15]
< 71.754s B5 62 01 07 5C 00 00 96 00 00 E5 07 03 07 00 00 26 F0 FF FF FF FF FF 83 D7 17 00 00 24 00 00 00 00 00 00 00 00 00 00 00 00 00 98 BD FF FF FF FF FF FF 00 75 87 DF 00 00 00 00 00 00 00 00 00 00 00 00 00 00 00 00 00 00 00 00 58 3E 0F 00 80 A8 12 01 0F 27 00 00 5C 40 56 2F 00 00 00 00 00 00 00 00 F7 D0 [NAV-0x07]
< 71.754s B5 62 01 01 14 00 00 96 00 00 C4 43 04 26 00 00 00 00 00 00 00 00 C0 64 B7 26 DE 1C [NAV-0x01]
< 71.754s B5 62 01 02 1C 00 00 96 00 00 00 00 00 00 00 00 00 00 00 00 00 00 98 BD FF FF FF FF FF FF 00 75 87 DF DF D6 [NAV-0x02]
< 71.754s B5 62 01 12 24 00 00 96 00 00 00 00 00 00 00 00 00 00 00 00 00 00 00 00 00 00 00 00 00 00 00 00 00 00 3C 86 01 00 80 A8 12 01 CB 6D [NAV-0x12]
< 71.754s B5 62 01 35 08 00 00 96 00 00 01 00 00 00 D5 C1 [NAV-0x35]
< 71.754s B5 62 01 03 10 00 00 96 00 00 00 40 00 08 00 00 00 00 14 96 00 00 9C 51 [NAV-0x03]
< 71.754s B5 62 01 04 12 00 00 96 00 00 0F 27 0F 27 0F 27 0F 27 0F 27 0F 27 0F 27 27 87 [NAV-0x04]
< 71.754s B5 62 01 21 14 00 00 96 00 00 FF FF FF FF FF 83 D7 17 E5 07 03 07 00 00 26 F0 44 43 [NAV-0x21]
< 71.754s B5 62 01 22 14 00 00 96 00 00 00 00 00 00 00 00 00 00 FF FF FF FF 7C 36 39 00 B4 EA [NAV-0x22]
< 71.935s B5 62 01 60 10 00 00 96 00 00 01 00 00 00 00 00 00 00 00 00 00 00 08 2A [NAV-0x60]
< 71.935s B5 62 02 15 10 00 33 33 33 33 33 33 43 40 00 00 12 00 00 01 E8 96 6D AD [RXM-0x15]
< 71.935s B5 62 01 07 5C 00 C8 96 00 00 E5 07 03 07 00 00 26 F0 FF FF FF FF 00 46 C3 23 00 00 24 00 00 00 00 00 00 00 00 00 00 00 00 00 98 BD FF FF FF FF FF FF 00 7E 87 DF 00 00 00 00 00 00 00 00 00 00 00 00 00 00 00 00 00 00 00 00 58 3E 0F 00 80 A8 12 01 0F 27 00 00 5C 40 56 2F 00 00 00 00 00 00 00 00 84 68 [NAV-0x07]
< 71.935s B5 62 01 01 14 00 C8 96 00 00 C4 43 04 26 00 00 00 00 00 00 00 00 40 66 B7 26 28 C2 [NAV-0x01]
< 71.935s B5 62 01 02 1C 00 C8 96 00 00 00 00 00 00 00 00 00 00 00 00 00 00 98 BD FF FF FF FF FF FF 00 7E 87 DF B0 D1 [NAV-0x02]
< 71.935s B5 62 01 12 24 00 C8 96 00 00 00 00 00 00 00 00 00 00 00 00 00 00 00 00 00 00 00 00 00 00 00 00 00 00 3C 86 01 00 80 A8 12 01 93 8D [NAV-0x12]
< 71.935s B5 62 01 35 08 00 C8 96 00 00 01 00 00 00 9D 01 [NAV-0x35]
< 71.935s B5 62 01 03 10 00 C8 96 00 00 00 40 00 08 00 00 00 00 DC 96 00 00 2C F1 [NAV-0x03]
< 71.935s B5 62 01 04 12 00 C8 96 00 00 0F 27 0F 27 0F 27 0F 27 0F 27 0F 27 0F 27 EF 97 [NAV-0x04]
< 71.935s B5 62 01 21 14 00 C8 96 00 00 FF FF FF FF 00 46 C3 23 E5 07 03 07 00 00 26 F0 C8 F4 [NAV-0x21]
< 71.935s B5 62 01 22 14 00 C8 96 00 00 00 00 00 00 00 00 00 00 FF FF FF FF 7C 36 39 00 7C 8A [NAV-0x22]
< 72.152s B5 62 01 60 10 00 C8 96 00 00 01 00 00 00 00 00 00 00 00 00 00 00 D0 AA [NAV-0x60]
< 72.152s B5 62 02 15 10 00 CD CC CC CC CC 4C 43 40 00 00 12 00 00 01 B0 97 4D 37 [RXM-0x15]
< 72.152s B5 62 01 07 5C 00 90 97 00 00 E5 07 03 07 00 00 26 F0 FF FF FF FF 00 08 AF 2F 00 00 24 00 00 00 00 00 00 00 00 00 00 00 00 00 98 BD FF FF FF FF FF FF 00 86 87 DF 00 00 00 00 00 00 00 00 00 00 00 00 00 00 00 00 00 00 00 00 58 3E 0F 00 80 A8 12 01 0F 27 00 00 5C 40 56 2F 00 00 00 00 00 00 00 00 0F 95 [NAV-0x07]
< 72.152s B5 62 01 01 14 00 90 97 00 00 C4 43 04 26 00 00 00 00 00 00 00 00 C0 67 B7 26 72 78 [NAV-0x01]
< 72.152s B5 62 01 02 1C 00 90 97 00 00 00 00 00 00 00 00 00 00 00 00 00 00 98 BD FF FF FF FF FF FF 00 86 87 DF 81 E4 [NAV-0x02]
< 72.152s B5 62 01 12 24 00 90 97 00 00 00 00 00 00 00 00 00 00 00 00 00 00 00 00 00 00 00 00 00 00 00 00 00 00 3C 86 01 00 80 A8 12 01 5C D0 [NAV-0x12]
< 72.152s B5 62 01 35 08 00 90 97 00 00 01 00 00 00 66 48 [NAV-0x35]
< 72.152s B5 62 01 03 10 00 90 97 00 00 00 40 00 08 00 00 00 00 A4 97 00 00 BE A3 [NAV-0x03]
< 72.152s B5 62 01 04 12 00 90 97 00 00 0F 27 0F 27 0F 27 0F 27 0F 27 0F 27 0F 27 B8 B8 [NAV-0x04]
< 72.152s B5 62 01 21 14 00 90 97 00 00 FF FF FF FF 00 08 AF 2F E5 07 03 07 00 00 26 F0 4B A1 [NAV-0x21]
< 72.152s B5 62 01 22 14 00 90 97 00 00 00 00 00 00 00 00 00 00 FF FF FF FF 7C 36 39 00 45 3D [NAV-0x22]
< 72.299s B5 62 01 60 10 00 90 97 00 00 01 00 00 00 00 00 00 00 00 00 00 00 99 39 [NAV-0x60]
< 72.335s B5 62 0A 38 1C 00 00 01 00 00 00 00 01 02 00 00 00 00 00 00 00 00 59 00 CE 0D 31 09 84 09 88 00 00 00 E5 84 [MON-0x38]
< 72.335s B5 62 02 15 10 00 67 66 66 66 66 66 43 40 00 00 12 00 00 01 78 98 32 02 [RXM-0x15]
< 72.335s B5 62 01 07 5C 00 58 98 00 00 E5 07 03 07 00 00 27 F0 FF FF FF FF 00 00 00 00 00 00 24 00 00 00 00 00 00 00 00 00 00 00 00 00 98 BD FF FF FF FF FF FF 00 8D 87 DF 00 00 00 00 00 00 00 00 00 00 00 00 00 00 00 00 00 00 00 00 58 3E 0F 00 80 A8 12 01 0F 27 00 00 5C 40 56 2F 00 00 00 00 00 00 00 00 FA 16 [NAV-0x07]
< 72.335s B5 62 01 01 14 00 58 98 00 00 C4 43 04 26 00 00 00 00 00 00 00 00 00 69 B7 26 7D 31 [NAV-0x01]
< 72.335s B5 62 01 02 1C 00 58 98 00 00 00 00 00 00 00 00 00 00 00 00 00 00 98 BD FF FF FF FF FF FF 00 8D 87 DF 51 F4 [NAV-0x02]
< 72.335s B5 62 01 12 24 00 58 98 00 00 00 00 00 00 00 00 00 00 00 00 00 00 00 00 00 00 00 00 00 00 00 00 00 00 3C 86 01 00 80 A8 12 01 25 13 [NAV-0x12]
< 72.335s B5 62 01 35 08 00 58 98 00 00 01 00 00 00 2F 8F [NAV-0x35]
< 72.335s B5 62 01 03 10 00 58 98 00 00 00 40 00 08 00 00 00 00 6C 98 00 00 50 55 [NAV-0x03]
< 72.335s B5 62 01 04 12 00 58 98 00 00 0F 27 0F 27 0F 27 0F 27 0F 27 0F 27 0F 27 81 D9 [NAV-0x04]
< 72.335s B5 62 01 21 14 00 58 98 00 00 FF FF FF FF 00 00 00 00 E5 07 03 07 00 00 27 F0 2F 81 [NAV-0x21]
< 72.335s B5 62 01 22 14 00 58 98 00 00 00 00 00 00 00 00 00 00 FF FF FF FF 7C 36 39 00 0E F0 [NAV-0x22]
< 72.410s B5 62 01 60 10 00 58 98 00 00 01 00 00 00 00 00 00 00 00 00 00 00 62 C8 [NAV-0x60]
< 72.521s B5 62 27 04 6C 00 01 00 70 00 3E 60 9D 9D 22 39 47 2C C1 55 14 D0 3D 7F B4 9B B9 9B D1 00 4C 0F AB 07 24 E0 B6 C3 8B 7F 88 44 00 00 00 00 00 00 00 00 00 00 00 00 00 00 00 00 00 00 00 00 00 00 00 00 A8 FF 03 FA 89 1A B9 08 10 8A 8E 7D D3 88 A5 7B 68 21 A4 34 D5 3B 45 92 22 AB EA 31 92 33 11 79 64 97 62 D1 61 3F 61 94 B8 70 C5 BC F2 4E 73 0A 08 90 [SEC-0x04]
< 72.558s B5 62 02 15 10 00 00 00 00 00 00 80 43 40 00 00 12 00 00 01 40 99 16 BD [RXM-0x15]
< 72.558s B5 62 01 07 5C 00 20 99 00 00 E5 07 03 07 00 00 27 F0 FF FF FF FF 00 C2 EB 0B 00 00 24 00 00 00 00 00 00 00 00 00 00 00 00 00 98 BD FF FF FF FF FF FF 00 95 87 DF 00 00 00 00 00 00 00 00 00 00 00 00 00 00 00 00 00 00 00 00 58 3E 0F 00 80 A8 12 01 0F 27 00 00 5C 40 56 2F 00 00 00 00 00 00 00 00 83 B0 [NAV-0x07]
< 72.558s B5 62 01 01 14 00 20 99 00 00 C4 43 04 26 00 00 00 00 00 00 00 00 40 6A B7 26 87 E7 [NAV-0x01]
< 72.558s B5 62 01 02 1C 00 20 99 00 00 00 00 00 00 00 00 00 00 00 00 00 00 98 BD FF FF FF FF FF FF 00 95 87 DF 22 07 [NAV-0x02]
< 72.558s B5 62 01 12 24 00 20 99 00 00 00 00 00 00 00 00 00 00 00 00 00 00 00 00 00 00 00 00 00 00 00 00 00 00 3C 86 01 00 80 A8 12 01 EE 56 [NAV-0x12]
< 72.558s B5 62 01 35 08 00 20 99 00 00 01 00 00 00 F8 D6 [NAV-0x35]
< 72.558s B5 62 01 03 10 00 20 99 00 00 00 40 00 08 00 00 00 00 34 99 00 00 E2 07 [NAV-0x03]
< 72.558s B5 62 01 04 12 00 20 99 00 00 0F 27 0F 27 0F 27 0F 27 0F 27 0F 27 0F 27 4A FA [NAV-0x04]
< 72.558s B5 62 01 21 14 00 20 99 00 00 FF FF FF FF 00 C2 EB 0B E5 07 03 07 00 00 27 F0 B0 1B [NAV-0x21]
< 72.558s B5 62 01 22 14 00 20 99 00 00 00 00 00 00 00 00 00 00 FF FF FF FF 7C 36 39 00 D7 A3 [NAV-0x22]
< 72.742s B5 62 01 60 10 00 20 99 00 00 01 00 00 00 00 00 00 00 00 00 00 00 2B 57 [NAV-0x60]
< 72.742s B5 62 02 15 10 00 9A 99 99 99 99 99 43 40 00 00 12 00 00 01 08 9A F6 47 [RXM-0x15]
< 72.742s B5 62 01 07 5C 00 E8 99 00 00 E5 07 03 07 00 00 27 F0 FF FF FF FF FF 83 D7 17 00 00 24 00 00 00 00 00 00 00 00 00 00 00 00 00 98 BD FF FF FF FF FF FF 00 9E 87 DF 00 00 00 00 00 00 00 00 00 00 00 00 00 00 00 00 00 00 00 00 58 3E 0F 00 80 A8 12 01 0F 27 00 00 5C 40 56 2F 00 00 00 00 00 00 00 00 0C 1A [NAV-0x07]
< 72.742s B5 62 01 01 14 00 E8 99 00 00 C4 43 04 26 00 00 00 00 00 00 00 00 C0 6B B7 26 D0 8A [NAV-0x01]
< 72.742s B5 62 01 02 1C 00 E8 99 00 00 00 00 00 00 00 00 00 00 00 00 00 00 98 BD FF FF FF FF FF FF 00 9E 87 DF F3 02 [NAV-0x02]
< 72.742s B5 62 01 12 24 00 E8 99 00 00 00 00 00 00 00 00 00 00 00 00 00 00 00 00 00 00 00 00 00 00 00 00 00 00 3C 86 01 00 80 A8 12 01 B6 76 [NAV-0x12]
< 72.742s B5 62 01 35 08 00 E8 99 00 00 01 00 00 00 C0 16 [NAV-0x35]
< 72.742s B5 62 01 03 10 00 E8 99 00 00 00 40 00 08 00 00 00 00 FC 99 00 00 72 A7 [NAV-0x03]
< 72.742s B5 62 01 04 12 00 E8 99 00 00 0F 27 0F 27 0F 27 0F 27 0F 27 0F 27 0F 27 12 0A [NAV-0x04]
< 72.742s B5 62 01 21 14 00 E8 99 00 00 FF FF FF FF FF 83 D7 17 E5 07 03 07 00 00 27 F0 30 9E [NAV-0x21]
< 72.742s B5 62 01 22 14 00 E8 99 00 00 00 00 00 00 00 00 00 00 FF FF FF FF 7C 36 39 00 9F 43 [NAV-0x22]
< 72.928s B5 62 01 60 10 00 E8 99 00 00 01 00 00 00 00 00 00 00 00 00 00 00 F3 D7 [NAV-0x60]
< 72.965s B5 62 02 15 10 00 33 33 33 33 33 B3 43 40 00 00 12 00 00 01 D0 9A D9 01 [RXM-0x15]
< 72.965s B5 62 01 07 5C 00 B0 9A 00 00 E5 07 03 07 00 00 27 F0 FF FF FF FF 00 46 C3 23 00 00 24 00 00 00 00 00 00 00 00 00 00 00 00 00 98 BD FF FF FF FF FF FF 00 A7 87 DF 00 00 00 00 00 00 00 00 00 00 00 00 00 00 00 00 00 00 00 00 58 3E 0F 00 80 A8 12 01 0F 27 00 00 5C 40 56 2F 00 00 00 00 00 00 00 00 9A 0D [NAV-0x07]
< 72.965s B5 62 01 01 14 00 B0 9A 00 00 C4 43 04 26 00 00 00 00 00 00 00 00 80 6D B7 26 5B 43 [NAV-0x01]
< 72.965s B5 62 01 02 1C 00 B0 9A 00 00 00 00 00 00 00 00 00 00 00 00 00 00 98 BD FF FF FF FF FF FF 00 A7 87 DF C5 18 [NAV-0x02]
< 72.965s B5 62 01 12 24 00 B0 9A 00 00 00 00 00 00 00 00 00 00 00 00 00 00 00 00 00 00 00 00 00 00 00 00 00 00 3C 86 01 00 80 A8 12 01 7F B9 [NAV-0x12]
< 72.965s B5 62 01 35 08 00 B0 9A 00 00 01 00 00 00 89 5D [NAV-0x35]
< 72.965s B5 62 01 03 10 00 B0 9A 00 00 00 40 00 08 00 00 00 00 C4 9A 00 00 04 59 [NAV-0x03]
< 72.965s B5 62 01 04 12 00 B0 9A 00 00 0F 27 0F 27 0F 27 0F 27 0F 27 0F 27 0F 27 DB 2B [NAV-0x04]
< 72.965s B5 62 01 21 14 00 B0 9A 00 00 FF FF FF FF 00 46 C3 23 E5 07 03 07 00 00 27 F0 [NAV-0x21]
< 72.965s B5 62 
< 72.965s B5 62 01 22 14 00 B0 9A 00 00 00 00 00 00 00 00 00 00 FF FF FF FF 7C 36 39 00 68 F6 [NAV-0x22]
< 73.150s B5 62 01 60 10 00 B0 9A 00 00 01 00 00 00 00 00 00 00 00 00 00 00 BC 66 [NAV-0x60]
< 73.150s B5 62 02 15 10 00 CD CC CC CC CC CC 43 40 00 00 12 00 00 01 98 9B B9 8B [RXM-0x15]
< 73.150s B5 62 01 07 5C 00 78 9B 00 00 E5 07 03 07 00 00 27 F0 FF FF FF FF 00 08 AF 2F 00 00 24 00 00 00 00 00 00 00 00 00 00 00 00 00 98 BD FF FF FF FF FF FF 00 AF 87 DF 00 00 00 00 00 00 00 00 00 00 00 00 00 00 00 00 00 00 00 00 58 3E 0F 00 80 A8 12 01 0F 27 00 00 5C 40 56 2F 00 00 00 00 00 00 00 00 25 3A [NAV-0x07]
< 73.150s B5 62 01 01 14 00 78 9B 00 00 C4 43 04 26 00 00 00 00 00 00 00 00 C0 6E B7 26 65 F9 [NAV-0x01]
< 73.150s B5 62 01 02 1C 00 78 9B 00 00 00 00 00 00 00 00 00 00 00 00 00 00 98 BD FF FF FF FF FF FF 00 AF 87 DF 96 2B [NAV-0x02]
< 73.150s B5 62 01 12 24 00 78 9B 00 00 00 00 00 00 00 00 00 00 00 00 00 00 00 00 00 00 00 00 00 00 00 00 00 00 3C 86 01 00 80 A8 12 01 48 FC [NAV-0x12]
< 73.150s B5 62 01 35 08 00 78 9B 00 00 01 00 00 00 52 A4 [NAV-0x35]
< 73.150s B5 62 01 03 10 00 78 9B 00 00 00 40 00 08 00 00 00 00 8C 9B 00 00 96 0B [NAV-0x03]
< 73.150s B5 62 01 04 12 00 78 9B 00 00 0F 27 0F 27 0F 27 0F 27 0F 27 0F 27 0F 27 A4 4C [NAV-0x04]
< 73.150s B5 62 01 21 14 00 78 9B 00 00 FF FF FF FF 00 08 AF 2F E5 07 03 07 00 00 27 F0 38 0F [NAV-0x21]
< 73.150s B5 62 01 22 14 00 78 9B 00 00 00 00 00 00 00 00 00 00 FF FF FF FF 7C 36 39 00 31 A9 [NAV-0x22]
< 73.300s B5 62 01 60 10 00 78 9B 00 00 01 00 00 00 00 00 00 00 00 00 00 00 85 F5 [NAV-0x60]
< 73.338s B5 62 0A 38 1C 00 00 01 00 00 00 00 01 02 00 00 00 00 00 00 00 00 59 00 CE 0D 32 09 83 09 88 00 00 00 E5 86 [MON-0x38]
< 73.338s B5 62 02 15 10 00 67 66 66 66 66 E6 43 40 00 00 12 00 00 01 60 9C 9E 56 [RXM-0x15]
< 73.338s B5 62 01 07 5C 00 40 9C 00 00 E5 07 03 07 00 00 28 F0 FF FF FF FF 00 00 00 00 00 00 24 00 00 00 00 00 00 00 00 00 00 00 00 00 98 BD FF FF FF FF FF FF 00 B7 87 DF 00 00 00 00 00 00 00 00 00 00 00 00 00 00 00 00 00 00 00 00 58 3E 0F 00 80 A8 12 01 0F 27 00 00 5C 40 56 2F 00 00 00 00 00 00 00 00 11 EA [NAV-0x07]
< 73.338s B5 62 01 01 14 00 40 9C 00 00 C4 43 04 26 00 00 00 00 00 00 00 00 00 70 B7 26 70 B2 [NAV-0x01]
< 73.338s B5 62 01 02 1C 00 40 9C 00 00 00 00 00 00 00 00 00 00 00 00 00 00 98 BD FF FF FF FF FF FF 00 B7 87 DF 67 3E [NAV-0x02]
< 73.338s B5 62 01 12 24 00 40 9C 00 00 00 00 00 00 00 00 00 00 00 00 00 00 00 00 00 00 00 00 00 00 00 00 00 00 3C 86 01 00 80 A8 12 01 11 3F [NAV-0x12]
< 73.338s B5 62 01 35 08 00 40 9C 00 00 01 00 00 00 1B EB [NAV-0x35]
< 73.338s B5 62 01 03 10 00 40 9C 00 00 00 40 00 08 00 00 00 00 54 9C 00 00 28 BD [NAV-0x03]
< 73.338s B5 62 01 04 12 00 40 9C 00 00 0F 27 0F 27 0F 27 0F 27 0F 27 0F 27 0F 27 6D 6D [NAV-0x04]
< 73.338s B5 62 01 21 14 00 40 9C 00 00 FF FF FF FF 00 00 00 00 E5 07 03 07 00 00 28 F0 1C EF [NAV-0x21]
< 73.338s B5 62 01 22 14 00 40 9C 00 00 00 00 00 00 00 00 00 00 FF FF FF FF 7C 36 39 00 FA 5C [NAV-0x22]
< 73.528s B5 62 01 60 10 00 40 9C 00 00 01 00 00 00 00 00 00 00 00 00 00 00 4E 84 [NAV-0x60]
< 73.528s B5 62 02 15 10 00 00 00 00 00 00 00 44 40 00 00 12 00 00 01 28 9D 83 1B [RXM-0x15]
< 73.567s B5 62 01 07 5C 00 08 9D 00 00 E5 07 03 07 00 00 28 F0 FF FF FF FF 00 C2 EB 0B 00 00 24 00 00 00 00 00 00 00 00 00 00 00 00 00 98 BD FF FF FF FF FF FF 00 BF 87 DF 00 00 00 00 00 00 00 00 00 00 00 00 00 00 00 00 00 00 00 00 58 3E 0F 00 80 A8 12 01 0F 27 00 00 5C 40 56 2F 00 00 00 00 00 00 00 00 9A 84 [NAV-0x07]
< 73.567s B5 62 01 01 14 00 08 9D 00 00 C4 43 04 26 00 00 00 00 00 00 00 00 C0 71 B7 26 FA 68 [NAV-0x01]
< 73.567s B5 62 01 02 1C 00 08 9D 00 00 00 00 00 00 00 00 00 00 00 00 00 00 98 BD FF FF FF FF FF FF 00 BF 87 DF 38 51 [NAV-0x02]
< 73.567s B5 62 01 12 24 00 08 9D 00 00 00 00 00 00 00 00 00 00 00 00 00 00 00 00 00 00 00 00 00 00 00 00 00 00 3C 86 01 00 80 A8 12 01 DA 82 [NAV-0x12]
< 73.567s B5 62 01 35 08 00 08 9D 00 00 01 00 00 00 E4 32 [NAV-0x35]
< 73.567s B5 62 01 03 10 00 08 9D 00 00 00 40 00 08 00 00 00 00 1C 9D 00 00 BA 6F [NAV-0x03]
< 73.567s B5 62 01 04 12 00 08 9D 00 00 0F 27 0F 27 0F 27 0F 27 0F 27 0F 27 0F 27 36 8E [NAV-0x04]
< 73.567s B5 62 01 21 14 00 08 9D 00 00 FF FF FF FF 00 C2 EB 0B E5 07 03 07 00 00 28 F0 9D 89 [NAV-0x21]
< 73.567s B5 62 01 22 14 00 08 9D 00 00 00 00 00 00 00 00 00 00 FF FF FF FF 7C 36 39 00 C3 0F [NAV-0x22]
< 73.721s B5 62 01 60 10 00 08 9D 00 00 01 00 00 00 00 00 00 00 00 00 00 00 17 13 [NAV-0x60]
< 73.759s B5 62 02 15 10 00 9A 99 99 99 99 19 44 40 00 00 12 00 00 01 F0 9D 62 A4 [RXM-0x15]
< 73.759s B5 62 01 07 5C 00 D0 9D 00 00 E5 07 03 07 00 00 28 F0 FF FF FF FF FF 83 D7 17 00 00 24 00 00 00 00 00 00 00 00 00 00 00 00 00 98 BD FF FF FF FF FF FF 00 C8 87 DF 00 00 00 00 00 00 00 00 00 00 00 00 00 00 00 00 00 00 00 00 58 3E 0F 00 80 A8 12 01 0F 27 00 00 5C 40 56 2F 00 00 00 00 00 00 00 00 23 EE [NAV-0x07]
< 73.759s B5 62 01 01 14 00 D0 9D 00 00 C4 43 04 26 00 00 00 00 00 00 00 00 00 73 B7 26 04 0E [NAV-0x01]
< 73.759s B5 62 01 02 1C 00 D0 9D 00 00 00 00 00 00 00 00 00 00 00 00 00 00 98 BD FF FF FF FF FF FF 00 C8 87 DF 09 4C [NAV-0x02]
< 73.759s B5 62 01 12 24 00 D0 9D 00 00 00 00 00 00 00 00 00 00 00 00 00 00 00 00 00 00 00 00 00 00 00 00 00 00 3C 86 01 00 80 A8 12 01 A2 A2 [NAV-0x12]
< 73.759s B5 62 01 35 08 00 D0 9D 00 00 01 00 00 00 AC 72 [NAV-0x35]
< 73.759s B5 62 01 03 10 00 D0 9D 00 00 00 40 00 08 00 00 00 00 E4 9D 00 00 4A 0F [NAV-0x03]
< 73.759s B5 62 01 04 12 00 D0 9D 00 00 0F 27 0F 27 0F 27 0F 27 0F 27 0F 27 0F 27 FE 9E [NAV-0x04]
< 73.759s B5 62 01 21 14 00 D0 9D 00 00 FF FF FF FF FF 83 D7 17 E5 07 03 07 00 00 28 F0 1D 0C [NAV-0x21]
< 73.759s B5 62 01 22 14 00 D0 9D 00 00 00 00 00 00 00 00 00 00 FF FF FF FF 7C 36 39 00 8B AF [NAV-0x22]
< 73.948s B5 62 01 60 10 00 D0 9D 00 00 01 00 00 00 00 00 00 00 00 00 00 00 DF 93 [NAV-0x60]
< 73.948s B5 62 02 15 10 00 33 33 33 33 33 33 44 40 00 00 12 00 00 01 B8 9E 46 5F [RXM-0x15]
< 73.948s B5 62 01 07 5C 00 98 9E 00 00 E5 07 03 07 00 00 28 F0 FF FF FF FF 00 46 C3 23 00 00 24 00 00 00 00 00 00 00 00 00 00 00 00 00 98 BD FF FF FF FF FF FF 00 D0 87 DF 00 00 00 00 00 00 00 00 00 00 00 00 00 00 00 00 00 00 00 00 58 3E 0F 00 80 A8 12 01 0F 27 00 00 5C 40 56 2F 00 00 00 00 00 00 00 00 B0 B2 [NAV-0x07]
< 73.948s B5 62 01 01 14 00 98 9E 00 00 C4 43 04 26 00 00 00 00 00 00 00 00 80 74 B7 26 4E C4 [NAV-0x01]
< 73.948s B5 62 01 02 1C 00 98 9E 00 00 00 00 00 00 00 00 00 00 00 00 00 00 98 BD FF FF FF FF FF FF 00 D0 87 DF DA 5F [NAV-0x02]
< 73.948s B5 62 01 12 24 00 98 9E 00 00 00 00 00 00 00 00 00 00 00 00 00 00 00 00 00 00 00 00 00 00 00 00 00 00 3C 86 01 00 80 A8 12 01 6B E5 [NAV-0x12]
< 73.948s B5 62 01 35 08 00 98 9E 00 00 01 00 00 00 75 B9 [NAV-0x35]
< 73.948s B5 62 01 03 10 00 98 9E 00 00 00 40 00 08 00 00 00 00 AC 9E 00 00 DC C1 [NAV-0x03]
< 73.948s B5 62 01 04 12 00 98 9E 00 00 0F 27 0F 27 0F 27 0F 27 0F 27 0F 27 0F 27 C7 BF [NAV-0x04]
< 73.948s B5 62 01 21 14 00 98 9E 00 00 FF FF FF FF 00 46 C3 23 E5 07 03 07 00 00 28 F0 A2 D0 [NAV-0x21]
< 73.948s B5 62 01 22 14 00 98 9E 00 00 00 00 00 00 00 00 00 00 FF FF FF FF 7C 36 39 00 54 62 [NAV-0x22]
< 74.140s B5 62 01 60 10 00 98 9E 00 00 01 00 00 00 00 00 00 00 00 00 00 00 A8 22 [NAV-0x60]
< 74.140s B5 62 02 15 10 00 CD CC CC CC CC 4C 44 40 00 00 12 00 00 01 80 9F 26 E9 [RXM-0x15]
< 74.140s B5 62 01 07 5C 00 60 9F 00 00 E5 07 03 07 00 00 28 F0 FF FF FF FF 00 08 AF 2F 00 00 24 00 00 00 00 00 00 00 00 00 00 00 00 00 98 BD FF FF FF FF FF FF 00 D9 87 DF 00 00 00 00 00 00 00 00 00 00 00 00 00 00 00 00 00 00 00 00 58 3E 0F 00 80 A8 12 01 0F 27 00 00 5C 40 56 2F 00 00 00 00 00 00 00 00 3C 0E [NAV-0x07]
< 74.140s B5 62 01 01 14 00 60 9F 00 00 C4 43 04 26 00 00 00 00 00 00 00 00 00 76 B7 26 99 7D [NAV-0x01]
< 74.140s B5 62 01 02 1C 00 60 9F 00 00 00 00 00 00 00 00 00 00 00 00 00 00 98 BD FF FF FF FF FF FF 00 D9 87 DF AC 75 [NAV-0x02]
< 74.140s B5 62 01 12 24 00 60 9F 00 00 00 00 00 00 00 00 00 00 00 00 00 00 00 00 00 00 00 00 00 00 00 00 00 00 3C 86 01 00 80 A8 12 01 34 28 [NAV-0x12]
< 74.140s B5 62 01 35 08 00 60 9F 00 00 01 00 00 00 3E 00 [NAV-0x35]
< 74.140s B5 62 01 03 10 00 60 9F 00 00 00 40 00 08 00 00 00 00 74 9F 00 00 6E 73 [NAV-0x03]
< 74.140s B5 62 01 04 12 00 60 9F 00 00 0F 27 0F 27 0F 27 0F 27 0F 27 0F 27 0F 27 90 E0 [NAV-0x04]
< 74.140s B5 62 01 21 14 00 60 9F 00 00 FF FF FF FF 00 08 AF 2F E5 07 03 07 00 00 28 F0 25 7D [NAV-0x21]
< 74.140s B5 62 01 22 14 00 60 9F 00 00 00 00 00 00 00 00 00 00 FF FF FF FF 7C 36 39 00 1D 15 [NAV-0x22]
< 74.295s B5 62 01 60 10 00 60 9F 00 00 01 00 00 00 00 00 00 00 00 00 00 00 71 B1 [NAV-0x60]
< 74.333s B5 62 0A 38 1C 00 00 01 00 00 00 00 01 02 00 00 00 00 00 00 00 00 59 00 CE 0D 33 09 83 0A 87 00 00 00 E6 8F [MON-0x38]
< 74.333s B5 62 02 15 10 00 67 66 66 66 66 66 44 40 00 00 12 00 00 01 48 A0 0B B4 [RXM-0x15]
< 74.373s B5 62 01 07 5C 00 28 A0 00 00 E5 07 03 07 00 00 29 F0 FF FF FF FF 00 00 00 00 00 00 24 00 00 00 00 00 00 00 00 00 00 00 00 00 98 BD FF FF FF FF FF FF 00 E0 87 DF 00 00 00 00 00 00 00 00 00 00 00 00 00 00 00 00 00 00 00 00 58 3E 0F 00 80 A8 12 01 0F 27 00 00 5C 40 56 2F 00 00 00 00 00 00 00 00 27 8F [NAV-0x07]
< 74.373s B5 62 01 01 14 00 28 A0 00 00 C4 43 04 26 00 00 00 00 00 00 00 00 40 77 B7 26 A3 33 [NAV-0x01]
< 74.373s B5 62 01 02 1C 00 28 A0 00 00 00 00 00 00 00 00 00 00 00 00 00 00 98 BD FF FF FF FF FF FF 00 E0 87 DF 7C 85 [NAV-0x02]
< 74.373s B5 62 01 12 24 00 28 A0 00 00 00 00 00 00 00 00 00 00 00 00 00 00 00 00 00 00 00 00 00 00 00 00 00 00 3C 86 01 00 80 A8 12 01 FD 6B [NAV-0x12]
< 74.373s B5 62 01 35 08 00 28 A0 00 00 01 00 00 00 07 47 [NAV-0x35]
< 74.373s B5 62 01 03 10 00 28 A0 00 00 00 40 00 08 00 00 00 00 3C A0 00 00 00 25 [NAV-0x03]
< 74.373s B5 62 01 04 12 00 28 A0 00 00 0F 27 0F 27 0F 27 0F 27 0F 27 0F 27 0F 27 59 01 [NAV-0x04]
< 74.373s B5 62 01 21 14 00 28 A0 00 00 FF FF FF FF 00 00 00 00 E5 07 03 07 00 00 29 F0 09 5D [NAV-0x21]
< 74.373s B5 62 01 22 14 00 28 A0 00 00 00 00 00 00 00 00 00 00 FF FF FF FF 7C 36 39 00 E6 C8 [NAV-0x22]
< 74.414s B5 62 01 60 10 00 28 A0 00 00 01 00 00 00 00 00 00 00 00 00 00 00 3A 40 [NAV-0x60]
< 74.531s B5 62 27 04 6C 00 01 00 70 00 20 08 CB 6F 5D C3 A4 97 83 A3 1A 02 9D 16 EF 9B 12 8F 4D E0 E6 0C 08 E2 ED E8 C5 75 9E D6 C2 5B 00 00 00 00 00 00 00 00 00 00 00 00 00 00 00 00 00 00 00 00 00 00 00 00 A5 51 20 D4 F6 94 0C F7 BB F3 05 1A F4 40 00 F2 D5 D8 F7 39 40 6A B6 FF 04 B5 29 C6 99 E5 E7 B0 E0 63 E2 D1 E1 A5 03 D9 DB FC BA 0D C7 79 D0 EF E6 BC [SEC-0x04]
< 74.571s B5 62 02 15 10 00 00 00 00 00 00 80 44 40 00 00 12 00 00 01 10 A1 EF 6F [RXM-0x15]
< 74.571s B5 62 01 07 5C 00 F0 A0 00 00 E5 07 03 07 00 00 29 F0 FF FF FF FF 00 C2 EB 0B 00 00 24 00 00 00 00 00 00 00 00 00 00 00 00 00 98 BD FF FF FF FF FF FF 00 E9 87 DF 00 00 00 00 00 00 00 00 00 00 00 00 00 00 00 00 00 00 00 00 58 3E 0F 00 80 A8 12 01 0F 27 00 00 5C 40 56 2F 00 00 00 00 00 00 00 00 B0 FD [NAV-0x07]
< 74.571s B5 62 01 01 14 00 F0 A0 00 00 C4 43 04 26 00 00 00 00 00 00 00 00 00 79 B7 26 2D D9 [NAV-0x01]
< 74.571s B5 62 01 02 1C 00 F0 A0 00 00 00 00 00 00 00 00 00 00 00 00 00 00 98 BD FF FF FF FF FF FF 00 E9 87 DF 4D 80 [NAV-0x02]
< 74.571s B5 62 01 12 24 00 F0 A0 00 00 00 00 00 00 00 00 00 00 00 00 00 00 00 00 00 00 00 00 00 00 00 00 00 00 3C 86 01 00 80 A8 12 01 C5 8B [NAV-0x12]
< 74.571s B5 62 01 35 08 00 F0 A0 00 00 01 00 00 00 CF 87 [NAV-0x35]
< 74.571s B5 62 01 03 10 00 F0 A0 00 00 00 40 00 08 00 00 00 00 04 A1 00 00 91 C8 [NAV-0x03]
< 74.571s B5 62 01 04 12 00 F0 A0 00 00 0F 27 0F 27 0F 27 0F 27 0F 27 0F 27 0F 27 21 11 [NAV-0x04]
< 74.571s B5 62 01 21 14 00 F0 A0 00 00 FF FF FF FF 00 C2 EB 0B E5 07 03 07 00 00 29 F0 89 E4 [NAV-0x21]
< 74.571s B5 62 01 22 14 00 F0 A0 00 00 00 00 00 00 00 00 00 00 FF FF FF FF 7C 36 39 00 AE 68 [NAV-0x22]
< 74.727s B5 62 01 60 10 00 F0 A0 00 00 01 00 00 00 00 00 00 00 00 00 00 00 02 C0 [NAV-0x60]
< 74.765s B5 62 02 15 10 00 9A 99 99 99 99 99 44 40 00 00 12 00 00 01 D8 A1 CE F8 [RXM-0x15]
< 74.765s B5 62 01 07 5C 00 B8 A1 00 00 E5 07 03 07 00 00 29 F0 FF FF FF FF FF 83 D7 17 00 00 24 00 00 00 00 00 00 00 00 00 00 00 00 00 98 BD FF FF FF FF FF FF 00 F2 87 DF 00 00 00 00 00 00 00 00 00 00 00 00 00 00 00 00 00 00 00 00 58 3E 0F 00 80 A8 12 01 0F 27 00 00 5C 40 56 2F 00 00 00 00 00 00 00 00 3A C2 [NAV-0x07]
< 74.766s B5 62 01 01 14 00 B8 A1 00 00 C4 43 04 26 00 00 00 00 00 00 00 00 80 7A B7 26 77 8F [NAV-0x01]
< 74.766s B5 62 01 02 1C 00 B8 A1 00 00 00 00 00 00 00 00 00 00 00 00 00 00 98 BD FF FF FF FF FF FF 00 F2 87 DF 1F 96 [NAV-0x02]
< 74.766s B5 62 01 12 24 00 B8 A1 00 00 00 00 00 00 00 00 00 00 00 00 00 00 00 00 00 00 00 00 00 00 00 00 00 00 3C 86 01 00 80 A8 12 01 8E CE [NAV-0x12]
< 74.766s B5 62 01 35 08 00 B8 A1 00 00 01 00 00 00 98 CE [NAV-0x35]
< 74.766s B5 62 01 03 10 00 B8 A1 00 00 00 40 00 08 00 00 00 00 CC A1 00 00 22 77 [NAV-0x03]
< 74.766s B5 62 01 04 12 00 B8 A1 00 00 0F 27 0F 27 0F 27 0F 27 0F 27 0F 27 0F 27 EA 32 [NAV-0x04]
< 74.766s B5 62 01 21 14 00 B8 A1 00 00 FF FF FF FF FF 83 D7 17 E5 07 03 07 00 00 29 F0 0A 7A [NAV-0x21]
< 74.766s B5 62 01 22 14 00 B8 A1 00 00 00 00 00 00 00 00 00 00 FF FF FF FF 7C 36 39 00 77 1B [NAV-0x22]
< 74.959s B5 62 01 60 10 00 B8 A1 00 00 01 00 00 00 00 00 00 00 00 00 00 00 CB 4F [NAV-0x60]
< 74.959s B5 62 02 15 10 00 33 33 33 33 33 B3 44 40 00 00 12 00 00 01 A0 A2 B2 B3 [RXM-0x15]
< 74.959s B5 62 01 07 5C 00 80 A2 00 00 E5 07 03 07 00 00 29 F0 FF FF FF FF 00 46 C3 23 00 00 24 00 00 00 00 00 00 00 00 00 00 00 00 00 98 BD FF FF FF FF FF FF 00 FB 87 DF 00 00 00 00 00 00 00 00 00 00 00 00 00 00 00 00 00 00 00 00 58 3E 0F 00 80 A8 12 01 0F 27 00 00 5C 40 56 2F 00 00 00 00 00 00 00 00 C8 B5 [NAV-0x07]
< 74.959s B5 62 01 01 14 00 80 A2 00 00 C4 43 04 26 00 00 00 00 00 00 00 00 C0 7B B7 26 81 45 [NAV-0x01]
< 74.959s B5 62 01 02 1C 00 80 A2 00 00 00 00 00 00 00 00 00 00 00 00 00 00 98 BD FF FF FF FF FF FF 00 FB 87 DF F1 AC [NAV-0x02]
< 74.959s B5 62 01 12 24 00 80 A2 00 00 00 00 00 00 00 00 00 00 00 00 00 00 00 00 00 00 00 00 00 00 00 00 00 00 3C 86 01 00 80 A8 12 01 57 11 [NAV-0x12]
< 74.959s B5 62 01 35 08 00 80 A2 00 00 01 00 00 00 61 15 [NAV-0x35]
< 74.959s B5 62 01 03 10 00 80 A2 00 00 00 40 00 08 00 00 00 00 94 A2 00 00 B4 29 [NAV-0x03]
< 74.959s B5 62 01 04 12 00 80 A2 00 00 0F 27 0F 27 0F 27 0F 27 0F 27 0F 27 0F 27 B3 53 [NAV-0x04]
< 74.959s B5 62 01 21 14 00 80 A2 00 00 FF FF FF FF 00 46 C3 23 E5 07 03 07 00 00 29 F0 8F 3E [NAV-0x21]
< 74.959s B5 62 01 22 14 00 80 A2 00 00 00 00 00 00 00 00 00 00 FF FF FF FF 7C 36 39 00 40 CE [NAV-0x22]
< 75.153s B5 62 01 60 10 00 80 A2 00 00 01 00 00 00 00 00 00 00 00 00 00 00 94 DE [NAV-0x60]
< 75.153s B5 62 02 15 10 00 CD CC CC CC CC CC 44 40 00 00 12 00 00 01 68 A3 92 3D [RXM-0x15]
< 75.153s B5 62 01 07 5C 00 48 A3 00 00 E5 07 03 07 00 00 29 F0 FF FF FF FF 00 08 AF 2F 00 00 24 00 00 00 00 00 00 00 00 00 00 00 00 00 98 BD FF FF FF FF FF FF 00 04 88 DF 00 00 00 00 00 00 00 00 00 00 00 00 00 00 00 00 00 00 00 00 58 3E 0F 00 80 A8 12 01 0F 27 00 00 5C 40 56 2F 00 00 00 00 00 00 00 00 55 3F [NAV-0x07]
< 75.153s B5 62 01 01 14 00 48 A3 00 00 C4 43 04 26 00 00 00 00 00 00 00 00 80 7D B7 26 0C FE [NAV-0x01]
< 75.153s B5 62 01 02 1C 00 48 A3 00 00 00 00 00 00 00 00 00 00 00 00 00 00 98 BD FF FF FF FF FF FF 00 04 88 DF C4 C4 [NAV-0x02]
< 75.153s B5 62 01 12 24 00 48 A3 00 00 00 00 00 00 00 00 00 00 00 00 00 00 00 00 00 00 00 00 00 00 00 00 00 00 3C 86 01 00 80 A8 12 01 20 54 [NAV-0x12]
< 75.153s B5 62 01 35 08 00 48 A3 00 00 01 00 00 00 2A 5C [NAV-0x35]
< 75.153s B5 62 01 03 10 00 48 A3 00 00 00 40 00 08 00 00 00 00 5C A3 00 00 46 DB [NAV-0x03]
< 75.153s B5 62 01 04 12 00 48 A3 00 00 0F 27 0F 27 0F 27 0F 27 0F 27 0F 27 0F 27 7C 74 [NAV-0x04]
< 75.153s B5 62 01 21 14 00 48 A3 00 00 FF FF FF FF 00 08 AF 2F E5 07 03 07 00 00 29 F0 12 EB [NAV-0x21]
< 75.153s B5 62 01 22 14 00 48 A3 00 00 00 00 00 00 00 00 00 00 FF FF FF FF 7C 36 39 00 09 81 [NAV-0x22]
< 75.309s B5 62 01 60 10 00 48 A3 00 00 01 00 00 00 00 00 00 00 00 00 00 00 5D 6D [NAV-0x60]
< 75.348s B5 62 0A 38 1C 00 00 01 00 00 00 00 01 02 00 00 00 00 00 00 00 00 59 00 CE 0D 34 08 85 0A 86 00 00 00 E7 98 [MON-0x38]
< 75.348s B5 62 02 15 10 00 67 66 66 66 66 E6 44 40 00 00 12 00 00 01 30 A4 77 08 [RXM-0x15]
< 75.348s B5 62 01 07 5C 00 10 A4 00 00 E5 07 03 07 00 00 2A F0 FF FF FF FF 00 00 00 00 00 00 24 00 00 00 00 00 00 00 00 00 00 00 00 00 98 BD FF FF FF FF FF FF 00 0C 88 DF 00 00 00 00 00 00 00 00 00 00 00 00 00 00 00 00 00 00 00 00 58 3E 0F 00 80 A8 12 01 0F 27 00 00 5C 40 56 2F 00 00 00 00 00 00 00 00 41 EF [NAV-0x07]
< 75.348s B5 62 01 01 14 00 10 A4 00 00 C4 43 04 26 00 00 00 00 00 00 00 00 C0 7E B7 26 16 B4 [NAV-0x01]
< 75.348s B5 62 01 02 1C 00 10 A4 00 00 00 00 00 00 00 00 00 00 00 00 00 00 98 BD FF FF FF FF FF FF 00 0C 88 DF 95 D7 [NAV-0x02]
< 75.348s B5 62 01 12 24 00 10 A4 00 00 00 00 00 00 00 00 00 00 00 00 00 00 00 00 00 00 00 00 00 00 00 00 00 00 3C 86 01 00 80 A8 12 01 E9 97 [NAV-0x12]
< 75.348s B5 62 01 35 08 00 10 A4 00 00 01 00 00 00 F3 A3 [NAV-0x35]
< 75.348s B5 62 01 03 10 00 10 A4 00 00 00 40 00 08 00 00 00 00 24 A4 00 00 D8 8D [NAV-0x03]
< 75.348s B5 62 01 04 12 00 10 A4 00 00 0F 27 0F 27 0F 27 0F 27 0F 27 0F 27 0F 27 45 95 [NAV-0x04]
< 75.348s B5 62 01 21 14 00 10 A4 00 00 FF FF FF FF 00 00 00 00 E5 07 03 07 00 00 2A F0 F6 CB [NAV-0x21]
< 75.348s B5 62 01 22 14 00 10 A4 00 00 00 00 00 00 00 00 00 00 FF FF FF FF 7C 36 39 00 D2 34 [NAV-0x22]
< 75.546s B5 62 01 60 10 00 10 A4 00 00 01 00 00 00 00 00 00 00 00 00 00 00 26 FC [NAV-0x60]
< 75.546s B5 62 02 15 10 00 00 00 00 00 00 00 45 40 00 00 12 00 00 01 F8 A4 5B CC [RXM-0x15]
< 75.546s B5 62 01 07 5C 00 D8 A4 00 00 E5 07 03 07 00 00 2A F0 FF FF FF FF 00 C2 EB 0B 00 00 24 00 00 00 00 00 00 00 00 00 00 00 00 00 98 BD FF FF FF FF FF FF 00 15 88 DF 00 00 00 00 00 00 00 00 00 00 00 00 00 00 00 00 00 00 00 00 58 3E 0F 00 80 A8 12 01 0F 27 00 00 5C 40 56 2F 00 00 00 00 00 00 00 00 CA 5D [NAV-0x07]
< 75.546s B5 62 01 01 14 00 D8 A4 00 00 C4 43 04 26 00 00 00 00 00 00 00 00 40 80 B7 26 60 5A [NAV-0x01]
< 75.546s B5 62 01 02 1C 00 D8 A4 00 00 00 00 00 00 00 00 00 00 00 00 00 00 98 BD FF FF FF FF FF FF 00 15 88 DF 66 D2 [NAV-0x02]
< 75.546s B5 62 01 12 24 00 D8 A4 00 00 00 00 00 00 00 00 00 00 00 00 00 00 00 00 00 00 00 00 00 00 00 00 00 00 3C 86 01 00 80 A8 12 01 B1 B7 [NAV-0x12]
< 75.546s B5 62 01 35 08 00 D8 A4 00 00 01 00 00 00 BB E3 [NAV-0x35]
< 75.546s B5 62 01 03 10 00 D8 A4 00 00 00 40 00 08 00 00 00 00 EC A4 00 00 68 2D [NAV-0x03]
< 75.546s B5 62 01 04 12 00 D8 A4 00 00 0F 27 0F 27 0F 27 0F 27 0F 27 0F 27 0F 27 0D A5 [NAV-0x04]
< 75.546s B5 62 01 21 14 00 D8 A4 00 00 FF FF FF FF 00 C2 EB 0B E5 07 03 07 00 00 2A F0 76 52 [NAV-0x21]
< 75.546s B5 62 01 22 14 00 D8 A4 00 00 00 00 00 00 00 00 00 00 FF FF FF FF 7C 36 39 00 9A D4 [NAV-0x22]
< 75.749s B5 62 01 60 10 00 D8 A4 00 00 01 00 00 00 00 00 00 00 00 00 00 00 EE 7C [NAV-0x60]
< 75.749s B5 62 02 15 10 00 9A 99 99 99 99 19 45 40 00 00 12 00 00 01 C0 A5 3B 56 [RXM-0x15]
< 75.749s B5 62 01 07 5C 00 A0 A5 00 00 E5 07 03 07 00 00 2A F0 FF FF FF FF FF 83 D7 17 00 00 24 00 00 00 00 00 00 00 00 00 00 00 00 00 98 BD FF FF FF FF FF FF 00 1D 88 DF 00 00 00 00 00 00 00 00 00 00 00 00 00 00 00 00 00 00 00 00 58 3E 0F 00 80 A8 12 01 0F 27 00 00 5C 40 56 2F 00 00 00 00 00 00 00 00 53 F3 [NAV-0x07]
< 75.749s B5 62 01 01 14 00 A0 A5 00 00 C4 43 04 26 00 00 00 00 00 00 00 00 00 82 B7 26 EB 13 [NAV-0x01]
< 75.749s B5 62 01 02 1C 00 A0 A5 00 00 00 00 00 00 00 00 00 00 00 00 00 00 98 BD FF FF FF FF FF FF 00 1D 88 DF 37 E5 [NAV-0x02]
< 75.749s B5 62 01 12 24 00 A0 A5 00 00 00 00 00 00 00 00 00 00 00 00 00 00 00 00 00 00 00 00 00 00 00 00 00 00 3C 86 01 00 80 A8 12 01 7A FA [NAV-0x12]
< 75.749s B5 62 01 35 08 00 A0 A5 00 00 01 00 00 00 84 2A [NAV-0x35]
< 75.749s B5 62 01 03 10 00 A0 A5 00 00 00 40 00 08 00 00 00 00 B4 A5 00 00 FA DF [NAV-0x03]
< 75.749s B5 62 01 04 12 00 A0 A5 00 00 0F 27 0F 27 0F 27 0F 27 0F 27 0F 27 0F 27 D6 C6 [NAV-0x04]
< 75.749s B5 62 01 21 14 00 A0 A5 00 00 FF FF FF FF FF 83 D7 17 E5 07 03 07 00 00 2A F0 F7 E8 [NAV-0x21]
< 75.749s B5 62 01 22 14 00 A0 A5 00 00 00 00 00 00 00 00 00 00 FF FF FF FF 7C 36 39 00 63 87 [NAV-0x22]
< 75.947s B5 62 01 60 10 00 A0 A5 00 00 01 00 00 00 00 00 00 00 00 00 00 00 B7 0B [NAV-0x60]
< 75.947s B5 62 02 15 10 00 33 33 33 33 33 33 45 40 00 00 12 00 00 01 88 A6 1F 11 [RXM-0x15]
< 75.947s B5 62 01 07 5C 00 68 A6 00 00 E5 07 03 07 00 00 2A F0 FF FF FF FF 00 46 C3 23 00 00 24 00 00 00 00 00 00 00 00 00 00 00 00 00 98 BD FF FF FF FF FF FF 00 27 88 DF 00 00 00 00 00 00 00 00 00 00 00 00 00 00 00 00 00 00 00 00 58 3E 0F 00 80 A8 12 01 0F 27 00 00 5C 40 56 2F 00 00 00 00 00 00 00 00 E2 15 [NAV-0x07]
< 75.947s B5 62 01 01 14 00 68 A6 00 00 C4 43 04 26 00 00 00 00 00 00 00 00 80 83 B7 26 35 C9 [NAV-0x01]
< 75.947s B5 62 01 02 1C 00 68 A6 00 00 00 00 00 00 00 00 00 00 00 00 00 00 98 BD FF FF FF FF FF FF 00 27 88 DF 0A FE [NAV-0x02]
< 75.947s B5 62 01 12 24 00 68 A6 00 00 00 00 00 00 00 00 00 00 00 00 00 00 00 00 00 00 00 00 00 00 00 00 00 00 3C 86 01 00 80 A8 12 01 43 3D [NAV-0x12]
< 75.947s B5 62 01 35 08 00 68 A6 00 00 01 00 00 00 4D 71 [NAV-0x35]
< 75.947s B5 62 01 03 10 00 68 A6 00 00 00 40 00 08 00 00 00 00 7C A6 00 00 8C 91 [NAV-0x03]
< 75.947s B5 62 01 04 12 00 68 A6 00 00 0F 27 0F 27 0F 27 0F 27 0F 27 0F 27 0F 27 9F E7 [NAV-0x04]
< 75.947s B5 62 01 21 14 00 68 A6 00 00 FF FF FF FF 00 46 C3 23 E5 07 03 07 00 00 2A F0 7C AC [NAV-0x21]
< 75.947s B5 62 01 22 14 00 68 A6 00 00 00 00 00 00 00 00 00 00 FF FF FF FF 7C 36 39 00 2C 3A [NAV-0x22]
< 76.146s B5 62 01 60 10 00 68 A6 00 00 01 00 00 00 00 00 00 00 00 00 00 00 80 9A [NAV-0x60]
< 76.146s B5 62 02 15 10 00 CD CC CC CC CC 4C 45 40 00 00 12 00 00 01 50 A7 FF 9B [RXM-0x15]
< 76.146s B5 62 01 07 5C 00 30 A7 00 00 E5 07 03 07 00 00 2A F0 FF FF FF FF 00 08 AF 2F 00 00 24 00 00 00 00 00 00 00 00 00 00 00 00 00 98 BD FF FF FF FF FF FF 00 30 88 DF 00 00 00 00 00 00 00 00 00 00 00 00 00 00 00 00 00 00 00 00 58 3E 0F 00 80 A8 12 01 0F 27 00 00 5C 40 56 2F 00 00 00 00 00 00 00 00 6E 71 [NAV-0x07]
< 76.146s B5 62 01 01 14 00 30 A7 00 00 C4 43 04 26 00 00 00 00 00 00 00 00 00 85 B7 26 80 82 [NAV-0x01]
< 76.146s B5 62 01 02 1C 00 30 A7 00 00 00 00 00 00 00 00 00 00 00 00 00 00 98 BD FF FF FF FF FF FF 00 30 88 DF DC 14 [NAV-0x02]
< 76.146s B5 62 01 12 24 00 30 A7 00 00 00 00 00 00 00 00 00 00 00 00 00 00 00 00 00 00 00 00 00 00 00 00 00 00 3C 86 01 00 80 A8 12 01 0C 80 [NAV-0x12]
< 76.146s B5 62 01 35 08 00 30 A7 00 00 01 00 00 00 16 B8 [NAV-0x35]
< 76.146s B5 62 01 03 10 00 30 A7 00 00 00 40 00 08 00 00 00 00 44 A7 00 00 1E 43 [NAV-0x03]
< 76.146s B5 62 01 04 12 00 30 A7 00 00 0F 27 0F 27 0F 27 0F 27 0F 27 0F 27 0F 27 68 08 [NAV-0x04]
< 76.146s B5 62 01 21 14 00 30 A7 00 00 FF FF FF FF 00 08 AF 2F E5 07 03 07 00 00 2A F0 FF 59 [NAV-0x21]
< 76.146s B5 62 01 22 14 00 30 A7 00 00 00 00 00 00 00 00 00 00 FF FF FF FF 7C 36 39 00 F5 ED [NAV-0x22]
< 76.305s B5 62 01 60 10 00 30 A7 00 00 01 00 00 00 00 00 00 00 00 00 00 00 49 29 [NAV-0x60]
< 76.345s B5 62 0A 38 1C 00 00 01 00 00 00 00 01 02 00 00 00 00 00 00 00 00 59 00 CE 0D 33 08 84 09 88 00 00 00 E6 8D [MON-0x38]
< 76.345s B5 62 02 15 10 00 67 66 66 66 66 66 45 40 00 00 12 00 00 01 18 A8 E4 66 [RXM-0x15]
< 76.345s B5 62 01 07 5C 00 F8 A7 00 00 E5 07 03 07 00 00 2B F0 FF FF FF FF 00 00 00 00 00 00 24 00 00 00 00 00 00 00 00 00 00 00 00 00 98 BD FF FF FF FF FF FF 00 38 88 DF 00 00 00 00 00 00 00 00 00 00 00 00 00 00 00 00 00 00 00 00 58 3E 0F 00 80 A8 12 01 0F 27 00 00 5C 40 56 2F 00 00 00 00 00 00 00 00 59 C6 [NAV-0x07]
< 76.345s B5 62 01 01 14 00 F8 A7 00 00 C4 43 04 26 00 00 00 00 00 00 00 00 80 86 B7 26 C9 25 [NAV-0x01]
< 76.345s B5 62 01 02 1C 00 F8 A7 00 00 00 00 00 00 00 00 00 00 00 00 00 00 98 BD FF FF FF FF FF FF 00 38 88 DF AC 0C [NAV-0x02]
< 76.345s B5 62 01 12 24 00 F8 A7 00 00 00 00 00 00 00 00 00 00 00 00 00 00 00 00 00 00 00 00 00 00 00 00 00 00 3C 86 01 00 80 A8 12 01 D4 A0 [NAV-0x12]
< 76.345s B5 62 01 35 08 00 F8 A7 00 00 01 00 00 00 DE F8 [NAV-0x35]
< 76.345s B5 62 01 03 10 00 F8 A7 00 00 00 40 00 08 00 00 00 00 0C A8 00 00 AF E6 [NAV-0x03]
< 76.345s B5 62 01 04 12 00 F8 A7 00 00 0F 27 0F 27 0F 27 0F 27 0F 27 0F 27 0F 27 30 18 [NAV-0x04]
< 76.345s B5 62 01 21 14 00 F8 A7 00 00 FF FF FF FF 00 00 00 00 E5 07 03 07 00 00 2B F0 E2 26 [NAV-0x21]
< 76.345s B5 62 01 22 14 00 F8 A7 00 00 00 00 00 00 00 00 00 00 FF FF FF FF 7C 36 39 00 BD 8D [NAV-0x22]
< 76.427s B5 62 01 60 10 00 F8 A7 00 00 01 00 00 00 00 00 00 00 00 00 00 00 11 A9 [NAV-0x60]
< 76.547s B5 62 27 04 6C 00 01 00 70 00 FF D1 1A 10 0E A3 1D D8 E9 3A 82 E5 3A 81 66 7A 10 8C B5 23 7B 39 06 8F 71 F0 A9 CC 01 06 EF 11 00 00 00 00 00 00 00 00 00 00 00 00 00 00 00 00 00 00 00 00 00 00 00 00 45 2A 1A 67 84 FB 0E 85 28 B6 F3 A4 BF 8A 3C 79 76 67 5F 5C 04 F4 00 8F E8 3C 91 C5 14 5E 67 09 50 40 90 8E 8F 04 60 A6 5C D5 78 9F A4 AB 50 99 1E 00 [SEC-0x04]
< 76.547s B5 62 02 15 10 00 00 00 00 00 00 80 45 40 00 00 12 00 00 01 E0 A8 C7 20 [RXM-0x15]
< 76.547s B5 62 01 07 5C 00 C0 A8 00 00 E5 07 03 07 00 00 2B F0 FF FF FF FF 00 C2 EB 0B 00 00 24 00 00 00 00 00 00 00 00 00 00 00 00 00 98 BD FF FF FF FF FF FF 00 41 88 DF 00 00 00 00 00 00 00 00 00 00 00 00 00 00 00 00 00 00 00 00 58 3E 0F 00 80 A8 12 01 0F 27 00 00 5C 40 56 2F 00 00 00 00 00 00 00 00 E3 8F [NAV-0x07]
< 76.547s B5 62 01 01 14 00 C0 A8 00 00 C4 43 04 26 00 00 00 00 00 00 00 00 40 88 B7 26 54 DE [NAV-0x01]
< 76.547s B5 62 01 02 1C 00 C0 A8 00 00 00 00 00 00 00 00 00 00 00 00 00 00 98 BD FF FF FF FF FF FF 00 41 88 DF 7E 22 [NAV-0x02]
< 76.547s B5 62 01 12 24 00 C0 A8 00 00 00 00 00 00 00 00 00 00 00 00 00 00 00 00 00 00 00 00 00 00 00 00 00 00 3C 86 01 00 80 A8 12 01 9D E3 [NAV-0x12]
< 76.547s B5 62 01 35 08 00 C0 A8 00 00 01 00 00 00 A7 3F [NAV-0x35]
< 76.547s B5 62 01 03 10 00 C0 A8 00 00 00 40 00 08 00 00 00 00 D4 A8 00 00 40 95 [NAV-0x03]
< 76.547s B5 62 01 04 12 00 C0 A8 00 00 0F 27 0F 27 0F 27 0F 27 0F 27 0F 27 0F 27 F9 39 [NAV-0x04]
< 76.547s B5 62 01 21 14 00 C0 A8 00 00 FF FF FF FF 00 C2 EB 0B E5 07 03 07 00 00 2B F0 63 C0 [NAV-0x21]
< 76.547s B5 62 01 22 14 00 C0 A8 00 00 00 00 00 00 00 00 00 00 FF FF FF FF 7C 36 39 00 86 40 [NAV-0x22]
< 76.749s B5 62 01 60 10 00 C0 A8 00 00 01 00 00 00 00 00 00 00 00 00 00 00 DA 38 [NAV-0x60]
< 76.749s B5 62 02 15 10 00 9A 99 99 99 99 99 45 40 00 00 12 00 00 01 A8 A9 A7 AA [RXM-0x15]
< 76.749s B5 62 01 07 5C 00 88 A9 00 00 E5 07 03 07 00 00 2B F0 FF FF FF FF FF 83 D7 17 00 00 24 00 00 00 00 00 00 00 00 00 00 00 00 00 98 BD FF FF FF FF FF FF 00 4A 88 DF 00 00 00 00 00 00 00 00 00 00 00 00 00 00 00 00 00 00 00 00 58 3E 0F 00 80 A8 12 01 0F 27 00 00 5C 40 56 2F 00 00 00 00 00 00 00 00 6D 54 [NAV-0x07]
< 76.749s B5 62 01 01 14 00 88 A9 00 00 C4 43 04 26 00 00 00 00 00 00 00 00 C0 89 B7 26 9E 94 [NAV-0x01]
< 76.749s B5 62 01 02 1C 00 88 A9 00 00 00 00 00 00 00 00 00 00 00 00 00 00 98 BD FF FF FF FF FF FF 00 4A 88 DF 50 38 [NAV-0x02]
< 76.749s B5 62 01 12 24 00 88 A9 00 00 00 00 00 00 00 00 00 00 00 00 00 00 00 00 00 00 00 00 00 00 00 00 00 00 3C 86 01 00 80 A8 12 01 66 26 [NAV-0x12]
< 76.749s B5 62 01 35 08 00 88 A9 00 00 01 00 00 00 70 86 [NAV-0x35]
< 76.749s B5 62 01 03 10 00 88 A9 00 00 00 40 00 08 00 00 00 00 9C A9 00 00 D2 47 [NAV-0x03]
< 76.749s B5 62 01 04 12 00 88 A9 00 00 0F 27 0F 27 0F 27 0F 27 0F 27 0F 27 0F 27 C2 5A [NAV-0x04]
< 76.749s B5 62 01 21 14 00 88 A9 00 00 FF FF FF FF FF 83 D7 17 E5 07 03 07 00 00 2B F0 E4 56 [NAV-0x21]
< 76.749s B5 62 01 22 14 00 88 A9 00 00 00 00 00 00 00 00 00 00 FF FF FF FF 7C 36 39 00 4F F3 [NAV-0x22]
< 76.950s B5 62 01 60 10 00 88 A9 00 00 01 00 00 00 00 00 00 00 00 00 00 00 A3 C7 [NAV-0x60]
< 76.950s B5 62 02 15 10 00 33 33 33 33 33 B3 45 40 00 00 12 00 00 01 70 AA 8B 65 [RXM-0x15]
< 76.950s B5 62 01 07 5C 00 50 AA 00 00 E5 07 03 07 00 00 2B F0 FF FF FF FF 00 46 C3 23 00 00 24 00 00 00 00 00 00 00 00 00 00 00 00 00 98 BD FF FF FF FF FF FF 00 54 88 DF 00 00 00 00 00 00 00 00 00 00 00 00 00 00 00 00 00 00 00 00 58 3E 0F 00 80 A8 12 01 0F 27 00 00 5C 40 56 2F 00 00 00 00 00 00 00 00 FC 76 [NAV-0x07]
< 76.950s B5 62 01 01 14 00 50 AA 00 00 C4 43 04 26 00 00 00 00 00 00 00 00 40 8B B7 26 E9 4D [NAV-0x01]
< 76.950s B5 62 01 02 1C 00 50 AA 00 00 00 00 00 00 00 00 00 00 00 00 00 00 98 BD FF FF FF FF FF FF 00 54 88 DF 23 51 [NAV-0x02]
< 76.950s B5 62 01 12 24 00 50 AA 00 00 00 00 00 00 00 00 00 00 00 00 00 00 00 00 00 00 00 00 00 00 00 00 00 00 3C 86 01 00 80 A8 12 01 2F 69 [NAV-0x12]
< 76.950s B5 62 01 35 08 00 50 AA 00 00 01 00 00 00 39 CD [NAV-0x35]
< 76.950s B5 62 01 03 10 00 50 AA 00 00 00 40 00 08 00 00 00 00 64 AA 00 00 64 F9 [NAV-0x03]
< 76.950s B5 62 01 04 12 00 50 AA 00 00 0F 27 0F 27 0F 27 0F 27 0F 27 0F 27 0F 27 8B 7B [NAV-0x04]
< 76.950s B5 62 01 21 14 00 50 AA 00 00 FF FF FF FF 00 46 C3 23 E5 07 03 07 00 00 2B F0 69 1A [NAV-0x21]
< 76.950s B5 62 01 22 14 00 50 AA 00 00 00 00 00 00 00 00 00 00 FF FF FF FF 7C 36 39 00 18 A6 [NAV-0x22]
< 77.152s B5 62 01 60 10 00 50 AA 00 00 01 00 00 00 00 00 00 00 00 00 00 00 6C 56 [NAV-0x60]
< 77.152s B5 62 02 15 10 00 CD CC CC CC CC CC 45 40 00 00 12 00 00 01 38 AB 6B EF [RXM-0x15]
< 77.152s B5 62 01 07 5C 00 18 AB 00 00 E5 07 03 07 00 00 2B F0 FF FF FF FF 00 08 AF 2F 00 00 24 00 00 00 00 00 00 00 00 00 00 00 00 00 98 BD FF FF FF FF FF FF 00 5D 88 DF 00 00 00 00 00 00 00 00 00 00 00 00 00 00 00 00 00 00 00 00 58 3E 0F 00 80 A8 12 01 0F 27 00 00 5C 40 56 2F 00 00 00 00 00 00 00 00 88 D2 [NAV-0x07]
< 77.152s B5 62 01 01 14 00 18 AB 00 00 C4 43 04 26 00 00 00 00 00 00 00 00 C0 8C B7 26 33 03 [NAV-0x01]
< 77.152s B5 62 01 02 1C 00 18 AB 00 00 00 00 00 00 00 00 00 00 00 00 00 00 98 BD FF FF FF FF FF FF 00 5D 88 DF F5 67 [NAV-0x02]
< 77.152s B5 62 01 12 24 00 18 AB 00 00 00 00 00 00 00 00 00 00 00 00 00 00 00 00 00 00 00 00 00 00 00 00 00 00 3C 86 01 00 80 A8 12 01 F8 AC [NAV-0x12]
< 77.152s B5 62 01 35 08 00 18 AB 00 00 01 00 00 00 02 14 [NAV-0x35]
< 77.152s B5 62 01 03 10 00 18 AB 00 00 00 40 00 08 00 00 00 00 2C AB 00 00 F6 AB [NAV-0x03]
< 77.152s B5 62 01 04 12 00 18 AB 00 00 0F 27 0F 27 0F 27 0F 27 0F 27 0F 27 0F 27 54 9C [NAV-0x04]
< 77.152s B5 62 01 21 14 00 18 AB 00 00 FF FF FF FF 00 08 AF 2F E5 07 03 07 00 00 2B F0 EC C7 [NAV-0x21]
< 77.152s B5 62 01 22 14 00 18 AB 00 00 00 00 00 00 00 00 00 00 FF FF FF FF 7C 36 39 00 E1 59 [NAV-0x22]
< 77.315s B5 62 01 60 10 00 18 AB 00 00 01 00 00 00 00 00 00 00 00 00 00 00 35 E5 [NAV-0x60]
< 77.355s B5 62 0A 38 1C 00 00 01 00 00 00 00 01 02 00 00 00 00 00 00 00 00 59 00 CE 0D 34 09 83 09 88 00 00 00 E7 96 [MON-0x38]
< 77.355s B5 62 02 15 10 00 67 66 66 66 66 E6 45 40 00 00 12 00 00 01 00 AC 50 BA [RXM-0x15]
< 77.355s B5 62 01 07 5C 00 E0 AB 00 00 E5 07 03 07 00 00 2C F0 FF FF FF FF 00 00 00 00 00 00 24 00 00 00 00 00 00 00 00 00 00 00 00 00 98 BD FF FF FF FF FF FF 00 65 88 DF 00 00 00 00 00 00 00 00 00 00 00 00 00 00 00 00 00 00 00 00 58 3E 0F 00 80 A8 12 01 0F 27 00 00 5C 40 56 2F 00 00 00 00 00 00 00 00 73 27 [NAV-0x07]
< 77.355s B5 62 01 01 14 00 E0 AB 00 00 C4 43 04 26 00 00 00 00 00 00 00 00 80 8E B7 26 BD A9 [NAV-0x01]
< 77.355s B5 62 01 02 1C 00 E0 AB 00 00 00 00 00 00 00 00 00 00 00 00 00 00 98 BD FF FF FF FF FF FF 00 65 88 DF C5 5F [NAV-0x02]
< 77.355s B5 62 01 12 24 00 E0 AB 00 00 00 00 00 00 00 00 00 00 00 00 00 00 00 00 00 00 00 00 00 00 00 00 00 00 3C 86 01 00 80 A8 12 01 C0 CC [NAV-0x12]
< 77.355s B5 62 01 35 08 00 E0 AB 00 00 01 00 00 00 CA 54 [NAV-0x35]
< 77.355s B5 62 01 03 10 00 E0 AB 00 00 00 40 00 08 00 00 00 00 F4 AB 00 00 86 4B [NAV-0x03]
< 77.355s B5 62 01 04 12 00 E0 AB 00 00 0F 27 0F 27 0F 27 0F 27 0F 27 0F 27 0F 27 1C AC [NAV-0x04]
< 77.355s B5 62 01 21 14 00 E0 AB 00 00 FF FF FF FF 00 00 00 00 E5 07 03 07 00 00 2C F0 CF 94 [NAV-0x21]
< 77.355s B5 62 01 22 14 00 E0 AB 00 00 00 00 00 00 00 00 00 00 FF FF FF FF 7C 36 39 00 A9 F9 [NAV-0x22]
< 77.561s B5 62 01 60 10 00 E0 AB 00 00 01 00 00 00 00 00 00 00 00 00 00 00 FD 65 [NAV-0x60]
< 77.561s B5 62 02 15 10 00 00 00 00 00 00 00 46 40 00 00 12 00 00 01 C8 AC 34 7E [RXM-0x15]
< 77.561s B5 62 01 07 5C 00 A8 AC 00 00 E5 07 03 07 00 00 2C F0 FF FF FF FF 00 C2 EB 0B 00 00 24 00 00 00 00 00 00 00 00 00 00 00 00 00 98 BD FF FF FF FF FF FF 00 6F 88 DF 00 00 00 00 00 00 00 00 00 00 00 00 00 00 00 00 00 00 00 00 58 3E 0F 00 80 A8 12 01 0F 27 00 00 5C 40 56 2F 00 00 00 00 00 00 00 00 FE 1F [NAV-0x07]
< 77.561s B5 62 01 01 14 00 A8 AC 00 00 C4 43 04 26 00 00 00 00 00 00 00 00 00 90 B7 26 08 62 [NAV-0x01]
< 77.561s B5 62 01 02 1C 00 A8 AC 00 00 00 00 00 00 00 00 00 00 00 00 00 00 98 BD FF FF FF FF FF FF 00 6F 88 DF 98 78 [NAV-0x02]
< 77.561s B5 62 01 12 24 00 A8 AC 00 00 00 00 00 00 00 00 00 00 00 00 00 00 00 00 00 00 00 00 00 00 00 00 00 00 3C 86 01 00 80 A8 12 01 89 0F [NAV-0x12]
< 77.561s B5 62 01 35 08 00 A8 AC 00 00 01 00 00 00 93 9B [NAV-0x35]
< 77.561s B5 62 01 03 10 00 A8 AC 00 00 00 40 00 08 00 00 00 00 BC AC 00 00 18 FD [NAV-0x03]
< 77.561s B5 62 01 04 12 00 A8 AC 00 00 0F 27 0F 27 0F 27 0F 27 0F 27 0F 27 0F 27 E5 CD [NAV-0x04]
< 77.561s B5 62 01 21 14 00 A8 AC 00 00 FF FF FF FF 00 C2 EB 0B E5 07 03 07 00 00 2C F0 50 2E [NAV-0x21]
< 77.561s B5 62 01 22 14 00 A8 AC 00 00 00 00 00 00 00 00 00 00 FF FF FF FF 7C 36 39 00 72 AC [NAV-0x22]
< 77.724s B5 62 01 60 10 00 A8 AC 00 00 01 00 00 00 00 00 00 00 00 00 00 00 C6 F4 [NAV-0x60]
< 77.765s B5 62 02 15 10 00 9A 99 99 99 99 19 46 40 00 00 12 00 00 01 90 AD 14 08 [RXM-0x15]
< 77.765s B5 62 01 07 5C 00 70 AD 00 00 E5 07 03 07 00 00 2C F0 FF FF FF FF FF 83 D7 17 00 00 24 00 00 00 00 00 00 00 00 00 00 00 00 00 98 BD FF FF FF FF FF FF 00 78 88 DF 00 00 00 00 00 00 00 00 00 00 00 00 00 00 00 00 00 00 00 00 58 3E 0F 00 80 A8 12 01 0F 27 00 00 5C 40 56 2F 00 00 00 00 00 00 00 00 88 E4 [NAV-0x07]
< 77.765s B5 62 01 01 14 00 70 AD 00 00 C4 43 04 26 00 00 00 00 00 00 00 00 C0 91 B7 26 92 18 [NAV-0x01]
< 77.765s B5 62 01 02 1C 00 70 AD 00 00 00 00 00 00 00 00 00 00 00 00 00 00 98 BD FF FF FF FF FF FF 00 78 88 DF 6A 8E [NAV-0x02]
< 77.765s B5 62 01 12 24 00 70 AD 00 00 00 00 00 00 00 00 00 00 00 00 00 00 00 00 00 00 00 00 00 00 00 00 00 00 3C 86 01 00 80 A8 12 01 52 52 [NAV-0x12]
< 77.765s B5 62 01 35 08 00 70 AD 00 00 01 00 00 00 5C E2 [NAV-0x35]
< 77.765s B5 62 01 03 10 00 70 AD 00 00 00 40 00 08 00 00 00 00 84 AD 00 00 AA AF [NAV-0x03]
< 77.765s B5 62 01 04 12 00 70 AD 00 00 0F 27 0F 27 0F 27 0F 27 0F 27 0F 27 0F 27 AE EE [NAV-0x04]
< 77.765s B5 62 01 21 14 00 70 AD 00 00 FF FF FF FF FF 83 D7 17 E5 07 03 07 00 00 2C F0 D1 C4 [NAV-0x21]
< 77.765s B5 62 01 22 14 00 70 AD 00 00 00 00 00 00 00 00 00 00 FF FF FF FF 7C 36 39 00 3B 5F [NAV-0x22]
< 77.930s B5 62 01 60 10 00 70 AD 00 00 01 00 00 00 00 00 00 00 00 00 00 00 8F 83 [NAV-0x60]
< 77.930s B5 62 02 15 10 00 33 33 33 33 33 33 46 40 00 00 12 00 00 01 58 AE F8 C3 [RXM-0x15]
< 77.971s B5 62 01 07 5C 00 38 AE 00 00 E5 07 03 07 00 00 2C F0 FF FF FF FF 00 46 C3 23 00 00 24 00 00 00 00 00 00 00 00 00 00 00 00 00 98 BD FF FF FF FF FF FF 00 82 88 DF 00 00 00 00 00 00 00 00 00 00 00 00 00 00 00 00 00 00 00 00 58 3E 0F 00 80 A8 12 01 0F 27 00 00 5C 40 56 2F 00 00 00 00 00 00 00 00 17 06 [NAV-0x07]
< 77.971s B5 62 01 01 14 00 38 AE 00 00 C4 43 04 26 00 00 00 00 00 00 00 00 00 93 B7 26 9D D1 [NAV-0x01]
< 77.971s B5 62 01 02 1C 00 38 AE 00 00 00 00 00 00 00 00 00 00 00 00 00 00 98 BD FF FF FF FF FF FF 00 82 88 DF 3D A7 [NAV-0x02]
< 77.971s B5 62 01 12 24 00 38 AE 00 00 00 00 00 00 00 00 00 00 00 00 00 00 00 00 00 00 00 00 00 00 00 00 00 00 3C 86 01 00 80 A8 12 01 1B 95 [NAV-0x12]
< 77.971s B5 62 01 35 08 00 38 AE 00 00 01 00 00 00 25 29 [NAV-0x35]
< 77.971s B5 62 01 03 10 00 38 AE 00 00 00 40 00 08 00 00 00 00 4C AE 00 00 3C 61 [NAV-0x03]
< 77.971s B5 62 01 04 12 00 38 AE 00 00 0F 27 0F 27 0F 27 0F 27 0F 27 0F 27 0F 27 77 0F [NAV-0x04]
< 77.971s B5 62 01 21 14 00 38 AE 00 00 FF FF FF FF 00 46 C3 23 E5 07 03 07 00 00 2C F0 56 88 [NAV-0x21]
< 77.971s B5 62 01 22 14 00 38 AE 00 00 00 00 00 00 00 00 00 00 FF FF FF FF 7C 36 39 00 04 12 [NAV-0x22]
< 78.136s B5 62 01 60 10 00 38 AE 00 00 01 00 00 00 00 00 00 00 00 00 00 00 58 12 [NAV-0x60]
< 78.136s B5 62 02 15 10 00 CD CC CC CC CC 4C 46 40 00 00 12 00 00 01 20 AF D8 4D [RXM-0x15]
< 78.136s B5 62 01 07 5C 00 00 AF 00 00 E5 07 03 07 00 00 2C F0 FF FF FF FF 00 08 AF 2F 00 00 24 00 00 00 00 00 00 00 00 00 00 00 00 00 98 BD FF FF FF FF FF FF 00 8A 88 DF 00 00 00 00 00 00 00 00 00 00 00 00 00 00 00 00 00 00 00 00 58 3E 0F 00 80 A8 12 01 0F 27 00 00 5C 40 56 2F 00 00 00 00 00 00 00 00 A2 33 [NAV-0x07]
< 78.136s B5 62 01 01 14 00 00 AF 00 00 C4 43 04 26 00 00 00 00 00 00 00 00 C0 94 B7 26 27 87 [NAV-0x01]
< 78.136s B5 62 01 02 1C 00 00 AF 00 00 00 00 00 00 00 00 00 00 00 00 00 00 98 BD FF FF FF FF FF FF 00 8A 88 DF 0E BA [NAV-0x02]
< 78.136s B5 62 01 12 24 00 00 AF 00 00 00 00 00 00 00 00 00 00 00 00 00 00 00 00 00 00 00 00 00 00 00 00 00 00 3C 86 01 00 80 A8 12 01 E4 D8 [NAV-0x12]
< 78.136s B5 62 01 35 08 00 00 AF 00 00 01 00 00 00 EE 70 [NAV-0x35]
< 78.136s B5 62 01 03 10 00 00 AF 00 00 00 40 00 08 00 00 00 00 14 AF 00 00 CE 13 [NAV-0x03]
< 78.136s B5 62 01 04 12 00 00 AF 00 00 0F 27 0F 27 0F 27 0F 27 0F 27 0F 27 0F 27 40 30 [NAV-0x04]
< 78.136s B5 62 01 21 14 00 00 AF 00 00 FF FF FF FF 00 08 AF 2F E5 07 03 07 00 00 2C F0 D9 35 [NAV-0x21]
< 78.136s B5 62 01 22 14 00 00 AF 00 00 00 00 00 00 00 00 00 00 FF FF FF FF 7C 36 39 00 CD C5 [NAV-0x22]
< 78.302s B5 62 01 60 10 00 00 AF 00 00 01 00 00 00 00 00 00 00 00 00 00 00 21 A1 [NAV-0x60]
< 78.343s B5 62 0A 38 1C 00 00 01 00 00 00 00 01 02 00 00 00 00 00 00 00 00 59 00 CE 0D 32 08 81 08 87 00 00 00 E0 6A [MON-0x38]
< 78.343s B5 62 02 15 10 00 67 66 66 66 66 66 46 40 00 00 12 00 00 01 E8 AF BC 17 [RXM-0x15]
< 78.343s B5 62 01 07 5C 00 C8 AF 00 00 E5 07 03 07 00 00 2D F0 FF FF FF FF 00 00 00 00 00 00 24 00 00 00 00 00 00 00 00 00 00 00 00 00 98 BD FF FF FF FF FF FF 00 94 88 DF 00 00 00 00 00 00 00 00 00 00 00 00 00 00 00 00 00 00 00 00 58 3E 0F 00 80 A8 12 01 0F 27 00 00 5C 40 56 2F 00 00 00 00 00 00 00 00 8F E6 [NAV-0x07]
< 78.343s B5 62 01 01 14 00 C8 AF 00 00 C4 43 04 26 00 00 00 00 00 00 00 00 80 96 B7 26 B1 2D [NAV-0x01]
< 78.343s B5 62 01 02 1C 00 C8 AF 00 00 00 00 00 00 00 00 00 00 00 00 00 00 98 BD FF FF FF FF FF FF 00 94 88 DF E0 B8 [NAV-0x02]
< 78.343s B5 62 01 12 24 00 C8 AF 00 00 00 00 00 00 00 00 00 00 00 00 00 00 00 00 00 00 00 00 00 00 00 00 00 00 3C 86 01 00 80 A8 12 01 AC F8 [NAV-0x12]
< 78.343s B5 62 01 35 08 00 C8 AF 00 00 01 00 00 00 B6 B0 [NAV-0x35]
< 78.343s B5 62 01 03 10 00 C8 AF 00 00 00 40 00 08 00 00 00 00 DC AF 00 00 5E B3 [NAV-0x03]
< 78.343s B5 62 01 04 12 00 C8 AF 00 00 0F 27 0F 27 0F 27 0F 27 0F 27 0F 27 0F 27 08 40 [NAV-0x04]
< 78.343s B5 62 01 21 14 00 C8 AF 00 00 FF FF FF FF 00 00 00 00 E5 07 03 07 00 00 2D F0 BC 02 [NAV-0x21]
< 78.343s B5 62 01 22 14 00 C8 AF 00 00 00 00 00 00 00 00 00 00 FF FF FF FF 7C 36 39 00 95 65 [NAV-0x22]
< 78.428s B5 62 01 60 10 00 C8 AF 00 00 01 00 00 00 00 00 00 00 00 00 00 00 E9 21 [NAV-0x60]
< 78.553s B5 62 27 04 6C 00 01 00 70 00 40 31 4E A8 7D B9 0B 04 D0 D6 7C C4 C4 5E 23 17 A3 26 34 8F 11 95 30 36 60 AA 4B FC 2F 73 D3 9A 00 00 00 00 00 00 00 00 00 00 00 00 00 00 00 00 00 00 00 00 00 00 00 00 F9 C3 D8 94 79 54 B6 0D 5C 04 2F 80 78 70 A9 E2 10 3C D4 E8 AA 3F BD A5 CC 04 48 46 B9 B3 54 24 E2 AD 20 A3 18 C5 58 7D 3B E7 8A 0C C0 8E 93 BF 19 0D [SEC-0x04]
< 78.553s B5 62 02 15 10 00 00 00 00 00 00 80 46 40 00 00 12 00 00 01 B0 B0 A0 D2 [RXM-0x15]
< 78.553s B5 62 01 07 5C 00 90 B0 00 00 E5 07 03 07 00 00 2D F0 FF FF FF FF 00 C2 EB 0B 00 00 24 00 00 00 00 00 00 00 00 00 00 00 00 00 98 BD FF FF FF FF FF FF 00 9D 88 DF 00 00 00 00 00 00 00 00 00 00 00 00 00 00 00 00 00 00 00 00 58 3E 0F 00 80 A8 12 01 0F 27 00 00 5C 40 56 2F 00 00 00 00 00 00 00 00 19 AF [NAV-0x07]
< 78.553s B5 62 01 01 14 00 90 B0 00 00 C4 43 04 26 00 00 00 00 00 00 00 00 40 98 B7 26 3C E6 [NAV-0x01]
< 78.553s B5 62 01 02 1C 00 90 B0 00 00 00 00 00 00 00 00 00 00 00 00 00 00 98 BD FF FF FF FF FF FF 00 9D 88 DF B2 CE [NAV-0x02]
< 78.553s B5 62 01 12 24 00 90 B0 00 00 00 00 00 00 00 00 00 00 00 00 00 00 00 00 00 00 00 00 00 00 00 00 00 00 3C 86 01 00 80 A8 12 01 75 3B [NAV-0x12]
< 78.553s B5 62 01 35 08 00 90 B0 00 00 01 00 00 00 7F F7 [NAV-0x35]
< 78.553s B5 62 01 03 10 00 90 B0 00 00 00 40 00 08 00 00 00 00 A4 B0 00 00 F0 65 [NAV-0x03]
< 78.553s B5 62 01 04 12 00 90 B0 00 00 0F 27 0F 27 0F 27 0F 27 0F 27 0F 27 0F 27 D1 61 [NAV-0x04]
< 78.553s B5 62 01 21 14 00 90 B0 00 00 FF FF FF FF 00 C2 EB 0B E5 07 03 07 00 00 2D F0 3D 9C [NAV-0x21]
< 78.553s B5 62 01 22 14 00 90 B0 00 00 00 00 00 00 00 00 00 00 FF FF FF FF 7C 36 39 00 5E 18 [NAV-0x22]
< 78.721s B5 62 01 60 10 00 90 B0 00 00 01 00 00 00 00 00 00 00 00 00 00 00 B2 B0 [NAV-0x60]
< 78.763s B5 62 02 15 10 00 9A 99 99 99 99 99 46 40 00 00 12 00 00 01 78 B1 80 5C [RXM-0x15]
< 78.763s B5 62 01 07 5C 00 58 B1 00 00 E5 07 03 07 00 00 2D F0 FF FF FF FF FF 83 D7 17 00 00 24 00 00 00 00 00 00 00 00 00 00 00 00 00 98 BD FF FF FF FF FF FF 00 A7 88 DF 00 00 00 00 00 00 00 00 00 00 00 00 00 00 00 00 00 00 00 00 58 3E 0F 00 80 A8 12 01 0F 27 00 00 5C 40 56 2F 00 00 00 00 00 00 00 00 A4 A3 [NAV-0x07]
< 78.763s B5 62 01 01 14 00 58 B1 00 00 C4 43 04 26 00 00 00 00 00 00 00 00 C0 99 B7 26 86 9C [NAV-0x01]
< 78.763s B5 62 01 02 1C 00 58 B1 00 00 00 00 00 00 00 00 00 00 00 00 00 00 98 BD FF FF FF FF FF FF 00 A7 88 DF 85 E7 [NAV-0x02]
< 78.763s B5 62 01 12 24 00 58 B1 00 00 00 00 00 00 00 00 00 00 00 00 00 00 00 00 00 00 00 00 00 00 00 00 00 00 3C 86 01 00 80 A8 12 01 3E 7E [NAV-0x12]
< 78.763s B5 62 01 35 08 00 58 B1 00 00 01 00 00 00 48 3E [NAV-0x35]
< 78.763s B5 62 01 03 10 00 58 B1 00 00 00 40 00 08 00 00 00 00 6C B1 00 00 82 17 [NAV-0x03]
< 78.763s B5 62 01 04 12 00 58 B1 00 00 0F 27 0F 27 0F 27 0F 27 0F 27 0F 27 0F 27 9A 82 [NAV-0x04]
< 78.763s B5 62 01 21 14 00 58 B1 00 00 FF FF FF FF FF 83 D7 17 E5 07 03 07 00 00 2D F0 BE 32 [NAV-0x21]
< 78.763s B5 62 01 22 14 00 58 B1 00 00 00 00 00 00 00 00 00 00 FF FF FF FF 7C 36 39 00 27 CB [NAV-0x22]
< 78.931s B5 62 01 60 10 00 58 B1 00 00 01 00 00 00 00 00 00 00 00 00 00 00 7B 3F [NAV-0x60]
< 78.931s B5 62 02 15 10 00 33 33 33 33 33 B3 46 40 00 00 12 00 00 01 40 B2 64 17 [RXM-0x15]
< 78.931s B5 62 01 07 5C 00 20 B2 00 00 E5 07 03 07 00 00 2D F0 FF FF FF FF 00 46 C3 23 00 00 24 00 00 00 00 00 00 00 00 00 00 00 00 00 98 BD FF FF FF FF FF FF 00 B1 88 DF 00 00 00 00 00 00 00 00 00 00 00 00 00 00 00 00 00 00 00 00 58 3E 0F 00 80 A8 12 01 0F 27 00 00 5C 40 56 2F 00 00 00 00 00 00 00 00 33 C5 [NAV-0x07]
< 78.931s B5 62 01 01 14 00 20 B2 00 00 C4 43 04 26 00 00 00 00 00 00 00 00 40 9B B7 26 D1 55 [NAV-0x01]
< 78.931s B5 62 01 02 1C 00 20 B2 00 00 00 00 00 00 00 00 00 00 00 00 00 00 98 BD FF FF FF FF FF FF 00 B1 88 DF 58 00 [NAV-0x02]
< 78.973s B5 62 01 12 24 00 20 B2 00 00 00 00 00 00 00 00 00 00 00 00 00 00 00 00 00 00 00 00 00 00 00 00 00 00 3C 86 01 00 80 A8 12 01 07 C1 [NAV-0x12]
< 78.973s B5 62 01 35 08 00 20 B2 00 00 01 00 00 00 11 85 [NAV-0x35]
< 78.973s B5 62 01 03 10 00 20 B2 00 00 00 40 00 08 00 00 00 00 34 B2 00 00 14 C9 [NAV-0x03]
< 78.973s B5 62 01 04 12 00 20 B2 00 00 0F 27 0F 27 0F 27 0F 27 0F 27 0F 27 0F 27 63 A3 [NAV-0x04]
< 78.973s B5 62 01 21 14 00 20 B2 00 00 FF FF FF FF 00 46 C3 23 E5 07 03 07 00 00 2D F0 43 F6 [NAV-0x21]
< 78.973s B5 62 01 22 14 00 20 B2 00 00 00 00 00 00 00 00 00 00 FF FF FF FF 7C 36 39 00 F0 7E [NAV-0x22]
< 79.142s B5 62 01 60 10 00 20 B2 00 00 01 00 00 00 00 00 00 00 00 00 00 00 44 CE [NAV-0x60]
< 79.142s B5 62 02 15 10 00 CD CC CC CC CC CC 46 40 00 00 12 00 00 01 08 B3 44 A1 [RXM-0x15]
< 79.142s B5 62 01 07 5C 00 E8 B2 00 00 E5 07 03 07 00 00 2D F0 FF FF FF FF 00 08 AF 2F 00 00 24 00 00 00 00 00 00 00 00 00 00 00 00 00 98 BD FF FF FF FF FF FF 00 B9 88 DF 00 00 00 00 00 00 00 00 00 00 00 00 00 00 00 00 00 00 00 00 58 3E 0F 00 80 A8 12 01 0F 27 00 00 5C 40 56 2F 00 00 00 00 00 00 00 00 BD 97 [NAV-0x07]
< 79.142s B5 62 01 01 14 00 E8 B2 00 00 C4 43 04 26 00 00 00 00 00 00 00 00 00 9D B7 26 5B FB [NAV-0x01]
< 79.142s B5 62 01 02 1C 00 E8 B2 00 00 00 00 00 00 00 00 00 00 00 00 00 00 98 BD FF FF FF FF FF FF 00 B9 88 DF 28 F8 [NAV-0x02]
< 79.142s B5 62 01 12 24 00 E8 B2 00 00 00 00 00 00 00 00 00 00 00 00 00 00 00 00 00 00 00 00 00 00 00 00 00 00 3C 86 01 00 80 A8 12 01 CF E1 [NAV-0x12]
< 79.142s B5 62 01 35 08 00 E8 B2 00 00 01 00 00 00 D9 C5 [NAV-0x35]
< 79.142s B5 62 01 03 10 00 E8 B2 00 00 00 40 00 08 00 00 00 00 FC B2 00 00 A4 69 [NAV-0x03]
< 79.142s B5 62 01 04 12 00 E8 B2 00 00 0F 27 0F 27 0F 27 0F 27 0F 27 0F 27 0F 27 2B B3 [NAV-0x04]
< 79.142s B5 62 01 21 14 00 E8 B2 00 00 FF FF FF FF 00 08 AF 2F E5 07 03 07 00 00 2D F0 C5 90 [NAV-0x21]
< 79.142s B5 62 01 22 14 00 E8 B2 00 00 00 00 00 00 00 00 00 00 FF FF FF FF 7C 36 39 00 B8 1E [NAV-0x22]
< 79.311s B5 62 01 60 10 00 E8 B2 00 00 01 00 00 00 00 00 00 00 00 00 00 00 0C 4E [NAV-0x60]
< 79.354s B5 62 0A 38 1C 00 00 01 00 00 00 00 01 02 00 00 00 00 00 00 00 00 59 00 CE 0D 34 08 82 08 87 00 00 00 E3 80 [MON-0x38]
< 79.354s B5 62 02 15 10 00 67 66 66 66 66 E6 46 40 00 00 12 00 00 01 D0 B3 28 6B [RXM-0x15]
< 79.354s B5 62 01 07 5C 00 B0 B3 00 00 E5 07 03 07 00 00 2E F0 FF FF FF FF 00 00 00 00 00 00 24 00 00 00 00 00 00 00 00 00 00 00 00 00 98 BD FF FF FF FF FF FF 00 C3 88 DF 00 00 00 00 00 00 00 00 00 00 00 00 00 00 00 00 00 00 00 00 58 3E 0F 00 80 A8 12 01 0F 27 00 00 5C 40 56 2F 00 00 00 00 00 00 00 00 AB A5 [NAV-0x07]
< 79.354s B5 62 01 01 14 00 B0 B3 00 00 C4 43 04 26 00 00 00 00 00 00 00 00 80 9E B7 26 A5 B1 [NAV-0x01]
< 79.354s B5 62 01 02 1C 00 B0 B3 00 00 00 00 00 00 00 00 00 00 00 00 00 00 98 BD FF FF FF FF FF FF 00 C3 88 DF FB 11 [NAV-0x02]
< 79.354s B5 62 01 12 24 00 B0 B3 00 00 00 00 00 00 00 00 00 00 00 00 00 00 00 00 00 00 00 00 00 00 00 00 00 00 3C 86 01 00 80 A8 12 01 98 24 [NAV-0x12]
< 79.354s B5 62 01 35 08 00 B0 B3 00 00 01 00 00 00 A2 0C [NAV-0x35]
< 79.354s B5 62 01 03 10 00 B0 B3 00 00 00 40 00 08 00 00 00 00 C4 B3 00 00 36 1B [NAV-0x03]
< 79.354s B5 62 01 04 12 00 B0 B3 00 00 0F 27 0F 27 0F 27 0F 27 0F 27 0F 27 0F 27 F4 D4 [NAV-0x04]
< 79.354s B5 62 01 21 14 00 B0 B3 00 00 FF FF FF FF 00 00 00 00 E5 07 03 07 00 00 2E F0 A9 70 [NAV-0x21]
< 79.354s B5 62 01 22 14 00 B0 B3 00 00 00 00 00 00 00 00 00 00 FF FF FF FF 7C 36 39 00 81 D1 [NAV-0x22]
< 79.525s B5 62 01 60 10 00 B0 B3 00 00 01 00 00 00 00 00 00 00 00 00 00 00 D5 DD [NAV-0x60]
< 79.568s B5 62 02 15 10 00 00 00 00 00 00 00 47 40 00 00 12 00 00 01 98 B4 0D 30 [RXM-0x15]
< 79.568s B5 62 01 07 5C 00 78 B4 00 00 E5 07 03 07 00 00 2E F0 FF FF FF FF 00 C2 EB 0B 00 00 24 00 00 00 00 00 00 00 00 00 00 00 00 00 98 BD FF FF FF FF FF FF 00 CE 88 DF 00 00 00 00 00 00 00 00 00 00 00 00 00 00 00 00 00 00 00 00 58 3E 0F 00 80 A8 12 01 0F 27 00 00 5C 40 56 2F 00 00 00 00 00 00 00 00 37 CC [NAV-0x07]
< 79.568s B5 62 01 01 14 00 78 B4 00 00 C4 43 04 26 00 00 00 00 00 00 00 00 40 A0 B7 26 30 6A [NAV-0x01]
< 79.568s B5 62 01 02 1C 00 78 B4 00 00 00 00 00 00 00 00 00 00 00 00 00 00 98 BD FF FF FF FF FF FF 00 CE 88 DF CF 2D [NAV-0x02]
< 79.568s B5 62 01 12 24 00 78 B4 00 00 00 00 00 00 00 00 00 00 00 00 00 00 00 00 00 00 00 00 00 00 00 00 00 00 3C 86 01 00 80 A8 12 01 61 67 [NAV-0x12]
< 79.568s B5 62 01 35 08 00 78 B4 00 00 01 00 00 00 6B 53 [NAV-0x35]
< 79.568s B5 62 01 03 10 00 78 B4 00 00 00 40 00 08 00 00 00 00 8C B4 00 00 C8 CD [NAV-0x03]
< 79.568s B5 62 01 04 12 00 78 B4 00 00 0F 27 0F 27 0F 27 0F 27 0F 27 0F 27 0F 27 BD F5 [NAV-0x04]
< 79.568s B5 62 01 21 14 00 78 B4 00 00 FF FF FF FF 00 C2 EB 0B E5 07 03 07 00 00 2E F0 2A 0A [NAV-0x21]
< 79.568s B5 62 01 22 14 00 78 B4 00 00 00 00 00 00 00 00 00 00 FF FF FF FF 7C 36 39 00 4A 84 [NAV-0x22]
< 79.741s B5 62 01 60 10 00 78 B4 00 00 01 00 00 00 00 00 00 00 00 00 00 00 9E 6C [NAV-0x60]
< 79.741s B5 62 02 15 10 00 9A 99 99 99 99 19 47 40 00 00 12 00 00 01 60 B5 ED BA [RXM-0x15]
< 79.741s B5 62 01 07 5C 00 40 B5 00 00 E5 07 03 07 00 00 2E F0 FF FF FF FF FF 83 D7 17 00 00 24 00 00 00 00 00 00 00 00 00 00 00 00 00 98 BD FF FF FF FF FF FF 00 D7 88 DF 00 00 00 00 00 00 00 00 00 00 00 00 00 00 00 00 00 00 00 00 58 3E 0F 00 80 A8 12 01 0F 27 00 00 5C 40 56 2F 00 00 00 00 00 00 00 00 C1 91 [NAV-0x07]
< 79.741s B5 62 01 01 14 00 40 B5 00 00 C4 43 04 26 00 00 00 00 00 00 00 00 00 A2 B7 26 BB 23 [NAV-0x01]
< 79.741s B5 62 01 02 1C 00 40 B5 00 00 00 00 00 00 00 00 00 00 00 00 00 00 98 BD FF FF FF FF FF FF 00 D7 88 DF A1 43 [NAV-0x02]
< 79.741s B5 62 01 12 24 00 40 B5 00 00 00 00 00 00 00 00 00 00 00 00 00 00 00 00 00 00 00 00 00 00 00 00 00 00 3C 86 01 00 80 A8 12 01 2A AA [NAV-0x12]
< 79.741s B5 62 01 35 08 00 40 B5 00 00 01 00 00 00 34 9A [NAV-0x35]
< 79.741s B5 62 01 03 10 00 40 B5 00 00 00 40 00 08 00 00 00 00 54 B5 00 00 5A 7F [NAV-0x03]
< 79.741s B5 62 01 04 12 00 40 B5 00 00 0F 27 0F 27 0F 27 0F 27 0F 27 0F 27 0F 27 86 16 [NAV-0x04]
< 79.741s B5 62 01 21 14 00 40 B5 00 00 FF FF FF FF FF 83 D7 17 E5 07 03 07 00 00 2E F0 AB A0 [NAV-0x21]
< 79.741s B5 62 01 22 14 00 40 B5 00 00 00 00 00 00 00 00 00 00 FF FF FF FF 7C 36 39 00 13 37 [NAV-0x22]
< 79.956s B5 62 01 60 10 00 40 B5 00 00 01 00 00 00 00 00 00 00 00 00 00 00 67 FB [NAV-0x60]
< 79.956s B5 62 02 15 10 00 33 33 33 33 33 33 47 40 00 00 12 00 00 01 28 B6 D1 75 [RXM-0x15]
< 79.956s B5 62 01 07 5C 00 08 B6 00 00 E5 07 03 07 00 00 2E F0 FF FF FF FF 00 46 C3 23 00 00 24 00 00 00 00 00 00 00 00 00 00 00 00 00 98 BD FF FF FF FF FF FF 00 E0 88 DF 00 00 00 00 00 00 00 00 00 00 00 00 00 00 00 00 00 00 00 00 58 3E 0F 00 80 A8 12 01 0F 27 00 00 5C 40 56 2F 00 00 00 00 00 00 00 00 4F 84 [NAV-0x07]
< 79.956s B5 62 01 01 14 00 08 B6 00 00 C4 43 04 26 00 00 00 00 00 00 00 00 C0 A3 B7 26 45 D9 [NAV-0x01]
< 79.956s B5 62 01 02 1C 00 08 B6 00 00 00 00 00 00 00 00 00 00 00 00 00 00 98 BD FF FF FF FF FF FF 00 E0 88 DF 73 59 [NAV-0x02]
< 79.956s B5 62 01 12 24 00 08 B6 00 00 00 00 00 00 00 00 00 00 00 00 00 00 00 00 00 00 00 00 00 00 00 00 00 00 3C 86 01 00 80 A8 12 01 F3 ED [NAV-0x12]
< 79.956s B5 62 01 35 08 00 08 B6 00 00 01 00 00 00 FD E1 [NAV-0x35]
< 79.956s B5 62 01 03 10 00 08 B6 00 00 00 40 00 08 00 00 00 00 1C B6 00 00 EC 31 [NAV-0x03]
< 79.956s B5 62 01 04 12 00 08 B6 00 00 0F 27 0F 27 0F 27 0F 27 0F 27 0F 27 0F 27 4F 37 [NAV-0x04]
< 79.956s B5 62 01 21 14 00 08 B6 00 00 FF FF FF FF 00 46 C3 23 E5 07 03 07 00 00 2E F0 30 64 [NAV-0x21]
< 79.956s B5 62 01 22 14 00 08 B6 00 00 00 00 00 00 00 00 00 00 FF FF FF FF 7C 36 39 00 DC EA [NAV-0x22]
< 80.134s B5 62 01 60 10 00 08 B6 00 00 01 00 00 00 00 00 00 00 00 00 00 00 30 8A [NAV-0x60]
< 80.134s B5 62 02 15 10 00 CD CC CC CC CC 4C 47 40 00 00 12 00 00 01 F0 B6 B0 FE [RXM-0x15]
< 80.134s B5 62 01 07 5C 00 D0 B6 00 00 E5 07 03 07 00 00 2E F0 FF FF FF FF 00 08 AF 2F 00 00 24 00 00 00 00 00 00 00 00 00 00 00 00 00 98 BD FF FF FF FF FF FF 00 EA 88 DF 00 00 00 00 00 00 00 00 00 00 00 00 00 00 00 00 00 00 00 00 58 3E 0F 00 80 A8 12 01 0F 27 00 00 5C 40 56 2F 00 00 00 00 00 00 00 00 DB B4 [NAV-0x07]
< 80.134s B5 62 01 01 14 00 D0 B6 00 00 C4 43 04 26 00 00 00 00 00 00 00 00 40 A5 B7 26 8F 7F [NAV-0x01]
< 80.134s B5 62 01 02 1C 00 D0 B6 00 00 00 00 00 00 00 00 00 00 00 00 00 00 98 BD FF FF FF FF FF FF 00 EA 88 DF 45 57 [NAV-0x02]
< 80.134s B5 62 01 12 24 00 D0 B6 00 00 00 00 00 00 00 00 00 00 00 00 00 00 00 00 00 00 00 00 00 00 00 00 00 00 3C 86 01 00 80 A8 12 01 BB 0D [NAV-0x12]
< 80.134s B5 62 01 35 08 00 D0 B6 00 00 01 00 00 00 C5 21 [NAV-0x35]
< 80.134s B5 62 01 03 10 00 D0 B6 00 00 00 40 00 08 00 00 00 00 E4 B6 00 00 7C D1 [NAV-0x03]
< 80.134s B5 62 01 04 12 00 D0 B6 00 00 0F 27 0F 27 0F 27 0F 27 0F 27 0F 27 0F 27 17 47 [NAV-0x04]
< 80.134s B5 62 01 21 14 00 D0 B6 00 00 FF FF FF FF 00 08 AF 2F E5 07 03 07 00 00 2E F0 B2 FE [NAV-0x21]
< 80.134s B5 62 01 22 14 00 D0 B6 00 00 00 00 00 00 00 00 00 00 FF FF FF FF 7C 36 39 00 A4 8A [NAV-0x22]
< 80.309s B5 62 01 60 10 00 D0 B6 00 00 01 00 00 00 00 00 00 00 00 00 00 00 F8 0A [NAV-0x60]
< 80.352s B5 62 0A 38 1C 00 00 01 00 00 00 00 01 02 00 00 00 00 00 00 00 00 59 00 CE 0D 33 08 82 08 87 00 00 00 E2 78 [MON-0x38]
< 80.352s B5 62 02 15 10 00 67 66 66 66 66 66 47 40 00 00 12 00 00 01 B8 B7 95 C9 [RXM-0x15]
< 80.352s B5 62 01 07 5C 00 98 B7 00 00 E5 07 03 07 00 00 2F F0 FF FF FF FF 00 00 00 00 00 00 24 00 00 00 00 00 00 00 00 00 00 00 00 00 98 BD FF FF FF FF FF FF 00 F4 88 DF 00 00 00 00 00 00 00 00 00 00 00 00 00 00 00 00 00 00 00 00 58 3E 0F 00 80 A8 12 01 0F 27 00 00 5C 40 56 2F 00 00 00 00 00 00 00 00 C9 C2 [NAV-0x07]
< 80.352s B5 62 01 01 14 00 98 B7 00 00 C4 43 04 26 00 00 00 00 00 00 00 00 00 A7 B7 26 1A 38 [NAV-0x01]
< 80.352s B5 62 01 02 1C 00 98 B7 00 00 00 00 00 00 00 00 00 00 00 00 00 00 98 BD FF FF FF FF FF FF 00 F4 88 DF 18 70 [NAV-0x02]
< 80.352s B5 62 01 12 24 00 98 B7 00 00 00 00 00 00 00 00 00 00 00 00 00 00 00 00 00 00 00 00 00 00 00 00 00 00 3C 86 01 00 80 A8 12 01 84 50 [NAV-0x12]
< 80.352s B5 62 01 35 08 00 98 B7 00 00 01 00 00 00 8E 68 [NAV-0x35]
< 80.352s B5 62 01 03 10 00 98 B7 00 00 00 40 00 08 00 00 00 00 AC B7 00 00 0E 83 [NAV-0x03]
< 80.352s B5 62 01 04 12 00 98 B7 00 00 0F 27 0F 27 0F 27 0F 27 0F 27 0F 27 0F 27 E0 68 [NAV-0x04]
< 80.352s B5 62 01 21 14 00 98 B7 00 00 FF FF FF FF 00 00 00 00 E5 07 03 07 00 00 2F F0 96 DE [NAV-0x21]
< 80.352s B5 62 01 22 14 00 98 B7 00 00 00 00 00 00 00 00 00 00 FF FF FF FF 7C 36 39 00 6D 3D [NAV-0x22]
< 80.397s B5 62 01 60 10 00 98 B7 00 00 01 00 00 00 00 00 00 00 00 00 00 00 C1 99 [NAV-0x60]
< 80.536s B5 62 27 04 6C 00 01 00 70 00 7E 93 06 07 FE 94 7B 4F 69 E3 A3 B5 5C 83 2C 38 36 90 F2 CA 35 68 5B 3B 6A 32 73 0E 69 D0 D1 C8 00 00 00 00 00 00 00 00 00 00 00 00 00 00 00 00 00 00 00 00 00 00 00 00 B2 B0 B9 78 08 4A 71 E1 FD AB D8 03 4E 34 46 41 1D F0 6B 28 68 CD CC 20 F3 5B 8B 12 1F 00 66 9D A0 29 B6 6B 94 B3 DA 9A FB E0 9A DA 11 3E 9F 04 84 8F [SEC-0x04]
< 80.536s B5 62 02 15 10 00 00 00 00 00 00 80 47 40 00 00 12 00 00 01 80 B8 79 84 [RXM-0x15]
< 80.536s B5 62 01 07 5C 00 60 B8 00 00 E5 07 03 07 00 00 2F F0 FF FF FF FF 00 C2 EB 0B 00 00 24 00 00 00 00 00 00 00 00 00 00 00 00 00 98 BD FF FF FF FF FF FF 00 FE 88 DF 00 00 00 00 00 00 00 00 00 00 00 00 00 00 00 00 00 00 00 00 58 3E 0F 00 80 A8 12 01 0F 27 00 00 5C 40 56 2F 00 00 00 00 00 00 00 00 54 BA [NAV-0x07]
< 80.536s B5 62 01 01 14 00 60 B8 00 00 C4 43 04 26 00 00 00 00 00 00 00 00 C0 A8 B7 26 A4 EE [NAV-0x01]
< 80.536s B5 62 01 02 1C 00 60 B8 00 00 00 00 00 00 00 00 00 00 00 00 00 00 98 BD FF FF FF FF FF FF 00 FE 88 DF EB 89 [NAV-0x02]
< 80.536s B5 62 01 12 24 00 60 B8 00 00 00 00 00 00 00 00 00 00 00 00 00 00 00 00 00 00 00 00 00 00 00 00 00 00 3C 86 01 00 80 A8 12 01 4D 93 [NAV-0x12]
< 80.536s B5 62 01 35 08 00 60 B8 00 00 01 00 00 00 57 AF [NAV-0x35]
< 80.536s B5 62 01 03 10 00 60 B8 00 00 00 40 00 08 00 00 00 00 74 B8 00 00 A0 35 [NAV-0x03]
< 80.536s B5 62 01 04 12 00 60 B8 00 00 0F 27 0F 27 0F 27 0F 27 0F 27 0F 27 0F 27 A9 89 [NAV-0x04]
< 80.536s B5 62 01 21 14 00 60 B8 00 00 FF FF FF FF 00 C2 EB 0B E5 07 03 07 00 00 2F F0 17 78 [NAV-0x21]
< 80.536s B5 62 01 22 14 00 60 B8 00 00 00 00 00 00 00 00 00 00 FF FF FF FF 7C 36 39 00 36 F0 [NAV-0x22]
< 80.757s B5 62 01 60 10 00 60 B8 00 00 01 00 00 00 00 00 00 00 00 00 00 00 8A 28 [NAV-0x60]
< 80.757s B5 62 02 15 10 00 9A 99 99 99 99 99 47 40 00 00 12 00 00 01 48 B9 59 0E [RXM-0x15]
< 80.757s B5 62 01 07 5C 00 28 B9 00 00 E5 07 03 07 00 00 2F F0 FF FF FF FF FF 83 D7 17 00 00 24 00 00 00 00 00 00 00 00 00 00 00 00 00 98 BD FF FF FF FF FF FF 00 07 89 DF 00 00 00 00 00 00 00 00 00 00 00 00 00 00 00 00 00 00 00 00 58 3E 0F 00 80 A8 12 01 0F 27 00 00 5C 40 56 2F 00 00 00 00 00 00 00 00 DF AD [NAV-0x07]
< 80.757s B5 62 01 01 14 00 28 B9 00 00 C4 43 04 26 00 00 00 00 00 00 00 00 80 AA B7 26 2F A7 [NAV-0x01]
< 80.757s B5 62 01 02 1C 00 28 B9 00 00 00 00 00 00 00 00 00 00 00 00 00 00 98 BD FF FF FF FF FF FF 00 07 89 DF BE A1 [NAV-0x02]
< 80.757s B5 62 01 12 24 00 28 B9 00 00 00 00 00 00 00 00 00 00 00 00 00 00 00 00 00 00 00 00 00 00 00 00 00 00 3C 86 01 00 80 A8 12 01 16 D6 [NAV-0x12]
< 80.757s B5 62 01 35 08 00 28 B9 00 00 01 00 00 00 20 F6 [NAV-0x35]
< 80.757s B5 62 01 03 10 00 28 B9 00 00 00 40 00 08 00 00 00 00 3C B9 00 00 32 E7 [NAV-0x03]
< 80.757s B5 62 01 04 12 00 28 B9 00 00 0F 27 0F 27 0F 27 0F 27 0F 27 0F 27 0F 27 72 AA [NAV-0x04]
< 80.757s B5 62 01 21 14 00 28 B9 00 00 FF FF FF FF FF 83 D7 17 E5 07 03 07 00 00 2F F0 98 0E [NAV-0x21]
< 80.757s B5 62 01 22 14 00 28 B9 00 00 00 00 00 00 00 00 00 00 FF FF FF FF 7C 36 39 00 FF A3 [NAV-0x22]
< 80.932s B5 62 01 60 10 00 28 B9 00 00 01 00 00 00 00 00 00 00 00 00 00 00 53 B7 [NAV-0x60]
< 80.932s B5 62 02 15 10 00 33 33 33 33 33 B3 47 40 00 00 12 00 00 01 10 BA 3D C9 [RXM-0x15]
< 80.932s B5 62 01 07 5C 00 F0 B9 00 00 E5 07 03 07 00 00 2F F0 FF FF FF FF 00 46 C3 23 00 00 24 00 00 00 00 00 00 00 00 00 00 00 00 00 98 BD FF FF FF FF FF FF 00 11 89 DF 00 00 00 00 00 00 00 00 00 00 00 00 00 00 00 00 00 00 00 00 58 3E 0F 00 80 A8 12 01 0F 27 00 00 5C 40 56 2F 00 00 00 00 00 00 00 00 6D 74 [NAV-0x07]
< 80.932s B5 62 01 01 14 00 F0 B9 00 00 C4 43 04 26 00 00 00 00 00 00 00 00 00 AC B7 26 79 4D [NAV-0x01]
< 80.932s B5 62 01 02 1C 00 F0 B9 00 00 00 00 00 00 00 00 00 00 00 00 00 00 98 BD FF FF FF FF FF FF 00 11 89 DF 90 9F [NAV-0x02]
< 80.932s B5 62 01 12 24 00 F0 B9 00 00 00 00 00 00 00 00 00 00 00 00 00 00 00 00 00 00 00 00 00 00 00 00 00 00 3C 86 01 00 80 A8 12 01 DE F6 [NAV-0x12]
< 80.932s B5 62 01 35 08 00 F0 B9 00 00 01 00 00 00 E8 36 [NAV-0x35]
< 80.932s B5 62 01 03 10 00 F0 B9 00 00 00 40 00 08 00 00 00 00 04 BA 00 00 C3 8A [NAV-0x03]
< 80.932s B5 62 01 04 12 00 F0 B9 00 00 0F 27 0F 27 0F 27 0F 27 0F 27 0F 27 0F 27 3A BA [NAV-0x04]
< 80.976s B5 62 01 21 14 00 F0 B9 00 00 FF FF FF FF 00 46 C3 23 E5 07 03 07 00 00 2F F0 1C BF [NAV-0x21]
< 80.976s B5 62 01 22 14 00 F0 B9 00 00 00 00 00 00 00 00 00 00 FF FF FF FF 7C 36 39 00 C7 43 [NAV-0x22]
< 81.155s B5 62 01 60 10 00 F0 B9 00 00 01 00 00 00 00 00 00 00 00 00 00 00 1B 37 [NAV-0x60]
< 81.155s B5 62 02 15 10 00 CD CC CC CC CC CC 47 40 00 00 12 00 00 01 D8 BA 1C 52 [RXM-0x15]
< 81.155s B5 62 01 07 5C 00 B8 BA 00 00 E5 07 03 07 00 00 2F F0 FF FF FF FF 00 08 AF 2F 00 00 24 00 00 00 00 00 00 00 00 00 00 00 00 00 98 BD FF FF FF FF FF FF 00 1B 89 DF 00 00 00 00 00 00 00 00 00 00 00 00 00 00 00 00 00 00 00 00 58 3E 0F 00 80 A8 12 01 0F 27 00 00 5C 40 56 2F 00 00 00 00 00 00 00 00 FA FF [NAV-0x07]
< 81.155s B5 62 01 01 14 00 B8 BA 00 00 C4 43 04 26 00 00 00 00 00 00 00 00 C0 AD B7 26 03 03 [NAV-0x01]
< 81.155s B5 62 01 02 1C 00 B8 BA 00 00 00 00 00 00 00 00 00 00 00 00 00 00 98 BD FF FF FF FF FF FF 00 1B 89 DF 63 B8 [NAV-0x02]
< 81.155s B5 62 01 12 24 00 B8 BA 00 00 00 00 00 00 00 00 00 00 00 00 00 00 00 00 00 00 00 00 00 00 00 00 00 00 3C 86 01 00 80 A8 12 01 A7 39 [NAV-0x12]
< 81.155s B5 62 01 35 08 00 B8 BA 00 00 01 00 00 00 B1 7D [NAV-0x35]
< 81.155s B5 62 01 03 10 00 B8 BA 00 00 00 40 00 08 00 00 00 00 CC BA 00 00 54 39 [NAV-0x03]
< 81.155s B5 62 01 04 12 00 B8 BA 00 00 0F 27 0F 27 0F 27 0F 27 0F 27 0F 27 0F 27 03 DB [NAV-0x04]
< 81.155s B5 62 01 21 14 00 B8 BA 00 00 FF FF FF FF 00 08 AF 2F E5 07 03 07 00 00 2F F0 9F 6C [NAV-0x21]
< 81.155s B5 62 01 22 14 00 B8 BA 00 00 00 00 00 00 00 00 00 00 FF FF FF FF 7C 36 39 00 90 F6 [NAV-0x22]
< 81.333s B5 62 01 60 10 00 B8 BA 00 00 01 00 00 00 00 00 00 00 00 00 00 00 E4 C6 [NAV-0x60]
< 81.333s B5 62 0A 38 1C 00 00 01 00 00 00 00 01 02 00 00 00 00 00 00 00 00 59 00 CE 0D 35 07 85 08 87 00 00 00 E6 93 [MON-0x38]
< 81.333s B5 62 02 15 10 00 67 66 66 66 66 E6 47 40 00 00 12 00 00 01 A0 BB 01 1D [RXM-0x15]
< 81.333s B5 62 01 07 5C 00 80 BB 00 00 E5 07 03 07 00 00 30 F0 FF FF FF FF 00 00 00 00 00 00 24 00 00 00 00 00 00 00 00 00 00 00 00 00 98 BD FF FF FF FF FF FF 00 26 89 DF 00 00 00 00 00 00 00 00 00 00 00 00 00 00 00 00 00 00 00 00 58 3E 0F 00 80 A8 12 01 0F 27 00 00 5C 40 56 2F 00 00 00 00 00 00 00 00 E9 3C [NAV-0x07]
< 81.333s B5 62 01 01 14 00 80 BB 00 00 C4 43 04 26 00 00 00 00 00 00 00 00 80 AF B7 26 8E BC [NAV-0x01]
< 81.333s B5 62 01 02 1C 00 80 BB 00 00 00 00 00 00 00 00 00 00 00 00 00 00 98 BD FF FF FF FF FF FF 00 26 89 DF 37 D4 [NAV-0x02]
< 81.333s B5 62 01 12 24 00 80 BB 00 00 00 00 00 00 00 00 00 00 00 00 00 00 00 00 00 00 00 00 00 00 00 00 00 00 3C 86 01 00 80 A8 12 01 70 7C [NAV-0x12]
< 81.333s B5 62 01 35 08 00 80 BB 00 00 01 00 00 00 7A C4 [NAV-0x35]
< 81.333s B5 62 01 03 10 00 80 BB 00 00 00 40 00 08 00 00 00 00 94 BB 00 00 E6 EB [NAV-0x03]
< 81.333s B5 62 01 04 12 00 80 BB 00 00 0F 27 0F 27 0F 27 0F 27 0F 27 0F 27 0F 27 CC FC [NAV-0x04]
< 81.333s B5 62 01 21 14 00 80 BB 00 00 FF FF FF FF 00 00 00 00 E5 07 03 07 00 00 30 F0 83 4C [NAV-0x21]
< 81.333s B5 62 01 22 14 00 80 BB 00 00 00 00 00 00 00 00 00 00 FF FF FF FF 7C 36 39 00 59 A9 [NAV-0x22]
< 81.557s B5 62 01 60 10 00 80 BB 00 00 01 00 00 00 00 00 00 00 00 00 00 00 AD 55 [NAV-0x60]
< 81.557s B5 62 02 15 10 00 00 00 00 00 00 00 48 40 00 00 12 00 00 01 68 BC E6 E2 [RXM-0x15]
< 81.557s B5 62 01 07 5C 00 48 BC 00 00 E5 07 03 07 00 00 30 F0 FF FF FF FF 00 C2 EB 0B 00 00 24 00 00 00 00 00 00 00 00 00 00 00 00 00 98 BD FF FF FF FF FF FF 00 2F 89 DF 00 00 00 00 00 00 00 00 00 00 00 00 00 00 00 00 00 00 00 00 58 3E 0F 00 80 A8 12 01 0F 27 00 00 5C 40 56 2F 00 00 00 00 00 00 00 00 73 05 [NAV-0x07]
< 81.557s B5 62 01 01 14 00 48 BC 00 00 C4 43 04 26 00 00 00 00 00 00 00 00 40 B1 B7 26 19 75 [NAV-0x01]
< 81.557s B5 62 01 02 1C 00 48 BC 00 00 00 00 00 00 00 00 00 00 00 00 00 00 98 BD FF FF FF FF FF FF 00 2F 89 DF 09 EA [NAV-0x02]
< 81.557s B5 62 01 12 24 00 48 BC 00 00 00 00 00 00 00 00 00 00 00 00 00 00 00 00 00 00 00 00 00 00 00 00 00 00 3C 86 01 00 80 A8 12 01 39 BF [NAV-0x12]
< 81.557s B5 62 01 35 08 00 48 BC 00 00 01 00 00 00 43 0B [NAV-0x35]
< 81.557s B5 62 01 03 10 00 48 BC 00 00 00 40 00 08 00 00 00 00 5C BC 00 00 78 9D [NAV-0x03]
< 81.557s B5 62 01 04 12 00 48 BC 00 00 0F 27 0F 27 0F 27 0F 27 0F 27 0F 27 0F 27 95 1D [NAV-0x04]
< 81.557s B5 62 01 21 14 00 48 BC 00 00 FF FF FF FF 00 C2 EB 0B E5 07 03 07 00 00 30 F0 04 E6 [NAV-0x21]
< 81.557s B5 62 01 22 14 00 48 BC 00 00 00 00 00 00 00 00 00 00 FF FF FF FF 7C 36 39 00 22 5C [NAV-0x22]
< 81.738s B5 62 01 60 10 00 48 BC 00 00 01 00 00 00 00 00 00 00 00 00 00 00 76 E4 [NAV-0x60]
< 81.738s B5 62 02 15 10 00 9A 99 99 99 99 19 48 40 00 00 12 00 00 01 30 BD C6 6C [RXM-0x15]
< 81.738s B5 62 01 07 5C 00 10 BD 00 00 E5 07 03 07 00 00 30 F0 FF FF FF FF FF 83 D7 17 00 00 24 00 00 00 00 00 00 00 00 00 00 00 00 00 98 BD FF FF FF FF FF FF 00 39 89 DF 00 00 00 00 00 00 00 00 00 00 00 00 00 00 00 00 00 00 00 00 58 3E 0F 00 80 A8 12 01 0F 27 00 00 5C 40 56 2F 00 00 00 00 00 00 00 00 FE F9 [NAV-0x07]
< 81.738s B5 62 01 01 14 00 10 BD 00 00 C4 43 04 26 00 00 00 00 00 00 00 00 00 B3 B7 26 A4 2E [NAV-0x01]
< 81.738s B5 62 01 02 1C 00 10 BD 00 00 00 00 00 00 00 00 00 00 00 00 00 00 98 BD FF FF FF FF FF FF 00 39 89 DF DC 03 [NAV-0x02]
< 81.738s B5 62 01 12 24 00 10 BD 00 00 00 00 00 00 00 00 00 00 00 00 00 00 00 00 00 00 00 00 00 00 00 00 00 00 3C 86 01 00 80 A8 12 01 02 02 [NAV-0x12]
< 81.738s B5 62 01 35 08 00 10 BD 00 00 01 00 00 00 0C 52 [NAV-0x35]
< 81.738s B5 62 01 03 10 00 10 BD 00 00 00 40 00 08 00 00 00 00 24 BD 00 00 0A 4F [NAV-0x03]
< 81.738s B5 62 01 04 12 00 10 BD 00 00 0F 27 0F 27 0F 27 0F 27 0F 27 0F 27 0F 27 5E 3E [NAV-0x04]
< 81.738s B5 62 01 21 14 00 10 BD 00 00 FF FF FF FF FF 83 D7 17 E5 07 03 07 00 00 30 F0 85 7C [NAV-0x21]
< 81.738s B5 62 01 22 14 00 10 BD 00 00 00 00 00 00 00 00 00 00 FF FF FF FF 7C 36 39 00 EB 0F [NAV-0x22]
< 81.964s B5 62 01 60 10 00 10 BD 00 00 01 00 00 00 00 00 00 00 00 00 00 00 3F 73 [NAV-0x60]
< 81.964s B5 62 02 15 10 00 33 33 33 33 33 33 48 40 00 00 12 00 00 01 F8 BD A9 26 [RXM-0x15]
< 81.964s B5 62 01 07 5C 00 D8 BD 00 00 E5 07 03 07 00 00 30 F0 FF FF FF FF 00 46 C3 23 00 00 24 00 00 00 00 00 00 00 00 00 00 00 00 00 98 BD FF FF FF FF FF FF 00 44 89 DF 00 00 00 00 00 00 00 00 00 00 00 00 00 00 00 00 00 00 00 00 58 3E 0F 00 80 A8 12 01 0F 27 00 00 5C 40 56 2F 00 00 00 00 00 00 00 00 8D EF [NAV-0x07]
< 81.964s B5 62 01 01 14 00 D8 BD 00 00 C4 43 04 26 00 00 00 00 00 00 00 00 00 B5 B7 26 6E D4 [NAV-0x01]
< 81.964s B5 62 01 02 1C 00 D8 BD 00 00 00 00 00 00 00 00 00 00 00 00 00 00 98 BD FF FF FF FF FF FF 00 44 89 DF AF 04 [NAV-0x02]
< 81.964s B5 62 01 12 24 00 D8 BD 00 00 00 00 00 00 00 00 00 00 00 00 00 00 00 00 00 00 00 00 00 00 00 00 00 00 3C 86 01 00 80 A8 12 01 CA 22 [NAV-0x12]
< 81.964s B5 62 01 35 08 00 D8 BD 00 00 01 00 00 00 D4 92 [NAV-0x35]
< 81.964s B5 62 01 03 10 00 D8 BD 00 00 00 40 00 08 00 00 00 00 EC BD 00 00 9A EF [NAV-0x03]
< 81.964s B5 62 01 04 12 00 D8 BD 00 00 0F 27 0F 27 0F 27 0F 27 0F 27 0F 27 0F 27 26 4E [NAV-0x04]
< 81.964s B5 62 01 21 14 00 D8 BD 00 00 FF FF FF FF 00 46 C3 23 E5 07 03 07 00 00 30 F0 09 2D [NAV-0x21]
< 81.964s B5 62 01 22 14 00 D8 BD 00 00 00 00 00 00 00 00 00 00 FF FF FF FF 7C 36 39 00 B3 AF [NAV-0x22]
< 82.145s B5 62 01 60 10 00 D8 BD 00 00 01 00 00 00 00 00 00 00 00 00 00 00 07 F3 [NAV-0x60]
< 82.145s B5 62 02 15 10 00 CD CC CC CC CC 4C 48 40 00 00 12 00 00 01 C0 BE 89 B0 [RXM-0x15]
< 82.145s B5 62 01 07 5C 00 A0 BE 00 00 E5 07 03 07 00 00 30 F0 FF FF FF FF 00 08 AF 2F 00 00 24 00 00 00 00 00 00 00 00 00 00 00 00 00 98 BD FF FF FF FF FF FF 00 4E 89 DF 00 00 00 00 00 00 00 00 00 00 00 00 00 00 00 00 00 00 00 00 58 3E 0F 00 80 A8 12 01 0F 27 00 00 5C 40 56 2F 00 00 00 00 00 00 00 00 1A 7A [NAV-0x07]
< 82.145s B5 62 01 01 14 00 A0 BE 00 00 C4 43 04 26 00 00 00 00 00 00 00 00 C0 B6 B7 26 F8 8A [NAV-0x01]
< 82.145s B5 62 01 02 1C 00 A0 BE 00 00 00 00 00 00 00 00 00 00 00 00 00 00 98 BD FF FF FF FF FF FF 00 4E 89 DF 82 1D [NAV-0x02]
< 82.145s B5 62 01 12 24 00 A0 BE 00 00 00 00 00 00 00 00 00 00 00 00 00 00 00 00 00 00 00 00 00 00 00 00 00 00 3C 86 01 00 80 A8 12 01 93 65 [NAV-0x12]
< 82.145s B5 62 01 35 08 00 A0 BE 00 00 01 00 00 00 9D D9 [NAV-0x35]
< 82.145s B5 62 01 03 10 00 A0 BE 00 00 00 40 00 08 00 00 00 00 B4 BE 00 00 2C A1 [NAV-0x03]
< 82.145s B5 62 01 04 12 00 A0 BE 00 00 0F 27 0F 27 0F 27 0F 27 0F 27 0F 27 0F 27 EF 6F [NAV-0x04]
< 82.145s B5 62 01 21 14 00 A0 BE 00 00 FF FF FF FF 00 08 AF 2F E5 07 03 07 00 00 30 F0 8C DA [NAV-0x21]
< 82.145s B5 62 01 22 14 00 A0 BE 00 00 00 00 00 00 00 00 00 00 FF FF FF FF 7C 36 39 00 7C 62 [NAV-0x22]
< 82.330s B5 62 01 60 10 00 A0 BE 00 00 01 00 00 00 00 00 00 00 00 00 00 00 D0 82 [NAV-0x60]
< 82.330s B5 62 0A 38 1C 00 00 01 00 00 00 00 01 02 00 00 00 00 00 00 00 00 59 00 CE 0D 34 08 83 07 85 00 00 00 E1 79 [MON-0x38]
< 82.330s B5 62 02 15 10 00 67 66 66 66 66 66 48 40 00 00 12 00 00 01 88 BF 6E 7B [RXM-0x15]
< 82.330s B5 62 01 07 5C 00 68 BF 00 00 E5 07 03 07 00 00 31 F0 FF FF FF FF 00 00 00 00 00 00 24 00 00 00 00 00 00 00 00 00 00 00 00 00 98 BD FF FF FF FF FF FF 00 58 89 DF 00 00 00 00 00 00 00 00 00 00 00 00 00 00 00 00 00 00 00 00 58 3E 0F 00 80 A8 12 01 0F 27 00 00 5C 40 56 2F 00 00 00 00 00 00 00 00 08 88 [NAV-0x07]
< 82.330s B5 62 01 01 14 00 68 BF 00 00 C4 43 04 26 00 00 00 00 00 00 00 00 80 B8 B7 26 83 43 [NAV-0x01]
< 82.375s B5 62 01 02 1C 00 68 BF 00 00 00 00 00 00 00 00 00 00 00 00 00 00 98 BD FF FF FF FF FF FF 00 58 89 DF 55 36 [NAV-0x02]
< 82.375s B5 62 01 12 24 00 68 BF 00 00 00 00 00 00 00 00 00 00 00 00 00 00 00 00 00 00 00 00 00 00 00 00 00 00 3C 86 01 00 80 A8 12 01 5C A8 [NAV-0x12]
< 82.375s B5 62 01 35 08 00 68 BF 00 00 01 00 00 00 66 20 [NAV-0x35]
< 82.375s B5 62 01 03 10 00 68 BF 00 00 00 40 00 08 00 00 00 00 7C BF 00 00 BE 53 [NAV-0x03]
< 82.375s B5 62 01 04 12 00 68 BF 00 00 0F 27 0F 27 0F 27 0F 27 0F 27 0F 27 0F 27 B8 90 [NAV-0x04]
< 82.375s B5 62 01 21 14 00 68 BF 00 00 FF FF FF FF 00 00 00 00 E5 07 03 07 00 00 31 F0 70 BA [NAV-0x21]
< 82.375s B5 62 01 22 14 00 68 BF 00 00 00 00 00 00 00 00 00 00 FF FF FF FF 7C 36 39 00 45 15 [NAV-0x22]
< 82.422s B5 62 01 60 10 00 68 BF 00 00 01 00 00 00 00 00 00 00 00 00 00 00 99 11 [NAV-0x60]
< 82.562s B5 62 27 04 6C 00 01 00 70 00 24 64 0F 73 B7 CD 44 08 DF BC FA 1B 87 CD 9D 6F F7 9F EA 25 5E 52 C5 8E F4 05 1B 8C 62 B6 09 09 00 00 00 00 00 00 00 00 00 00 00 00 00 00 00 00 00 00 00 00 00 00 00 00 0D 88 BB 62 6E BD 7E 74 52 6D B8 6C 75 AB 05 F4 DB 3C BF 1F E1 45 15 12 3B 7B 6C 0E 15 28 49 78 1F 78 FD 3C 07 79 83 2C 15 34 DF 5E 73 95 06 42 74 B3 [SEC-0x04]
< 82.562s B5 62 02 15 10 00 00 00 00 00 00 80 48 40 00 00 12 00 00 01 50 C0 52 36 [RXM-0x15]
< 82.562s B5 62 01 07 5C 00 30 C0 00 00 E5 07 03 07 00 00 31 F0 FF FF FF FF 00 C2 EB 0B 00 00 24 00 00 00 00 00 00 00 00 00 00 00 00 00 98 BD FF FF FF FF FF FF 00 62 89 DF 00 00 00 00 00 00 00 00 00 00 00 00 00 00 00 00 00 00 00 00 58 3E 0F 00 80 A8 12 01 0F 27 00 00 5C 40 56 2F 00 00 00 00 00 00 00 00 93 80 [NAV-0x07]
< 82.562s B5 62 01 01 14 00 30 C0 00 00 C4 43 04 26 00 00 00 00 00 00 00 00 40 BA B7 26 0E FC [NAV-0x01]
< 82.562s B5 62 01 02 1C 00 30 C0 00 00 00 00 00 00 00 00 00 00 00 00 00 00 98 BD FF FF FF FF FF FF 00 62 89 DF 28 4F [NAV-0x02]
< 82.562s B5 62 01 12 24 00 30 C0 00 00 00 00 00 00 00 00 00 00 00 00 00 00 00 00 00 00 00 00 00 00 00 00 00 00 3C 86 01 00 80 A8 12 01 25 EB [NAV-0x12]
< 82.562s B5 62 01 35 08 00 30 C0 00 00 01 00 00 00 2F 67 [NAV-0x35]
< 82.562s B5 62 01 03 10 00 30 C0 00 00 00 40 00 08 00 00 00 00 44 C0 00 00 50 05 [NAV-0x03]
< 82.562s B5 62 01 04 12 00 30 C0 00 00 0F 27 0F 27 0F 27 0F 27 0F 27 0F 27 0F 27 81 B1 [NAV-0x04]
< 82.562s B5 62 01 21 14 00 30 C0 00 00 FF FF FF FF 00 C2 EB 0B E5 07 03 07 00 00 31 F0 F1 54 [NAV-0x21]
< 82.562s B5 62 01 22 14 00 30 C0 00 00 00 00 00 00 00 00 00 00 FF FF FF FF 7C 36 39 00 0E C8 [NAV-0x22]
< 82.751s B5 62 01 60 10 00 30 C0 00 00 01 00 00 00 00 00 00 00 00 00 00 00 62 A0 [NAV-0x60]
< 82.751s B5 62 02 15 10 00 9A 99 99 99 99 99 48 40 00 00 12 00 00 01 18 C1 32 C0 [RXM-0x15]
< 82.751s B5 62 01 07 5C 00 F8 C0 00 00 E5 07 03 07 00 00 31 F0 FF FF FF FF FF 83 D7 17 00 00 24 00 00 00 00 00 00 00 00 00 00 00 00 00 98 BD FF FF FF FF FF FF 00 6C 89 DF 00 00 00 00 00 00 00 00 00 00 00 00 00 00 00 00 00 00 00 00 58 3E 0F 00 80 A8 12 01 0F 27 00 00 5C 40 56 2F 00 00 00 00 00 00 00 00 1D 19 [NAV-0x07]
< 82.751s B5 62 01 01 14 00 F8 C0 00 00 C4 43 04 26 00 00 00 00 00 00 00 00 00 BC B7 26 98 A2 [NAV-0x01]
< 82.751s B5 62 01 02 1C 00 F8 C0 00 00 00 00 00 00 00 00 00 00 00 00 00 00 98 BD FF FF FF FF FF FF 00 6C 89 DF FA 4D [NAV-0x02]
< 82.751s B5 62 01 12 24 00 F8 C0 00 00 00 00 00 00 00 00 00 00 00 00 00 00 00 00 00 00 00 00 00 00 00 00 00 00 3C 86 01 00 80 A8 12 01 ED 0B [NAV-0x12]
< 82.751s B5 62 01 35 08 00 F8 C0 00 00 01 00 00 00 F7 A7 [NAV-0x35]
< 82.751s B5 62 01 03 10 00 F8 C0 00 00 00 40 00 08 00 00 00 00 0C C1 00 00 E1 A8 [NAV-0x03]
< 82.751s B5 62 01 04 12 00 F8 C0 00 00 0F 27 0F 27 0F 27 0F 27 0F 27 0F 27 0F 27 49 C1 [NAV-0x04]
< 82.751s B5 62 01 21 14 00 F8 C0 00 00 FF FF FF FF FF 83 D7 17 E5 07 03 07 00 00 31 F0 71 D7 [NAV-0x21]
< 82.751s B5 62 01 22 14 00 F8 C0 00 00 00 00 00 00 00 00 00 00 FF FF FF FF 7C 36 39 00 D6 68 [NAV-0x22]
< 82.936s B5 62 01 60 10 00 F8 C0 00 00 01 00 00 00 00 00 00 00 00 00 00 00 2A 20 [NAV-0x60]
< 82.936s B5 62 02 15 10 00 33 33 33 33 33 B3 48 40 00 00 12 00 00 01 E0 C1 15 7A [RXM-0x15]
< 82.936s B5 62 01 07 5C 00 C0 C1 00 00 E5 07 03 07 00 00 31 F0 FF FF FF FF 00 46 C3 23 00 00 24 00 00 00 00 00 00 00 00 00 00 00 00 00 98 BD FF FF FF FF FF FF 00 77 89 DF 00 00 00 00 00 00 00 00 00 00 00 00 00 00 00 00 00 00 00 00 58 3E 0F 00 80 A8 12 01 0F 27 00 00 5C 40 56 2F 00 00 00 00 00 00 00 00 AD 6A [NAV-0x07]
< 82.936s B5 62 01 01 14 00 C0 C1 00 00 C4 43 04 26 00 00 00 00 00 00 00 00 C0 BD B7 26 22 58 [NAV-0x01]
< 82.936s B5 62 01 02 1C 00 C0 C1 00 00 00 00 00 00 00 00 00 00 00 00 00 00 98 BD FF FF FF FF FF FF 00 77 89 DF CE 69 [NAV-0x02]
< 82.936s B5 62 01 12 24 00 C0 C1 00 00 00 00 00 00 00 00 00 00 00 00 00 00 00 00 00 00 00 00 00 00 00 00 00 00 3C 86 01 00 80 A8 12 01 B6 4E [NAV-0x12]
< 82.936s B5 62 01 35 08 00 C0 C1 00 00 01 00 00 00 C0 EE [NAV-0x35]
< 82.936s B5 62 01 03 10 00 C0 C1 00 00 00 40 00 08 00 00 00 00 D4 C1 00 00 72 57 [NAV-0x03]
< 82.936s B5 62 01 04 12 00 C0 C1 00 00 0F 27 0F 27 0F 27 0F 27 0F 27 0F 27 0F 27 12 E2 [NAV-0x04]
< 82.936s B5 62 01 21 14 00 C0 C1 00 00 FF FF FF FF 00 46 C3 23 E5 07 03 07 00 00 31 F0 F6 9B [NAV-0x21]
< 82.936s B5 62 01 22 14 00 C0 C1 00 00 00 00 00 00 00 00 00 00 FF FF FF FF 7C 36 39 00 9F 1B [NAV-0x22]
< 83.125s B5 62 01 60 10 00 C0 C1 00 00 01 00 00 00 00 00 00 00 00 00 00 00 F3 AF [NAV-0x60]
< 83.171s B5 62 02 15 10 00 CD CC CC CC CC CC 48 40 00 00 12 00 00 01 A8 C2 F5 04 [RXM-0x15]
< 83.171s B5 62 01 07 5C 00 88 C2 00 00 E5 07 03 07 00 00 31 F0 FF FF FF FF 00 08 AF 2F 00 00 24 00 00 00 00 00 00 00 00 00 00 00 00 00 98 BD FF FF FF FF FF FF 00 81 89 DF 00 00 00 00 00 00 00 00 00 00 00 00 00 00 00 00 00 00 00 00 58 3E 0F 00 80 A8 12 01 0F 27 00 00 5C 40 56 2F 00 00 00 00 00 00 00 00 3A F5 [NAV-0x07]
< 83.171s B5 62 01 01 14 00 88 C2 00 00 C4 43 04 26 00 00 00 00 00 00 00 00 80 BF B7 26 AD 11 [NAV-0x01]
< 83.171s B5 62 01 02 1C 00 88 C2 00 00 00 00 00 00 00 00 00 00 00 00 00 00 98 BD FF FF FF FF FF FF 00 81 89 DF A1 82 [NAV-0x02]
< 83.171s B5 62 01 12 24 00 88 C2 00 00 00 00 00 00 00 00 00 00 00 00 00 00 00 00 00 00 00 00 00 00 00 00 00 00 3C 86 01 00 80 A8 12 01 7F 91 [NAV-0x12]
< 83.171s B5 62 01 35 08 00 88 C2 00 00 01 00 00 00 89 35 [NAV-0x35]
< 83.171s B5 62 01 03 10 00 88 C2 00 00 00 40 00 08 00 00 00 00 9C C2 00 00 04 09 [NAV-0x03]
< 83.171s B5 62 01 04 12 00 88 C2 00 00 0F 27 0F 27 0F 27 0F 27 0F 27 0F 27 0F 27 DB 03 [NAV-0x04]
< 83.171s B5 62 01 21 14 00 88 C2 00 00 FF FF FF FF 00 08 AF 2F E5 07 03 07 00 00 31 F0 79 48 [NAV-0x21]
< 83.171s B5 62 01 22 14 00 88 C2 00 00 00 00 00 00 00 00 00 00 FF FF FF FF 7C 36 39 00 68 CE [NAV-0x22]
< 83.312s B5 62 01 60 10 00 88 C2 00 00 01 00 00 00 00 00 00 00 00 00 00 00 BC 3E [NAV-0x60]
< 83.360s B5 62 0A 38 1C 00 00 01 00 00 00 00 01 02 00 00 00 00 00 00 00 00 59 00 CE 0D 34 08 82 06 87 00 00 00 E1 76 [MON-0x38]
< 83.360s B5 62 02 15 10 00 67 66 66 66 66 E6 48 40 00 00 12 00 00 01 70 C3 DA CF [RXM-0x15]
< 83.360s B5 62 01 07 5C 00 50 C3 00 00 E5 07 03 07 00 00 32 F0 FF FF FF FF 00 00 00 00 00 00 24 00 00 00 00 00 00 00 00 00 00 00 00 00 98 BD FF FF FF FF FF FF 00 8B 89 DF 00 00 00 00 00 00 00 00 00 00 00 00 00 00 00 00 00 00 00 00 58 3E 0F 00 80 A8 12 01 0F 27 00 00 5C 40 56 2F 00 00 00 00 00 00 00 00 28 03 [NAV-0x07]
< 83.360s B5 62 01 01 14 00 50 C3 00 00 C4 43 04 26 00 00 00 00 00 00 00 00 80 C1 B7 26 78 CA [NAV-0x01]
< 83.360s B5 62 01 02 1C 00 50 C3 00 00 00 00 00 00 00 00 00 00 00 00 00 00 98 BD FF FF FF FF FF FF 00 8B 89 DF 74 9B [NAV-0x02]
< 83.360s B5 62 01 12 24 00 50 C3 00 00 00 00 00 00 00 00 00 00 00 00 00 00 00 00 00 00 00 00 00 00 00 00 00 00 3C 86 01 00 80 A8 12 01 48 D4 [NAV-0x12]
< 83.360s B5 62 01 35 08 00 50 C3 00 00 01 00 00 00 52 7C [NAV-0x35]
< 83.360s B5 62 01 03 10 00 50 C3 00 00 00 40 00 08 00 00 00 00 64 C3 00 00 96 BB [NAV-0x03]
< 83.360s B5 62 01 04 12 00 50 C3 00 00 0F 27 0F 27 0F 27 0F 27 0F 27 0F 27 0F 27 A4 24 [NAV-0x04]
< 83.360s B5 62 01 21 14 00 50 C3 00 00 FF FF FF FF 00 00 00 00 E5 07 03 07 00 00 32 F0 5D 28 [NAV-0x21]
< 83.360s B5 62 01 22 14 00 50 C3 00 00 00 00 00 00 00 00 00 00 FF FF FF FF 7C 36 39 00 31 81 [NAV-0x22]
< 83.548s B5 62 01 60 10 00 50 C3 00 00 01 00 00 00 00 00 00 00 00 00 00 00 85 CD [NAV-0x60]
< 83.548s B5 62 02 15 10 00 00 00 00 00 00 00 49 40 00 00 12 00 00 01 38 C4 BF 94 [RXM-0x15]
< 83.548s B5 62 01 07 5C 00 18 C4 00 00 E5 07 03 07 00 00 32 F0 FF FF FF FF 00 C2 EB 0B 00 00 24 00 00 00 00 00 00 00 00 00 00 00 00 00 98 BD FF FF FF FF FF FF 00 96 89 DF 00 00 00 00 00 00 00 00 00 00 00 00 00 00 00 00 00 00 00 00 58 3E 0F 00 80 A8 12 01 0F 27 00 00 5C 40 56 2F 00 00 00 00 00 00 00 00 B4 2A [NAV-0x07]
< 83.548s B5 62 01 01 14 00 18 C4 00 00 C4 43 04 26 00 00 00 00 00 00 00 00 40 C3 B7 26 03 83 [NAV-0x01]
< 83.548s B5 62 01 02 1C 00 18 C4 00 00 00 00 00 00 00 00 00 00 00 00 00 00 98 BD FF FF FF FF FF FF 00 96 89 DF 48 B7 [NAV-0x02]
< 83.548s B5 62 01 12 24 00 18 C4 00 00 00 00 00 00 00 00 00 00 00 00 00 00 00 00 00 00 00 00 00 00 00 00 00 00 3C 86 01 00 80 A8 12 01 11 17 [NAV-0x12]
< 83.548s B5 62 01 35 08 00 18 C4 00 00 01 00 00 00 1B C3 [NAV-0x35]
< 83.548s B5 62 01 03 10 00 18 C4 00 00 00 40 00 08 00 00 00 00 2C C4 00 00 28 6D [NAV-0x03]
< 83.548s B5 62 01 04 12 00 18 C4 00 00 0F 27 0F 27 0F 27 0F 27 0F 27 0F 27 0F 27 6D 45 [NAV-0x04]
< 83.548s B5 62 01 21 14 00 18 C4 00 00 FF FF FF FF 00 C2 EB 0B E5 07 03 07 00 00 32 F0 DE C2 [NAV-0x21]
< 83.548s B5 62 01 22 14 00 18 C4 00 00 00 00 00 00 00 00 00 00 FF FF FF FF 7C 36 39 00 FA 34 [NAV-0x22]
< 83.740s B5 62 01 60 10 00 18 C4 00 00 01 00 00 00 00 00 00 00 00 00 00 00 4E 5C [NAV-0x60]
< 83.740s B5 62 02 15 10 00 9A 99 99 99 99 19 49 40 00 00 12 00 00 01 00 C5 9F 1E [RXM-0x15]
< 83.740s B5 62 01 07 5C 00 E0 C4 00 00 E5 07 03 07 00 00 32 F0 FF FF FF FF FF 83 D7 17 00 00 24 00 00 00 00 00 00 00 00 00 00 00 00 00 98 BD FF FF FF FF FF FF 00 A0 89 DF 00 00 00 00 00 00 00 00 00 00 00 00 00 00 00 00 00 00 00 00 58 3E 0F 00 80 A8 12 01 0F 27 00 00 5C 40 56 2F 00 00 00 00 00 00 00 00 3E C3 [NAV-0x07]
< 83.740s B5 62 01 01 14 00 E0 C4 00 00 C4 43 04 26 00 00 00 00 00 00 00 00 00 C5 B7 26 8D 29 [NAV-0x01]
< 83.740s B5 62 01 02 1C 00 E0 C4 00 00 00 00 00 00 00 00 00 00 00 00 00 00 98 BD FF FF FF FF FF FF 00 A0 89 DF 1A B5 [NAV-0x02]
< 83.740s B5 62 01 12 24 00 E0 C4 00 00 00 00 00 00 00 00 00 00 00 00 00 00 00 00 00 00 00 00 00 00 00 00 00 00 3C 86 01 00 80 A8 12 01 D9 37 [NAV-0x12]
< 83.740s B5 62 01 35 08 00 E0 C4 00 00 01 00 00 00 E3 03 [NAV-0x35]
< 83.740s B5 62 01 03 10 00 E0 C4 00 00 00 40 00 08 00 00 00 00 F4 C4 00 00 B8 0D [NAV-0x03]
< 83.740s B5 62 01 04 12 00 E0 C4 00 00 0F 27 0F 27 0F 27 0F 27 0F 27 0F 27 0F 27 35 55 [NAV-0x04]
< 83.740s B5 62 01 21 14 00 E0 C4 00 00 FF FF FF FF FF 83 D7 17 E5 07 03 07 00 00 32 F0 5E 45 [NAV-0x21]
< 83.740s B5 62 01 22 14 00 E0 C4 00 00 00 00 00 00 00 00 00 00 FF FF FF FF 7C 36 39 00 C2 D4 [NAV-0x22]
< 83.929s B5 62 01 60 10 00 E0 C4 00 00 01 00 00 00 00 00 00 00 00 00 00 00 16 DC [NAV-0x60]
< 83.929s B5 62 02 15 10 00 33 33 33 33 33 33 49 40 00 00 12 00 00 01 C8 C5 82 D8 [RXM-0x15]
< 83.977s B5 62 01 07 5C 00 A8 C5 00 00 E5 07 03 07 00 00 32 F0 FF FF FF FF 00 46 C3 23 00 00 24 00 00 00 00 00 00 00 00 00 00 00 00 00 98 BD FF FF FF FF FF FF 00 AB 89 DF 00 00 00 00 00 00 00 00 00 00 00 00 00 00 00 00 00 00 00 00 58 3E 0F 00 80 A8 12 01 0F 27 00 00 5C 40 56 2F 00 00 00 00 00 00 00 00 CE 14 [NAV-0x07]
< 83.977s B5 62 01 01 14 00 A8 C5 00 00 C4 43 04 26 00 00 00 00 00 00 00 00 C0 C6 B7 26 17 DF [NAV-0x01]
< 83.977s B5 62 01 02 1C 00 A8 C5 00 00 00 00 00 00 00 00 00 00 00 00 00 00 98 BD FF FF FF FF FF FF 00 AB 89 DF EE D1 [NAV-0x02]
< 83.977s B5 62 01 12 24 00 A8 C5 00 00 00 00 00 00 00 00 00 00 00 00 00 00 00 00 00 00 00 00 00 00 00 00 00 00 3C 86 01 00 80 A8 12 01 A2 7A [NAV-0x12]
< 83.977s B5 62 01 35 08 00 A8 C5 00 00 01 00 00 00 AC 4A [NAV-0x35]
< 83.977s B5 62 01 03 10 00 A8 C5 00 00 00 40 00 08 00 00 00 00 BC C5 00 00 4A BF [NAV-0x03]
< 83.977s B5 62 01 04 12 00 A8 C5 00 00 0F 27 0F 27 0F 27 0F 27 0F 27 0F 27 0F 27 FE 76 [NAV-0x04]
< 83.977s B5 62 01 21 14 00 A8 C5 00 00 FF FF FF FF 00 46 C3 23 E5 07 03 07 00 00 32 F0 E3 09 [NAV-0x21]
< 83.977s B5 62 01 22 14 00 A8 C5 00 00 00 00 00 00 00 00 00 00 FF FF FF FF 7C 36 39 00 8B 87 [NAV-0x22]
< 84.120s B5 62 01 60 10 00 A8 C5 00 00 01 00 00 00 00 00 00 00 00 00 00 00 DF 6B [NAV-0x60]
< 84.168s B5 62 02 15 10 00 CD CC CC CC CC 4C 49 40 00 00 12 00 00 01 90 C6 62 62 [RXM-0x15]
< 84.168s B5 62 01 07 5C 00 70 C6 00 00 E5 07 03 07 00 00 32 F0 FF FF FF FF 00 08 AF 2F 00 00 24 00 00 00 00 00 00 00 00 00 00 00 00 00 98 BD FF FF FF FF FF FF 00 B5 89 DF 00 00 00 00 00 00 00 00 00 00 00 00 00 00 00 00 00 00 00 00 58 3E 0F 00 80 A8 12 01 0F 27 00 00 5C 40 56 2F 00 00 00 00 00 00 00 00 5B 9F [NAV-0x07]
< 84.168s B5 62 01 01 14 00 70 C6 00 00 C4 43 04 26 00 00 00 00 00 00 00 00 80 C8 B7 26 A2 98 [NAV-0x01]
< 84.168s B5 62 01 02 1C 00 70 C6 00 00 00 00 00 00 00 00 00 00 00 00 00 00 98 BD FF FF FF FF FF FF 00 B5 89 DF C1 EA [NAV-0x02]
< 84.168s B5 62 01 12 24 00 70 C6 00 00 00 00 00 00 00 00 00 00 00 00 00 00 00 00 00 00 00 00 00 00 00 00 00 00 3C 86 01 00 80 A8 12 01 6B BD [NAV-0x12]
< 84.168s B5 62 01 35 08 00 70 C6 00 00 01 00 00 00 75 91 [NAV-0x35]
< 84.168s B5 62 01 03 10 00 70 C6 00 00 00 40 00 08 00 00 00 00 84 C6 00 00 DC 71 [NAV-0x03]
< 84.168s B5 62 01 04 12 00 70 C6 00 00 0F 27 0F 27 0F 27 0F 27 0F 27 0F 27 0F 27 C7 97 [NAV-0x04]
< 84.168s B5 62 01 21 14 00 70 C6 00 00 FF FF FF FF 00 08 AF 2F E5 07 03 07 00 00 32 F0 66 B6 [NAV-0x21]
< 84.168s B5 62 01 22 14 00 70 C6 00 00 00 00 00 00 00 00 00 00 FF FF FF FF 7C 36 39 00 54 3A [NAV-0x22]
< 84.310s B5 62 01 60 10 00 70 C6 00 00 01 00 00 00 00 00 00 00 00 00 00 00 A8 FA [NAV-0x60]
< 84.358s B5 62 0A 38 1C 00 00 01 00 00 00 00 01 02 00 00 00 00 00 00 00 00 59 00 CE 0D 32 07 85 08 87 00 00 00 E3 7B [MON-0x38]
< 84.358s B5 62 02 15 10 00 67 66 66 66 66 66 49 40 00 00 12 00 00 01 58 C7 47 2D [RXM-0x15]
< 84.358s B5 62 01 07 5C 00 38 C7 00 00 E5 07 03 07 00 00 33 F0 FF FF FF FF 00 00 00 00 00 00 24 00 00 00 00 00 00 00 00 00 00 00 00 00 98 BD FF FF FF FF FF FF 00 C0 89 DF 00 00 00 00 00 00 00 00 00 00 00 00 00 00 00 00 00 00 00 00 58 3E 0F 00 80 A8 12 01 0F 27 00 00 5C 40 56 2F 00 00 00 00 00 00 00 00 4A DC [NAV-0x07]
< 84.358s B5 62 01 01 14 00 38 C7 00 00 C4 43 04 26 00 00 00 00 00 00 00 00 40 CA B7 26 2D 51 [NAV-0x01]
< 84.358s B5 62 01 02 1C 00 38 C7 00 00 00 00 00 00 00 00 00 00 00 00 00 00 98 BD FF FF FF FF FF FF 00 C0 89 DF 95 06 [NAV-0x02]
< 84.358s B5 62 01 12 24 00 38 C7 00 00 00 00 00 00 00 00 00 00 00 00 00 00 00 00 00 00 00 00 00 00 00 00 00 00 3C 86 01 00 80 A8 12 01 34 00 [NAV-0x12]
< 84.358s B5 62 01 35 08 00 38 C7 00 00 01 00 00 00 3E D8 [NAV-0x35]
< 84.358s B5 62 01 03 10 00 38 C7 00 00 00 40 00 08 00 00 00 00 4C C7 00 00 6E 23 [NAV-0x03]
< 84.358s B5 62 01 04 12 00 38 C7 00 00 0F 27 0F 27 0F 27 0F 27 0F 27 0F 27 0F 27 90 B8 [NAV-0x04]
< 84.358s B5 62 01 21 14 00 38 C7 00 00 FF FF FF FF 00 00 00 00 E5 07 03 07 00 00 33 F0 4A 96 [NAV-0x21]
< 84.358s B5 62 01 22 14 00 38 C7 00 00 00 00 00 00 00 00 00 00 FF FF FF FF 7C 36 39 00 1D ED [NAV-0x22]
< 84.407s B5 62 01 60 10 00 38 C7 00 00 01 00 00 00 00 00 00 00 00 00 00 00 71 89 [NAV-0x60]
< 84.551s B5 62 27 04 6C 00 01 00 70 00 FA 6D 48 8A 06 5D CC 67 54 6A CB 4F A3 A9 8F D8 32 22 CA D1 A0 77 73 9B 30 E9 1F BE D1 E7 AF 09 00 00 00 00 00 00 00 00 00 00 00 00 00 00 00 00 00 00 00 00 00 00 00 00 A6 1C B6 07 FC F8 41 60 96 97 A6 E8 50 98 95 06 75 38 D3 CE 0C 85 EB 8A 92 91 0C 68 29 64 89 DD 86 4F 45 0C 59 66 7A 30 AF 2D FF 17 16 6E D1 3E 20 35 [SEC-0x04]
< 84.551s B5 62 02 15 10 00 00 00 00 00 00 80 49 40 00 00 12 00 00 01 20 C8 2B E8 [RXM-0x15]
< 84.551s B5 62 01 07 5C 00 00 C8 00 00 E5 07 03 07 00 00 33 F0 FF FF FF FF 00 C2 EB 0B 00 00 24 00 00 00 00 00 00 00 00 00 00 00 00 00 98 BD FF FF FF FF FF FF 00 CB 89 DF 00 00 00 00 00 00 00 00 00 00 00 00 00 00 00 00 00 00 00 00 58 3E 0F 00 80 A8 12 01 0F 27 00 00 5C 40 56 2F 00 00 00 00 00 00 00 00 D6 03 [NAV-0x07]
< 84.551s B5 62 01 01 14 00 00 C8 00 00 C4 43 04 26 00 00 00 00 00 00 00 00 40 CC B7 26 F8 0A [NAV-0x01]
< 84.551s B5 62 01 02 1C 00 00 C8 00 00 00 00 00 00 00 00 00 00 00 00 00 00 98 BD FF FF FF FF FF FF 00 CB 89 DF 69 22 [NAV-0x02]
< 84.551s B5 62 01 12 24 00 00 C8 00 00 00 00 00 00 00 00 00 00 00 00 00 00 00 00 00 00 00 00 00 00 00 00 00 00 3C 86 01 00 80 A8 12 01 FD 43 [NAV-0x12]
< 84.551s B5 62 01 35 08 00 00 C8 00 00 01 00 00 00 07 1F [NAV-0x35]
< 84.551s B5 62 01 03 10 00 00 C8 00 00 00 40 00 08 00 00 00 00 14 C8 00 00 00 D5 [NAV-0x03]
< 84.551s B5 62 01 04 12 00 00 C8 00 00 0F 27 0F 27 0F 27 0F 27 0F 27 0F 27 0F 27 59 D9 [NAV-0x04]
< 84.551s B5 62 01 21 14 00 00 C8 00 00 FF FF FF FF 00 C2 EB 0B E5 07 03 07 00 00 33 F0 CB 30 [NAV-0x21]
< 84.551s B5 62 01 22 14 00 00 C8 00 00 00 00 00 00 00 00 00 00 FF FF FF FF 7C 36 39 00 E6 A0 [NAV-0x22]
< 84.748s B5 62 01 60 10 00 00 C8 00 00 01 00 00 00 00 00 00 00 00 00 00 00 3A 18 [NAV-0x60]
< 84.748s B5 62 02 15 10 00 9A 99 99 99 99 99 49 40 00 00 12 00 00 01 E8 C8 0A 71 [RXM-0x15]
< 84.748s B5 62 01 07 5C 00 C8 C8 00 00 E5 07 03 07 00 00 33 F0 FF FF FF FF FF 83 D7 17 00 00 24 00 00 00 00 00 00 00 00 00 00 00 00 00 98 BD FF FF FF FF FF FF 00 D5 89 DF 00 00 00 00 00 00 00 00 00 00 00 00 00 00 00 00 00 00 00 00 58 3E 0F 00 80 A8 12 01 0F 27 00 00 5C 40 56 2F 00 00 00 00 00 00 00 00 60 9C [NAV-0x07]
< 84.748s B5 62 01 01 14 00 C8 C8 00 00 C4 43 04 26 00 00 00 00 00 00 00 00 40 CE B7 26 C2 B0 [NAV-0x01]
< 84.748s B5 62 01 02 1C 00 C8 C8 00 00 00 00 00 00 00 00 00 00 00 00 00 00 98 BD FF FF FF FF FF FF 00 D5 89 DF 3B 20 [NAV-0x02]
< 84.748s B5 62 01 12 24 00 C8 C8 00 00 00 00 00 00 00 00 00 00 00 00 00 00 00 00 00 00 00 00 00 00 00 00 00 00 3C 86 01 00 80 A8 12 01 C5 63 [NAV-0x12]
< 84.748s B5 62 01 35 08 00 C8 C8 00 00 01 00 00 00 CF 5F [NAV-0x35]
< 84.748s B5 62 01 03 10 00 C8 C8 00 00 00 40 00 08 00 00 00 00 DC C8 00 00 90 75 [NAV-0x03]
< 84.748s B5 62 01 04 12 00 C8 C8 00 00 0F 27 0F 27 0F 27 0F 27 0F 27 0F 27 0F 27 21 E9 [NAV-0x04]
< 84.748s B5 62 01 21 14 00 C8 C8 00 00 FF FF FF FF FF 83 D7 17 E5 07 03 07 00 00 33 F0 4B B3 [NAV-0x21]
< 84.748s B5 62 01 22 14 00 C8 C8 00 00 00 00 00 00 00 00 00 00 FF FF FF FF 7C 36 39 00 AE 40 [NAV-0x22]
< 84.941s B5 62 01 60 10 00 C8 C8 00 00 01 00 00 00 00 00 00 00 00 00 00 00 02 98 [NAV-0x60]
< 84.941s B5 62 02 15 10 00 33 33 33 33 33 B3 49 40 00 00 12 00 00 01 B0 C9 EE 2C [RXM-0x15]
< 84.941s B5 62 01 07 5C 00 90 C9 00 00 E5 07 03 07 00 00 33 F0 FF FF FF FF 00 46 C3 23 00 00 24 00 00 00 00 00 00 00 00 00 00 00 00 00 98 BD FF FF FF FF FF FF 00 E0 89 DF 00 00 00 00 00 00 00 00 00 00 00 00 00 00 00 00 00 00 00 00 58 3E 0F 00 80 A8 12 01 0F 27 00 00 5C 40 56 2F 00 00 00 00 00 00 00 00 F0 ED [NAV-0x07]
< 84.941s B5 62 01 01 14 00 90 C9 00 00 C4 43 04 26 00 00 00 00 00 00 00 00 00 D0 B7 26 4D 69 [NAV-0x01]
< 84.941s B5 62 01 02 1C 00 90 C9 00 00 00 00 00 00 00 00 00 00 00 00 00 00 98 BD FF FF FF FF FF FF 00 E0 89 DF 0F 3C [NAV-0x02]
< 84.941s B5 62 01 12 24 00 90 C9 00 00 00 00 00 00 00 00 00 00 00 00 00 00 00 00 00 00 00 00 00 00 00 00 00 00 3C 86 01 00 80 A8 12 01 8E A6 [NAV-0x12]
< 84.941s B5 62 01 35 08 00 90 C9 00 00 01 00 00 00 98 A6 [NAV-0x35]
< 84.941s B5 62 01 03 10 00 90 C9 00 00 00 40 00 08 00 00 00 00 A4 C9 00 00 22 27 [NAV-0x03]
< 84.941s B5 62 01 04 12 00 90 C9 00 00 0F 27 0F 27 0F 27 0F 27 0F 27 0F 27 0F 27 EA 0A [NAV-0x04]
< 84.941s B5 62 01 21 14 00 90 C9 00 00 FF FF FF FF 00 46 C3 23 E5 07 03 07 00 00 33 F0 D0 77 [NAV-0x21]
< 84.941s B5 62 01 22 14 00 90 C9 00 00 00 00 00 00 00 00 00 00 FF FF FF FF 7C 36 39 00 77 F3 [NAV-0x22]
< 85.135s B5 62 01 60 10 00 90 C9 00 00 01 00 00 00 00 00 00 00 00 00 00 00 CB 27 [NAV-0x60]
< 85.135s B5 62 02 15 10 00 CD CC CC CC CC CC 49 40 00 00 12 00 00 01 78 CA CE B6 [RXM-0x15]
< 85.135s B5 62 01 07 5C 00 58 CA 00 00 E5 07 03 07 00 00 33 F0 FF FF FF FF 00 08 AF 2F 00 00 24 00 00 00 00 00 00 00 00 00 00 00 00 00 98 BD FF FF FF FF FF FF 00 EB 89 DF 00 00 00 00 00 00 00 00 00 00 00 00 00 00 00 00 00 00 00 00 58 3E 0F 00 80 A8 12 01 0F 27 00 00 5C 40 56 2F 00 00 00 00 00 00 00 00 7E A7 [NAV-0x07]
< 85.135s B5 62 01 01 14 00 58 CA 00 00 C4 43 04 26 00 00 00 00 00 00 00 00 C0 D1 B7 26 D7 1F [NAV-0x01]
< 85.135s B5 62 01 02 1C 00 58 CA 00 00 00 00 00 00 00 00 00 00 00 00 00 00 98 BD FF FF FF FF FF FF 00 EB 89 DF E3 58 [NAV-0x02]
< 85.135s B5 62 01 12 24 00 58 CA 00 00 00 00 00 00 00 00 00 00 00 00 00 00 00 00 00 00 00 00 00 00 00 00 00 00 3C 86 01 00 80 A8 12 01 57 E9 [NAV-0x12]
< 85.135s B5 62 01 35 08 00 58 CA 00 00 01 00 00 00 61 ED [NAV-0x35]
< 85.135s B5 62 01 03 10 00 58 CA 00 00 00 40 00 08 00 00 00 00 6C CA 00 00 B4 D9 [NAV-0x03]
< 85.135s B5 62 01 04 12 00 58 CA 00 00 0F 27 0F 27 0F 27 0F 27 0F 27 0F 27 0F 27 B3 2B [NAV-0x04]
< 85.135s B5 62 01 21 14 00 58 CA 00 00 FF FF FF FF 00 08 AF 2F E5 07 03 07 00 00 33 F0 53 24 [NAV-0x21]
< 85.135s B5 62 01 22 14 00 58 CA 00 00 00 00 00 00 00 00 00 00 FF FF FF FF 7C 36 39 00 40 A6 [NAV-0x22]
< 85.329s B5 62 01 60 10 00 58 CA 00 00 01 00 00 00 00 00 00 00 00 00 00 00 94 B6 [NAV-0x60]
< 85.329s B5 62 0A 38 1C 00 00 01 00 00 00 00 01 02 00 00 00 00 00 00 00 00 59 00 CE 0D 30 08 82 08 87 00 00 00 DF 60 [MON-0x38]
< 85.329s B5 62 02 15 10 00 67 66 66 66 66 E6 49 40 00 00 12 00 00 01 40 CB B3 81 [RXM-0x15]
< 85.377s B5 62 01 07 5C 00 20 CB 00 00 E5 07 03 07 00 00 34 F0 FF FF FF FF 00 00 00 00 00 00 24 00 00 00 00 00 00 00 00 00 00 00 00 00 98 BD FF FF FF FF FF FF 00 F6 89 DF 00 00 00 00 00 00 00 00 00 00 00 00 00 00 00 00 00 00 00 00 58 3E 0F 00 80 A8 12 01 0F 27 00 00 5C 40 56 2F 00 00 00 00 00 00 00 00 6D E4 [NAV-0x07]
< 85.377s B5 62 01 01 14 00 20 CB 00 00 C4 43 04 26 00 00 00 00 00 00 00 00 C0 D3 B7 26 A2 D8 [NAV-0x01]
< 85.377s B5 62 01 02 1C 00 20 CB 00 00 00 00 00 00 00 00 00 00 00 00 00 00 98 BD FF FF FF FF FF FF 00 F6 89 DF B7 74 [NAV-0x02]
< 85.377s B5 62 01 12 24 00 20 CB 00 00 00 00 00 00 00 00 00 00 00 00 00 00 00 00 00 00 00 00 00 00 00 00 00 00 3C 86 01 00 80 A8 12 01 20 2C [NAV-0x12]
< 85.377s B5 62 01 35 08 00 20 CB 00 00 01 00 00 00 2A 34 [NAV-0x35]
< 85.377s B5 62 01 03 10 00 20 CB 00 00 00 40 00 08 00 00 00 00 34 CB 00 00 46 8B [NAV-0x03]
< 85.377s B5 62 01 04 12 00 20 CB 00 00 0F 27 0F 27 0F 27 0F 27 0F 27 0F 27 0F 27 7C 4C [NAV-0x04]
< 85.377s B5 62 01 21 14 00 20 CB 00 00 FF FF FF FF 00 00 00 00 E5 07 03 07 00 00 34 F0 37 04 [NAV-0x21]
< 85.377s B5 62 01 22 14 00 20 CB 00 00 00 00 00 00 00 00 00 00 FF FF FF FF 7C 36 39 00 09 59 [NAV-0x22]
< 85.526s B5 62 01 60 10 00 20 CB 00 00 01 00 00 00 00 00 00 00 00 00 00 00 5D 45 [NAV-0x60]
< 85.575s B5 62 02 15 10 00 00 00 00 00 00 00 4A 40 00 00 12 00 00 01 08 CC 98 46 [RXM-0x15]
< 85.575s B5 62 01 07 5C 00 E8 CB 00 00 E5 07 03 07 00 00 34 F0 FF FF FF FF 00 C2 EB 0B 00 00 24 00 00 00 00 00 00 00 00 00 00 00 00 00 98 BD FF FF FF FF FF FF 00 00 8A DF 00 00 00 00 00 00 00 00 00 00 00 00 00 00 00 00 00 00 00 00 58 3E 0F 00 80 A8 12 01 0F 27 00 00 5C 40 56 2F 00 00 00 00 00 00 00 00 F8 AF [NAV-0x07]
< 85.575s B5 62 01 01 14 00 E8 CB 00 00 C4 43 04 26 00 00 00 00 00 00 00 00 C0 D5 B7 26 6C 7E [NAV-0x01]
< 85.575s B5 62 01 02 1C 00 E8 CB 00 00 00 00 00 00 00 00 00 00 00 00 00 00 98 BD FF FF FF FF FF FF 00 00 8A DF 8A 74 [NAV-0x02]
< 85.575s B5 62 01 12 24 00 E8 CB 00 00 00 00 00 00 00 00 00 00 00 00 00 00 00 00 00 00 00 00 00 00 00 00 00 00 3C 86 01 00 80 A8 12 01 E8 4C [NAV-0x12]
< 85.575s B5 62 01 35 08 00 E8 CB 00 00 01 00 00 00 F2 74 [NAV-0x35]
< 85.575s B5 62 01 03 10 00 E8 CB 00 00 00 40 00 08 00 00 00 00 FC CB 00 00 D6 2B [NAV-0x03]
< 85.575s B5 62 01 04 12 00 E8 CB 00 00 0F 27 0F 27 0F 27 0F 27 0F 27 0F 27 0F 27 44 5C [NAV-0x04]
< 85.575s B5 62 01 21 14 00 E8 CB 00 00 FF FF FF FF 00 C2 EB 0B E5 07 03 07 00 00 34 F0 B7 8B [NAV-0x21]
< 85.575s B5 62 01 22 14 00 E8 CB 00 00 00 00 00 00 00 00 00 00 FF FF FF FF 7C 36 39 00 D1 F9 [NAV-0x22]
< 85.723s B5 62 01 60 10 00 E8 CB 00 00 01 00 00 00 00 00 00 00 00 00 00 00 25 C5 [NAV-0x60]
< 85.772s B5 62 02 15 10 00 9A 99 99 99 99 19 4A 40 00 00 12 00 00 01 D0 CC 77 CF [RXM-0x15]
< 85.772s B5 62 01 07 5C 00 B0 CC 00 00 E5 07 03 07 00 00 34 F0 FF FF FF FF FF 83 D7 17 00 00 24 00 00 00 00 00 00 00 00 00 00 00 00 00 98 BD FF FF FF FF FF FF 00 0C 8A DF 00 00 00 00 00 00 00 00 00 00 00 00 00 00 00 00 00 00 00 00 58 3E 0F 00 80 A8 12 01 0F 27 00 00 5C 40 56 2F 00 00 00 00 00 00 00 00 85 01 [NAV-0x07]
< 85.772s B5 62 01 01 14 00 B0 CC 00 00 C4 43 04 26 00 00 00 00 00 00 00 00 80 D7 B7 26 F7 37 [NAV-0x01]
< 85.772s B5 62 01 02 1C 00 B0 CC 00 00 00 00 00 00 00 00 00 00 00 00 00 00 98 BD FF FF FF FF FF FF 00 0C 8A DF 5F 93 [NAV-0x02]
< 85.772s B5 62 01 12 24 00 B0 CC 00 00 00 00 00 00 00 00 00 00 00 00 00 00 00 00 00 00 00 00 00 00 00 00 00 00 3C 86 01 00 80 A8 12 01 B1 8F [NAV-0x12]
< 85.772s B5 62 01 35 08 00 B0 CC 00 00 01 00 00 00 BB BB [NAV-0x35]
< 85.772s B5 62 01 03 10 00 B0 CC 00 00 00 40 00 08 00 00 00 00 C4 CC 00 00 68 DD [NAV-0x03]
< 85.772s B5 62 01 04 12 00 B0 CC 00 00 0F 27 0F 27 0F 27 0F 27 0F 27 0F 27 0F 27 0D 7D [NAV-0x04]
< 85.772s B5 62 01 21 14 00 B0 CC 00 00 FF FF FF FF FF 83 D7 17 E5 07 03 07 00 00 34 F0 38 21 [NAV-0x21]
< 85.772s B5 62 01 22 14 00 B0 CC 00 00 00 00 00 00 00 00 00 00 FF FF FF FF 7C 36 39 00 9A AC [NAV-0x22]
< 85.967s B5 62 01 60 10 00 B0 CC 00 00 01 00 00 00 00 00 00 00 00 00 00 00 EE 54 [NAV-0x60]
< 85.967s B5 62 02 15 10 00 33 33 33 33 33 33 4A 40 00 00 12 00 00 01 98 CD 5B 8A [RXM-0x15]
< 85.967s B5 62 01 07 5C 00 78 CD 00 00 E5 07 03 07 00 00 34 F0 FF FF FF FF 00 46 C3 23 00 00 24 00 00 00 00 00 00 00 00 00 00 00 00 00 98 BD FF FF FF FF FF FF 00 17 8A DF 00 00 00 00 00 00 00 00 00 00 00 00 00 00 00 00 00 00 00 00 58 3E 0F 00 80 A8 12 01 0F 27 00 00 5C 40 56 2F 00 00 00 00 00 00 00 00 15 52 [NAV-0x07]
< 85.967s B5 62 01 01 14 00 78 CD 00 00 C4 43 04 26 00 00 00 00 00 00 00 00 80 D9 B7 26 C2 F0 [NAV-0x01]
< 85.967s B5 62 01 02 1C 00 78 CD 00 00 00 00 00 00 00 00 00 00 00 00 00 00 98 BD FF FF FF FF FF FF 00 17 8A DF 33 AF [NAV-0x02]
< 85.967s B5 62 01 12 24 00 78 CD 00 00 00 00 00 00 00 00 00 00 00 00 00 00 00 00 00 00 00 00 00 00 00 00 00 00 3C 86 01 00 80 A8 12 01 7A D2 [NAV-0x12]
< 85.967s B5 62 01 35 08 00 78 CD 00 00 01 00 00 00 84 02 [NAV-0x35]
< 85.967s B5 62 01 03 10 00 78 CD 00 00 00 40 00 08 00 00 00 00 8C CD 00 00 FA 8F [NAV-0x03]
< 85.967s B5 62 01 04 12 00 78 CD 00 00 0F 27 0F 27 0F 27 0F 27 0F 27 0F 27 0F 27 D6 9E [NAV-0x04]
< 85.967s B5 62 01 21 14 00 78 CD 00 00 FF FF FF FF 00 46 C3 23 E5 07 03 07 00 00 34 F0 BD E5 [NAV-0x21]
< 85.967s B5 62 01 22 14 00 78 CD 00 00 00 00 00 00 00 00 00 00 FF FF FF FF 7C 36 39 00 63 5F [NAV-0x22]
< 86.165s B5 62 01 60 10 00 78 CD 00 00 01 00 00 00 00 00 00 00 00 00 00 00 B7 E3 [NAV-0x60]
< 86.165s B5 62 02 15 10 00 CD CC CC CC CC 4C 4A 40 00 00 12 00 00 01 60 CE 3B 14 [RXM-0x15]
< 86.165s B5 62 01 07 5C 00 40 CE 00 00 E5 07 03 07 00 00 34 F0 FF FF FF FF 00 08 AF 2F 00 00 24 00 00 00 00 00 00 00 00 00 00 00 00 00 98 BD FF FF FF FF FF FF 00 22 8A DF 00 00 00 00 00 00 00 00 00 00 00 00 00 00 00 00 00 00 00 00 58 3E 0F 00 80 A8 12 01 0F 27 00 00 5C 40 56 2F 00 00 00 00 00 00 00 00 A3 0C [NAV-0x07]
< 86.165s B5 62 01 01 14 00 40 CE 00 00 C4 43 04 26 00 00 00 00 00 00 00 00 40 DB B7 26 4D A9 [NAV-0x01]
< 86.165s B5 62 01 02 1C 00 40 CE 00 00 00 00 00 00 00 00 00 00 00 00 00 00 98 BD FF FF FF FF FF FF 00 22 8A DF 07 CB [NAV-0x02]
< 86.165s B5 62 01 12 24 00 40 CE 00 00 00 00 00 00 00 00 00 00 00 00 00 00 00 00 00 00 00 00 00 00 00 00 00 00 3C 86 01 00 80 A8 12 01 43 15 [NAV-0x12]
< 86.165s B5 62 01 35 08 00 40 CE 00 00 01 00 00 00 4D 49 [NAV-0x35]
< 86.165s B5 62 01 03 10 00 40 CE 00 00 00 40 00 08 00 00 00 00 54 CE 00 00 8C 41 [NAV-0x03]
< 86.165s B5 62 01 04 12 00 40 CE 00 00 0F 27 0F 27 0F 27 0F 27 0F 27 0F 27 0F 27 9F BF [NAV-0x04]
< 86.165s B5 62 01 21 14 00 40 CE 00 00 FF FF FF FF 00 08 AF 2F E5 07 03 07 00 00 34 F0 40 92 [NAV-0x21]
< 86.165s B5 62 01 22 14 00 40 CE 00 00 00 00 00 00 00 00 00 00 FF FF FF FF 7C 36 39 00 2C 12 [NAV-0x22]
< 86.313s B5 62 01 60 10 00 40 CE 00 00 01 00 00 00 00 00 00 00 00 00 00 00 80 72 [NAV-0x60]
< 86.363s B5 62 0A 38 1C 00 00 01 00 00 00 00 01 02 00 00 00 00 00 00 00 00 59 00 CE 0D 31 07 82 08 84 00 00 00 DC 55 [MON-0x38]
< 86.363s B5 62 02 15 10 00 67 66 66 66 66 66 4A 40 00 00 12 00 00 01 28 CF 20 DF [RXM-0x15]
< 86.363s B5 62 01 07 5C 00 08 CF 00 00 E5 07 03 07 00 00 35 F0 FF FF FF FF 00 00 00 00 00 00 24 00 00 00 00 00 00 00 00 00 00 00 00 00 98 BD FF FF FF FF FF FF 00 2C 8A DF 00 00 00 00 00 00 00 00 00 00 00 00 00 00 00 00 00 00 00 00 58 3E 0F 00 80 A8 12 01 0F 27 00 00 5C 40 56 2F 00 00 00 00 00 00 00 00 91 1A [NAV-0x07]
< 86.363s B5 62 01 01 14 00 08 CF 00 00 C4 43 04 26 00 00 00 00 00 00 00 00 00 DD B7 26 D8 62 [NAV-0x01]
< 86.363s B5 62 01 02 1C 00 08 CF 00 00 00 00 00 00 00 00 00 00 00 00 00 00 98 BD FF FF FF FF FF FF 00 2C 8A DF DA E4 [NAV-0x02]
< 86.363s B5 62 01 12 24 00 08 CF 00 00 00 00 00 00 00 00 00 00 00 00 00 00 00 00 00 00 00 00 00 00 00 00 00 00 3C 86 01 00 80 A8 12 01 0C 58 [NAV-0x12]
< 86.363s B5 62 01 35 08 00 08 CF 00 00 01 00 00 00 16 90 [NAV-0x35]
< 86.363s B5 62 01 03 10 00 08 CF 00 00 00 40 00 08 00 00 00 00 1C CF 00 00 1E F3 [NAV-0x03]
< 86.363s B5 62 01 04 12 00 08 CF 00 00 0F 27 0F 27 0F 27 0F 27 0F 27 0F 27 0F 27 68 E0 [NAV-0x04]
< 86.363s B5 62 01 21 14 00 08 CF 00 00 FF FF FF FF 00 00 00 00 E5 07 03 07 00 00 35 F0 24 72 [NAV-0x21]
< 86.363s B5 62 01 22 14 00 08 CF 00 00 00 00 00 00 00 00 00 00 FF FF FF FF 7C 36 39 00 F5 C5 [NAV-0x22]
< 86.413s B5 62 01 60 10 00 08 CF 00 00 01 00 00 00 00 00 00 00 00 00 00 00 49 01 [NAV-0x60]
< 86.562s B5 62 27 04 6C 00 01 00 70 00 07 AE 64 27 FD 20 A6 EE EE B8 11 8D 90 07 F4 BC E2 A0 3D B0 29 C7 E8 6C AE 92 1F AD 47 58 9F 9B 00 00 00 00 00 00 00 00 00 00 00 00 00 00 00 00 00 00 00 00 00 00 00 00 7F 83 E9 10 2F C9 77 99 91 01 60 54 DA 95 6F 42 E6 BF 03 C1 0D B0 EE 0A D5 B4 1A 56 FE D0 62 85 0E 84 7E AA 6F 4D C1 68 3B 49 06 FE B5 3C 22 F4 7F D8 [SEC-0x04]
< 86.562s B5 62 02 15 10 00 00 00 00 00 00 80 4A 40 00 00 12 00 00 01 F0 CF 03 99 [RXM-0x15]
< 86.562s B5 62 01 07 5C 00 D0 CF 00 00 E5 07 03 07 00 00 35 F0 FF FF FF FF 00 C2 EB 0B 00 00 24 00 00 00 00 00 00 00 00 00 00 00 00 00 98 BD FF FF FF FF FF FF 00 37 8A DF 00 00 00 00 00 00 00 00 00 00 00 00 00 00 00 00 00 00 00 00 58 3E 0F 00 80 A8 12 01 0F 27 00 00 5C 40 56 2F 00 00 00 00 00 00 00 00 1C E6 [NAV-0x07]
< 86.562s B5 62 01 01 14 00 D0 CF 00 00 C4 43 04 26 00 00 00 00 00 00 00 00 00 DF B7 26 A2 08 [NAV-0x01]
< 86.562s B5 62 01 02 1C 00 D0 CF 00 00 00 00 00 00 00 00 00 00 00 00 00 00 98 BD FF FF FF FF FF FF 00 37 8A DF AD E5 [NAV-0x02]
< 86.562s B5 62 01 12 24 00 D0 CF 00 00 00 00 00 00 00 00 00 00 00 00 00 00 00 00 00 00 00 00 00 00 00 00 00 00 3C 86 01 00 80 A8 12 01 D4 78 [NAV-0x12]
< 86.562s B5 62 01 35 08 00 D0 CF 00 00 01 00 00 00 DE D0 [NAV-0x35]
< 86.562s B5 62 01 03 10 00 D0 CF 00 00 00 40 00 08 00 00 00 00 E4 CF 00 00 AE 93 [NAV-0x03]
< 86.562s B5 62 01 04 12 00 D0 CF 00 00 0F 27 0F 27 0F 27 0F 27 0F 27 0F 27 0F 27 30 F0 [NAV-0x04]
< 86.562s B5 62 01 21 14 00 D0 CF 00 00 FF FF FF FF 00 C2 EB 0B E5 07 03 07 00 00 35 F0 A4 F9 [NAV-0x21]
< 86.562s B5 62 01 22 14 00 D0 CF 00 00 00 00 00 00 00 00 00 00 FF FF FF FF 7C 36 39 00 BD 65 [NAV-0x22]
< 86.763s B5 62 01 60 10 00 D0 CF 00 00 01 00 00 00 00 00 00 00 00 00 00 00 11 81 [NAV-0x60]
< 86.763s B5 62 02 15 10 00 9A 99 99 99 99 99 4A 40 00 00 12 00 00 01 B8 D0 E3 23 [RXM-0x15]
< 86.763s B5 62 01 07 5C 00 98 D0 00 00 E5 07 03 07 00 00 35 F0 FF FF FF FF FF 83 D7 17 00 00 24 00 00 00 00 00 00 00 00 00 00 00 00 00 98 BD FF FF FF FF FF FF 00 42 8A DF 00 00 00 00 00 00 00 00 00 00 00 00 00 00 00 00 00 00 00 00 58 3E 0F 00 80 A8 12 01 0F 27 00 00 5C 40 56 2F 00 00 00 00 00 00 00 00 A8 09 [NAV-0x07]
< 86.763s B5 62 01 01 14 00 98 D0 00 00 C4 43 04 26 00 00 00 00 00 00 00 00 00 E1 B7 26 6D C1 [NAV-0x01]
< 86.763s B5 62 01 02 1C 00 98 D0 00 00 00 00 00 00 00 00 00 00 00 00 00 00 98 BD FF FF FF FF FF FF 00 42 8A DF 81 01 [NAV-0x02]
< 86.763s B5 62 01 12 24 00 98 D0 00 00 00 00 00 00 00 00 00 00 00 00 00 00 00 00 00 00 00 00 00 00 00 00 00 00 3C 86 01 00 80 A8 12 01 9D BB [NAV-0x12]
< 86.763s B5 62 01 35 08 00 98 D0 00 00 01 00 00 00 A7 17 [NAV-0x35]
< 86.763s B5 62 01 03 10 00 98 D0 00 00 00 40 00 08 00 00 00 00 AC D0 00 00 40 45 [NAV-0x03]
< 86.763s B5 62 01 04 12 00 98 D0 00 00 0F 27 0F 27 0F 27 0F 27 0F 27 0F 27 0F 27 F9 11 [NAV-0x04]
< 86.763s B5 62 01 21 14 00 98 D0 00 00 FF FF FF FF FF 83 D7 17 E5 07 03 07 00 00 35 F0 25 8F [NAV-0x21]
< 86.763s B5 62 01 22 14 00 98 D0 00 00 00 00 00 00 00 00 00 00 FF FF FF FF 7C 36 39 00 86 18 [NAV-0x22]
< 86.961s B5 62 01 60 10 00 98 D0 00 00 01 00 00 00 00 00 00 00 00 00 00 00 DA 10 [NAV-0x60]
< 86.961s B5 62 02 15 10 00 33 33 33 33 33 B3 4A 40 00 00 12 00 00 01 80 D1 C7 DE [RXM-0x15]
< 86.961s B5 62 01 07 5C 00 60 D1 00 00 E5 07 03 07 00 00 35 F0 FF FF FF FF 00 46 C3 23 00 00 24 00 00 00 00 00 00 00 00 00 00 00 00 00 98 BD FF FF FF FF FF FF 00 4E 8A DF 00 00 00 00 00 00 00 00 00 00 00 00 00 00 00 00 00 00 00 00 58 3E 0F 00 80 A8 12 01 0F 27 00 00 5C 40 56 2F 00 00 00 00 00 00 00 00 39 89 [NAV-0x07]
< 86.961s B5 62 01 01 14 00 60 D1 00 00 C4 43 04 26 00 00 00 00 00 00 00 00 00 E3 B7 26 38 7A [NAV-0x01]
< 86.961s B5 62 01 02 1C 00 60 D1 00 00 00 00 00 00 00 00 00 00 00 00 00 00 98 BD FF FF FF FF FF FF 00 4E 8A DF 56 20 [NAV-0x02]
< 86.961s B5 62 01 12 24 00 60 D1 00 00 00 00 00 00 00 00 00 00 00 00 00 00 00 00 00 00 00 00 00 00 00 00 00 00 3C 86 01 00 80 A8 12 01 66 FE [NAV-0x12]
< 86.961s B5 62 01 35 08 00 60 D1 00 00 01 00 00 00 70 5E [NAV-0x35]
< 86.961s B5 62 01 03 10 00 60 D1 00 00 00 40 00 08 00 00 00 00 74 D1 00 00 D2 F7 [NAV-0x03]
< 86.961s B5 62 01 04 12 00 60 D1 00 00 0F 27 0F 27 0F 27 0F 27 0F 27 0F 27 0F 27 C2 32 [NAV-0x04]
< 86.961s B5 62 01 21 14 00 60 D1 00 00 FF FF FF FF 00 46 C3 23 E5 07 03 07 00 00 35 F0 AA 53 [NAV-0x21]
< 86.961s B5 62 01 22 14 00 60 D1 00 00 00 00 00 00 00 00 00 00 FF FF FF FF 7C 36 39 00 4F CB [NAV-0x22]
< 87.161s B5 62 01 60 10 00 60 D1 00 00 01 00 00 00 00 00 00 00 00 00 00 00 A3 9F [NAV-0x60]
< 87.161s B5 62 02 15 10 00 CD CC CC CC CC CC 4A 40 00 00 12 00 00 01 48 D2 A7 68 [RXM-0x15]
< 87.161s B5 62 01 07 5C 00 28 D2 00 00 E5 07 03 07 00 00 35 F0 FF FF FF FF 00 08 AF 2F 00 00 24 00 00 00 00 00 00 00 00 00 00 00 00 00 98 BD FF FF FF FF FF FF 00 58 8A DF 00 00 00 00 00 00 00 00 00 00 00 00 00 00 00 00 00 00 00 00 58 3E 0F 00 80 A8 12 01 0F 27 00 00 5C 40 56 2F 00 00 00 00 00 00 00 00 C6 14 [NAV-0x07]
< 87.161s B5 62 01 01 14 00 28 D2 00 00 C4 43 04 26 00 00 00 00 00 00 00 00 00 E5 B7 26 03 33 [NAV-0x01]
< 87.161s B5 62 01 02 1C 00 28 D2 00 00 00 00 00 00 00 00 00 00 00 00 00 00 98 BD FF FF FF FF FF FF 00 58 8A DF 29 39 [NAV-0x02]
< 87.161s B5 62 01 12 24 00 28 D2 00 00 00 00 00 00 00 00 00 00 00 00 00 00 00 00 00 00 00 00 00 00 00 00 00 00 3C 86 01 00 80 A8 12 01 2F 41 [NAV-0x12]
< 87.161s B5 62 01 35 08 00 28 D2 00 00 01 00 00 00 39 A5 [NAV-0x35]
< 87.161s B5 62 01 03 10 00 28 D2 00 00 00 40 00 08 00 00 00 00 3C D2 00 00 64 A9 [NAV-0x03]
< 87.161s B5 62 01 04 12 00 28 D2 00 00 0F 27 0F 27 0F 27 0F 27 0F 27 0F 27 0F 27 8B 53 [NAV-0x04]
< 87.161s B5 62 01 21 14 00 28 D2 00 00 FF FF FF FF 00 08 AF 2F E5 07 03 07 00 00 35 F0 2D 00 [NAV-0x21]
< 87.161s B5 62 01 22 14 00 28 D2 00 00 00 00 00 00 00 00 00 00 FF FF FF FF 7C 36 39 00 18 7E [NAV-0x22]
< 87.311s B5 62 01 60 10 00 28 D2 00 00 01 00 00 00 00 00 00 00 00 00 00 00 6C 2E [NAV-0x60]
< 87.361s B5 62 0A 38 1C 00 00 01 00 00 00 00 01 02 00 00 00 00 00 00 00 00 59 00 CE 0D 32 08 83 08 85 00 00 00 E0 6E [MON-0x38]
< 87.361s B5 62 02 15 10 00 67 66 66 66 66 E6 4A 40 00 00 12 00 00 01 10 D3 8C 33 [RXM-0x15]
< 87.361s B5 62 01 07 5C 00 F0 D2 00 00 E5 07 03 07 00 00 36 F0 FF FF FF FF 00 00 00 00 00 00 24 00 00 00 00 00 00 00 00 00 00 00 00 00 98 BD FF FF FF FF FF FF 00 64 8A DF 00 00 00 00 00 00 00 00 00 00 00 00 00 00 00 00 00 00 00 00 58 3E 0F 00 80 A8 12 01 0F 27 00 00 5C 40 56 2F 00 00 00 00 00 00 00 00 B5 25 [NAV-0x07]
< 87.361s B5 62 01 01 14 00 F0 D2 00 00 C4 43 04 26 00 00 00 00 00 00 00 00 00 E7 B7 26 CD D9 [NAV-0x01]
< 87.361s B5 62 01 02 1C 00 F0 D2 00 00 00 00 00 00 00 00 00 00 00 00 00 00 98 BD FF FF FF FF FF FF 00 64 8A DF FD 3D [NAV-0x02]
< 87.361s B5 62 01 12 24 00 F0 D2 00 00 00 00 00 00 00 00 00 00 00 00 00 00 00 00 00 00 00 00 00 00 00 00 00 00 3C 86 01 00 80 A8 12 01 F7 61 [NAV-0x12]
< 87.361s B5 62 01 35 08 00 F0 D2 00 00 01 00 00 00 01 E5 [NAV-0x35]
< 87.361s B5 62 01 03 10 00 F0 D2 00 00 00 40 00 08 00 00 00 00 04 D3 00 00 F5 4C [NAV-0x03]
< 87.361s B5 62 01 04 12 00 F0 D2 00 00 0F 27 0F 27 0F 27 0F 27 0F 27 0F 27 0F 27 53 63 [NAV-0x04]
< 87.361s B5 62 01 21 14 00 F0 D2 00 00 FF FF FF FF 00 00 00 00 E5 07 03 07 00 00 36 F0 10 CD [NAV-0x21]
< 87.361s B5 62 01 22 14 00 F0 D2 00 00 00 00 00 00 00 00 00 00 FF FF FF FF 7C 36 39 00 E0 1E [NAV-0x22]
< 87.563s B5 62 01 60 10 00 F0 D2 00 00 01 00 00 00 00 00 00 00 00 00 00 00 34 AE [NAV-0x60]
< 87.563s B5 62 02 15 10 00 00 00 00 00 00 00 4B 40 00 00 12 00 00 01 D8 D3 70 F7 [RXM-0x15]
< 87.563s B5 62 01 07 5C 00 B8 D3 00 00 E5 07 03 07 00 00 36 F0 FF FF FF FF 00 C2 EB 0B 00 00 24 00 00 00 00 00 00 00 00 00 00 00 00 00 98 BD FF FF FF FF FF FF 00 70 8A DF 00 00 00 00 00 00 00 00 00 00 00 00 00 00 00 00 00 00 00 00 58 3E 0F 00 80 A8 12 01 0F 27 00 00 5C 40 56 2F 00 00 00 00 00 00 00 00 42 7B [NAV-0x07]
< 87.563s B5 62 01 01 14 00 B8 D3 00 00 C4 43 04 26 00 00 00 00 00 00 00 00 C0 E8 B7 26 57 8F [NAV-0x01]
< 87.563s B5 62 01 02 1C 00 B8 D3 00 00 00 00 00 00 00 00 00 00 00 00 00 00 98 BD FF FF FF FF FF FF 00 70 8A DF D2 5C [NAV-0x02]
< 87.563s B5 62 01 12 24 00 B8 D3 00 00 00 00 00 00 00 00 00 00 00 00 00 00 00 00 00 00 00 00 00 00 00 00 00 00 3C 86 01 00 80 A8 12 01 C0 A4 [NAV-0x12]
< 87.563s B5 62 01 35 08 00 B8 D3 00 00 01 00 00 00 CA 2C [NAV-0x35]
< 87.563s B5 62 01 03 10 00 B8 D3 00 00 00 40 00 08 00 00 00 00 CC D3 00 00 86 FB [NAV-0x03]
< 87.563s B5 62 01 04 12 00 B8 D3 00 00 0F 27 0F 27 0F 27 0F 27 0F 27 0F 27 0F 27 1C 84 [NAV-0x04]
< 87.563s B5 62 01 21 14 00 B8 D3 00 00 FF FF FF FF 00 C2 EB 0B E5 07 03 07 00 00 36 F0 91 67 [NAV-0x21]
< 87.563s B5 62 01 22 14 00 B8 D3 00 00 00 00 00 00 00 00 00 00 FF FF FF FF 7C 36 39 00 A9 D1 [NAV-0x22]
< 87.769s B5 62 01 60 10 00 B8 D3 00 00 01 00 00 00 00 00 00 00 00 00 00 00 FD 3D [NAV-0x60]
< 87.769s B5 62 02 15 10 00 9A 99 99 99 99 19 4B 40 00 00 12 00 00 01 A0 D4 50 81 [RXM-0x15]
< 87.769s B5 62 01 07 5C 00 80 D4 00 00 E5 07 03 07 00 00 36 F0 FF FF FF FF FF 83 D7 17 00 00 24 00 00 00 00 00 00 00 00 00 00 00 00 00 98 BD FF FF FF FF FF FF 00 7B 8A DF 00 00 00 00 00 00 00 00 00 00 00 00 00 00 00 00 00 00 00 00 58 3E 0F 00 80 A8 12 01 0F 27 00 00 5C 40 56 2F 00 00 00 00 00 00 00 00 CE 9E [NAV-0x07]
< 87.769s B5 62 01 01 14 00 80 D4 00 00 C4 43 04 26 00 00 00 00 00 00 00 00 C0 EA B7 26 22 48 [NAV-0x01]
< 87.769s B5 62 01 02 1C 00 80 D4 00 00 00 00 00 00 00 00 00 00 00 00 00 00 98 BD FF FF FF FF FF FF 00 7B 8A DF A6 78 [NAV-0x02]
< 87.769s B5 62 01 12 24 00 80 D4 00 00 00 00 00 00 00 00 00 00 00 00 00 00 00 00 00 00 00 00 00 00 00 00 00 00 3C 86 01 00 80 A8 12 01 89 E7 [NAV-0x12]
< 87.769s B5 62 01 35 08 00 80 D4 00 00 01 00 00 00 93 73 [NAV-0x35]
< 87.769s B5 62 01 03 10 00 80 D4 00 00 00 40 00 08 00 00 00 00 94 D4 00 00 18 AD [NAV-0x03]
< 87.769s B5 62 01 04 12 00 80 D4 00 00 0F 27 0F 27 0F 27 0F 27 0F 27 0F 27 0F 27 E5 A5 [NAV-0x04]
< 87.769s B5 62 01 21 14 00 80 D4 00 00 FF FF FF FF FF 83 D7 17 E5 07 03 07 00 00 36 F0 12 FD [NAV-0x21]
< 87.769s B5 62 01 22 14 00 80 D4 00 00 00 00 00 00 00 00 00 00 FF FF FF FF 7C 36 39 00 72 84 [NAV-0x22]
< 87.920s B5 62 01 60 10 00 80 D4 00 00 01 00 00 00 00 00 00 00 00 00 00 00 C6 CC [NAV-0x60]
< 87.970s B5 62 02 15 10 00 33 33 33 33 33 33 4B 40 00 00 12 00 00 01 68 D5 34 3C [RXM-0x15]
< 87.971s B5 62 01 07 5C 00 48 D5 00 00 E5 07 03 07 00 00 36 F0 FF FF FF FF 00 46 C3 23 00 00 24 00 00 00 00 00 00 00 00 00 00 00 00 00 98 BD FF FF FF FF FF FF 00 86 8A DF 00 00 00 00 00 00 00 00 00 00 00 00 00 00 00 00 00 00 00 00 58 3E 0F 00 80 A8 12 01 0F 27 00 00 5C 40 56 2F 00 00 00 00 00 00 00 00 5E EF [NAV-0x07]
< 87.971s B5 62 01 01 14 00 48 D5 00 00 C4 43 04 26 00 00 00 00 00 00 00 00 C0 EC B7 26 ED 01 [NAV-0x01]
< 87.971s B5 62 01 02 1C 00 48 D5 00 00 00 00 00 00 00 00 00 00 00 00 00 00 98 BD FF FF FF FF FF FF 00 86 8A DF 7A 94 [NAV-0x02]
< 87.971s B5 62 01 12 24 00 48 D5 00 00 00 00 00 00 00 00 00 00 00 00 00 00 00 00 00 00 00 00 00 00 00 00 00 00 3C 86 01 00 80 A8 12 01 52 2A [NAV-0x12]
< 87.971s B5 62 01 35 08 00 48 D5 00 00 01 00 00 00 5C BA [NAV-0x35]
< 87.971s B5 62 01 03 10 00 48 D5 00 00 00 40 00 08 00 00 00 00 5C D5 00 00 AA 5F [NAV-0x03]
< 87.971s B5 62 01 04 12 00 48 D5 00 00 0F 27 0F 27 0F 27 0F 27 0F 27 0F 27 0F 27 AE C6 [NAV-0x04]
< 87.971s B5 62 01 21 14 00 48 D5 00 00 FF FF FF FF 00 46 C3 23 E5 07 03 07 00 00 36 F0 97 C1 [NAV-0x21]
< 87.971s B5 62 01 22 14 00 48 D5 00 00 00 00 00 00 00 00 00 00 FF FF FF FF 7C 36 39 00 3B 37 [NAV-0x22]
< 88.124s B5 62 01 60 10 00 48 D5 00 00 01 00 00 00 00 00 00 00 00 00 00 00 8F 5B [NAV-0x60]
< 88.174s B5 62 02 15 10 00 CD CC CC CC CC 4C 4B 40 00 00 12 00 00 01 30 D6 14 C6 [RXM-0x15]
< 88.174s B5 62 01 07 5C 00 10 D6 00 00 E5 07 03 07 00 00 36 F0 FF FF FF FF 00 08 AF 2F 00 00 24 00 00 00 00 00 00 00 00 00 00 00 00 00 98 BD FF FF FF FF FF FF 00 92 8A DF 00 00 00 00 00 00 00 00 00 00 00 00 00 00 00 00 00 00 00 00 58 3E 0F 00 80 A8 12 01 0F 27 00 00 5C 40 56 2F 00 00 00 00 00 00 00 00 ED D8 [NAV-0x07]
< 88.174s B5 62 01 01 14 00 10 D6 00 00 C4 43 04 26 00 00 00 00 00 00 00 00 C0 EE B7 26 B8 BA [NAV-0x01]
< 88.174s B5 62 01 02 1C 00 10 D6 00 00 00 00 00 00 00 00 00 00 00 00 00 00 98 BD FF FF FF FF FF FF 00 92 8A DF 4F B3 [NAV-0x02]
< 88.174s B5 62 01 12 24 00 10 D6 00 00 00 00 00 00 00 00 00 00 00 00 00 00 00 00 00 00 00 00 00 00 00 00 00 00 3C 86 01 00 80 A8 12 01 1B 6D [NAV-0x12]
< 88.174s B5 62 01 35 08 00 10 D6 00 00 01 00 00 00 25 01 [NAV-0x35]
< 88.174s B5 62 01 03 10 00 10 D6 00 00 00 40 00 08 00 00 00 00 24 D6 00 00 3C 11 [NAV-0x03]
< 88.174s B5 62 01 04 12 00 10 D6 00 00 0F 27 0F 27 0F 27 0F 27 0F 27 0F 27 0F 27 77 E7 [NAV-0x04]
< 88.174s B5 62 01 21 14 00 10 D6 00 00 FF FF FF FF 00 08 AF 2F E5 07 03 07 00 00 36 F0 1A 6E [NAV-0x21]
< 88.174s B5 62 01 22 14 00 10 D6 00 00 00 00 00 00 00 00 00 00 FF FF FF FF 7C 36 39 00 04 EA [NAV-0x22]
< 88.326s B5 62 01 60 10 00 10 D6 00 00 01 00 00 00 00 00 00 00 00 00 00 00 58 EA [NAV-0x60]
< 88.326s B5 62 0A 38 1C 00 00 01 00 00 00 00 01 02 00 00 00 00 00 00 00 00 59 00 CE 0D 31 09 85 0A 87 00 00 00 E6 8B [MON-0x38]
< 88.377s B5 62 02 15 10 00 67 66 66 66 66 66 4B 40 00 00 12 00 00 01 F8 D6 F8 90 [RXM-0x15]
< 88.377s B5 62 01 07 5C 00 D8 D6 00 00 E5 07 03 07 00 00 37 F0 FF FF FF FF 00 00 00 00 00 00 24 00 00 00 00 00 00 00 00 00 00 00 00 00 98 BD FF FF FF FF FF FF 00 9D 8A DF 00 00 00 00 00 00 00 00 00 00 00 00 00 00 00 00 00 00 00 00 58 3E 0F 00 80 A8 12 01 0F 27 00 00 5C 40 56 2F 00 00 00 00 00 00 00 00 DB BA [NAV-0x07]
< 88.377s B5 62 01 01 14 00 D8 D6 00 00 C4 43 04 26 00 00 00 00 00 00 00 00 C0 F0 B7 26 82 60 [NAV-0x01]
< 88.377s B5 62 01 02 1C 00 D8 D6 00 00 00 00 00 00 00 00 00 00 00 00 00 00 98 BD FF FF FF FF FF FF 00 9D 8A DF 22 B4 [NAV-0x02]
< 88.377s B5 62 01 12 24 00 D8 D6 00 00 00 00 00 00 00 00 00 00 00 00 00 00 00 00 00 00 00 00 00 00 00 00 00 00 3C 86 01 00 80 A8 12 01 E3 8D [NAV-0x12]
< 88.377s B5 62 01 35 08 00 D8 D6 00 00 01 00 00 00 ED 41 [NAV-0x35]
< 88.377s B5 62 01 03 10 00 D8 D6 00 00 00 40 00 08 00 00 00 00 EC D6 00 00 CC B1 [NAV-0x03]
< 88.377s B5 62 01 04 12 00 D8 D6 00 00 0F 27 0F 27 0F 27 0F 27 0F 27 0F 27 0F 27 3F F7 [NAV-0x04]
< 88.377s B5 62 01 21 14 00 D8 D6 00 00 FF FF FF FF 00 00 00 00 E5 07 03 07 00 00 37 F0 FD 3B [NAV-0x21]
< 88.377s B5 62 01 22 14 00 D8 D6 00 00 00 00 00 00 00 00 00 00 FF FF FF FF 7C 36 39 00 CC 8A [NAV-0x22]
< 88.430s B5 62 01 60 10 00 D8 D6 00 00 01 00 00 00 00 00 00 00 00 00 00 00 20 6A [NAV-0x60]
< 88.533s B5 62 27 04 6C 00 01 00 70 00 C5 89 24 01 2A 79 41 C4 D4 C4 3C 80 E1 A9 A1 44 BA 01 18 A2 9C 93 4F AE BE 87 E0 92 6D A2 C9 C4 00 00 00 00 00 00 00 00 00 00 00 00 00 00 00 00 00 00 00 00 00 00 00 00 E6 E9 BA 85 2F CC EC 76 78 32 09 D1 57 A9 9A 5C 4C 37 DD 49 46 E3 D1 D6 9D 48 DB DF 17 AC 81 17 7A 47 9D 1F 68 6A 79 6C 47 62 41 F8 70 9F A3 CE C8 1F [SEC-0x04]
< 88.533s B5 62 02 15 10 00 00 00 00 00 00 80 4B 40 00 00 12 00 00 01 C0 D7 DC 4B [RXM-0x15]
< 88.533s B5 62 01 07 5C 00 A0 D7 00 00 E5 07 03 07 00 00 37 F0 FF FF FF FF 00 C2 EB 0B 00 00 24 00 00 00 00 00 00 00 00 00 00 00 00 00 98 BD FF FF FF FF FF FF 00 A8 8A DF 00 00 00 00 00 00 00 00 00 00 00 00 00 00 00 00 00 00 00 00 58 3E 0F 00 80 A8 12 01 0F 27 00 00 5C 40 56 2F 00 00 00 00 00 00 00 00 67 E1 [NAV-0x07]
< 88.533s B5 62 01 01 14 00 A0 D7 00 00 C4 43 04 26 00 00 00 00 00 00 00 00 80 F2 B7 26 0D 19 [NAV-0x01]
< 88.533s B5 62 01 02 1C 00 A0 D7 00 00 00 00 00 00 00 00 00 00 00 00 00 00 98 BD FF FF FF FF FF FF 00 A8 8A DF F6 D0 [NAV-0x02]
< 88.533s B5 62 01 12 24 00 A0 D7 00 00 00 00 00 00 00 00 00 00 00 00 00 00 00 00 00 00 00 00 00 00 00 00 00 00 3C 86 01 00 80 A8 12 01 AC D0 [NAV-0x12]
< 88.533s B5 62 01 35 08 00 A0 D7 00 00 01 00 00 00 B6 88 [NAV-0x35]
< 88.533s B5 62 01 03 10 00 A0 D7 00 00 00 40 00 08 00 00 00 00 B4 D7 00 00 5E 63 [NAV-0x03]
< 88.533s B5 62 01 04 12 00 A0 D7 00 00 0F 27 0F 27 0F 27 0F 27 0F 27 0F 27 0F 27 08 18 [NAV-0x04]
< 88.533s B5 62 01 21 14 00 A0 D7 00 00 FF FF FF FF 00 C2 EB 0B E5 07 03 07 00 00 37 F0 7E D5 [NAV-0x21]
< 88.533s B5 62 01 22 14 00 A0 D7 00 00 00 00 00 00 00 00 00 00 FF FF FF FF 7C 36 39 00 95 3D [NAV-0x22]
< 88.741s B5 62 01 60 10 00 A0 D7 00 00 01 00 00 00 00 00 00 00 00 00 00 00 E9 F9 [NAV-0x60]
< 88.741s B5 62 02 15 10 00 9A 99 99 99 99 99 4B 40 00 00 12 00 00 01 88 D8 BC D5 [RXM-0x15]
< 88.741s B5 62 01 07 5C 00 68 D8 00 00 E5 07 03 07 00 00 37 F0 FF FF FF FF FF 83 D7 17 00 00 24 00 00 00 00 00 00 00 00 00 00 00 00 00 98 BD FF FF FF FF FF FF 00 B4 8A DF 00 00 00 00 00 00 00 00 00 00 00 00 00 00 00 00 00 00 00 00 58 3E 0F 00 80 A8 12 01 0F 27 00 00 5C 40 56 2F 00 00 00 00 00 00 00 00 F4 33 [NAV-0x07]
< 88.741s B5 62 01 01 14 00 68 D8 00 00 C4 43 04 26 00 00 00 00 00 00 00 00 C0 F4 B7 26 18 D2 [NAV-0x01]
< 88.741s B5 62 01 02 1C 00 68 D8 00 00 00 00 00 00 00 00 00 00 00 00 00 00 98 BD FF FF FF FF FF FF 00 B4 8A DF CB EF [NAV-0x02]
< 88.741s B5 62 01 12 24 00 68 D8 00 00 00 00 00 00 00 00 00 00 00 00 00 00 00 00 00 00 00 00 00 00 00 00 00 00 3C 86 01 00 80 A8 12 01 75 13 [NAV-0x12]
< 88.741s B5 62 01 35 08 00 68 D8 00 00 01 00 00 00 7F CF [NAV-0x35]
< 88.741s B5 62 01 03 10 00 68 D8 00 00 00 40 00 08 00 00 00 00 7C D8 00 00 F0 15 [NAV-0x03]
< 88.741s B5 62 01 04 12 00 68 D8 00 00 0F 27 0F 27 0F 27 0F 27 0F 27 0F 27 0F 27 D1 39 [NAV-0x04]
< 88.741s B5 62 01 21 14 00 68 D8 00 00 FF FF FF FF FF 83 D7 17 E5 07 03 07 00 00 37 F0 FF 6B [NAV-0x21]
< 88.741s B5 62 01 22 14 00 68 D8 00 00 00 00 00 00 00 00 00 00 FF FF FF FF 7C 36 39 00 5E F0 [NAV-0x22]
< 88.949s B5 62 01 60 10 00 68 D8 00 00 01 00 00 00 00 00 00 00 00 00 00 00 B2 88 [NAV-0x60]
< 88.949s B5 62 02 15 10 00 33 33 33 33 33 B3 4B 40 00 00 12 00 00 01 50 D9 A0 90 [RXM-0x15]
< 88.949s B5 62 01 07 5C 00 30 D9 00 00 E5 07 03 07 00 00 37 F0 FF FF FF FF 00 46 C3 23 00 00 24 00 00 00 00 00 00 00 00 00 00 00 00 00 98 BD FF FF FF FF FF FF 00 C0 8A DF 00 00 00 00 00 00 00 00 00 00 00 00 00 00 00 00 00 00 00 00 58 3E 0F 00 80 A8 12 01 0F 27 00 00 5C 40 56 2F 00 00 00 00 00 00 00 00 85 B3 [NAV-0x07]
< 88.949s B5 62 01 01 14 00 30 D9 00 00 C4 43 04 26 00 00 00 00 00 00 00 00 C0 F6 B7 26 E3 8B [NAV-0x01]
< 88.949s B5 62 01 02 1C 00 30 D9 00 00 00 00 00 00 00 00 00 00 00 00 00 00 98 BD FF FF FF FF FF FF 00 C0 8A DF A0 0E [NAV-0x02]
< 88.949s B5 62 01 12 24 00 30 D9 00 00 00 00 00 00 00 00 00 00 00 00 00 00 00 00 00 00 00 00 00 00 00 00 00 00 3C 86 01 00 80 A8 12 01 3E 56 [NAV-0x12]
< 88.949s B5 62 01 35 08 00 30 D9 00 00 01 00 00 00 48 16 [NAV-0x35]
< 88.949s B5 62 01 03 10 00 30 D9 00 00 00 40 00 08 00 00 00 00 44 D9 00 00 82 C7 [NAV-0x03]
< 88.949s B5 62 01 04 12 00 30 D9 00 00 0F 27 0F 27 0F 27 0F 27 0F 27 0F 27 0F 27 9A 5A [NAV-0x04]
< 88.949s B5 62 01 21 14 00 30 D9 00 00 FF FF FF FF 00 46 C3 23 E5 07 03 07 00 00 37 F0 84 2F [NAV-0x21]
< 88.949s B5 62 01 22 14 00 30 D9 00 00 00 00 00 00 00 00 00 00 FF FF FF FF 7C 36 39 00 27 A3 [NAV-0x22]
< 89.154s B5 62 01 60 10 00 30 D9 00 00 01 00 00 00 00 00 00 00 00 00 00 00 7B 17 [NAV-0x60]
< 89.155s B5 62 02 15 10 00 CD CC CC CC CC CC 4B 40 00 00 12 00 00 01 18 DA 80 1A [RXM-0x15]
< 89.155s B5 62 01 07 5C 00 F8 D9 00 00 E5 07 03 07 00 00 37 F0 FF FF FF FF 00 08 AF 2F 00 00 24 00 00 00 00 00 00 00 00 00 00 00 00 00 98 BD FF FF FF FF FF FF 00 CB 8A DF 00 00 00 00 00 00 00 00 00 00 00 00 00 00 00 00 00 00 00 00 58 3E 0F 00 80 A8 12 01 0F 27 00 00 5C 40 56 2F 00 00 00 00 00 00 00 00 12 12 [NAV-0x07]
< 89.155s B5 62 01 01 14 00 F8 D9 00 00 C4 43 04 26 00 00 00 00 00 00 00 00 C0 F8 B7 26 AD 31 [NAV-0x01]
< 89.155s B5 62 01 02 1C 00 F8 D9 00 00 00 00 00 00 00 00 00 00 00 00 00 00 98 BD FF FF FF FF FF FF 00 CB 8A DF 73 0F [NAV-0x02]
< 89.155s B5 62 01 12 24 00 F8 D9 00 00 00 00 00 00 00 00 00 00 00 00 00 00 00 00 00 00 00 00 00 00 00 00 00 00 3C 86 01 00 80 A8 12 01 06 76 [NAV-0x12]
< 89.155s B5 62 01 35 08 00 F8 D9 00 00 01 00 00 00 10 56 [NAV-0x35]
< 89.155s B5 62 01 03 10 00 F8 D9 00 00 00 40 00 08 00 00 00 00 0C DA 00 00 13 6A [NAV-0x03]
< 89.155s B5 62 01 04 12 00 F8 D9 00 00 0F 27 0F 27 0F 27 0F 27 0F 27 0F 27 0F 27 62 6A [NAV-0x04]
< 89.155s B5 62 01 21 14 00 F8 D9 00 00 FF FF FF FF 00 08 AF 2F E5 07 03 07 00 00 37 F0 06 C9 [NAV-0x21]
< 89.155s B5 62 01 22 14 00 F8 D9 00 00 00 00 00 00 00 00 00 00 FF FF FF FF 7C 36 39 00 EF 43 [NAV-0x22]
< 89.309s B5 62 01 60 10 00 F8 D9 00 00 01 00 00 00 00 00 00 00 00 00 00 00 43 97 [NAV-0x60]
< 89.361s B5 62 0A 38 1C 00 00 01 00 00 00 00 01 02 00 00 00 00 00 00 00 00 59 00 CE 0D 30 08 83 0A 88 00 00 00 E3 74 [MON-0x38]
< 89.361s B5 62 02 15 10 00 67 66 66 66 66 E6 4B 40 00 00 12 00 00 01 E0 DA 64 E4 [RXM-0x15]
< 89.361s B5 62 01 07 5C 00 C0 DA 00 00 E5 07 03 07 00 00 38 F0 FF FF FF FF 00 00 00 00 00 00 24 00 00 00 00 00 00 00 00 00 00 00 00 00 98 BD FF FF FF FF FF FF 00 D7 8A DF 00 00 00 00 00 00 00 00 00 00 00 00 00 00 00 00 00 00 00 00 58 3E 0F 00 80 A8 12 01 0F 27 00 00 5C 40 56 2F 00 00 00 00 00 00 00 00 02 7E [NAV-0x07]
< 89.361s B5 62 01 01 14 00 C0 DA 00 00 C4 43 04 26 00 00 00 00 00 00 00 00 C0 FA B7 26 78 EA [NAV-0x01]
< 89.361s B5 62 01 02 1C 00 C0 DA 00 00 00 00 00 00 00 00 00 00 00 00 00 00 98 BD FF FF FF FF FF FF 00 D7 8A DF 48 2E [NAV-0x02]
< 89.361s B5 62 01 12 24 00 C0 DA 00 00 00 00 00 00 00 00 00 00 00 00 00 00 00 00 00 00 00 00 00 00 00 00 00 00 3C 86 01 00 80 A8 12 01 CF B9 [NAV-0x12]
< 89.361s B5 62 01 35 08 00 C0 DA 00 00 01 00 00 00 D9 9D [NAV-0x35]
< 89.361s B5 62 01 03 10 00 C0 DA 00 00 00 40 00 08 00 00 00 00 D4 DA 00 00 A4 19 [NAV-0x03]
< 89.361s B5 62 01 04 12 00 C0 DA 00 00 0F 27 0F 27 0F 27 0F 27 0F 27 0F 27 0F 27 2B 8B [NAV-0x04]
< 89.361s B5 62 01 21 14 00 C0 DA 00 00 FF FF FF FF 00 00 00 00 E5 07 03 07 00 00 38 F0 EA A9 [NAV-0x21]
< 89.361s B5 62 01 22 14 00 C0 DA 00 00 00 00 00 00 00 00 00 00 FF FF FF FF 7C 36 39 00 B8 F6 [NAV-0x22]
< 89.570s B5 62 01 60 10 00 C0 DA 00 00 01 00 00 00 00 00 00 00 00 00 00 00 0C 26 [NAV-0x60]
< 89.570s B5 62 02 15 10 00 00 00 00 00 00 00 4C 40 00 00 12 00 00 01 A8 DB 49 A9 [RXM-0x15]
< 89.570s B5 62 01 07 5C 00 88 DB 00 00 E5 07 03 07 00 00 38 F0 FF FF FF FF 00 C2 EB 0B 00 00 24 00 00 00 00 00 00 00 00 00 00 00 00 00 98 BD FF FF FF FF FF FF 00 E2 8A DF 00 00 00 00 00 00 00 00 00 00 00 00 00 00 00 00 00 00 00 00 58 3E 0F 00 80 A8 12 01 0F 27 00 00 5C 40 56 2F 00 00 00 00 00 00 00 00 8E A5 [NAV-0x07]
< 89.570s B5 62 01 01 14 00 88 DB 00 00 C4 43 04 26 00 00 00 00 00 00 00 00 C0 FC B7 26 43 A3 [NAV-0x01]
< 89.570s B5 62 01 02 1C 00 88 DB 00 00 00 00 00 00 00 00 00 00 00 00 00 00 98 BD FF FF FF FF FF FF 00 E2 8A DF 1C 4A [NAV-0x02]
< 89.570s B5 62 01 12 24 00 88 DB 00 00 00 00 00 00 00 00 00 00 00 00 00 00 00 00 00 00 00 00 00 00 00 00 00 00 3C 86 01 00 80 A8 12 01 98 FC [NAV-0x12]
< 89.570s B5 62 01 35 08 00 88 DB 00 00 01 00 00 00 A2 E4 [NAV-0x35]
< 89.570s B5 62 01 03 10 00 88 DB 00 00 00 40 00 08 00 00 00 00 9C DB 00 00 36 CB [NAV-0x03]
< 89.570s B5 62 01 04 12 00 88 DB 00 00 0F 27 0F 27 0F 27 0F 27 0F 27 0F 27 0F 27 F4 AC [NAV-0x04]
< 89.570s B5 62 01 21 14 00 88 DB 00 00 FF FF FF FF 00 C2 EB 0B E5 07 03 07 00 00 38 F0 6B 43 [NAV-0x21]
< 89.570s B5 62 01 22 14 00 88 DB 00 00 00 00 00 00 00 00 00 00 FF FF FF FF 7C 36 39 00 81 A9 [NAV-0x22]
< 89.728s B5 62 01 60 10 00 88 DB 00 00 01 00 00 00 00 00 00 00 00 00 00 00 D5 B5 [NAV-0x60]
< 89.728s B5 62 02 15 10 00 9A 99 99 99 99 19 4C 40 00 00 12 00 00 01 70 DC 29 33 [RXM-0x15]
< 89.780s B5 62 01 07 5C 00 50 DC 00 00 E5 07 03 07 00 00 38 F0 FF FF FF FF FF 83 D7 17 00 00 24 00 00 00 00 00 00 00 00 00 00 00 00 00 98 BD FF FF FF FF FF FF 00 EF 8A DF 00 00 00 00 00 00 00 00 00 00 00 00 00 00 00 00 00 00 00 00 58 3E 0F 00 80 A8 12 01 0F 27 00 00 5C 40 56 2F 00 00 00 00 00 00 00 00 1C 26 [NAV-0x07]
< 89.780s B5 62 01 01 14 00 50 DC 00 00 C4 43 04 26 00 00 00 00 00 00 00 00 C0 FE B7 26 0E 5C [NAV-0x01]
< 89.780s B5 62 01 02 1C 00 50 DC 00 00 00 00 00 00 00 00 00 00 00 00 00 00 98 BD FF FF FF FF FF FF 00 EF 8A DF F2 6C [NAV-0x02]
< 89.780s B5 62 01 12 24 00 50 DC 00 00 00 00 00 00 00 00 00 00 00 00 00 00 00 00 00 00 00 00 00 00 00 00 00 00 3C 86 01 00 80 A8 12 01 61 3F [NAV-0x12]
< 89.780s B5 62 01 35 08 00 50 DC 00 00 01 00 00 00 6B 2B [NAV-0x35]
< 89.780s B5 62 01 03 10 00 50 DC 00 00 00 40 00 08 00 00 00 00 64 DC 00 00 C8 7D [NAV-0x03]
< 89.780s B5 62 01 04 12 00 50 DC 00 00 0F 27 0F 27 0F 27 0F 27 0F 27 0F 27 0F 27 BD CD [NAV-0x04]
< 89.780s B5 62 01 21 14 00 50 DC 00 00 FF FF FF FF FF 83 D7 17 E5 07 03 07 00 00 38 F0 EC D9 [NAV-0x21]
< 89.780s B5 62 01 22 14 00 50 DC 00 00 00 00 00 00 00 00 00 00 FF FF FF FF 7C 36 39 00 4A 5C [NAV-0x22]
< 89.935s B5 62 01 60 10 00 50 DC 00 00 01 00 00 00 00 00 00 00 00 00 00 00 9E 44 [NAV-0x60]
< 89.935s B5 62 02 15 10 00 33 33 33 33 33 33 4C 40 00 00 12 00 00 01 38 DD 0D EE [RXM-0x15]
< 89.935s B5 62 01 07 5C 00 18 DD 00 00 E5 07 03 07 00 00 38 F0 FF FF FF FF 00 46 C3 23 00 00 24 00 00 00 00 00 00 00 00 00 00 00 00 00 98 BD FF FF FF FF FF FF 00 F9 8A DF 00 00 00 00 00 00 00 00 00 00 00 00 00 00 00 00 00 00 00 00 58 3E 0F 00 80 A8 12 01 0F 27 00 00 5C 40 56 2F 00 00 00 00 00 00 00 00 AB 48 [NAV-0x07]
< 89.935s B5 62 01 01 14 00 18 DD 00 00 C4 43 04 26 00 00 00 00 00 00 00 00 C0 00 B8 26 DA 17 [NAV-0x01]
< 89.935s B5 62 01 02 1C 00 18 DD 00 00 00 00 00 00 00 00 00 00 00 00 00 00 98 BD FF FF FF FF FF FF 00 F9 8A DF C5 85 [NAV-0x02]
< 89.935s B5 62 01 12 24 00 18 DD 00 00 00 00 00 00 00 00 00 00 00 00 00 00 00 00 00 00 00 00 00 00 00 00 00 00 3C 86 01 00 80 A8 12 01 2A 82 [NAV-0x12]
< 89.935s B5 62 01 35 08 00 18 DD 00 00 01 00 00 00 34 72 [NAV-0x35]
< 89.935s B5 62 01 03 10 00 18 DD 00 00 00 40 00 08 00 00 00 00 2C DD 00 00 5A 2F [NAV-0x03]
< 89.935s B5 62 01 04 12 00 18 DD 00 00 0F 27 0F 27 0F 27 0F 27 0F 27 0F 27 0F 27 86 EE [NAV-0x04]
< 89.935s B5 62 01 21 14 00 18 DD 00 00 FF FF FF FF 00 46 C3 23 E5 07 03 07 00 00 38 F0 71 9D [NAV-0x21]
< 89.935s B5 62 01 22 14 00 18 DD 00 00 00 00 00 00 00 00 00 00 FF FF FF FF 7C 36 39 00 13 0F [NAV-0x22]
< 90.144s B5 62 01 60 10 00 18 DD 00 00 01 00 00 00 00 00 00 00 00 00 00 00 67 D3 [NAV-0x60]
< 90.144s B5 62 02 15 10 00 CD CC CC CC CC 4C 4C 40 00 00 12 00 00 01 00 DE ED 78 [RXM-0x15]
< 90.144s B5 62 01 07 5C 00 E0 DD 00 00 E5 07 03 07 00 00 38 F0 FF FF FF FF 00 08 AF 2F 00 00 24 00 00 00 00 00 00 00 00 00 00 00 00 00 98 BD FF FF FF FF FF FF 00 06 8B DF 00 00 00 00 00 00 00 00 00 00 00 00 00 00 00 00 00 00 00 00 58 3E 0F 00 80 A8 12 01 0F 27 00 00 5C 40 56 2F 00 00 00 00 00 00 00 00 3B 33 [NAV-0x07]
< 90.144s B5 62 01 01 14 00 E0 DD 00 00 C4 43 04 26 00 00 00 00 00 00 00 00 C0 02 B8 26 A4 BD [NAV-0x01]
< 90.144s B5 62 01 02 1C 00 E0 DD 00 00 00 00 00 00 00 00 00 00 00 00 00 00 98 BD FF FF FF FF FF FF 00 06 8B DF 9B 8E [NAV-0x02]
< 90.144s B5 62 01 12 24 00 E0 DD 00 00 00 00 00 00 00 00 00 00 00 00 00 00 00 00 00 00 00 00 00 00 00 00 00 00 3C 86 01 00 80 A8 12 01 F2 A2 [NAV-0x12]
< 90.144s B5 62 01 35 08 00 E0 DD 00 00 01 00 00 00 FC B2 [NAV-0x35]
< 90.144s B5 62 01 03 10 00 E0 DD 00 00 00 40 00 08 00 00 00 00 F4 DD 00 00 EA CF [NAV-0x03]
< 90.144s B5 62 01 04 12 00 E0 DD 00 00 0F 27 0F 27 0F 27 0F 27 0F 27 0F 27 0F 27 4E FE [NAV-0x04]
< 90.144s B5 62 01 21 14 00 E0 DD 00 00 FF FF FF FF 00 08 AF 2F E5 07 03 07 00 00 38 F0 F3 37 [NAV-0x21]
< 90.144s B5 62 01 22 14 00 E0 DD 00 00 00 00 00 00 00 00 00 00 FF FF FF FF 7C 36 39 00 DB AF [NAV-0x22]
< 90.301s B5 62 01 60 10 00 E0 DD 00 00 01 00 00 00 00 00 00 00 00 00 00 00 2F 53 [NAV-0x60]
< 90.353s B5 62 0A 38 1C 00 00 01 00 00 00 00 01 02 00 00 00 00 00 00 00 00 59 00 CE 0D 31 09 83 09 85 00 00 00 E1 72 [MON-0x38]
< 90.353s B5 62 02 15 10 00 67 66 66 66 66 66 4C 40 00 00 12 00 00 01 C8 DE D1 42 [RXM-0x15]
< 90.353s B5 62 01 07 5C 00 A8 DE 00 00 E5 07 03 07 00 00 39 F0 FF FF FF FF 00 00 00 00 00 00 24 00 00 00 00 00 00 00 00 00 00 00 00 00 98 BD FF FF FF FF FF FF 00 12 8B DF 00 00 00 00 00 00 00 00 00 00 00 00 00 00 00 00 00 00 00 00 58 3E 0F 00 80 A8 12 01 0F 27 00 00 5C 40 56 2F 00 00 00 00 00 00 00 00 2B 9F [NAV-0x07]
< 90.353s B5 62 01 01 14 00 A8 DE 00 00 C4 43 04 26 00 00 00 00 00 00 00 00 00 05 B8 26 B0 79 [NAV-0x01]
< 90.353s B5 62 01 02 1C 00 A8 DE 00 00 00 00 00 00 00 00 00 00 00 00 00 00 98 BD FF FF FF FF FF FF 00 12 8B DF 70 AD [NAV-0x02]
< 90.353s B5 62 01 12 24 00 A8 DE 00 00 00 00 00 00 00 00 00 00 00 00 00 00 00 00 00 00 00 00 00 00 00 00 00 00 3C 86 01 00 80 A8 12 01 BB E5 [NAV-0x12]
< 90.353s B5 62 01 35 08 00 A8 DE 00 00 01 00 00 00 C5 F9 [NAV-0x35]
< 90.353s B5 62 01 03 10 00 A8 DE 00 00 00 40 00 08 00 00 00 00 BC DE 00 00 7C 81 [NAV-0x03]
< 90.353s B5 62 01 04 12 00 A8 DE 00 00 0F 27 0F 27 0F 27 0F 27 0F 27 0F 27 0F 27 17 1F [NAV-0x04]
< 90.353s B5 62 01 21 14 00 A8 DE 00 00 FF FF FF FF 00 00 00 00 E5 07 03 07 00 00 39 F0 D7 17 [NAV-0x21]
< 90.354s B5 62 01 22 14 00 A8 DE 00 00 00 00 00 00 00 00 00 00 FF FF FF FF 7C 36 39 00 A4 62 [NAV-0x22]
< 90.407s B5 62 01 60 10 00 A8 DE 00 00 01 00 00 00 00 00 00 00 00 00 00 00 F8 E2 [NAV-0x60]
< 90.563s B5 62 27 04 6C 00 01 00 70 00 45 B5 15 68 D3 E7 23 ED DD 40 48 07 C9 CF A6 85 E8 04 4F 18 E7 CB 20 E0 55 8E 35 B9 20 BD 91 37 00 00 00 00 00 00 00 00 00 00 00 00 00 00 00 00 00 00 00 00 00 00 00 00 A7 A3 93 84 E1 FF 99 65 D3 B1 2F B8 64 DD E0 85 F4 03 56 3D 6E BD 69 0D 8A 73 23 81 31 70 A5 D1 B5 AD F0 E0 D5 CB 6B D7 84 27 2D B0 6B B8 CC D0 81 15 [SEC-0x04]
< 90.563s B5 62 02 15 10 00 00 00 00 00 00 80 4C 40 00 00 12 00 00 01 90 DF B5 FD [RXM-0x15]
< 90.563s B5 62 01 07 5C 00 70 DF 00 00 E5 07 03 07 00 00 39 F0 FF FF FF FF 00 C2 EB 0B 00 00 24 00 00 00 00 00 00 00 00 00 00 00 00 00 98 BD FF FF FF FF FF FF 00 1E 8B DF 00 00 00 00 00 00 00 00 00 00 00 00 00 00 00 00 00 00 00 00 58 3E 0F 00 80 A8 12 01 0F 27 00 00 5C 40 56 2F 00 00 00 00 00 00 00 00 B8 F5 [NAV-0x07]
< 90.563s B5 62 01 01 14 00 70 DF 00 00 C4 43 04 26 00 00 00 00 00 00 00 00 00 07 B8 26 7B 32 [NAV-0x01]
< 90.563s B5 62 01 02 1C 00 70 DF 00 00 00 00 00 00 00 00 00 00 00 00 00 00 98 BD FF FF FF FF FF FF 00 1E 8B DF 45 CC [NAV-0x02]
< 90.563s B5 62 01 12 24 00 70 DF 00 00 00 00 00 00 00 00 00 00 00 00 00 00 00 00 00 00 00 00 00 00 00 00 00 00 3C 86 01 00 80 A8 12 01 84 28 [NAV-0x12]
< 90.563s B5 62 01 35 08 00 70 DF 00 00 01 00 00 00 8E 40 [NAV-0x35]
< 90.563s B5 62 01 03 10 00 70 DF 00 00 00 40 00 08 00 00 00 00 84 DF 00 00 0E 33 [NAV-0x03]
< 90.563s B5 62 01 04 12 00 70 DF 00 00 0F 27 0F 27 0F 27 0F 27 0F 27 0F 27 0F 27 E0 40 [NAV-0x04]
< 90.563s B5 62 01 21 14 00 70 DF 00 00 FF FF FF FF 00 C2 EB 0B E5 07 03 07 00 00 39 F0 58 B1 [NAV-0x21]
< 90.563s B5 62 01 22 14 00 70 DF 00 00 00 00 00 00 00 00 00 00 FF FF FF FF 7C 36 39 00 6D 15 [NAV-0x22]
< 90.722s B5 62 01 60 10 00 70 DF 00 00 01 00 00 00 00 00 00 00 00 00 00 00 C1 71 [NAV-0x60]
< 90.775s B5 62 02 15 10 00 9A 99 99 99 99 99 4C 40 00 00 12 00 00 01 58 E0 95 87 [RXM-0x15]
< 90.775s B5 62 01 07 5C 00 38 E0 00 00 E5 07 03 07 00 00 39 F0 FF FF FF FF FF 83 D7 17 00 00 24 00 00 00 00 00 00 00 00 00 00 00 00 00 98 BD FF FF FF FF FF FF 00 29 8B DF 00 00 00 00 00 00 00 00 00 00 00 00 00 00 00 00 00 00 00 00 58 3E 0F 00 80 A8 12 01 0F 27 00 00 5C 40 56 2F 00 00 00 00 00 00 00 00 44 18 [NAV-0x07]
< 90.775s B5 62 01 01 14 00 38 E0 00 00 C4 43 04 26 00 00 00 00 00 00 00 00 C0 08 B8 26 05 E8 [NAV-0x01]
< 90.775s B5 62 01 02 1C 00 38 E0 00 00 00 00 00 00 00 00 00 00 00 00 00 00 98 BD FF FF FF FF FF FF 00 29 8B DF 19 E8 [NAV-0x02]
< 90.775s B5 62 01 12 24 00 38 E0 00 00 00 00 00 00 00 00 00 00 00 00 00 00 00 00 00 00 00 00 00 00 00 00 00 00 3C 86 01 00 80 A8 12 01 4D 6B [NAV-0x12]
< 90.775s B5 62 01 35 08 00 38 E0 00 00 01 00 00 00 57 87 [NAV-0x35]
< 90.775s B5 62 01 03 10 00 38 E0 00 00 00 40 00 08 00 00 00 00 4C E0 00 00 A0 E5 [NAV-0x03]
< 90.775s B5 62 01 04 12 00 38 E0 00 00 0F 27 0F 27 0F 27 0F 27 0F 27 0F 27 0F 27 A9 61 [NAV-0x04]
< 90.775s B5 62 01 21 14 00 38 E0 00 00 FF FF FF FF FF 83 D7 17 E5 07 03 07 00 00 39 F0 D9 47 [NAV-0x21]
< 90.775s B5 62 01 22 14 00 38 E0 00 00 00 00 00 00 00 00 00 00 FF FF FF FF 7C 36 39 00 36 C8 [NAV-0x22]
< 90.932s B5 62 01 60 10 00 38 E0 00 00 01 00 00 00 00 00 00 00 00 00 00 00 8A 00 [NAV-0x60]
< 90.932s B5 62 02 15 10 00 33 33 33 33 33 B3 4C 40 00 00 12 00 00 01 20 E1 79 42 [RXM-0x15]
< 90.932s B5 62 01 07 5C 00 00 E1 00 00 E5 07 03 07 00 00 39 F0 FF FF FF FF 00 46 C3 23 00 00 24 00 00 00 00 00 00 00 00 00 00 00 00 00 98 BD FF FF FF FF FF FF 00 35 8B DF 00 00 00 00 00 00 00 00 00 00 00 00 00 00 00 00 00 00 00 00 58 3E 0F 00 80 A8 12 01 0F 27 00 00 5C 40 56 2F 00 00 00 00 00 00 00 00 D5 98 [NAV-0x07]
< 90.932s B5 62 01 01 14 00 00 E1 00 00 C4 43 04 26 00 00 00 00 00 00 00 00 00 0B B8 26 11 A4 [NAV-0x01]
< 90.932s B5 62 01 02 1C 00 00 E1 00 00 00 00 00 00 00 00 00 00 00 00 00 00 98 BD FF FF FF FF FF FF 00 35 8B DF EE 07 [NAV-0x02]
< 90.932s B5 62 01 12 24 00 00 E1 00 00 00 00 00 00 00 00 00 00 00 00 00 00 00 00 00 00 00 00 00 00 00 00 00 00 3C 86 01 00 80 A8 12 01 16 AE [NAV-0x12]
< 90.932s B5 62 01 35 08 00 00 E1 00 00 01 00 00 00 20 CE [NAV-0x35]
< 90.932s B5 62 01 03 10 00 00 E1 00 00 00 40 00 08 00 00 00 00 14 E1 00 00 32 97 [NAV-0x03]
< 90.932s B5 62 01 04 12 00 00 E1 00 00 0F 27 0F 27 0F 27 0F 27 0F 27 0F 27 0F 27 72 82 [NAV-0x04]
< 90.985s B5 62 01 21 14 00 00 E1 00 00 FF FF FF FF 00 46 C3 23 E5 07 03 07 00 00 39 F0 5E 0B [NAV-0x21]
< 90.985s B5 62 01 22 14 00 00 E1 00 00 00 00 00 00 00 00 00 00 FF FF FF FF 7C 36 39 00 FF 7B [NAV-0x22]
< 91.144s B5 62 01 60 10 00 00 E1 00 00 01 00 00 00 00 00 00 00 00 00 00 00 53 8F [NAV-0x60]
< 91.144s B5 62 02 15 10 00 CD CC CC CC CC CC 4C 40 00 00 12 00 00 01 E8 E1 58 CB [RXM-0x15]
< 91.144s B5 62 01 07 5C 00 C8 E1 00 00 E5 07 03 07 00 00 39 F0 FF FF FF FF 00 08 AF 2F 00 00 24 00 00 00 00 00 00 00 00 00 00 00 00 00 98 BD FF FF FF FF FF FF 00 42 8B DF 00 00 00 00 00 00 00 00 00 00 00 00 00 00 00 00 00 00 00 00 58 3E 0F 00 80 A8 12 01 0F 27 00 00 5C 40 56 2F 00 00 00 00 00 00 00 00 64 55 [NAV-0x07]
< 91.144s B5 62 01 01 14 00 C8 E1 00 00 C4 43 04 26 00 00 00 00 00 00 00 00 40 0D B8 26 1B 4A [NAV-0x01]
< 91.144s B5 62 01 02 1C 00 C8 E1 00 00 00 00 00 00 00 00 00 00 00 00 00 00 98 BD FF FF FF FF FF FF 00 42 8B DF C3 0E [NAV-0x02]
< 91.144s B5 62 01 12 24 00 C8 E1 00 00 00 00 00 00 00 00 00 00 00 00 00 00 00 00 00 00 00 00 00 00 00 00 00 00 3C 86 01 00 80 A8 12 01 DE CE [NAV-0x12]
< 91.144s B5 62 01 35 08 00 C8 E1 00 00 01 00 00 00 E8 0E [NAV-0x35]
< 91.144s B5 62 01 03 10 00 C8 E1 00 00 00 40 00 08 00 00 00 00 DC E1 00 00 C2 37 [NAV-0x03]
< 91.144s B5 62 01 04 12 00 C8 E1 00 00 0F 27 0F 27 0F 27 0F 27 0F 27 0F 27 0F 27 3A 92 [NAV-0x04]
< 91.144s B5 62 01 21 14 00 C8 E1 00 00 FF FF FF FF 00 08 AF 2F E5 07 03 07 00 00 39 F0 E0 A5 [NAV-0x21]
< 91.144s B5 62 01 22 14 00 C8 E1 00 00 00 00 00 00 00 00 00 00 FF FF FF FF 7C 36 39 00 C7 1B [NAV-0x22]
< 91.303s B5 62 01 60 10 00 C8 E1 00 00 01 00 00 00 00 00 00 00 00 00 00 00 1B 0F [NAV-0x60]
< 91.357s B5 62 0A 38 1C 00 00 01 00 00 00 00 01 02 00 00 00 00 00 00 00 00 59 00 CE 0D 2D 08 83 0A 85 00 00 00 DD 50 [MON-0x38]
< 91.357s B5 62 02 15 10 00 67 66 66 66 66 E6 4C 40 00 00 12 00 00 01 B0 E2 3D 96 [RXM-0x15]
< 91.357s B5 62 01 07 5C 00 90 E2 00 00 E5 07 03 07 00 00 3A F0 FF FF FF FF 00 00 00 00 00 00 24 00 00 00 00 00 00 00 00 00 00 00 00 00 98 BD FF FF FF FF FF FF 00 4D 8B DF 00 00 00 00 00 00 00 00 00 00 00 00 00 00 00 00 00 00 00 00 58 3E 0F 00 80 A8 12 01 0F 27 00 00 5C 40 56 2F 00 00 00 00 00 00 00 00 53 92 [NAV-0x07]
< 91.357s B5 62 01 01 14 00 90 E2 00 00 C4 43 04 26 00 00 00 00 00 00 00 00 40 0F B8 26 E6 03 [NAV-0x01]
< 91.357s B5 62 01 02 1C 00 90 E2 00 00 00 00 00 00 00 00 00 00 00 00 00 00 98 BD FF FF FF FF FF FF 00 4D 8B DF 97 2A [NAV-0x02]
< 91.357s B5 62 01 12 24 00 90 E2 00 00 00 00 00 00 00 00 00 00 00 00 00 00 00 00 00 00 00 00 00 00 00 00 00 00 3C 86 01 00 80 A8 12 01 A7 11 [NAV-0x12]
< 91.357s B5 62 01 35 08 00 90 E2 00 00 01 00 00 00 B1 55 [NAV-0x35]
< 91.357s B5 62 01 03 10 00 90 E2 00 00 00 40 00 08 00 00 00 00 A4 E2 00 00 54 E9 [NAV-0x03]
< 91.357s B5 62 01 04 12 00 90 E2 00 00 0F 27 0F 27 0F 27 0F 27 0F 27 0F 27 0F 27 03 B3 [NAV-0x04]
< 91.357s B5 62 01 21 14 00 90 E2 00 00 FF FF FF FF 00 00 00 00 E5 07 03 07 00 00 3A F0 C4 85 [NAV-0x21]
< 91.357s B5 62 01 22 14 00 90 E2 00 00 00 00 00 00 00 00 00 00 FF FF FF FF 7C 36 39 00 90 CE [NAV-0x22]
< 91.573s B5 62 01 60 10 00 90 E2 00 00 01 00 00 00 00 00 00 00 00 00 00 00 E4 9E [NAV-0x60]
< 91.574s B5 62 02 15 10 00 00 00 00 00 00 00 4D 40 00 00 12 00 00 01 78 E3 22 5B [RXM-0x15]
< 91.574s B5 62 01 07 5C 00 58 E3 00 00 E5 07 03 07 00 00 3A F0 FF FF FF FF 00 C2 EB 0B 00 00 24 00 00 00 00 00 00 00 00 00 00 00 00 00 98 BD FF FF FF FF FF FF 00 59 8B DF 00 00 00 00 00 00 00 00 00 00 00 00 00 00 00 00 00 00 00 00 58 3E 0F 00 80 A8 12 01 0F 27 00 00 5C 40 56 2F 00 00 00 00 00 00 00 00 E0 E8 [NAV-0x07]
< 91.574s B5 62 01 01 14 00 58 E3 00 00 C4 43 04 26 00 00 00 00 00 00 00 00 40 11 B8 26 B1 BC [NAV-0x01]
< 91.574s B5 62 01 02 1C 00 58 E3 00 00 00 00 00 00 00 00 00 00 00 00 00 00 98 BD FF FF FF FF FF FF 00 59 8B DF 6C 49 [NAV-0x02]
< 91.574s B5 62 01 12 24 00 58 E3 00 00 00 00 00 00 00 00 00 00 00 00 00 00 00 00 00 00 00 00 00 00 00 00 00 00 3C 86 01 00 80 A8 12 01 70 54 [NAV-0x12]
< 91.574s B5 62 01 35 08 00 58 E3 00 00 01 00 00 00 7A 9C [NAV-0x35]
< 91.574s B5 62 01 03 10 00 58 E3 00 00 00 40 00 08 00 00 00 00 6C E3 00 00 E6 9B [NAV-0x03]
< 91.574s B5 62 01 04 12 00 58 E3 00 00 0F 27 0F 27 0F 27 0F 27 0F 27 0F 27 0F 27 CC D4 [NAV-0x04]
< 91.574s B5 62 01 21 14 00 58 E3 00 00 FF FF FF FF 00 C2 EB 0B E5 07 03 07 00 00 3A F0 45 1F [NAV-0x21]
< 91.574s B5 62 01 22 14 00 58 E3 00 00 00 00 00 00 00 00 00 00 FF FF FF FF 7C 36 39 00 59 81 [NAV-0x22]
< 91.737s B5 62 01 60 10 00 58 E3 00 00 01 00 00 00 00 00 00 00 00 00 00 00 AD 2D [NAV-0x60]
< 91.737s B5 62 02 15 10 00 9A 99 99 99 99 19 4D 40 00 00 12 00 00 01 40 E4 02 E5 [RXM-0x15]
< 91.737s B5 62 01 07 5C 00 20 E4 00 00 E5 07 03 07 00 00 3A F0 FF FF FF FF FF 83 D7 17 00 00 24 00 00 00 00 00 00 00 00 00 00 00 00 00 98 BD FF FF FF FF FF FF 00 66 8B DF 00 00 00 00 00 00 00 00 00 00 00 00 00 00 00 00 00 00 00 00 58 3E 0F 00 80 A8 12 01 0F 27 00 00 5C 40 56 2F 00 00 00 00 00 00 00 00 6E 69 [NAV-0x07]
< 91.737s B5 62 01 01 14 00 20 E4 00 00 C4 43 04 26 00 00 00 00 00 00 00 00 80 13 B8 26 BC 75 [NAV-0x01]
< 91.737s B5 62 01 02 1C 00 20 E4 00 00 00 00 00 00 00 00 00 00 00 00 00 00 98 BD FF FF FF FF FF FF 00 66 8B DF 42 6B [NAV-0x02]
< 91.737s B5 62 01 12 24 00 20 E4 00 00 00 00 00 00 00 00 00 00 00 00 00 00 00 00 00 00 00 00 00 00 00 00 00 00 3C 86 01 00 80 A8 12 01 39 97 [NAV-0x12]
< 91.737s B5 62 01 35 08 00 20 E4 00 00 01 00 00 00 43 E3 [NAV-0x35]
< 91.737s B5 62 01 03 10 00 20 E4 00 00 00 40 00 08 00 00 00 00 34 E4 00 00 78 4D [NAV-0x03]
< 91.737s B5 62 01 04 12 00 20 E4 00 00 0F 27 0F 27 0F 27 0F 27 0F 27 0F 27 0F 27 95 F5 [NAV-0x04]
< 91.737s B5 62 01 21 14 00 20 E4 00 00 FF FF FF FF FF 83 D7 17 E5 07 03 07 00 00 3A F0 C6 B5 [NAV-0x21]
< 91.737s B5 62 01 22 14 00 20 E4 00 00 00 00 00 00 00 00 00 00 FF FF FF FF 7C 36 39 00 22 34 [NAV-0x22]
< 91.950s B5 62 01 60 10 00 20 E4 00 00 01 00 00 00 00 00 00 00 00 00 00 00 76 BC [NAV-0x60]
< 91.950s B5 62 02 15 10 00 33 33 33 33 33 33 4D 40 00 00 12 00 00 01 08 E5 E6 A0 [RXM-0x15]
< 91.950s B5 62 01 07 5C 00 E8 E4 00 00 E5 07 03 07 00 00 3A F0 FF FF FF FF 00 46 C3 23 00 00 24 00 00 00 00 00 00 00 00 00 00 00 00 00 98 BD FF FF FF FF FF FF 00 72 8B DF 00 00 00 00 00 00 00 00 00 00 00 00 00 00 00 00 00 00 00 00 58 3E 0F 00 80 A8 12 01 0F 27 00 00 5C 40 56 2F 00 00 00 00 00 00 00 00 FE 8E [NAV-0x07]
< 91.950s B5 62 01 01 14 00 E8 E4 00 00 C4 43 04 26 00 00 00 00 00 00 00 00 80 15 B8 26 86 1B [NAV-0x01]
< 91.950s B5 62 01 02 1C 00 E8 E4 00 00 00 00 00 00 00 00 00 00 00 00 00 00 98 BD FF FF FF FF FF FF 00 72 8B DF 16 6F [NAV-0x02]
< 91.950s B5 62 01 12 24 00 E8 E4 00 00 00 00 00 00 00 00 00 00 00 00 00 00 00 00 00 00 00 00 00 00 00 00 00 00 3C 86 01 00 80 A8 12 01 01 B7 [NAV-0x12]
< 91.950s B5 62 01 35 08 00 E8 E4 00 00 01 00 00 00 0B 23 [NAV-0x35]
< 91.950s B5 62 01 03 10 00 E8 E4 00 00 00 40 00 08 00 00 00 00 FC E4 00 00 08 ED [NAV-0x03]
< 91.950s B5 62 01 04 12 00 E8 E4 00 00 0F 27 0F 27 0F 27 0F 27 0F 27 0F 27 0F 27 5D 05 [NAV-0x04]
< 91.950s B5 62 01 21 14 00 E8 E4 00 00 FF FF FF FF 00 46 C3 23 E5 07 03 07 00 00 3A F0 4A 66 [NAV-0x21]
< 91.950s B5 62 01 22 14 00 E8 E4 00 00 00 00 00 00 00 00 00 00 FF FF FF FF 7C 36 39 00 EA D4 [NAV-0x22]
< 92.166s B5 62 01 60 10 00 E8 E4 00 00 01 00 00 00 00 00 00 00 00 00 00 00 3E 3C [NAV-0x60]
< 92.166s B5 62 02 15 10 00 CD CC CC CC CC 4C 4D 40 00 00 12 00 00 01 D0 E5 C5 29 [RXM-0x15]
< 92.166s B5 62 01 07 5C 00 B0 E5 00 00 E5 07 03 07 00 00 3A F0 FF FF FF FF 00 08 AF 2F 00 00 24 00 00 00 00 00 00 00 00 00 00 00 00 00 98 BD FF FF FF FF FF FF 00 7E 8B DF 00 00 00 00 00 00 00 00 00 00 00 00 00 00 00 00 00 00 00 00 58 3E 0F 00 80 A8 12 01 0F 27 00 00 5C 40 56 2F 00 00 00 00 00 00 00 00 8D 77 [NAV-0x07]
< 92.166s B5 62 01 01 14 00 B0 E5 00 00 C4 43 04 26 00 00 00 00 00 00 00 00 80 17 B8 26 51 D4 [NAV-0x01]
< 92.166s B5 62 01 02 1C 00 B0 E5 00 00 00 00 00 00 00 00 00 00 00 00 00 00 98 BD FF FF FF FF FF FF 00 7E 8B DF EB 8E [NAV-0x02]
< 92.166s B5 62 01 12 24 00 B0 E5 00 00 00 00 00 00 00 00 00 00 00 00 00 00 00 00 00 00 00 00 00 00 00 00 00 00 3C 86 01 00 80 A8 12 01 CA FA [NAV-0x12]
< 92.166s B5 62 01 35 08 00 B0 E5 00 00 01 00 00 00 D4 6A [NAV-0x35]
< 92.166s B5 62 01 03 10 00 B0 E5 00 00 00 40 00 08 00 00 00 00 C4 E5 00 00 9A 9F [NAV-0x03]
< 92.166s B5 62 01 04 12 00 B0 E5 00 00 0F 27 0F 27 0F 27 0F 27 0F 27 0F 27 0F 27 26 26 [NAV-0x04]
< 92.166s B5 62 01 21 14 00 B0 E5 00 00 FF FF FF FF 00 08 AF 2F E5 07 03 07 00 00 3A F0 CD 13 [NAV-0x21]
< 92.166s B5 62 01 22 14 00 B0 E5 00 00 00 00 00 00 00 00 00 00 FF FF FF FF 7C 36 39 00 B3 87 [NAV-0x22]
< 92.329s B5 62 01 60 10 00 B0 E5 00 00 01 00 00 00 00 00 00 00 00 00 00 00 07 CB [NAV-0x60]
< 92.329s B5 62 0A 38 1C 00 00 01 00 00 00 00 01 02 00 00 00 00 00 00 00 00 59 00 CE 0D 32 08 82 0B 85 00 00 00 E2 77 [MON-0x38]
< 92.329s B5 62 02 15 10 00 67 66 66 66 66 66 4D 40 00 00 12 00 00 01 98 E6 AA F4 [RXM-0x15]
< 92.383s B5 62 01 07 5C 00 78 E6 00 00 E5 07 03 07 00 00 3B F0 FF FF FF FF 00 00 00 00 00 00 24 00 00 00 00 00 00 00 00 00 00 00 00 00 98 BD FF FF FF FF FF FF 00 8B 8B DF 00 00 00 00 00 00 00 00 00 00 00 00 00 00 00 00 00 00 00 00 58 3E 0F 00 80 A8 12 01 0F 27 00 00 5C 40 56 2F 00 00 00 00 00 00 00 00 7E 12 [NAV-0x07]
< 92.383s B5 62 01 01 14 00 78 E6 00 00 C4 43 04 26 00 00 00 00 00 00 00 00 C0 19 B8 26 5C 8D [NAV-0x01]
< 92.383s B5 62 01 02 1C 00 78 E6 00 00 00 00 00 00 00 00 00 00 00 00 00 00 98 BD FF FF FF FF FF FF 00 8B 8B DF C1 B0 [NAV-0x02]
< 92.383s B5 62 01 12 24 00 78 E6 00 00 00 00 00 00 00 00 00 00 00 00 00 00 00 00 00 00 00 00 00 00 00 00 00 00 3C 86 01 00 80 A8 12 01 93 3D [NAV-0x12]
< 92.383s B5 62 01 35 08 00 78 E6 00 00 01 00 00 00 9D B1 [NAV-0x35]
< 92.383s B5 62 01 03 10 00 78 E6 00 00 00 40 00 08 00 00 00 00 8C E6 00 00 2C 51 [NAV-0x03]
< 92.383s B5 62 01 04 12 00 78 E6 00 00 0F 27 0F 27 0F 27 0F 27 0F 27 0F 27 0F 27 EF 47 [NAV-0x04]
< 92.383s B5 62 01 21 14 00 78 E6 00 00 FF FF FF FF 00 00 00 00 E5 07 03 07 00 00 3B F0 B1 F3 [NAV-0x21]
< 92.383s B5 62 01 22 14 00 78 E6 00 00 00 00 00 00 00 00 00 00 FF FF FF FF 7C 36 39 00 7C 3A [NAV-0x22]
< 92.383s B5 62 01 60 10 00 78 E6 00 00 01 00 00 00 00 00 00 00 00 00 00 00 D0 5A [NAV-0x60]
< 92.548s B5 62 27 04 6C 00 01 00 70 00 06 52 E0 97 3F 7F B4 57 4C 62 C5 67 86 7E E9 D4 71 D1 84 B9 4B 59 6B 05 C9 03 FB 49 25 25 4C 5F 00 00 00 00 00 00 00 00 00 00 00 00 00 00 00 00 00 00 00 00 00 00 00 00 A8 D1 16 BF A7 3D E2 CB B5 C8 D4 E9 65 69 AE F9 8B 78 38 4A 73 DD D8 E4 2E 94 23 4A AA 10 B2 A9 AD 13 C5 42 5E 95 EF 02 82 0B 12 60 A4 73 66 F4 51 11 [SEC-0x04]
< 92.548s B5 62 02 15 10 00 00 00 00 00 00 80 4D 40 00 00 12 00 00 01 60 E7 8E AF [RXM-0x15]
< 92.548s B5 62 01 07 5C 00 40 E7 00 00 E5 07 03 07 00 00 3B F0 FF FF FF FF 00 C2 EB 0B 00 00 24 00 00 00 00 00 00 00 00 00 00 00 00 00 98 BD FF FF FF FF FF FF 00 97 8B DF 00 00 00 00 00 00 00 00 00 00 00 00 00 00 00 00 00 00 00 00 58 3E 0F 00 80 A8 12 01 0F 27 00 00 5C 40 56 2F 00 00 00 00 00 00 00 00 0B 68 [NAV-0x07]
< 92.548s B5 62 01 01 14 00 40 E7 00 00 C4 43 04 26 00 00 00 00 00 00 00 00 C0 1B B8 26 27 46 [NAV-0x01]
< 92.548s B5 62 01 02 1C 00 40 E7 00 00 00 00 00 00 00 00 00 00 00 00 00 00 98 BD FF FF FF FF FF FF 00 97 8B DF 96 CF [NAV-0x02]
< 92.548s B5 62 01 12 24 00 40 E7 00 00 00 00 00 00 00 00 00 00 00 00 00 00 00 00 00 00 00 00 00 00 00 00 00 00 3C 86 01 00 80 A8 12 01 5C 80 [NAV-0x12]
< 92.548s B5 62 01 35 08 00 40 E7 00 00 01 00 00 00 66 F8 [NAV-0x35]
< 92.548s B5 62 01 03 10 00 40 E7 00 00 00 40 00 08 00 00 00 00 54 E7 00 00 BE 03 [NAV-0x03]
< 92.548s B5 62 01 04 12 00 40 E7 00 00 0F 27 0F 27 0F 27 0F 27 0F 27 0F 27 0F 27 B8 68 [NAV-0x04]
< 92.548s B5 62 01 21 14 00 40 E7 00 00 FF FF FF FF 00 C2 EB 0B E5 07 03 07 00 00 3B F0 32 8D [NAV-0x21]
< 92.548s B5 62 01 22 14 00 40 E7 00 00 00 00 00 00 00 00 00 00 FF FF FF FF 7C 36 39 00 45 ED [NAV-0x22]
< 92.768s B5 62 01 60 10 00 40 E7 00 00 01 00 00 00 00 00 00 00 00 00 00 00 99 E9 [NAV-0x60]
< 92.768s B5 62 02 15 10 00 9A 99 99 99 99 99 4D 40 00 00 12 00 00 01 28 E8 6E 39 [RXM-0x15]
< 92.768s B5 62 01 07 5C 00 08 E8 00 00 E5 07 03 07 00 00 3B F0 FF FF FF FF FF 83 D7 17 00 00 24 00 00 00 00 00 00 00 00 00 00 00 00 00 98 BD FF FF FF FF FF FF 00 A3 8B DF 00 00 00 00 00 00 00 00 00 00 00 00 00 00 00 00 00 00 00 00 58 3E 0F 00 80 A8 12 01 0F 27 00 00 5C 40 56 2F 00 00 00 00 00 00 00 00 98 BA [NAV-0x07]
< 92.768s B5 62 01 01 14 00 08 E8 00 00 C4 43 04 26 00 00 00 00 00 00 00 00 40 1E B8 26 73 02 [NAV-0x01]
< 92.768s B5 62 01 02 1C 00 08 E8 00 00 00 00 00 00 00 00 00 00 00 00 00 00 98 BD FF FF FF FF FF FF 00 A3 8B DF 6B EE [NAV-0x02]
< 92.768s B5 62 01 12 24 00 08 E8 00 00 00 00 00 00 00 00 00 00 00 00 00 00 00 00 00 00 00 00 00 00 00 00 00 00 3C 86 01 00 80 A8 12 01 25 C3 [NAV-0x12]
< 92.768s B5 62 01 35 08 00 08 E8 00 00 01 00 00 00 2F 3F [NAV-0x35]
< 92.768s B5 62 01 03 10 00 08 E8 00 00 00 40 00 08 00 00 00 00 1C E8 00 00 50 B5 [NAV-0x03]
< 92.768s B5 62 01 04 12 00 08 E8 00 00 0F 27 0F 27 0F 27 0F 27 0F 27 0F 27 0F 27 81 89 [NAV-0x04]
< 92.768s B5 62 01 21 14 00 08 E8 00 00 FF FF FF FF FF 83 D7 17 E5 07 03 07 00 00 3B F0 B3 23 [NAV-0x21]
< 92.768s B5 62 01 22 14 00 08 E8 00 00 00 00 00 00 00 00 00 00 FF FF FF FF 7C 36 39 00 0E A0 [NAV-0x22]
< 92.933s B5 62 01 60 10 00 08 E8 00 00 01 00 00 00 00 00 00 00 00 00 00 00 62 78 [NAV-0x60]
< 92.933s B5 62 02 15 10 00 33 33 33 33 33 B3 4D 40 00 00 12 00 00 01 F0 E8 51 F3 [RXM-0x15]
< 92.933s B5 62 01 07 5C 00 D0 E8 00 00 E5 07 03 07 00 00 3B F0 FF FF FF FF 00 46 C3 23 00 00 24 00 00 00 00 00 00 00 00 00 00 00 00 00 98 BD FF FF FF FF FF FF 00 B0 8B DF 00 00 00 00 00 00 00 00 00 00 00 00 00 00 00 00 00 00 00 00 58 3E 0F 00 80 A8 12 01 0F 27 00 00 5C 40 56 2F 00 00 00 00 00 00 00 00 29 0E [NAV-0x07]
< 92.933s B5 62 01 01 14 00 D0 E8 00 00 C4 43 04 26 00 00 00 00 00 00 00 00 40 20 B8 26 3D A8 [NAV-0x01]
< 92.933s B5 62 01 02 1C 00 D0 E8 00 00 00 00 00 00 00 00 00 00 00 00 00 00 98 BD FF FF FF FF FF FF 00 B0 8B DF 40 F5 [NAV-0x02]
< 92.933s B5 62 01 12 24 00 D0 E8 00 00 00 00 00 00 00 00 00 00 00 00 00 00 00 00 00 00 00 00 00 00 00 00 00 00 3C 86 01 00 80 A8 12 01 ED E3 [NAV-0x12]
< 92.933s B5 62 01 35 08 00 D0 E8 00 00 01 00 00 00 F7 7F [NAV-0x35]
< 92.933s B5 62 01 03 10 00 D0 E8 00 00 00 40 00 08 00 00 00 00 E4 E8 00 00 E0 55 [NAV-0x03]
< 92.933s B5 62 01 04 12 00 D0 E8 00 00 0F 27 0F 27 0F 27 0F 27 0F 27 0F 27 0F 27 49 99 [NAV-0x04]
< 92.933s B5 62 01 21 14 00 D0 E8 00 00 FF FF FF FF 00 46 C3 23 E5 07 03 07 00 00 3B F0 37 D4 [NAV-0x21]
< 92.933s B5 62 01 22 14 00 D0 E8 00 00 00 00 00 00 00 00 00 00 FF FF FF FF 7C 36 39 00 D6 40 [NAV-0x22]
< 93.152s B5 62 01 60 10 00 D0 E8 00 00 01 00 00 00 00 00 00 00 00 00 00 00 2A F8 [NAV-0x60]
< 93.152s B5 62 02 15 10 00 CD CC CC CC CC CC 4D 40 00 00 12 00 00 01 B8 E9 31 7D [RXM-0x15]
< 93.152s B5 62 01 07 5C 00 98 E9 00 00 E5 07 03 07 00 00 3B F0 FF FF FF FF 00 08 AF 2F 00 00 24 00 00 00 00 00 00 00 00 00 00 00 00 00 98 BD FF FF FF FF FF FF 00 BC 8B DF 00 00 00 00 00 00 00 00 00 00 00 00 00 00 00 00 00 00 00 00 58 3E 0F 00 80 A8 12 01 0F 27 00 00 5C 40 56 2F 00 00 00 00 00 00 00 00 B8 F7 [NAV-0x07]
< 93.152s B5 62 01 01 14 00 98 E9 00 00 C4 43 04 26 00 00 00 00 00 00 00 00 40 22 B8 26 08 61 [NAV-0x01]
< 93.153s B5 62 01 02 1C 00 98 E9 00 00 00 00 00 00 00 00 00 00 00 00 00 00 98 BD FF FF FF FF FF FF 00 BC 8B DF 15 14 [NAV-0x02]
< 93.153s B5 62 01 12 24 00 98 E9 00 00 00 00 00 00 00 00 00 00 00 00 00 00 00 00 00 00 00 00 00 00 00 00 00 00 3C 86 01 00 80 A8 12 01 B6 26 [NAV-0x12]
< 93.153s B5 62 01 35 08 00 98 E9 00 00 01 00 00 00 C0 C6 [NAV-0x35]
< 93.153s B5 62 01 03 10 00 98 E9 00 00 00 40 00 08 00 00 00 00 AC E9 00 00 72 07 [NAV-0x03]
< 93.153s B5 62 01 04 12 00 98 E9 00 00 0F 27 0F 27 0F 27 0F 27 0F 27 0F 27 0F 27 12 BA [NAV-0x04]
< 93.153s B5 62 01 21 14 00 98 E9 00 00 FF FF FF FF 00 08 AF 2F E5 07 03 07 00 00 3B F0 BA 81 [NAV-0x21]
< 93.153s B5 62 01 22 14 00 98 E9 00 00 00 00 00 00 00 00 00 00 FF FF FF FF 7C 36 39 00 9F F3 [NAV-0x22]
< 93.317s B5 62 01 60 10 00 98 E9 00 00 01 00 00 00 00 00 00 00 00 00 00 00 F3 87 [NAV-0x60]
< 93.373s B5 62 0A 38 1C 00 00 01 00 00 00 00 01 02 00 00 00 00 00 00 00 00 59 00 CE 0D 32 0A 86 0A 86 00 00 00 E8 9C [MON-0x38]
< 93.373s B5 62 02 15 10 00 67 66 66 66 66 E6 4D 40 00 00 12 00 00 01 80 EA 16 48 [RXM-0x15]
< 93.373s B5 62 01 07 5C 00 60 EA 00 00 E5 07 03 07 00 01 00 F0 FF FF FF FF 00 00 00 00 00 00 24 00 00 00 00 00 00 00 00 00 00 00 00 00 98 BD FF FF FF FF FF FF 00 C8 8B DF 00 00 00 00 00 00 00 00 00 00 00 00 00 00 00 00 00 00 00 00 58 3E 0F 00 80 A8 12 01 0F 27 00 00 5C 40 56 2F 00 00 00 00 00 00 00 00 6D 7E [NAV-0x07]
< 93.373s B5 62 01 01 14 00 60 EA 00 00 C4 43 04 26 00 00 00 00 00 00 00 00 80 24 B8 26 13 1A [NAV-0x01]
< 93.373s B5 62 01 02 1C 00 60 EA 00 00 00 00 00 00 00 00 00 00 00 00 00 00 98 BD FF FF FF FF FF FF 00 C8 8B DF EA 33 [NAV-0x02]
< 93.373s B5 62 01 12 24 00 60 EA 00 00 00 00 00 00 00 00 00 00 00 00 00 00 00 00 00 00 00 00 00 00 00 00 00 00 3C 86 01 00 80 A8 12 01 7F 69 [NAV-0x12]
< 93.373s B5 62 01 35 08 00 60 EA 00 00 01 00 00 00 89 0D [NAV-0x35]
< 93.373s B5 62 01 03 10 00 60 EA 00 00 00 40 00 08 00 00 00 00 74 EA 00 00 04 B9 [NAV-0x03]
< 93.373s B5 62 01 04 12 00 60 EA 00 00 0F 27 0F 27 0F 27 0F 27 0F 27 0F 27 0F 27 DB DB [NAV-0x04]
< 93.373s B5 62 01 21 14 00 60 EA 00 00 FF FF FF FF 00 00 00 00 E5 07 03 07 00 01 00 F0 63 EC [NAV-0x21]
< 93.373s B5 62 01 22 14 00 60 EA 00 00 00 00 00 00 00 00 00 00 FF FF FF FF 7C 36 39 00 68 A6 [NAV-0x22]
< 93.539s B5 62 01 60 10 00 60 EA 00 00 01 00 00 00 00 00 00 00 00 00 00 00 BC 16 [NAV-0x60]
< 93.539s B5 62 02 15 10 00 00 00 00 00 00 00 4E 40 00 00 12 00 00 01 48 EB FB 0D [RXM-0x15]
< 93.539s B5 62 01 07 5C 00 28 EB 00 00 E5 07 03 07 00 01 00 F0 FF FF FF FF 00 C2 EB 0B 00 00 24 00 00 00 00 00 00 00 00 00 00 00 00 00 98 BD FF FF FF FF FF FF 00 D5 8B DF 00 00 00 00 00 00 00 00 00 00 00 00 00 00 00 00 00 00 00 00 58 3E 0F 00 80 A8 12 01 0F 27 00 00 5C 40 56 2F 00 00 00 00 00 00 00 00 FB 03 [NAV-0x07]
< 93.539s B5 62 01 01 14 00 28 EB 00 00 C4 43 04 26 00 00 00 00 00 00 00 00 C0 26 B8 26 1E D3 [NAV-0x01]
< 93.539s B5 62 01 02 1C 00 28 EB 00 00 00 00 00 00 00 00 00 00 00 00 00 00 98 BD FF FF FF FF FF FF 00 D5 8B DF C0 55 [NAV-0x02]
< 93.539s B5 62 01 12 24 00 28 EB 00 00 00 00 00 00 00 00 00 00 00 00 00 00 00 00 00 00 00 00 00 00 00 00 00 00 3C 86 01 00 80 A8 12 01 48 AC [NAV-0x12]
< 93.539s B5 62 01 35 08 00 28 EB 00 00 01 00 00 00 52 54 [NAV-0x35]
< 93.539s B5 62 01 03 10 00 28 EB 00 00 00 40 00 08 00 00 00 00 3C EB 00 00 96 6B [NAV-0x03]
< 93.539s B5 62 01 04 12 00 28 EB 00 00 0F 27 0F 27 0F 27 0F 27 0F 27 0F 27 0F 27 A4 FC [NAV-0x04]
< 93.539s B5 62 01 21 14 00 28 EB 00 00 FF FF FF FF 00 C2 EB 0B E5 07 03 07 00 01 00 F0 E4 86 [NAV-0x21]
< 93.539s B5 62 01 22 14 00 28 EB 00 00 00 00 00 00 00 00 00 00 FF FF FF FF 7C 36 39 00 31 59 [NAV-0x22]
< 93.763s B5 62 01 60 10 00 28 EB 00 00 01 00 00 00 00 00 00 00 00 00 00 00 85 A5 [NAV-0x60]
< 93.763s B5 62 02 15 10 00 9A 99 99 99 99 19 4E 40 00 00 12 00 00 01 10 EC DB 97 [RXM-0x15]
< 93.763s B5 62 01 07 5C 00 F0 EB 00 00 E5 07 03 07 00 01 00 F0 FF FF FF FF FF 83 D7 17 00 00 24 00 00 00 00 00 00 00 00 00 00 00 00 00 98 BD FF FF FF FF FF FF 00 E1 8B DF 00 00 00 00 00 00 00 00 00 00 00 00 00 00 00 00 00 00 00 00 58 3E 0F 00 80 A8 12 01 0F 27 00 00 5C 40 56 2F 00 00 00 00 00 00 00 00 87 FA [NAV-0x07]
< 93.763s B5 62 01 01 14 00 F0 EB 00 00 C4 43 04 26 00 00 00 00 00 00 00 00 00 29 B8 26 29 7C [NAV-0x01]
< 93.763s B5 62 01 02 1C 00 F0 EB 00 00 00 00 00 00 00 00 00 00 00 00 00 00 98 BD FF FF FF FF FF FF 00 E1 8B DF 94 59 [NAV-0x02]
< 93.763s B5 62 01 12 24 00 F0 EB 00 00 00 00 00 00 00 00 00 00 00 00 00 00 00 00 00 00 00 00 00 00 00 00 00 00 3C 86 01 00 80 A8 12 01 10 CC [NAV-0x12]
< 93.763s B5 62 01 35 08 00 F0 EB 00 00 01 00 00 00 1A 94 [NAV-0x35]
< 93.763s B5 62 01 03 10 00 F0 EB 00 00 00 40 00 08 00 00 00 00 04 EC 00 00 27 0E [NAV-0x03]
< 93.763s B5 62 01 04 12 00 F0 EB 00 00 0F 27 0F 27 0F 27 0F 27 0F 27 0F 27 0F 27 6C 0C [NAV-0x04]
< 93.763s B5 62 01 21 14 00 F0 EB 00 00 FF FF FF FF FF 83 D7 17 E5 07 03 07 00 01 00 F0 64 09 [NAV-0x21]
< 93.763s B5 62 01 22 14 00 F0 EB 00 00 00 00 00 00 00 00 00 00 FF FF FF FF 7C 36 39 00 F9 F9 [NAV-0x22]
< 93.929s B5 62 01 60 10 00 F0 EB 00 00 01 00 00 00 00 00 00 00 00 00 00 00 4D 25 [NAV-0x60]
< 93.929s B5 62 02 15 10 00 33 33 33 33 33 33 4E 40 00 00 12 00 00 01 D8 EC BE 51 [RXM-0x15]
< 93.984s B5 62 01 07 5C 00 B8 EC 00 00 E5 07 03 07 00 01 00 F0 FF FF FF FF 00 46 C3 23 00 00 24 00 00 00 00 00 00 00 00 00 00 00 00 00 98 BD FF FF FF FF FF FF 00 EE 8B DF 00 00 00 00 00 00 00 00 00 00 00 00 00 00 00 00 00 00 00 00 58 3E 0F 00 80 A8 12 01 0F 27 00 00 5C 40 56 2F 00 00 00 00 00 00 00 00 19 A9 [NAV-0x07]
< 93.984s B5 62 01 01 14 00 B8 EC 00 00 C4 43 04 26 00 00 00 00 00 00 00 00 00 2B B8 26 F4 35 [NAV-0x01]
< 93.984s B5 62 01 02 1C 00 B8 EC 00 00 00 00 00 00 00 00 00 00 00 00 00 00 98 BD FF FF FF FF FF FF 00 EE 8B DF 6A 7B [NAV-0x02]
< 93.984s B5 62 01 12 24 00 B8 EC 00 00 00 00 00 00 00 00 00 00 00 00 00 00 00 00 00 00 00 00 00 00 00 00 00 00 3C 86 01 00 80 A8 12 01 D9 0F [NAV-0x12]
< 93.984s B5 62 01 35 08 00 B8 EC 00 00 01 00 00 00 E3 DB [NAV-0x35]
< 93.984s B5 62 01 03 10 00 B8 EC 00 00 00 40 00 08 00 00 00 00 CC EC 00 00 B8 BD [NAV-0x03]
< 93.984s B5 62 01 04 12 00 B8 EC 00 00 0F 27 0F 27 0F 27 0F 27 0F 27 0F 27 0F 27 35 2D [NAV-0x04]
< 93.984s B5 62 01 21 14 00 B8 EC 00 00 FF FF FF FF 00 46 C3 23 E5 07 03 07 00 01 00 F0 E9 CD [NAV-0x21]
< 93.984s B5 62 01 22 14 00 B8 EC 00 00 00 00 00 00 00 00 00 00 FF FF FF FF 7C 36 39 00 C2 AC [NAV-0x22]
< 94.150s B5 62 01 60 10 00 B8 EC 00 00 01 00 00 00 00 00 00 00 00 00 00 00 16 B4 [NAV-0x60]
< 94.150s B5 62 02 15 10 00 CD CC CC CC CC 4C 4E 40 00 00 12 00 00 01 A0 ED 9E DB [RXM-0x15]
< 94.150s B5 62 01 07 5C 00 80 ED 00 00 E5 07 03 07 00 01 00 F0 FF FF FF FF 00 08 AF 2F 00 00 24 00 00 00 00 00 00 00 00 00 00 00 00 00 98 BD FF FF FF FF FF FF 00 FA 8B DF 00 00 00 00 00 00 00 00 00 00 00 00 00 00 00 00 00 00 00 00 58 3E 0F 00 80 A8 12 01 0F 27 00 00 5C 40 56 2F 00 00 00 00 00 00 00 00 A8 92 [NAV-0x07]
< 94.150s B5 62 01 01 14 00 80 ED 00 00 C4 43 04 26 00 00 00 00 00 00 00 00 40 2D B8 26 FF EE [NAV-0x01]
< 94.150s B5 62 01 02 1C 00 80 ED 00 00 00 00 00 00 00 00 00 00 00 00 00 00 98 BD FF FF FF FF FF FF 00 FA 8B DF 3F 9A [NAV-0x02]
< 94.150s B5 62 01 12 24 00 80 ED 00 00 00 00 00 00 00 00 00 00 00 00 00 00 00 00 00 00 00 00 00 00 00 00 00 00 3C 86 01 00 80 A8 12 01 A2 52 [NAV-0x12]
< 94.150s B5 62 01 35 08 00 80 ED 00 00 01 00 00 00 AC 22 [NAV-0x35]
< 94.150s B5 62 01 03 10 00 80 ED 00 00 00 40 00 08 00 00 00 00 94 ED 00 00 4A 6F [NAV-0x03]
< 94.150s B5 62 01 04 12 00 80 ED 00 00 0F 27 0F 27 0F 27 0F 27 0F 27 0F 27 0F 27 FE 4E [NAV-0x04]
< 94.150s B5 62 01 21 14 00 80 ED 00 00 FF FF FF FF 00 08 AF 2F E5 07 03 07 00 01 00 F0 6C 7A [NAV-0x21]
< 94.150s B5 62 01 22 14 00 80 ED 00 00 00 00 00 00 00 00 00 00 FF FF FF FF 7C 36 39 00 8B 5F [NAV-0x22]
< 94.317s B5 62 01 60 10 00 80 ED 00 00 01 00 00 00 00 00 00 00 00 00 00 00 DF 43 [NAV-0x60]
< 94.374s B5 62 0A 38 1C 00 00 01 00 00 00 00 01 02 00 00 00 00 00 00 00 00 59 00 CE 0D 30 09 82 09 86 00 00 00 E0 68 [MON-0x38]
< 94.374s B5 62 02 15 10 00 67 66 66 66 66 66 4E 40 00 00 12 00 00 01 68 EE 83 A6 [RXM-0x15]
< 94.374s B5 62 01 07 5C 00 48 EE 00 00 E5 07 03 07 00 01 01 F0 FF FF FF FF 00 00 00 00 00 00 24 00 00 00 00 00 00 00 00 00 00 00 00 00 98 BD FF FF FF FF FF FF 00 08 8C DF 00 00 00 00 00 00 00 00 00 00 00 00 00 00 00 00 00 00 00 00 58 3E 0F 00 80 A8 12 01 0F 27 00 00 5C 40 56 2F 00 00 00 00 00 00 00 00 9B 8A [NAV-0x07]
< 94.374s B5 62 01 01 14 00 48 EE 00 00 C4 43 04 26 00 00 00 00 00 00 00 00 80 2F B8 26 0A A7 [NAV-0x01]
< 94.374s B5 62 01 02 1C 00 48 EE 00 00 00 00 00 00 00 00 00 00 00 00 00 00 98 BD FF FF FF FF FF FF 00 08 8C DF 17 C1 [NAV-0x02]
< 94.375s B5 62 01 12 24 00 48 EE 00 00 00 00 00 00 00 00 00 00 00 00 00 00 00 00 00 00 00 00 00 00 00 00 00 00 3C 86 01 00 80 A8 12 01 6B 95 [NAV-0x12]
< 94.375s B5 62 01 35 08 00 48 EE 00 00 01 00 00 00 75 69 [NAV-0x35]
< 94.375s B5 62 01 03 10 00 48 EE 00 00 00 40 00 08 00 00 00 00 5C EE 00 00 DC 21 [NAV-0x03]
< 94.375s B5 62 01 04 12 00 48 EE 00 00 0F 27 0F 27 0F 27 0F 27 0F 27 0F 27 0F 27 C7 6F [NAV-0x04]
< 94.375s B5 62 01 21 14 00 48 EE 00 00 FF FF FF FF 00 00 00 00 E5 07 03 07 00 01 01 F0 50 5A [NAV-0x21]
< 94.375s B5 62 01 22 14 00 48 EE 00 00 00 00 00 00 00 00 00 00 FF FF FF FF 7C 36 39 00 54 12 [NAV-0x22]
< 94.431s B5 62 01 60 10 00 48 EE 00 00 01 00 00 00 00 00 00 00 00 00 00 00 A8 D2 [NAV-0x60]
< 94.547s B5 62 27 04 6C 00 01 00 70 00 73 0A 3C 63 9B F6 69 AD 74 D5 07 A2 76 CB C2 4A 77 AC 24 46 D4 6B E7 92 FE B4 E8 DD 4B 89 68 7E 00 00 00 00 00 00 00 00 00 00 00 00 00 00 00 00 00 00 00 00 00 00 00 00 99 10 73 EC 02 BC E6 79 93 70 04 97 EC 57 01 20 7D DF 11 04 FC 89 72 58 8D 82 98 77 EB 2F DD 3D EC 9C AB 68 42 AB F4 36 E9 8C 27 5A D2 30 14 1F 96 85 [SEC-0x04]
< 94.547s B5 62 02 15 10 00 00 00 00 00 00 80 4E 40 00 00 12 00 00 01 30 EF 67 61 [RXM-0x15]
< 94.547s B5 62 01 07 5C 00 10 EF 00 00 E5 07 03 07 00 01 01 F0 FF FF FF FF 00 C2 EB 0B 00 00 24 00 00 00 00 00 00 00 00 00 00 00 00 00 98 BD FF FF FF FF FF FF 00 14 8C DF 00 00 00 00 00 00 00 00 00 00 00 00 00 00 00 00 00 00 00 00 58 3E 0F 00 80 A8 12 01 0F 27 00 00 5C 40 56 2F 00 00 00 00 00 00 00 00 28 E0 [NAV-0x07]
< 94.547s B5 62 01 01 14 00 10 EF 00 00 C4 43 04 26 00 00 00 00 00 00 00 00 C0 31 B8 26 15 60 [NAV-0x01]
< 94.547s B5 62 01 02 1C 00 10 EF 00 00 00 00 00 00 00 00 00 00 00 00 00 00 98 BD FF FF FF FF FF FF 00 14 8C DF EC E0 [NAV-0x02]
< 94.547s B5 62 01 12 24 00 10 EF 00 00 00 00 00 00 00 00 00 00 00 00 00 00 00 00 00 00 00 00 00 00 00 00 00 00 3C 86 01 00 80 A8 12 01 34 D8 [NAV-0x12]
< 94.547s B5 62 01 35 08 00 10 EF 00 00 01 00 00 00 3E B0 [NAV-0x35]
< 94.547s B5 62 01 03 10 00 10 EF 00 00 00 40 00 08 00 00 00 00 24 EF 00 00 6E D3 [NAV-0x03]
< 94.547s B5 62 01 04 12 00 10 EF 00 00 0F 27 0F 27 0F 27 0F 27 0F 27 0F 27 0F 27 90 90 [NAV-0x04]
< 94.547s B5 62 01 21 14 00 10 EF 00 00 FF FF FF FF 00 C2 EB 0B E5 07 03 07 00 01 01 F0 D1 F4 [NAV-0x21]
< 94.547s B5 62 01 22 14 00 10 EF 00 00 00 00 00 00 00 00 00 00 FF FF FF FF 7C 36 39 00 1D C5 [NAV-0x22]
< 94.725s B5 62 01 60 10 00 10 EF 00 00 01 00 00 00 00 00 00 00 00 00 00 00 71 61 [NAV-0x60]
< 94.781s B5 62 02 15 10 00 9A 99 99 99 99 99 4E 40 00 00 12 00 00 01 F8 EF 46 EA [RXM-0x15]
< 94.781s B5 62 01 07 5C 00 D8 EF 00 00 E5 07 03 07 00 01 01 F0 FF FF FF FF FF 83 D7 17 00 00 24 00 00 00 00 00 00 00 00 00 00 00 00 00 98 BD FF FF FF FF FF FF 00 20 8C DF 00 00 00 00 00 00 00 00 00 00 00 00 00 00 00 00 00 00 00 00 58 3E 0F 00 80 A8 12 01 0F 27 00 00 5C 40 56 2F 00 00 00 00 00 00 00 00 B4 D7 [NAV-0x07]
< 94.781s B5 62 01 01 14 00 D8 EF 00 00 C4 43 04 26 00 00 00 00 00 00 00 00 C0 33 B8 26 DF 06 [NAV-0x01]
< 94.781s B5 62 01 02 1C 00 D8 EF 00 00 00 00 00 00 00 00 00 00 00 00 00 00 98 BD FF FF FF FF FF FF 00 20 8C DF C0 E4 [NAV-0x02]
< 94.781s B5 62 01 12 24 00 D8 EF 00 00 00 00 00 00 00 00 00 00 00 00 00 00 00 00 00 00 00 00 00 00 00 00 00 00 3C 86 01 00 80 A8 12 01 FC F8 [NAV-0x12]
< 94.781s B5 62 01 35 08 00 D8 EF 00 00 01 00 00 00 06 F0 [NAV-0x35]
< 94.781s B5 62 01 03 10 00 D8 EF 00 00 00 40 00 08 00 00 00 00 EC EF 00 00 FE 73 [NAV-0x03]
< 94.781s B5 62 01 04 12 00 D8 EF 00 00 0F 27 0F 27 0F 27 0F 27 0F 27 0F 27 0F 27 58 A0 [NAV-0x04]
< 94.781s B5 62 01 21 14 00 D8 EF 00 00 FF FF FF FF FF 83 D7 17 E5 07 03 07 00 01 01 F0 51 77 [NAV-0x21]
< 94.781s B5 62 01 22 14 00 D8 EF 00 00 00 00 00 00 00 00 00 00 FF FF FF FF 7C 36 39 00 E5 65 [NAV-0x22]
< 94.951s B5 62 01 60 10 00 D8 EF 00 00 01 00 00 00 00 00 00 00 00 00 00 00 39 E1 [NAV-0x60]
< 94.951s B5 62 02 15 10 00 33 33 33 33 33 B3 4E 40 00 00 12 00 00 01 C0 F0 2A A5 [RXM-0x15]
< 94.951s B5 62 01 07 5C 00 A0 F0 00 00 E5 07 03 07 00 01 01 F0 FF FF FF FF 00 46 C3 23 00 00 24 00 00 00 00 00 00 00 00 00 00 00 00 00 98 BD FF FF FF FF FF FF 00 2E 8C DF 00 00 00 00 00 00 00 00 00 00 00 00 00 00 00 00 00 00 00 00 58 3E 0F 00 80 A8 12 01 0F 27 00 00 5C 40 56 2F 00 00 00 00 00 00 00 00 47 B5 [NAV-0x07]
< 94.951s B5 62 01 01 14 00 A0 F0 00 00 C4 43 04 26 00 00 00 00 00 00 00 00 40 36 B8 26 2B C2 [NAV-0x01]
< 94.951s B5 62 01 02 1C 00 A0 F0 00 00 00 00 00 00 00 00 00 00 00 00 00 00 98 BD FF FF FF FF FF FF 00 2E 8C DF 97 09 [NAV-0x02]
< 94.951s B5 62 01 12 24 00 A0 F0 00 00 00 00 00 00 00 00 00 00 00 00 00 00 00 00 00 00 00 00 00 00 00 00 00 00 3C 86 01 00 80 A8 12 01 C5 3B [NAV-0x12]
< 94.951s B5 62 01 35 08 00 A0 F0 00 00 01 00 00 00 CF 37 [NAV-0x35]
< 94.951s B5 62 01 03 10 00 A0 F0 00 00 00 40 00 08 00 00 00 00 B4 F0 00 00 90 25 [NAV-0x03]
< 94.951s B5 62 01 04 12 00 A0 F0 00 00 0F 27 0F 27 0F 27 0F 27 0F 27 0F 27 0F 27 21 C1 [NAV-0x04]
< 94.951s B5 62 01 21 14 00 A0 F0 00 00 FF FF FF FF 00 46 C3 23 E5 07 03 07 00 01 01 F0 D6 3B [NAV-0x21]
< 94.951s B5 62 01 22 14 00 A0 F0 00 00 00 00 00 00 00 00 00 00 FF FF FF FF 7C 36 39 00 AE 18 [NAV-0x22]
< 95.126s B5 62 01 60 10 00 A0 F0 00 00 01 00 00 00 00 00 00 00 00 00 00 00 02 70 [NAV-0x60]
< 95.182s B5 62 02 15 10 00 CD CC CC CC CC CC 4E 40 00 00 12 00 00 01 88 F1 0A 2F [RXM-0x15]
< 95.182s B5 62 01 07 5C 00 68 F1 00 00 E5 07 03 07 00 01 01 F0 FF FF FF FF 00 08 AF 2F 00 00 24 00 00 00 00 00 00 00 00 00 00 00 00 00 98 BD FF FF FF FF FF FF 00 3B 8C DF 00 00 00 00 00 00 00 00 00 00 00 00 00 00 00 00 00 00 00 00 58 3E 0F 00 80 A8 12 01 0F 27 00 00 5C 40 56 2F 00 00 00 00 00 00 00 00 D7 CD [NAV-0x07]
< 95.182s B5 62 01 01 14 00 68 F1 00 00 C4 43 04 26 00 00 00 00 00 00 00 00 40 38 B8 26 F6 7B [NAV-0x01]
< 95.182s B5 62 01 02 1C 00 68 F1 00 00 00 00 00 00 00 00 00 00 00 00 00 00 98 BD FF FF FF FF FF FF 00 3B 8C DF 6D 2B [NAV-0x02]
< 95.182s B5 62 01 12 24 00 68 F1 00 00 00 00 00 00 00 00 00 00 00 00 00 00 00 00 00 00 00 00 00 00 00 00 00 00 3C 86 01 00 80 A8 12 01 8E 7E [NAV-0x12]
< 95.182s B5 62 01 35 08 00 68 F1 00 00 01 00 00 00 98 7E [NAV-0x35]
< 95.182s B5 62 01 03 10 00 68 F1 00 00 00 40 00 08 00 00 00 00 7C F1 00 00 22 D7 [NAV-0x03]
< 95.182s B5 62 01 04 12 00 68 F1 00 00 0F 27 0F 27 0F 27 0F 27 0F 27 0F 27 0F 27 EA E2 [NAV-0x04]
< 95.182s B5 62 01 21 14 00 68 F1 00 00 FF FF FF FF 00 08 AF 2F E5 07 03 07 00 01 01 F0 59 E8 [NAV-0x21]
< 95.182s B5 62 01 22 14 00 68 F1 00 00 00 00 00 00 00 00 00 00 FF FF FF FF 7C 36 39 00 77 CB [NAV-0x22]
< 95.295s B5 62 01 60 10 00 68 F1 00 00 01 00 00 00 00 00 00 00 00 00 00 00 CB FF [NAV-0x60]
< 95.353s B5 62 0A 38 1C 00 00 01 00 00 00 00 01 02 00 00 00 00 00 00 00 00 59 00 CE 0D 31 0A 82 09 86 00 00 00 E2 77 [MON-0x38]
< 95.353s B5 62 02 15 10 00 67 66 66 66 66 E6 4E 40 00 00 12 00 00 01 50 F2 EF FA [RXM-0x15]
< 95.353s B5 62 01 07 5C 00 30 F2 00 00 E5 07 03 07 00 01 02 F0 FF FF FF FF 00 00 00 00 00 00 24 00 00 00 00 00 00 00 00 00 00 00 00 00 98 BD FF FF FF FF FF FF 00 47 8C DF 00 00 00 00 00 00 00 00 00 00 00 00 00 00 00 00 00 00 00 00 58 3E 0F 00 80 A8 12 01 0F 27 00 00 5C 40 56 2F 00 00 00 00 00 00 00 00 C7 39 [NAV-0x07]
< 95.353s B5 62 01 01 14 00 30 F2 00 00 C4 43 04 26 00 00 00 00 00 00 00 00 80 3A B8 26 01 34 [NAV-0x01]
< 95.353s B5 62 01 02 1C 00 30 F2 00 00 00 00 00 00 00 00 00 00 00 00 00 00 98 BD FF FF FF FF FF FF 00 47 8C DF 42 4A [NAV-0x02]
< 95.353s B5 62 01 12 24 00 30 F2 00 00 00 00 00 00 00 00 00 00 00 00 00 00 00 00 00 00 00 00 00 00 00 00 00 00 3C 86 01 00 80 A8 12 01 57 C1 [NAV-0x12]
< 95.353s B5 62 01 35 08 00 30 F2 00 00 01 00 00 00 61 C5 [NAV-0x35]
< 95.353s B5 62 01 03 10 00 30 F2 00 00 00 40 00 08 00 00 00 00 44 F2 00 00 B4 89 [NAV-0x03]
< 95.353s B5 62 01 04 12 00 30 F2 00 00 0F 27 0F 27 0F 27 0F 27 0F 27 0F 27 0F 27 B3 03 [NAV-0x04]
< 95.353s B5 62 01 21 14 00 30 F2 00 00 FF FF FF FF 00 00 00 00 E5 07 03 07 00 01 02 F0 3D C8 [NAV-0x21]
< 95.353s B5 62 01 22 14 00 30 F2 00 00 00 00 00 00 00 00 00 00 FF FF FF FF 7C 36 39 00 40 7E [NAV-0x22]
< 95.526s B5 62 01 60 10 00 30 F2 00 00 01 00 00 00 00 00 00 00 00 00 00 00 94 8E [NAV-0x60]
< 95.583s B5 62 02 15 10 00 00 00 00 00 00 00 4F 40 00 00 12 00 00 01 18 F3 D4 BF [RXM-0x15]
< 95.583s B5 62 01 07 5C 00 F8 F2 00 00 E5 07 03 07 00 01 02 F0 FF FF FF FF 00 C2 EB 0B 00 00 24 00 00 00 00 00 00 00 00 00 00 00 00 00 98 BD FF FF FF FF FF FF 00 54 8C DF 00 00 00 00 00 00 00 00 00 00 00 00 00 00 00 00 00 00 00 00 58 3E 0F 00 80 A8 12 01 0F 27 00 00 5C 40 56 2F 00 00 00 00 00 00 00 00 54 63 [NAV-0x07]
< 95.583s B5 62 01 01 14 00 F8 F2 00 00 C4 43 04 26 00 00 00 00 00 00 00 00 C0 3C B8 26 0B DA [NAV-0x01]
< 95.583s B5 62 01 02 1C 00 F8 F2 00 00 00 00 00 00 00 00 00 00 00 00 00 00 98 BD FF FF FF FF FF FF 00 54 8C DF 17 51 [NAV-0x02]
< 95.583s B5 62 01 12 24 00 F8 F2 00 00 00 00 00 00 00 00 00 00 00 00 00 00 00 00 00 00 00 00 00 00 00 00 00 00 3C 86 01 00 80 A8 12 01 1F E1 [NAV-0x12]
< 95.583s B5 62 01 35 08 00 F8 F2 00 00 01 00 00 00 29 05 [NAV-0x35]
< 95.583s B5 62 01 03 10 00 F8 F2 00 00 00 40 00 08 00 00 00 00 0C F3 00 00 45 2C [NAV-0x03]
< 95.583s B5 62 01 04 12 00 F8 F2 00 00 0F 27 0F 27 0F 27 0F 27 0F 27 0F 27 0F 27 7B 13 [NAV-0x04]
< 95.583s B5 62 01 21 14 00 F8 F2 00 00 FF FF FF FF 00 C2 EB 0B E5 07 03 07 00 01 02 F0 BD 4F [NAV-0x21]
< 95.583s B5 62 01 22 14 00 F8 F2 00 00 00 00 00 00 00 00 00 00 FF FF FF FF 7C 36 39 00 08 1E [NAV-0x22]
< 95.755s B5 62 01 60 10 00 F8 F2 00 00 01 00 00 00 00 00 00 00 00 00 00 00 5C 0E [NAV-0x60]
< 95.755s B5 62 02 15 10 00 9A 99 99 99 99 19 4F 40 00 00 12 00 00 01 E0 F3 B3 48 [RXM-0x15]
< 95.755s B5 62 01 07 5C 00 C0 F3 00 00 E5 07 03 07 00 01 02 F0 FF FF FF FF FF 83 D7 17 00 00 24 00 00 00 00 00 00 00 00 00 00 00 00 00 98 BD FF FF FF FF FF FF 00 61 8C DF 00 00 00 00 00 00 00 00 00 00 00 00 00 00 00 00 00 00 00 00 58 3E 0F 00 80 A8 12 01 0F 27 00 00 5C 40 56 2F 00 00 00 00 00 00 00 00 E2 E4 [NAV-0x07]
< 95.755s B5 62 01 01 14 00 C0 F3 00 00 C4 43 04 26 00 00 00 00 00 00 00 00 00 3F B8 26 17 96 [NAV-0x01]
< 95.755s B5 62 01 02 1C 00 C0 F3 00 00 00 00 00 00 00 00 00 00 00 00 00 00 98 BD FF FF FF FF FF FF 00 61 8C DF ED 73 [NAV-0x02]
< 95.755s B5 62 01 12 24 00 C0 F3 00 00 00 00 00 00 00 00 00 00 00 00 00 00 00 00 00 00 00 00 00 00 00 00 00 00 3C 86 01 00 80 A8 12 01 E8 24 [NAV-0x12]
< 95.755s B5 62 01 35 08 00 C0 F3 00 00 01 00 00 00 F2 4C [NAV-0x35]
< 95.755s B5 62 01 03 10 00 C0 F3 00 00 00 40 00 08 00 00 00 00 D4 F3 00 00 D6 DB [NAV-0x03]
< 95.755s B5 62 01 04 12 00 C0 F3 00 00 0F 27 0F 27 0F 27 0F 27 0F 27 0F 27 0F 27 44 34 [NAV-0x04]
< 95.755s B5 62 01 21 14 00 C0 F3 00 00 FF FF FF FF FF 83 D7 17 E5 07 03 07 00 01 02 F0 3E E5 [NAV-0x21]
< 95.755s B5 62 01 22 14 00 C0 F3 00 00 00 00 00 00 00 00 00 00 FF FF FF FF 7C 36 39 00 D1 D1 [NAV-0x22]
< 95.926s B5 62 01 60 10 00 C0 F3 00 00 01 00 00 00 00 00 00 00 00 00 00 00 25 9D [NAV-0x60]
< 95.983s B5 62 02 15 10 00 33 33 33 33 33 33 4F 40 00 00 12 00 00 01 A8 F4 97 03 [RXM-0x15]
< 95.983s B5 62 01 07 5C 00 88 F4 00 00 E5 07 03 07 00 01 02 F0 FF FF FF FF 00 46 C3 23 00 00 24 00 00 00 00 00 00 00 00 00 00 00 00 00 98 BD FF FF FF FF FF FF 00 6F 8C DF 00 00 00 00 00 00 00 00 00 00 00 00 00 00 00 00 00 00 00 00 58 3E 0F 00 80 A8 12 01 0F 27 00 00 5C 40 56 2F 00 00 00 00 00 00 00 00 75 C2 [NAV-0x07]
< 95.983s B5 62 01 01 14 00 88 F4 00 00 C4 43 04 26 00 00 00 00 00 00 00 00 00 41 B8 26 E2 4F [NAV-0x01]
< 95.983s B5 62 01 02 1C 00 88 F4 00 00 00 00 00 00 00 00 00 00 00 00 00 00 98 BD FF FF FF FF FF FF 00 6F 8C DF C4 98 [NAV-0x02]
< 95.983s B5 62 01 12 24 00 88 F4 00 00 00 00 00 00 00 00 00 00 00 00 00 00 00 00 00 00 00 00 00 00 00 00 00 00 3C 86 01 00 80 A8 12 01 B1 67 [NAV-0x12]
< 95.983s B5 62 01 35 08 00 88 F4 00 00 01 00 00 00 BB 93 [NAV-0x35]
< 95.983s B5 62 01 03 10 00 88 F4 00 00 00 40 00 08 00 00 00 00 9C F4 00 00 68 8D [NAV-0x03]
< 95.983s B5 62 01 04 12 00 88 F4 00 00 0F 27 0F 27 0F 27 0F 27 0F 27 0F 27 0F 27 0D 55 [NAV-0x04]
< 95.983s B5 62 01 21 14 00 88 F4 00 00 FF FF FF FF 00 46 C3 23 E5 07 03 07 00 01 02 F0 C3 A9 [NAV-0x21]
< 95.983s B5 62 01 22 14 00 88 F4 00 00 00 00 00 00 00 00 00 00 FF FF FF FF 7C 36 39 00 9A 84 [NAV-0x22]
< 96.157s B5 62 01 60 10 00 88 F4 00 00 01 00 00 00 00 00 00 00 00 00 00 00 EE 2C [NAV-0x60]
< 96.157s B5 62 02 15 10 00 CD CC CC CC CC 4C 4F 40 00 00 12 00 00 01 70 F5 77 8D [RXM-0x15]
< 96.157s B5 62 01 07 5C 00 50 F5 00 00 E5 07 03 07 00 01 02 F0 FF FF FF FF 00 08 AF 2F 00 00 24 00 00 00 00 00 00 00 00 00 00 00 00 00 98 BD FF FF FF FF FF FF 00 7B 8C DF 00 00 00 00 00 00 00 00 00 00 00 00 00 00 00 00 00 00 00 00 58 3E 0F 00 80 A8 12 01 0F 27 00 00 5C 40 56 2F 00 00 00 00 00 00 00 00 04 AB [NAV-0x07]
< 96.157s B5 62 01 01 14 00 50 F5 00 00 C4 43 04 26 00 00 00 00 00 00 00 00 80 43 B8 26 2D 08 [NAV-0x01]
< 96.157s B5 62 01 02 1C 00 50 F5 00 00 00 00 00 00 00 00 00 00 00 00 00 00 98 BD FF FF FF FF FF FF 00 7B 8C DF 99 B7 [NAV-0x02]
< 96.157s B5 62 01 12 24 00 50 F5 00 00 00 00 00 00 00 00 00 00 00 00 00 00 00 00 00 00 00 00 00 00 00 00 00 00 3C 86 01 00 80 A8 12 01 7A AA [NAV-0x12]
< 96.157s B5 62 01 35 08 00 50 F5 00 00 01 00 00 00 84 DA [NAV-0x35]
< 96.157s B5 62 01 03 10 00 50 F5 00 00 00 40 00 08 00 00 00 00 64 F5 00 00 FA 3F [NAV-0x03]
< 96.157s B5 62 01 04 12 00 50 F5 00 00 0F 27 0F 27 0F 27 0F 27 0F 27 0F 27 0F 27 D6 76 [NAV-0x04]
< 96.157s B5 62 01 21 14 00 50 F5 00 00 FF FF FF FF 00 08 AF 2F E5 07 03 07 00 01 02 F0 46 56 [NAV-0x21]
< 96.157s B5 62 01 22 14 00 50 F5 00 00 00 00 00 00 00 00 00 00 FF FF FF FF 7C 36 39 00 63 37 [NAV-0x22]
< 96.334s B5 62 01 60 10 00 50 F5 00 00 01 00 00 00 00 00 00 00 00 00 00 00 B7 BB [NAV-0x60]
< 96.334s B5 62 0A 38 1C 00 00 01 00 00 00 00 01 02 00 00 00 00 00 00 00 00 59 00 CE 0D 32 09 85 09 87 00 00 00 E6 8E [MON-0x38]
< 96.334s B5 62 02 15 10 00 67 66 66 66 66 66 4F 40 00 00 12 00 00 01 38 F6 5C 58 [RXM-0x15]
< 96.334s B5 62 01 07 5C 00 18 F6 00 00 E5 07 03 07 00 01 03 F0 FF FF FF FF 00 00 00 00 00 00 24 00 00 00 00 00 00 00 00 00 00 00 00 00 98 BD FF FF FF FF FF FF 00 89 8C DF 00 00 00 00 00 00 00 00 00 00 00 00 00 00 00 00 00 00 00 00 58 3E 0F 00 80 A8 12 01 0F 27 00 00 5C 40 56 2F 00 00 00 00 00 00 00 00 F6 75 [NAV-0x07]
< 96.334s B5 62 01 01 14 00 18 F6 00 00 C4 43 04 26 00 00 00 00 00 00 00 00 C0 45 B8 26 38 C1 [NAV-0x01]
< 96.334s B5 62 01 02 1C 00 18 F6 00 00 00 00 00 00 00 00 00 00 00 00 00 00 98 BD FF FF FF FF FF FF 00 89 8C DF 70 DC [NAV-0x02]
< 96.335s B5 62 01 12 24 00 18 F6 00 00 00 00 00 00 00 00 00 00 00 00 00 00 00 00 00 00 00 00 00 00 00 00 00 00 3C 86 01 00 80 A8 12 01 43 ED [NAV-0x12]
< 96.335s B5 62 01 35 08 00 18 F6 00 00 01 00 00 00 4D 21 [NAV-0x35]
< 96.335s B5 62 01 03 10 00 18 F6 00 00 00 40 00 08 00 00 00 00 2C F6 00 00 8C F1 [NAV-0x03]
< 96.335s B5 62 01 04 12 00 18 F6 00 00 0F 27 0F 27 0F 27 0F 27 0F 27 0F 27 0F 27 9F 97 [NAV-0x04]
< 96.335s B5 62 01 21 14 00 18 F6 00 00 FF FF FF FF 00 00 00 00 E5 07 03 07 00 01 03 F0 2A 36 [NAV-0x21]
< 96.335s B5 62 01 22 14 00 18 F6 00 00 00 00 00 00 00 00 00 00 FF FF FF FF 7C 36 39 00 2C EA [NAV-0x22]
< 96.393s B5 62 01 60 10 00 18 F6 00 00 01 00 00 00 00 00 00 00 00 00 00 00 80 4A [NAV-0x60]
< 96.531s B5 62 27 04 6C 00 01 00 70 00 C7 6C 10 C8 CC B5 07 7F 2D 7F 6B 71 F9 07 37 CF 7C 16 63 11 A8 80 08 59 AE 51 55 8A 1A 97 5A CC 00 00 00 00 00 00 00 00 00 00 00 00 00 00 00 00 00 00 00 00 00 00 00 00 A7 21 AB 28 91 74 F8 1C F6 DE 2C A8 D5 90 7A EA B2 10 D5 86 5D 76 D3 F9 72 83 01 BB C8 98 04 24 13 7A 5D 26 C5 5E 59 DA 95 72 1D 33 08 E2 A9 21 77 54 [SEC-0x04]
< 96.531s B5 62 02 15 10 00 00 00 00 00 00 80 4F 40 00 00 12 00 00 01 00 F7 40 13 [RXM-0x15]
< 96.589s B5 62 01 07 5C 00 E0 F6 00 00 E5 07 03 07 00 01 03 F0 FF FF FF FF 00 C2 EB 0B 00 00 24 00 00 00 00 00 00 00 00 00 00 00 00 00 98 BD FF FF FF FF FF FF 00 96 8C DF 00 00 00 00 00 00 00 00 00 00 00 00 00 00 00 00 00 00 00 00 58 3E 0F 00 80 A8 12 01 0F 27 00 00 5C 40 56 2F 00 00 00 00 00 00 00 00 83 9F [NAV-0x07]
< 96.589s B5 62 01 01 14 00 E0 F6 00 00 C4 43 04 26 00 00 00 00 00 00 00 00 00 48 B8 26 43 6A [NAV-0x01]
< 96.589s B5 62 01 02 1C 00 E0 F6 00 00 00 00 00 00 00 00 00 00 00 00 00 00 98 BD FF FF FF FF FF FF 00 96 8C DF 45 E3 [NAV-0x02]
< 96.589s B5 62 01 12 24 00 E0 F6 00 00 00 00 00 00 00 00 00 00 00 00 00 00 00 00 00 00 00 00 00 00 00 00 00 00 3C 86 01 00 80 A8 12 01 0B 0D [NAV-0x12]
< 96.589s B5 62 01 35 08 00 E0 F6 00 00 01 00 00 00 15 61 [NAV-0x35]
< 96.589s B5 62 01 03 10 00 E0 F6 00 00 00 40 00 08 00 00 00 00 F4 F6 00 00 1C 91 [NAV-0x03]
< 96.589s B5 62 01 04 12 00 E0 F6 00 00 0F 27 0F 27 0F 27 0F 27 0F 27 0F 27 0F 27 67 A7 [NAV-0x04]
< 96.589s B5 62 01 21 14 00 E0 F6 00 00 FF FF FF FF 00 C2 EB 0B E5 07 03 07 00 01 03 F0 AA BD [NAV-0x21]
< 96.589s B5 62 01 22 14 00 E0 F6 00 00 00 00 00 00 00 00 00 00 FF FF FF FF 7C 36 39 00 F4 8A [NAV-0x22]
< 96.763s B5 62 01 60 10 00 E0 F6 00 00 01 00 00 00 00 00 00 00 00 00 00 00 48 CA [NAV-0x60]
< 96.763s B5 62 02 15 10 00 9A 99 99 99 99 99 4F 40 00 00 12 00 00 01 C8 F7 1F 9C [RXM-0x15]
< 96.763s B5 62 01 07 5C 00 A8 F7 00 00 E5 07 03 07 00 01 03 F0 FF FF FF FF FF 83 D7 17 00 00 24 00 00 00 00 00 00 00 00 00 00 00 00 00 98 BD FF FF FF FF FF FF 00 A2 8C DF 00 00 00 00 00 00 00 00 00 00 00 00 00 00 00 00 00 00 00 00 58 3E 0F 00 80 A8 12 01 0F 27 00 00 5C 40 56 2F 00 00 00 00 00 00 00 00 10 F1 [NAV-0x07]
< 96.763s B5 62 01 01 14 00 A8 F7 00 00 C4 43 04 26 00 00 00 00 00 00 00 00 40 4A B8 26 4E 23 [NAV-0x01]
< 96.763s B5 62 01 02 1C 00 A8 F7 00 00 00 00 00 00 00 00 00 00 00 00 00 00 98 BD FF FF FF FF FF FF 00 A2 8C DF 1A 02 [NAV-0x02]
< 96.763s B5 62 01 12 24 00 A8 F7 00 00 00 00 00 00 00 00 00 00 00 00 00 00 00 00 00 00 00 00 00 00 00 00 00 00 3C 86 01 00 80 A8 12 01 D4 50 [NAV-0x12]
< 96.763s B5 62 01 35 08 00 A8 F7 00 00 01 00 00 00 DE A8 [NAV-0x35]
< 96.763s B5 62 01 03 10 00 A8 F7 00 00 00 40 00 08 00 00 00 00 BC F7 00 00 AE 43 [NAV-0x03]
< 96.763s B5 62 01 04 12 00 A8 F7 00 00 0F 27 0F 27 0F 27 0F 27 0F 27 0F 27 0F 27 30 C8 [NAV-0x04]
< 96.763s B5 62 01 21 14 00 A8 F7 00 00 FF FF FF FF FF 83 D7 17 E5 07 03 07 00 01 03 F0 2B 53 [NAV-0x21]
< 96.763s B5 62 01 22 14 00 A8 F7 00 00 00 00 00 00 00 00 00 00 FF FF FF FF 7C 36 39 00 BD 3D [NAV-0x22]
< 96.935s B5 62 01 60 10 00 A8 F7 00 00 01 00 00 00 00 00 00 00 00 00 00 00 11 59 [NAV-0x60]
< 96.935s B5 62 02 15 10 00 33 33 33 33 33 B3 4F 40 00 00 12 00 00 01 90 F8 03 57 [RXM-0x15]
< 96.935s B5 62 01 07 5C 00 70 F8 00 00 E5 07 03 07 00 01 03 F0 FF FF FF FF 00 46 C3 23 00 00 24 00 00 00 00 00 00 00 00 00 00 00 00 00 98 BD FF FF FF FF FF FF 00 B0 8C DF 00 00 00 00 00 00 00 00 00 00 00 00 00 00 00 00 00 00 00 00 58 3E 0F 00 80 A8 12 01 0F 27 00 00 5C 40 56 2F 00 00 00 00 00 00 00 00 A3 CF [NAV-0x07]
< 96.935s B5 62 01 01 14 00 70 F8 00 00 C4 43 04 26 00 00 00 00 00 00 00 00 C0 4C B8 26 99 DC [NAV-0x01]
< 96.935s B5 62 01 02 1C 00 70 F8 00 00 00 00 00 00 00 00 00 00 00 00 00 00 98 BD FF FF FF FF FF FF 00 B0 8C DF F1 27 [NAV-0x02]
< 96.935s B5 62 01 12 24 00 70 F8 00 00 00 00 00 00 00 00 00 00 00 00 00 00 00 00 00 00 00 00 00 00 00 00 00 00 3C 86 01 00 80 A8 12 01 9D 93 [NAV-0x12]
< 96.935s B5 62 01 35 08 00 70 F8 00 00 01 00 00 00 A7 EF [NAV-0x35]
< 96.935s B5 62 01 03 10 00 70 F8 00 00 00 40 00 08 00 00 00 00 84 F8 00 00 40 F5 [NAV-0x03]
< 96.935s B5 62 01 04 12 00 70 F8 00 00 0F 27 0F 27 0F 27 0F 27 0F 27 0F 27 0F 27 F9 E9 [NAV-0x04]
< 96.935s B5 62 01 21 14 00 70 F8 00 00 FF FF FF FF 00 46 C3 23 E5 07 03 07 00 01 03 F0 B0 17 [NAV-0x21]
< 96.935s B5 62 01 22 14 00 70 F8 00 00 00 00 00 00 00 00 00 00 FF FF FF FF 7C 36 39 00 86 F0 [NAV-0x22]
< 97.166s B5 62 01 60 10 00 70 F8 00 00 01 00 00 00 00 00 00 00 00 00 00 00 DA E8 [NAV-0x60]
< 97.166s B5 62 02 15 10 00 CD CC CC CC CC CC 4F 40 00 00 12 00 00 01 58 F9 E3 E1 [RXM-0x15]
< 97.166s B5 62 01 07 5C 00 38 F9 00 00 E5 07 03 07 00 01 03 F0 FF FF FF FF 00 08 AF 2F 00 00 24 00 00 00 00 00 00 00 00 00 00 00 00 00 98 BD FF FF FF FF FF FF 00 BE 8C DF 00 00 00 00 00 00 00 00 00 00 00 00 00 00 00 00 00 00 00 00 58 3E 0F 00 80 A8 12 01 0F 27 00 00 5C 40 56 2F 00 00 00 00 00 00 00 00 34 16 [NAV-0x07]
< 97.166s B5 62 01 01 14 00 38 F9 00 00 C4 43 04 26 00 00 00 00 00 00 00 00 00 4F B8 26 A5 98 [NAV-0x01]
< 97.166s B5 62 01 02 1C 00 38 F9 00 00 00 00 00 00 00 00 00 00 00 00 00 00 98 BD FF FF FF FF FF FF 00 BE 8C DF C8 4C [NAV-0x02]
< 97.166s B5 62 01 12 24 00 38 F9 00 00 00 00 00 00 00 00 00 00 00 00 00 00 00 00 00 00 00 00 00 00 00 00 00 00 3C 86 01 00 80 A8 12 01 66 D6 [NAV-0x12]
< 97.166s B5 62 01 35 08 00 38 F9 00 00 01 00 00 00 70 36 [NAV-0x35]
< 97.166s B5 62 01 03 10 00 38 F9 00 00 00 40 00 08 00 00 00 00 4C F9 00 00 D2 A7 [NAV-0x03]
< 97.166s B5 62 01 04 12 00 38 F9 00 00 0F 27 0F 27 0F 27 0F 27 0F 27 0F 27 0F 27 C2 0A [NAV-0x04]
< 97.166s B5 62 01 21 14 00 38 F9 00 00 FF FF FF FF 00 08 AF 2F E5 07 03 07 00 01 03 F0 33 C4 [NAV-0x21]
< 97.166s B5 62 01 22 14 00 38 F9 00 00 00 00 00 00 00 00 00 00 FF FF FF FF 7C 36 39 00 4F A3 [NAV-0x22]
< 97.341s B5 62 01 60 10 00 38 F9 00 00 01 00 00 00 00 00 00 00 00 00 00 00 A3 77 [NAV-0x60]
< 97.341s B5 62 0A 38 1C 00 00 01 00 00 00 00 01 02 00 00 00 00 00 00 00 00 59 00 CE 0D 33 07 86 08 88 00 00 00 E6 8D [MON-0x38]
< 97.341s B5 62 02 15 10 00 67 66 66 66 66 E6 4F 40 00 00 12 00 00 01 20 FA C8 AC [RXM-0x15]
< 97.341s B5 62 01 07 5C 00 00 FA 00 00 E5 07 03 07 00 01 04 F0 FF FF FF FF 00 00 00 00 00 00 24 00 00 00 00 00 00 00 00 00 00 00 00 00 98 BD FF FF FF FF FF FF 00 CA 8C DF 00 00 00 00 00 00 00 00 00 00 00 00 00 00 00 00 00 00 00 00 58 3E 0F 00 80 A8 12 01 0F 27 00 00 5C 40 56 2F 00 00 00 00 00 00 00 00 24 82 [NAV-0x07]
< 97.341s B5 62 01 01 14 00 00 FA 00 00 C4 43 04 26 00 00 00 00 00 00 00 00 00 51 B8 26 70 51 [NAV-0x01]
< 97.341s B5 62 01 02 1C 00 00 FA 00 00 00 00 00 00 00 00 00 00 00 00 00 00 98 BD FF FF FF FF FF FF 00 CA 8C DF 9D 6B [NAV-0x02]
< 97.341s B5 62 01 12 24 00 00 FA 00 00 00 00 00 00 00 00 00 00 00 00 00 00 00 00 00 00 00 00 00 00 00 00 00 00 3C 86 01 00 80 A8 12 01 2F 19 [NAV-0x12]
< 97.341s B5 62 01 35 08 00 00 FA 00 00 01 00 00 00 39 7D [NAV-0x35]
< 97.341s B5 62 01 03 10 00 00 FA 00 00 00 40 00 08 00 00 00 00 14 FA 00 00 64 59 [NAV-0x03]
< 97.341s B5 62 01 04 12 00 00 FA 00 00 0F 27 0F 27 0F 27 0F 27 0F 27 0F 27 0F 27 8B 2B [NAV-0x04]
< 97.341s B5 62 01 21 14 00 00 FA 00 00 FF FF FF FF 00 00 00 00 E5 07 03 07 00 01 04 F0 17 A4 [NAV-0x21]
< 97.341s B5 62 01 22 14 00 00 FA 00 00 00 00 00 00 00 00 00 00 FF FF FF FF 7C 36 39 00 18 56 [NAV-0x22]
< 97.577s B5 62 01 60 10 00 00 FA 00 00 01 00 00 00 00 00 00 00 00 00 00 00 6C 06 [NAV-0x60]
< 97.577s B5 62 02 15 10 00 00 00 00 00 00 00 50 40 00 00 12 00 00 01 E8 FA AC 70 [RXM-0x15]
< 97.578s B5 62 01 07 5C 00 C8 FA 00 00 E5 07 03 07 00 01 04 F0 FF FF FF FF 00 C2 EB 0B 00 00 24 00 00 00 00 00 00 00 00 00 00 00 00 00 98 BD FF FF FF FF FF FF 00 D8 8C DF 00 00 00 00 00 00 00 00 00 00 00 00 00 00 00 00 00 00 00 00 58 3E 0F 00 80 A8 12 01 0F 27 00 00 5C 40 56 2F 00 00 00 00 00 00 00 00 B2 DB [NAV-0x07]
< 97.578s B5 62 01 01 14 00 C8 FA 00 00 C4 43 04 26 00 00 00 00 00 00 00 00 C0 53 B8 26 FA F7 [NAV-0x01]
< 97.578s B5 62 01 02 1C 00 C8 FA 00 00 00 00 00 00 00 00 00 00 00 00 00 00 98 BD FF FF FF FF FF FF 00 D8 8C DF 73 75 [NAV-0x02]
< 97.578s B5 62 01 12 24 00 C8 FA 00 00 00 00 00 00 00 00 00 00 00 00 00 00 00 00 00 00 00 00 00 00 00 00 00 00 3C 86 01 00 80 A8 12 01 F7 39 [NAV-0x12]
< 97.578s B5 62 01 35 08 00 C8 FA 00 00 01 00 00 00 01 BD [NAV-0x35]
< 97.578s B5 62 01 03 10 00 C8 FA 00 00 00 40 00 08 00 00 00 00 DC FA 00 00 F4 F9 [NAV-0x03]
< 97.578s B5 62 01 04 12 00 C8 FA 00 00 0F 27 0F 27 0F 27 0F 27 0F 27 0F 27 0F 27 53 3B [NAV-0x04]
< 97.578s B5 62 01 21 14 00 C8 FA 00 00 FF FF FF FF 00 C2 EB 0B E5 07 03 07 00 01 04 F0 97 2B [NAV-0x21]
< 97.578s B5 62 01 22 14 00 C8 FA 00 00 00 00 00 00 00 00 00 00 FF FF FF FF 7C 36 39 00 E0 F6 [NAV-0x22]
< 97.763s B5 62 01 60 10 00 C8 FA 00 00 01 00 00 00 00 00 00 00 00 00 00 00 34 86 [NAV-0x60]
< 97.763s B5 62 02 15 10 00 CD CC CC CC CC 0C 50 40 00 00 12 00 00 01 B0 FB 7E 5D [RXM-0x15]
< 97.763s B5 62 01 07 5C 00 90 FB 00 00 E5 07 03 07 00 01 04 F0 FF FF FF FF 00 84 D7 17 00 00 24 00 00 00 00 00 00 00 00 00 00 00 00 00 98 BD FF FF FF FF FF FF 00 E6 8C DF 00 00 00 00 00 00 00 00 00 00 00 00 00 00 00 00 00 00 00 00 58 3E 0F 00 80 A8 12 01 0F 27 00 00 5C 40 56 2F 00 00 00 00 00 00 00 00 43 22 [NAV-0x07]
< 97.763s B5 62 01 01 14 00 90 FB 00 00 C4 43 04 26 00 00 00 00 00 00 00 00 C0 55 B8 26 C5 B0 [NAV-0x01]
< 97.763s B5 62 01 02 1C 00 90 FB 00 00 00 00 00 00 00 00 00 00 00 00 00 00 98 BD FF FF FF FF FF FF 00 E6 8C DF 4A 9A [NAV-0x02]
< 97.763s B5 62 01 12 24 00 90 FB 00 00 00 00 00 00 00 00 00 00 00 00 00 00 00 00 00 00 00 00 00 00 00 00 00 00 3C 86 01 00 80 A8 12 01 C0 7C [NAV-0x12]
< 97.763s B5 62 01 35 08 00 90 FB 00 00 01 00 00 00 CA 04 [NAV-0x35]
< 97.763s B5 62 01 03 10 00 90 FB 00 00 00 40 00 08 00 00 00 00 A4 FB 00 00 86 AB [NAV-0x03]
< 97.763s B5 62 01 04 12 00 90 FB 00 00 0F 27 0F 27 0F 27 0F 27 0F 27 0F 27 0F 27 1C 5C [NAV-0x04]
< 97.763s B5 62 01 21 14 00 90 FB 00 00 FF FF FF FF 00 84 D7 17 E5 07 03 07 00 01 04 F0 1A D8 [NAV-0x21]
< 97.763s B5 62 01 22 14 00 90 FB 00 00 00 00 00 00 00 00 00 00 FF FF FF FF 7C 36 39 00 A9 A9 [NAV-0x22]
< 97.938s B5 62 01 60 10 00 90 FB 00 00 01 00 00 00 00 00 00 00 00 00 00 00 FD 15 [NAV-0x60]
< 97.938s B5 62 02 15 10 00 9A 99 99 99 99 19 50 40 00 00 12 00 00 01 78 FC 55 8B [RXM-0x15]
< 97.938s B5 62 01 07 5C 00 58 FC 00 00 E5 07 03 07 00 01 04 F0 FF FF FF FF FF 45 C3 23 00 00 24 00 00 00 00 00 00 00 00 00 00 00 00 00 98 BD FF FF FF FF FF FF 00 F3 8C DF 00 00 00 00 00 00 00 00 00 00 00 00 00 00 00 00 00 00 00 00 58 3E 0F 00 80 A8 12 01 0F 27 00 00 5C 40 56 2F 00 00 00 00 00 00 00 00 D1 A3 [NAV-0x07]
< 97.938s B5 62 01 01 14 00 58 FC 00 00 C4 43 04 26 00 00 00 00 00 00 00 00 40 58 B8 26 11 6C [NAV-0x01]
< 97.938s B5 62 01 02 1C 00 58 FC 00 00 00 00 00 00 00 00 00 00 00 00 00 00 98 BD FF FF FF FF FF FF 00 F3 8C DF 20 BC [NAV-0x02]
< 97.939s B5 62 01 12 24 00 58 FC 00 00 00 00 00 00 00 00 00 00 00 00 00 00 00 00 00 00 00 00 00 00 00 00 00 00 3C 86 01 00 80 A8 12 01 89 BF [NAV-0x12]
< 97.939s B5 62 01 35 08 00 58 FC 00 00 01 00 00 00 93 4B [NAV-0x35]
< 97.939s B5 62 01 03 10 00 58 FC 00 00 00 40 00 08 00 00 00 00 6C FC 00 00 18 5D [NAV-0x03]
< 97.939s B5 62 01 04 12 00 58 FC 00 00 0F 27 0F 27 0F 27 0F 27 0F 27 0F 27 0F 27 E5 7D [NAV-0x04]
< 97.939s B5 62 01 21 14 00 58 FC 00 00 FF FF FF FF FF 45 C3 23 E5 07 03 07 00 01 04 F0 9B 6E [NAV-0x21]
< 97.939s B5 62 01 22 14 00 58 FC 00 00 00 00 00 00 00 00 00 00 FF FF FF FF 7C 36 39 00 72 5C [NAV-0x22]
< 98.174s B5 62 01 60 10 00 58 FC 00 00 01 00 00 00 00 00 00 00 00 00 00 00 C6 A4 [NAV-0x60]
< 98.174s B5 62 02 15 10 00 66 66 66 66 66 26 50 40 00 00 12 00 00 01 40 FD 2B A9 [RXM-0x15]
< 98.174s B5 62 01 07 5C 00 20 FD 00 00 E5 07 03 07 00 01 04 F0 FF FF FF FF FF 07 AF 2F 00 00 24 00 00 00 00 00 00 00 00 00 00 00 00 00 98 BD FF FF FF FF FF FF 00 01 8D DF 00 00 00 00 00 00 00 00 00 00 00 00 00 00 00 00 00 00 00 00 58 3E 0F 00 80 A8 12 01 0F 27 00 00 5C 40 56 2F 00 00 00 00 00 00 00 00 63 18 [NAV-0x07]
< 98.174s B5 62 01 01 14 00 20 FD 00 00 C4 43 04 26 00 00 00 00 00 00 00 00 C0 5A B8 26 5C 25 [NAV-0x01]
< 98.174s B5 62 01 02 1C 00 20 FD 00 00 00 00 00 00 00 00 00 00 00 00 00 00 98 BD FF FF FF FF FF FF 00 01 8D DF F8 E3 [NAV-0x02]
< 98.174s B5 62 01 12 24 00 20 FD 00 00 00 00 00 00 00 00 00 00 00 00 00 00 00 00 00 00 00 00 00 00 00 00 00 00 3C 86 01 00 80 A8 12 01 52 02 [NAV-0x12]
< 98.174s B5 62 01 35 08 00 20 FD 00 00 01 00 00 00 5C 92 [NAV-0x35]
< 98.174s B5 62 01 03 10 00 20 FD 00 00 00 40 00 08 00 00 00 00 34 FD 00 00 AA 0F [NAV-0x03]
< 98.174s B5 62 01 04 12 00 20 FD 00 00 0F 27 0F 27 0F 27 0F 27 0F 27 0F 27 0F 27 AE 9E [NAV-0x04]
< 98.174s B5 62 01 21 14 00 20 FD 00 00 FF FF FF FF FF 07 AF 2F E5 07 03 07 00 01 04 F0 1E 1B [NAV-0x21]
< 98.174s B5 62 01 22 14 00 20 FD 00 00 00 00 00 00 00 00 00 00 FF FF FF FF 7C 36 39 00 3B 0F [NAV-0x22]
< 98.356s B5 62 01 60 10 00 20 FD 00 00 01 00 00 00 00 00 00 00 00 00 00 00 8F 33 [NAV-0x60]
< 98.356s B5 62 0A 38 1C 00 00 01 00 00 00 00 01 02 00 00 00 00 00 00 00 00 59 00 CE 0D 32 07 84 08 85 00 00 00 E0 6D [MON-0x38]
< 98.356s B5 62 02 15 10 00 33 33 33 33 33 33 50 40 00 00 12 00 00 01 08 FE 02 D7 [RXM-0x15]
< 98.356s B5 62 01 07 5C 00 E8 FD 00 00 E5 07 03 07 00 01 05 F0 FF FF FF FF 00 00 00 00 00 00 24 00 00 00 00 00 00 00 00 00 00 00 00 00 98 BD FF FF FF FF FF FF 00 0E 8D DF 00 00 00 00 00 00 00 00 00 00 00 00 00 00 00 00 00 00 00 00 58 3E 0F 00 80 A8 12 01 0F 27 00 00 5C 40 56 2F 00 00 00 00 00 00 00 00 55 EF [NAV-0x07]
< 98.356s B5 62 01 01 14 00 E8 FD 00 00 C4 43 04 26 00 00 00 00 00 00 00 00 00 5D B8 26 67 CE [NAV-0x01]
< 98.356s B5 62 01 02 1C 00 E8 FD 00 00 00 00 00 00 00 00 00 00 00 00 00 00 98 BD FF FF FF FF FF FF 00 0E 8D DF CD EA [NAV-0x02]
< 98.356s B5 62 01 12 24 00 E8 FD 00 00 00 00 00 00 00 00 00 00 00 00 00 00 00 00 00 00 00 00 00 00 00 00 00 00 3C 86 01 00 80 A8 12 01 1A 22 [NAV-0x12]
< 98.356s B5 62 01 35 08 00 E8 FD 00 00 01 00 00 00 24 D2 [NAV-0x35]
< 98.356s B5 62 01 03 10 00 E8 FD 00 00 00 40 00 08 00 00 00 00 FC FD 00 00 3A AF [NAV-0x03]
< 98.357s B5 62 01 04 12 00 E8 FD 00 00 0F 27 0F 27 0F 27 0F 27 0F 27 0F 27 0F 27 76 AE [NAV-0x04]
< 98.357s B5 62 01 21 14 00 E8 FD 00 00 FF FF FF FF 00 00 00 00 E5 07 03 07 00 01 05 F0 03 FF [NAV-0x21]
< 98.357s B5 62 01 22 14 00 E8 FD 00 00 00 00 00 00 00 00 00 00 FF FF FF FF 7C 36 39 00 03 AF [NAV-0x22]
< 98.416s B5 62 01 60 10 00 E8 FD 00 00 01 00 00 00 00 00 00 00 00 00 00 00 57 B3 [NAV-0x60]
< 98.540s B5 62 27 04 6C 00 01 00 70 00 EE 70 20 63 ED 9A 54 D7 26 8B 8B E2 B6 36 18 EE 79 95 B0 75 89 B5 95 F7 EF 7F 0D FE 26 7E BD 86 00 00 00 00 00 00 00 00 00 00 00 00 00 00 00 00 00 00 00 00 00 00 00 00 DE 80 AA 34 4B 8D 6B BA D0 A2 66 DF 67 39 13 4E B3 78 01 F9 F9 E5 8A A2 56 D3 75 B0 C2 D5 2A EA 00 08 B5 F3 EA 8F 68 99 C0 11 72 9E 5C 7A 38 1D 57 86 [SEC-0x04]
< 98.540s B5 62 02 15 10 00 00 00 00 00 00 40 50 40 00 00 12 00 00 01 D0 FE D8 04 [RXM-0x15]
< 98.541s B5 62 01 07 5C 00 B0 FE 00 00 E5 07 03 07 00 01 05 F0 FF FF FF FF 00 C2 EB 0B 00 00 24 00 00 00 00 00 00 00 00 00 00 00 00 00 98 BD FF FF FF FF FF FF 00 1B 8D DF 00 00 00 00 00 00 00 00 00 00 00 00 00 00 00 00 00 00 00 00 58 3E 0F 00 80 A8 12 01 0F 27 00 00 5C 40 56 2F 00 00 00 00 00 00 00 00 E3 74 [NAV-0x07]
< 98.541s B5 62 01 01 14 00 B0 FE 00 00 C4 43 04 26 00 00 00 00 00 00 00 00 40 5F B8 26 72 87 [NAV-0x01]
< 98.541s B5 62 01 02 1C 00 B0 FE 00 00 00 00 00 00 00 00 00 00 00 00 00 00 98 BD FF FF FF FF FF FF 00 1B 8D DF A3 0C [NAV-0x02]
< 98.541s B5 62 01 12 24 00 B0 FE 00 00 00 00 00 00 00 00 00 00 00 00 00 00 00 00 00 00 00 00 00 00 00 00 00 00 3C 86 01 00 80 A8 12 01 E3 65 [NAV-0x12]
< 98.541s B5 62 01 35 08 00 B0 FE 00 00 01 00 00 00 ED 19 [NAV-0x35]
< 98.541s B5 62 01 03 10 00 B0 FE 00 00 00 40 00 08 00 00 00 00 C4 FE 00 00 CC 61 [NAV-0x03]
< 98.541s B5 62 01 04 12 00 B0 FE 00 00 0F 27 0F 27 0F 27 0F 27 0F 27 0F 27 0F 27 3F CF [NAV-0x04]
< 98.541s B5 62 01 21 14 00 B0 FE 00 00 FF FF FF FF 00 C2 EB 0B E5 07 03 07 00 01 05 F0 84 99 [NAV-0x21]
< 98.541s B5 62 01 22 14 00 B0 FE 00 00 00 00 00 00 00 00 00 00 FF FF FF FF 7C 36 39 00 CC 62 [NAV-0x22]
< 98.721s B5 62 01 60 10 00 B0 FE 00 00 01 00 00 00 00 00 00 00 00 00 00 00 20 42 [NAV-0x60]
< 98.780s B5 62 02 15 10 00 CD CC CC CC CC 4C 50 40 00 00 12 00 00 01 98 FF AA F1 [RXM-0x15]
< 98.780s B5 62 01 07 5C 00 78 FF 00 00 E5 07 03 07 00 01 05 F0 FF FF FF FF 00 84 D7 17 00 00 24 00 00 00 00 00 00 00 00 00 00 00 00 00 98 BD FF FF FF FF FF FF 00 29 8D DF 00 00 00 00 00 00 00 00 00 00 00 00 00 00 00 00 00 00 00 00 58 3E 0F 00 80 A8 12 01 0F 27 00 00 5C 40 56 2F 00 00 00 00 00 00 00 00 74 BB [NAV-0x07]
< 98.780s B5 62 01 01 14 00 78 FF 00 00 C4 43 04 26 00 00 00 00 00 00 00 00 80 61 B8 26 7D 40 [NAV-0x01]
< 98.780s B5 62 01 02 1C 00 78 FF 00 00 00 00 00 00 00 00 00 00 00 00 00 00 98 BD FF FF FF FF FF FF 00 29 8D DF 7A 31 [NAV-0x02]
< 98.780s B5 62 01 12 24 00 78 FF 00 00 00 00 00 00 00 00 00 00 00 00 00 00 00 00 00 00 00 00 00 00 00 00 00 00 3C 86 01 00 80 A8 12 01 AC A8 [NAV-0x12]
< 98.780s B5 62 01 35 08 00 78 FF 00 00 01 00 00 00 B6 60 [NAV-0x35]
< 98.780s B5 62 01 03 10 00 78 FF 00 00 00 40 00 08 00 00 00 00 8C FF 00 00 5E 13 [NAV-0x03]
< 98.780s B5 62 01 04 12 00 78 FF 00 00 0F 27 0F 27 0F 27 0F 27 0F 27 0F 27 0F 27 08 F0 [NAV-0x04]
< 98.780s B5 62 01 21 14 00 78 FF 00 00 FF FF FF FF 00 84 D7 17 E5 07 03 07 00 01 05 F0 07 46 [NAV-0x21]
< 98.780s B5 62 01 22 14 00 78 FF 00 00 00 00 00 00 00 00 00 00 FF FF FF FF 7C 36 39 00 95 15 [NAV-0x22]
< 98.960s B5 62 01 60 10 00 78 FF 00 00 01 00 00 00 00 00 00 00 00 00 00 00 E9 D1 [NAV-0x60]
< 98.960s B5 62 02 15 10 00 9A 99 99 99 99 59 50 40 00 00 12 00 00 01 60 00 81 1F [RXM-0x15]
< 98.960s B5 62 01 07 5C 00 40 00 01 00 E5 07 03 07 00 01 05 F0 FF FF FF FF FF 45 C3 23 00 00 24 00 00 00 00 00 00 00 00 00 00 00 00 00 98 BD FF FF FF FF FF FF 00 37 8D DF 00 00 00 00 00 00 00 00 00 00 00 00 00 00 00 00 00 00 00 00 58 3E 0F 00 80 A8 12 01 0F 27 00 00 5C 40 56 2F 00 00 00 00 00 00 00 00 04 C5 [NAV-0x07]
< 98.960s B5 62 01 01 14 00 40 00 01 00 C4 43 04 26 00 00 00 00 00 00 00 00 00 64 B8 26 CA 0E [NAV-0x01]
< 98.960s B5 62 01 02 1C 00 40 00 01 00 00 00 00 00 00 00 00 00 00 00 00 00 98 BD FF FF FF FF FF FF 00 37 8D DF 52 70 [NAV-0x02]
< 98.960s B5 62 01 12 24 00 40 00 01 00 00 00 00 00 00 00 00 00 00 00 00 00 00 00 00 00 00 00 00 00 00 00 00 00 3C 86 01 00 80 A8 12 01 76 0D [NAV-0x12]
< 98.960s B5 62 01 35 08 00 40 00 01 00 01 00 00 00 80 AD [NAV-0x35]
< 98.960s B5 62 01 03 10 00 40 00 01 00 00 40 00 08 00 00 00 00 54 00 01 00 F2 D5 [NAV-0x03]
< 98.960s B5 62 01 04 12 00 40 00 01 00 0F 27 0F 27 0F 27 0F 27 0F 27 0F 27 0F 27 D2 21 [NAV-0x04]
< 98.960s B5 62 01 21 14 00 40 00 01 00 FF FF FF FF FF 45 C3 23 E5 07 03 07 00 01 05 F0 89 EE [NAV-0x21]
< 98.960s B5 62 01 22 14 00 40 00 01 00 00 00 00 00 00 00 00 00 FF FF FF FF 7C 36 39 00 5F DA [NAV-0x22]
< 99.139s B5 62 01 60 10 00 40 00 01 00 01 00 00 00 00 00 00 00 00 00 00 00 B3 6E [NAV-0x60]
< 99.139s B5 62 02 15 10 00 66 66 66 66 66 66 50 40 00 00 12 00 00 01 28 01 57 3D [RXM-0x15]
< 99.139s B5 62 01 07 5C 00 08 01 01 00 E5 07 03 07 00 01 05 F0 FF FF FF FF FF 07 AF 2F 00 00 24 00 00 00 00 00 00 00 00 00 00 00 00 00 98 BD FF FF FF FF FF FF 00 44 8D DF 00 00 00 00 00 00 00 00 00 00 00 00 00 00 00 00 00 00 00 00 58 3E 0F 00 80 A8 12 01 0F 27 00 00 5C 40 56 2F 00 00 00 00 00 00 00 00 94 DD [NAV-0x07]
< 99.139s B5 62 01 01 14 00 08 01 01 00 C4 43 04 26 00 00 00 00 00 00 00 00 40 66 B8 26 D5 C7 [NAV-0x01]
< 99.139s B5 62 01 02 1C 00 08 01 01 00 00 00 00 00 00 00 00 00 00 00 00 00 98 BD FF FF FF FF FF FF 00 44 8D DF 28 92 [NAV-0x02]
< 99.139s B5 62 01 12 24 00 08 01 01 00 00 00 00 00 00 00 00 00 00 00 00 00 00 00 00 00 00 00 00 00 00 00 00 00 3C 86 01 00 80 A8 12 01 3F 50 [NAV-0x12]
< 99.139s B5 62 01 35 08 00 08 01 01 00 01 00 00 00 49 F4 [NAV-0x35]
< 99.139s B5 62 01 03 10 00 08 01 01 00 00 40 00 08 00 00 00 00 1C 01 01 00 84 87 [NAV-0x03]
< 99.139s B5 62 01 04 12 00 08 01 01 00 0F 27 0F 27 0F 27 0F 27 0F 27 0F 27 0F 27 9B 42 [NAV-0x04]
< 99.139s B5 62 01 21 14 00 08 01 01 00 FF FF FF FF FF 07 AF 2F E5 07 03 07 00 01 05 F0 0C 9B [NAV-0x21]
< 99.139s B5 62 01 22 14 00 08 01 01 00 00 00 00 00 00 00 00 00 FF FF FF FF 7C 36 39 00 28 8D [NAV-0x22]
< 99.317s B5 62 01 60 10 00 08 01 01 00 01 00 00 00 00 00 00 00 00 00 00 00 7C FD [NAV-0x60]
< 99.378s B5 62 0A 38 1C 00 00 01 00 00 00 00 01 02 00 00 00 00 00 00 00 00 59 00 CE 0D 31 06 82 08 86 00 00 00 DD 56 [MON-0x38]
< 99.378s B5 62 02 15 10 00 33 33 33 33 33 73 50 40 00 00 12 00 00 01 F0 01 2D 6A [RXM-0x15]
< 99.378s B5 62 01 07 5C 00 D0 01 01 00 E5 07 03 07 00 01 06 F0 FF FF FF FF 00 00 00 00 00 00 24 00 00 00 00 00 00 00 00 00 00 00 00 00 98 BD FF FF FF FF FF FF 00 52 8D DF 00 00 00 00 00 00 00 00 00 00 00 00 00 00 00 00 00 00 00 00 58 3E 0F 00 80 A8 12 01 0F 27 00 00 5C 40 56 2F 00 00 00 00 00 00 00 00 87 E3 [NAV-0x07]
< 99.378s B5 62 01 01 14 00 D0 01 01 00 C4 43 04 26 00 00 00 00 00 00 00 00 C0 68 B8 26 1F 6D [NAV-0x01]
< 99.378s B5 62 01 02 1C 00 D0 01 01 00 00 00 00 00 00 00 00 00 00 00 00 00 98 BD FF FF FF FF FF FF 00 52 8D DF FE 9C [NAV-0x02]
< 99.378s B5 62 01 12 24 00 D0 01 01 00 00 00 00 00 00 00 00 00 00 00 00 00 00 00 00 00 00 00 00 00 00 00 00 00 3C 86 01 00 80 A8 12 01 07 70 [NAV-0x12]
< 99.378s B5 62 01 35 08 00 D0 01 01 00 01 00 00 00 11 34 [NAV-0x35]
< 99.378s B5 62 01 03 10 00 D0 01 01 00 00 40 00 08 00 00 00 00 E4 01 01 00 14 27 [NAV-0x03]
< 99.378s B5 62 01 04 12 00 D0 01 01 00 0F 27 0F 27 0F 27 0F 27 0F 27 0F 27 0F 27 63 52 [NAV-0x04]
< 99.378s B5 62 01 21 14 00 D0 01 01 00 FF FF FF FF 00 00 00 00 E5 07 03 07 00 01 06 F0 F1 7F [NAV-0x21]
< 99.378s B5 62 01 22 14 00 D0 01 01 00 00 00 00 00 00 00 00 00 FF FF FF FF 7C 36 39 00 F0 2D [NAV-0x22]
< 99.562s B5 62 01 60 10 00 D0 01 01 00 01 00 00 00 00 00 00 00 00 00 00 00 44 7D [NAV-0x60]
< 99.562s B5 62 02 15 10 00 00 00 00 00 00 80 50 40 00 00 12 00 00 01 B8 02 04 98 [RXM-0x15]
< 99.562s B5 62 01 07 5C 00 98 02 01 00 E5 07 03 07 00 01 06 F0 FF FF FF FF 00 C2 EB 0B 00 00 24 00 00 00 00 00 00 00 00 00 00 00 00 00 98 BD FF FF FF FF FF FF 00 60 8D DF 00 00 00 00 00 00 00 00 00 00 00 00 00 00 00 00 00 00 00 00 58 3E 0F 00 80 A8 12 01 0F 27 00 00 5C 40 56 2F 00 00 00 00 00 00 00 00 16 97 [NAV-0x07]
< 99.562s B5 62 01 01 14 00 98 02 01 00 C4 43 04 26 00 00 00 00 00 00 00 00 00 6B B8 26 2B 29 [NAV-0x01]
< 99.562s B5 62 01 02 1C 00 98 02 01 00 00 00 00 00 00 00 00 00 00 00 00 00 98 BD FF FF FF FF FF FF 00 60 8D DF D5 C1 [NAV-0x02]
< 99.562s B5 62 01 12 24 00 98 02 01 00 00 00 00 00 00 00 00 00 00 00 00 00 00 00 00 00 00 00 00 00 00 00 00 00 3C 86 01 00 80 A8 12 01 D0 B3 [NAV-0x12]
< 99.562s B5 62 01 35 08 00 98 02 01 00 01 00 00 00 DA 7B [NAV-0x35]
< 99.562s B5 62 01 03 10 00 98 02 01 00 00 40 00 08 00 00 00 00 AC 02 01 00 A6 D9 [NAV-0x03]
< 99.562s B5 62 01 04 12 00 98 02 01 00 0F 27 0F 27 0F 27 0F 27 0F 27 0F 27 0F 27 2C 73 [NAV-0x04]
< 99.562s B5 62 01 21 14 00 98 02 01 00 FF FF FF FF 00 C2 EB 0B E5 07 03 07 00 01 06 F0 72 19 [NAV-0x21]
< 99.562s B5 62 01 22 14 00 98 02 01 00 00 00 00 00 00 00 00 00 FF FF FF FF 7C 36 39 00 B9 E0 [NAV-0x22]
< 99.747s B5 62 01 60 10 00 98 02 01 00 01 00 00 00 00 00 00 00 00 00 00 00 0D 0C [NAV-0x60]
< 99.747s B5 62 02 15 10 00 CD CC CC CC CC 8C 50 40 00 00 12 00 00 01 80 03 D6 85 [RXM-0x15]
< 99.747s B5 62 01 07 5C 00 60 03 01 00 E5 07 03 07 00 01 06 F0 FF FF FF FF 00 84 D7 17 00 00 24 00 00 00 00 00 00 00 00 00 00 00 00 00 98 BD FF FF FF FF FF FF 00 6D 8D DF 00 00 00 00 00 00 00 00 00 00 00 00 00 00 00 00 00 00 00 00 58 3E 0F 00 80 A8 12 01 0F 27 00 00 5C 40 56 2F 00 00 00 00 00 00 00 00 A6 AF [NAV-0x07]
< 99.747s B5 62 01 01 14 00 60 03 01 00 C4 43 04 26 00 00 00 00 00 00 00 00 C0 6D B8 26 B6 E2 [NAV-0x01]
< 99.747s B5 62 01 02 1C 00 60 03 01 00 00 00 00 00 00 00 00 00 00 00 00 00 98 BD FF FF FF FF FF FF 00 6D 8D DF AB E3 [NAV-0x02]
< 99.747s B5 62 01 12 24 00 60 03 01 00 00 00 00 00 00 00 00 00 00 00 00 00 00 00 00 00 00 00 00 00 00 00 00 00 3C 86 01 00 80 A8 12 01 99 F6 [NAV-0x12]
< 99.747s B5 62 01 35 08 00 60 03 01 00 01 00 00 00 A3 C2 [NAV-0x35]
< 99.747s B5 62 01 03 10 00 60 03 01 00 00 40 00 08 00 00 00 00 74 03 01 00 38 8B [NAV-0x03]
< 99.747s B5 62 01 04 12 00 60 03 01 00 0F 27 0F 27 0F 27 0F 27 0F 27 0F 27 0F 27 F5 94 [NAV-0x04]
< 99.747s B5 62 01 21 14 00 60 03 01 00 FF FF FF FF 00 84 D7 17 E5 07 03 07 00 01 06 F0 F5 C6 [NAV-0x21]
< 99.747s B5 62 01 22 14 00 60 03 01 00 00 00 00 00 00 00 00 00 FF FF FF FF 7C 36 39 00 82 93 [NAV-0x22]
< 99.929s B5 62 01 60 10 00 60 03 01 00 01 00 00 00 00 00 00 00 00 00 00 00 D6 9B [NAV-0x60]
< 99.929s B5 62 02 15 10 00 9A 99 99 99 99 99 50 40 00 00 12 00 00 01 48 04 AD B3 [RXM-0x15]
< 99.929s B5 62 01 07 5C 00 28 04 01 00 E5 07 03 07 00 01 06 F0 FF FF FF FF FF 45 C3 23 00 00 24 00 00 00 00 00 00 00 00 00 00 00 00 00 98 BD FF FF FF FF FF FF 00 7B 8D DF 00 00 00 00 00 00 00 00 00 00 00 00 00 00 00 00 00 00 00 00 58 3E 0F 00 80 A8 12 01 0F 27 00 00 5C 40 56 2F 00 00 00 00 00 00 00 00 35 5F [NAV-0x07]
< 99.930s B5 62 01 01 14 00 28 04 01 00 C4 43 04 26 00 00 00 00 00 00 00 00 C0 6F B8 26 81 9B [NAV-0x01]
< 99.990s B5 62 01 02 1C 00 28 04 01 00 00 00 00 00 00 00 00 00 00 00 00 00 98 BD FF FF FF FF FF FF 00 7B 8D DF 82 08 [NAV-0x02]
< 99.990s B5 62 01 12 24 00 28 04 01 00 00 00 00 00 00 00 00 00 00 00 00 00 00 00 00 00 00 00 00 00 00 00 00 00 3C 86 01 00 80 A8 12 01 62 39 [NAV-0x12]
< 99.990s B5 62 01 35 08 00 28 04 01 00 01 00 00 00 6C 09 [NAV-0x35]
< 99.990s B5 62 01 03 10 00 28 04 01 00 00 40 00 08 00 00 00 00 3C 04 01 00 CA 3D [NAV-0x03]
< 99.990s B5 62 01 04 12 00 28 04 01 00 0F 27 0F 27 0F 27 0F 27 0F 27 0F 27 0F 27 BE B5 [NAV-0x04]
< 99.990s B5 62 01 21 14 00 28 04 01 00 FF FF FF FF FF 45 C3 23 E5 07 03 07 00 01 06 F0 76 5C [NAV-0x21]
< 99.990s B5 62 01 22 14 00 28 04 01 00 00 00 00 00 00 00 00 00 FF FF FF FF 7C 36 39 00 4B 46 [NAV-0x22]
< 100.171s B5 62 01 60 10 00 28 04 01 00 01 00 00 00 00 00 00 00 00 00 00 00 9F 2A [NAV-0x60]
< 100.171s B5 62 02 15 10 00 66 66 66 66 66 A6 50 40 00 00 12 00 00 01 10 05 83 D1 [RXM-0x15]
< 100.171s B5 62 01 07 5C 00 F0 04 01 00 E5 07 03 07 00 01 06 F0 FF FF FF FF FF 07 AF 2F 00 00 24 00 00 00 00 00 00 00 00 00 00 00 00 00 98 BD FF FF FF FF FF FF 00 8A 8D DF 00 00 00 00 00 00 00 00 00 00 00 00 00 00 00 00 00 00 00 00 58 3E 0F 00 80 A8 12 01 0F 27 00 00 5C 40 56 2F 00 00 00 00 00 00 00 00 C6 7A [NAV-0x07]
< 100.171s B5 62 01 01 14 00 F0 04 01 00 C4 43 04 26 00 00 00 00 00 00 00 00 40 72 B8 26 CC 44 [NAV-0x01]
< 100.171s B5 62 01 02 1C 00 F0 04 01 00 00 00 00 00 00 00 00 00 00 00 00 00 98 BD FF FF FF FF FF FF 00 8A 8D DF 59 15 [NAV-0x02]
< 100.171s B5 62 01 12 24 00 F0 04 01 00 00 00 00 00 00 00 00 00 00 00 00 00 00 00 00 00 00 00 00 00 00 00 00 00 3C 86 01 00 80 A8 12 01 2A 59 [NAV-0x12]
< 100.171s B5 62 01 35 08 00 F0 04 01 00 01 00 00 00 34 49 [NAV-0x35]
< 100.171s B5 62 01 03 10 00 F0 04 01 00 00 40 00 08 00 00 00 00 04 05 01 00 5B E0 [NAV-0x03]
< 100.171s B5 62 01 04 12 00 F0 04 01 00 0F 27 0F 27 0F 27 0F 27 0F 27 0F 27 0F 27 86 C5 [NAV-0x04]
< 100.171s B5 62 01 21 14 00 F0 04 01 00 FF FF FF FF FF 07 AF 2F E5 07 03 07 00 01 06 F0 F8 F6 [NAV-0x21]
< 100.171s B5 62 01 22 14 00 F0 04 01 00 00 00 00 00 00 00 00 00 FF FF FF FF 7C 36 39 00 13 E6 [NAV-0x22]
< 100.353s B5 62 01 60 10 00 F0 04 01 00 01 00 00 00 00 00 00 00 00 00 00 00 67 AA [NAV-0x60]
< 100.353s B5 62 0A 38 1C 00 00 01 00 00 00 00 01 02 00 00 00 00 00 00 00 00 59 00 CE 0D 33 09 83 09 89 00 00 00 E7 92 [MON-0x38]
< 100.353s B5 62 02 15 10 00 33 33 33 33 33 B3 50 40 00 00 12 00 00 01 D8 05 59 FE [RXM-0x15]
< 100.353s B5 62 01 07 5C 00 B8 05 01 00 E5 07 03 07 00 01 07 F0 FF FF FF FF 00 00 00 00 00 00 24 00 00 00 00 00 00 00 00 00 00 00 00 00 98 BD FF FF FF FF FF FF 00 97 8D DF 00 00 00 00 00 00 00 00 00 00 00 00 00 00 00 00 00 00 00 00 58 3E 0F 00 80 A8 12 01 0F 27 00 00 5C 40 56 2F 00 00 00 00 00 00 00 00 B9 AC [NAV-0x07]
< 100.353s B5 62 01 01 14 00 B8 05 01 00 C4 43 04 26 00 00 00 00 00 00 00 00 C0 74 B8 26 17 FD [NAV-0x01]
< 100.353s B5 62 01 02 1C 00 B8 05 01 00 00 00 00 00 00 00 00 00 00 00 00 00 98 BD FF FF FF FF FF FF 00 97 8D DF 2F 37 [NAV-0x02]
< 100.354s B5 62 01 12 24 00 B8 05 01 00 00 00 00 00 00 00 00 00 00 00 00 00 00 00 00 00 00 00 00 00 00 00 00 00 3C 86 01 00 80 A8 12 01 F3 9C [NAV-0x12]
< 100.354s B5 62 01 35 08 00 B8 05 01 00 01 00 00 00 FD 90 [NAV-0x35]
< 100.354s B5 62 01 03 10 00 B8 05 01 00 00 40 00 08 00 00 00 00 CC 05 01 00 EC 8F [NAV-0x03]
< 100.354s B5 62 01 04 12 00 B8 05 01 00 0F 27 0F 27 0F 27 0F 27 0F 27 0F 27 0F 27 4F E6 [NAV-0x04]
< 100.354s B5 62 01 21 14 00 B8 05 01 00 FF FF FF FF 00 00 00 00 E5 07 03 07 00 01 07 F0 DE ED [NAV-0x21]
< 100.354s B5 62 01 22 14 00 B8 05 01 00 00 00 00 00 00 00 00 00 FF FF FF FF 7C 36 39 00 DC 99 [NAV-0x22]
< 100.415s B5 62 01 60 10 00 B8 05 01 00 01 00 00 00 00 00 00 00 00 00 00 00 30 39 [NAV-0x60]
< 100.538s B5 62 27 04 6C 00 01 00 70 00 BA 7C 84 D6 51 66 C5 84 77 BC B9 33 A3 93 FC C9 B8 DB 3F 74 3B DA 2F E8 38 79 63 C9 4B 8E DD 1B 00 00 00 00 00 00 00 00 00 00 00 00 00 00 00 00 00 00 00 00 00 00 00 00 23 37 72 86 A4 BA 8C 7A 51 9A 0A 3F 97 59 08 DA D2 0C 17 AE D8 29 24 71 68 B5 78 FA E2 40 4E C4 B6 F2 76 0E 40 13 8D 40 6D 73 A5 C0 39 8C D5 6A 1F 61 [SEC-0x04]
< 100.538s B5 62 02 15 10 00 00 00 00 00 00 C0 50 40 00 00 12 00 00 01 A0 06 30 2C [RXM-0x15]
< 100.538s B5 62 01 07 5C 00 80 06 01 00 E5 07 03 07 00 01 07 F0 FF FF FF FF 00 C2 EB 0B 00 00 24 00 00 00 00 00 00 00 00 00 00 00 00 00 98 BD FF FF FF FF FF FF 00 A5 8D DF 00 00 00 00 00 00 00 00 00 00 00 00 00 00 00 00 00 00 00 00 58 3E 0F 00 80 A8 12 01 0F 27 00 00 5C 40 56 2F 00 00 00 00 00 00 00 00 48 60 [NAV-0x07]
< 100.538s B5 62 01 01 14 00 80 06 01 00 C4 43 04 26 00 00 00 00 00 00 00 00 40 77 B8 26 63 B9 [NAV-0x01]
< 100.538s B5 62 01 02 1C 00 80 06 01 00 00 00 00 00 00 00 00 00 00 00 00 00 98 BD FF FF FF FF FF FF 00 A5 8D DF 06 5C [NAV-0x02]
< 100.538s B5 62 01 12 24 00 80 06 01 00 00 00 00 00 00 00 00 00 00 00 00 00 00 00 00 00 00 00 00 00 00 00 00 00 3C 86 01 00 80 A8 12 01 BC DF [NAV-0x12]
< 100.538s B5 62 01 35 08 00 80 06 01 00 01 00 00 00 C6 D7 [NAV-0x35]
< 100.538s B5 62 01 03 10 00 80 06 01 00 00 40 00 08 00 00 00 00 94 06 01 00 7E 41 [NAV-0x03]
< 100.538s B5 62 01 04 12 00 80 06 01 00 0F 27 0F 27 0F 27 0F 27 0F 27 0F 27 0F 27 18 07 [NAV-0x04]
< 100.539s B5 62 01 21 14 00 80 06 01 00 FF FF FF FF 00 C2 EB 0B E5 07 03 07 00 01 07 F0 5F 87 [NAV-0x21]
< 100.539s B5 62 01 22 14 00 80 06 01 00 00 00 00 00 00 00 00 00 FF FF FF FF 7C 36 39 00 A5 4C [NAV-0x22]
< 100.723s B5 62 01 60 10 00 80 06 01 00 01 00 00 00 00 00 00 00 00 00 00 00 F9 C8 [NAV-0x60]
< 100.785s B5 62 02 15 10 00 CD CC CC CC CC CC 50 40 00 00 12 00 00 01 68 07 02 19 [RXM-0x15]
< 100.785s B5 62 01 07 5C 00 48 07 01 00 E5 07 03 07 00 01 07 F0 FF FF FF FF 00 84 D7 17 00 00 24 00 00 00 00 00 00 00 00 00 00 00 00 00 98 BD FF FF FF FF FF FF 00 B3 8D DF 00 00 00 00 00 00 00 00 00 00 00 00 00 00 00 00 00 00 00 00 58 3E 0F 00 80 A8 12 01 0F 27 00 00 5C 40 56 2F 00 00 00 00 00 00 00 00 D9 A7 [NAV-0x07]
< 100.785s B5 62 01 01 14 00 48 07 01 00 C4 43 04 26 00 00 00 00 00 00 00 00 80 79 B8 26 6E 72 [NAV-0x01]
< 100.785s B5 62 01 02 1C 00 48 07 01 00 00 00 00 00 00 00 00 00 00 00 00 00 98 BD FF FF FF FF FF FF 00 B3 8D DF DD 81 [NAV-0x02]
< 100.785s B5 62 01 12 24 00 48 07 01 00 00 00 00 00 00 00 00 00 00 00 00 00 00 00 00 00 00 00 00 00 00 00 00 00 3C 86 01 00 80 A8 12 01 85 22 [NAV-0x12]
< 100.785s B5 62 01 35 08 00 48 07 01 00 01 00 00 00 8F 1E [NAV-0x35]
< 100.785s B5 62 01 03 10 00 48 07 01 00 00 40 00 08 00 00 00 00 5C 07 01 00 10 F3 [NAV-0x03]
< 100.785s B5 62 01 04 12 00 48 07 01 00 0F 27 0F 27 0F 27 0F 27 0F 27 0F 27 0F 27 E1 28 [NAV-0x04]
< 100.785s B5 62 01 21 14 00 48 07 01 00 FF FF FF FF 00 84 D7 17 E5 07 03 07 00 01 07 F0 E2 34 [NAV-0x21]
< 100.785s B5 62 01 22 14 00 48 07 01 00 00 00 00 00 00 00 00 00 FF FF FF FF 7C 36 39 00 6E FF [NAV-0x22]
< 100.968s B5 62 01 60 10 00 48 07 01 00 01 00 00 00 00 00 00 00 00 00 00 00 C2 57 [NAV-0x60]
< 100.968s B5 62 02 15 10 00 9A 99 99 99 99 D9 50 40 00 00 12 00 00 01 30 08 D9 47 [RXM-0x15]
< 100.968s B5 62 01 07 5C 00 10 08 01 00 E5 07 03 07 00 01 07 F0 FF FF FF FF FF 45 C3 23 00 00 24 00 00 00 00 00 00 00 00 00 00 00 00 00 98 BD FF FF FF FF FF FF 00 C1 8D DF 00 00 00 00 00 00 00 00 00 00 00 00 00 00 00 00 00 00 00 00 58 3E 0F 00 80 A8 12 01 0F 27 00 00 5C 40 56 2F 00 00 00 00 00 00 00 00 68 57 [NAV-0x07]
< 100.968s B5 62 01 01 14 00 10 08 01 00 C4 43 04 26 00 00 00 00 00 00 00 00 00 7C B8 26 BA 2E [NAV-0x01]
< 100.968s B5 62 01 02 1C 00 10 08 01 00 00 00 00 00 00 00 00 00 00 00 00 00 98 BD FF FF FF FF FF FF 00 C1 8D DF B4 A6 [NAV-0x02]
< 100.968s B5 62 01 12 24 00 10 08 01 00 00 00 00 00 00 00 00 00 00 00 00 00 00 00 00 00 00 00 00 00 00 00 00 00 3C 86 01 00 80 A8 12 01 4E 65 [NAV-0x12]
< 100.968s B5 62 01 35 08 00 10 08 01 00 01 00 00 00 58 65 [NAV-0x35]
< 100.968s B5 62 01 03 10 00 10 08 01 00 00 40 00 08 00 00 00 00 24 08 01 00 A2 A5 [NAV-0x03]
< 100.968s B5 62 01 04 12 00 10 08 01 00 0F 27 0F 27 0F 27 0F 27 0F 27 0F 27 0F 27 AA 49 [NAV-0x04]
< 100.968s B5 62 01 21 14 00 10 08 01 00 FF FF FF FF FF 45 C3 23 E5 07 03 07 00 01 07 F0 63 CA [NAV-0x21]
< 100.968s B5 62 01 22 14 00 10 08 01 00 00 00 00 00 00 00 00 00 FF FF FF FF 7C 36 39 00 37 B2 [NAV-0x22]
< 101.032s B5 62 01 60 10 00 10 08 01 00 01 00 00 00 00 00 00 00 00 00 00 00 8B E6 [NAV-0x60]
